conclusie;volgnr;prioriteit;regel001_IsBebost;regel008_IsBos;regel0101_IsWater;regel0102_IsWater_met_rus;regel0103_IsWater;regel0104_IsWater_31303160;regel0105_IsWater_3130na;regel0106_IsWater_3270;regel020_7140mrd;regel021_7150_md;regel0301_mz;regel0302_Z;regel033_7210;regel039_basenrijk;regel0401_2190mp;regel0402_2190mp;regel0403_2190mp;regel0404_2190mp;regel044_Is7140base;regel0451_7140base;regel0452_7140base;regel0453_7140base;regel0481_7230;regel0482_7230;regel0483_7230;regel060_7150;regel065_7140oli;regel070_IsZuurLaagveen;regel100_MetRiet;regel1051_IsMc;regel1052_IsNatteRuigte;regel1053_MetRus;regel2101_IsNatteRuigte;regel2102_IsHc;regel2103_IsZilver;regel2201_rbbmc;regel2202_rbbmc;regel2203_rbbmc;regel2204_rbbmc;regel3001_heemst;regel3002_zwanebl;regel3011_6430_mr;regel3012_6430_mr;regel3031_rbbmc;regel3032_rbbmc;regel3033_rbbmc;regel3034_rbbmc;regel310_zomerklokje;regel315_mc;regel317_natteruigte;regel320_mr;regel3301_rbbmr;regel3302_rbbmr;regel3303_rbbmr;regel3304_rbbmr;regel3351_mr;regel3352_mr;regel3353_mr;regel3354_mr;regel4001_IsRbbHfl;regel4002_IsZuurLaagveen;regel401_rbbhfl;regel405_zomerklokje;regel4061_6430_hf;regel4062_6430_hf;regel410_Is6430_hw;regel4111_6430_hw;regel4112_6430_hw;regel420_MetPoelruit;regel421_natteruigte;regel4251_hft;regel4252_hft;regel4253_hft;regel4254_hft;regel4255_hft;regel430_ReusMoes;regel431_natteruigte;regel256_rodebosbes;regel4351_hft;regel258_duin;regel4352_hft;regel259_molinia;regel4353_hft;regel260_2310;regel4354_hft;regel262_40104030;regel4355_hft;regel440_WatNatteRuigte;regel445_geenHr;regel450_Is6430;regel4511_6430_hf;regel4512_6430_hf;regel4521_rbbhf;regel4522_rbbhf;regel4523_rbbhf;regel4524_rbbhf;regel4525_rbbhf;regel600_Is7140meso;regel6111_7140meso;regel6112_7140meso;regel6113_7140meso;regel6114_7140meso;regel620_MetHolpijp;regel6211_7140meso;regel6212_7140meso;regel6213_7140meso;regel6214_7140meso;regel625_IsZuurLaagveen;regel6261_rbbms;regel6262_rbbms;regel6263_rbbms;regel6264_rbbms;regel700_IsNat
_B;1;0;1;1;NA;NA;NA;NA;NA;NA;NA;NA;NA;NA;NA;NA;NA;NA;NA;NA;NA;NA;NA;NA;NA;NA;NA;NA;NA;NA;NA;NA;NA;NA;NA;NA;NA;NA;NA;NA;NA;NA;NA;NA;NA;NA;NA;NA;NA;NA;NA;NA;NA;NA;NA;NA;NA;NA;NA;NA;NA;NA;NA;NA;NA;NA;NA;NA;NA;NA;NA;NA;NA;NA;NA;NA;NA;NA;NA;NA;NA;NA;NA;NA;NA;NA;NA;NA;NA;NA;NA;NA;NA;NA;NA;NA;NA;NA;NA;NA;NA;NA;NA;NA;NA;NA;NA;NA;NA;NA;NA;NA;NA;NA;NA
_G;2;1;0;NA;0;0;0;0;0;0;0;0;0;0;0;0;NA;NA;NA;NA;NA;NA;NA;NA;NA;NA;NA;0;0;0;0;0;0;0;NA;NA;NA;NA;NA;NA;NA;NA;NA;NA;NA;NA;NA;NA;NA;NA;NA;NA;NA;NA;NA;NA;NA;NA;NA;NA;NA;NA;NA;NA;NA;NA;NA;NA;NA;NA;NA;NA;NA;NA;NA;NA;NA;NA;NA;NA;NA;NA;NA;NA;NA;NA;NA;NA;NA;NA;NA;NA;NA;NA;NA;NA;NA;NA;NA;NA;NA;NA;NA;NA;NA;NA;NA;NA;NA;NA;NA;NA;NA;NA;NA
_G;3;0;1;0;0;0;0;0;0;0;0;0;0;0;0;0;NA;NA;NA;NA;NA;NA;NA;NA;NA;NA;NA;0;0;0;0;0;0;0;NA;NA;NA;NA;NA;NA;NA;NA;NA;NA;NA;NA;NA;NA;NA;NA;NA;NA;NA;NA;NA;NA;NA;NA;NA;NA;NA;NA;NA;NA;NA;NA;NA;NA;NA;NA;NA;NA;NA;NA;NA;NA;NA;NA;NA;NA;NA;NA;NA;NA;NA;NA;NA;NA;NA;NA;NA;NA;NA;NA;NA;NA;NA;NA;NA;NA;NA;NA;NA;NA;NA;NA;NA;NA;NA;NA;NA;NA;NA;NA;NA
_G;4;0;0;NA;0;0;0;0;0;0;0;0;0;0;0;1;0;0;0;0;1;0;0;0;NA;NA;NA;0;0;0;0;0;0;0;NA;NA;NA;NA;NA;NA;NA;NA;NA;NA;NA;NA;NA;NA;NA;NA;NA;NA;NA;NA;NA;NA;NA;NA;NA;NA;NA;NA;NA;NA;NA;NA;NA;NA;NA;NA;NA;NA;NA;NA;NA;NA;NA;NA;NA;NA;NA;NA;NA;NA;NA;NA;NA;NA;NA;NA;NA;NA;NA;NA;NA;NA;NA;NA;NA;NA;NA;NA;NA;NA;NA;NA;NA;NA;NA;NA;NA;NA;NA;NA;NA
_G;5;0;1;0;0;0;0;0;0;0;0;0;0;0;0;1;0;0;0;0;1;0;0;0;NA;NA;NA;0;0;0;0;0;0;0;NA;NA;NA;NA;NA;NA;NA;NA;NA;NA;NA;NA;NA;NA;NA;NA;NA;NA;NA;NA;NA;NA;NA;NA;NA;NA;NA;NA;NA;NA;NA;NA;NA;NA;NA;NA;NA;NA;NA;NA;NA;NA;NA;NA;NA;NA;NA;NA;NA;NA;NA;NA;NA;NA;NA;NA;NA;NA;NA;NA;NA;NA;NA;NA;NA;NA;NA;NA;NA;NA;NA;NA;NA;NA;NA;NA;NA;NA;NA;NA;NA
_G;6;0;0;NA;0;0;0;0;0;0;0;0;0;0;0;1;0;0;0;0;0;NA;NA;NA;0;0;0;0;0;0;0;0;0;0;NA;NA;NA;NA;NA;NA;NA;NA;NA;NA;NA;NA;NA;NA;NA;NA;NA;NA;NA;NA;NA;NA;NA;NA;NA;NA;NA;NA;NA;NA;NA;NA;NA;NA;NA;NA;NA;NA;NA;NA;NA;NA;NA;NA;NA;NA;NA;NA;NA;NA;NA;NA;NA;NA;NA;NA;NA;NA;NA;NA;NA;NA;NA;NA;NA;NA;NA;NA;NA;NA;NA;NA;NA;NA;NA;NA;NA;NA;NA;NA;NA
_G;7;0;1;0;0;0;0;0;0;0;0;0;0;0;0;1;0;0;0;0;0;NA;NA;NA;0;0;0;0;0;0;0;0;0;0;NA;NA;NA;NA;NA;NA;NA;NA;NA;NA;NA;NA;NA;NA;NA;NA;NA;NA;NA;NA;NA;NA;NA;NA;NA;NA;NA;NA;NA;NA;NA;NA;NA;NA;NA;NA;NA;NA;NA;NA;NA;NA;NA;NA;NA;NA;NA;NA;NA;NA;NA;NA;NA;NA;NA;NA;NA;NA;NA;NA;NA;NA;NA;NA;NA;NA;NA;NA;NA;NA;NA;NA;NA;NA;NA;NA;NA;NA;NA;NA;NA
_G;8;0;0;NA;0;0;0;0;0;0;0;0;0;0;0;0;NA;NA;NA;NA;NA;NA;NA;NA;NA;NA;NA;0;0;1;NA;NA;NA;NA;NA;NA;NA;NA;NA;NA;NA;NA;NA;NA;NA;NA;NA;NA;NA;NA;NA;NA;NA;NA;NA;NA;NA;NA;NA;NA;NA;NA;NA;NA;NA;NA;NA;NA;NA;NA;NA;NA;NA;NA;NA;NA;NA;NA;NA;NA;NA;NA;NA;NA;NA;NA;NA;NA;NA;NA;NA;NA;NA;NA;NA;NA;NA;NA;NA;0;NA;NA;NA;NA;0;NA;NA;NA;NA;0;NA;NA;NA;NA;NA
_G;9;0;1;0;0;0;0;0;0;0;0;0;0;0;0;0;NA;NA;NA;NA;NA;NA;NA;NA;NA;NA;NA;0;0;1;NA;NA;NA;NA;NA;NA;NA;NA;NA;NA;NA;NA;NA;NA;NA;NA;NA;NA;NA;NA;NA;NA;NA;NA;NA;NA;NA;NA;NA;NA;NA;NA;NA;NA;NA;NA;NA;NA;NA;NA;NA;NA;NA;NA;NA;NA;NA;NA;NA;NA;NA;NA;NA;NA;NA;NA;NA;NA;NA;NA;NA;NA;NA;NA;NA;NA;NA;NA;NA;0;NA;NA;NA;NA;0;NA;NA;NA;NA;0;NA;NA;NA;NA;NA
_G;10;0;0;NA;0;0;0;0;0;0;0;0;0;0;0;1;0;0;0;0;1;0;0;0;NA;NA;NA;0;0;1;NA;NA;NA;NA;NA;NA;NA;NA;NA;NA;NA;NA;NA;NA;NA;NA;NA;NA;NA;NA;NA;NA;NA;NA;NA;NA;NA;NA;NA;NA;NA;NA;NA;NA;NA;NA;NA;NA;NA;NA;NA;NA;NA;NA;NA;NA;NA;NA;NA;NA;NA;NA;NA;NA;NA;NA;NA;NA;NA;NA;NA;NA;NA;NA;NA;NA;NA;NA;NA;0;NA;NA;NA;NA;0;NA;NA;NA;NA;0;NA;NA;NA;NA;NA
_G;11;0;1;0;0;0;0;0;0;0;0;0;0;0;0;1;0;0;0;0;1;0;0;0;NA;NA;NA;0;0;1;NA;NA;NA;NA;NA;NA;NA;NA;NA;NA;NA;NA;NA;NA;NA;NA;NA;NA;NA;NA;NA;NA;NA;NA;NA;NA;NA;NA;NA;NA;NA;NA;NA;NA;NA;NA;NA;NA;NA;NA;NA;NA;NA;NA;NA;NA;NA;NA;NA;NA;NA;NA;NA;NA;NA;NA;NA;NA;NA;NA;NA;NA;NA;NA;NA;NA;NA;NA;NA;0;NA;NA;NA;NA;0;NA;NA;NA;NA;0;NA;NA;NA;NA;NA
_G;12;0;0;NA;0;0;0;0;0;0;0;0;0;0;0;1;0;0;0;0;0;NA;NA;NA;0;0;0;0;0;1;NA;NA;NA;NA;NA;NA;NA;NA;NA;NA;NA;NA;NA;NA;NA;NA;NA;NA;NA;NA;NA;NA;NA;NA;NA;NA;NA;NA;NA;NA;NA;NA;NA;NA;NA;NA;NA;NA;NA;NA;NA;NA;NA;NA;NA;NA;NA;NA;NA;NA;NA;NA;NA;NA;NA;NA;NA;NA;NA;NA;NA;NA;NA;NA;NA;NA;NA;NA;NA;0;NA;NA;NA;NA;0;NA;NA;NA;NA;0;NA;NA;NA;NA;NA
_G;13;0;1;0;0;0;0;0;0;0;0;0;0;0;0;1;0;0;0;0;0;NA;NA;NA;0;0;0;0;0;1;NA;NA;NA;NA;NA;NA;NA;NA;NA;NA;NA;NA;NA;NA;NA;NA;NA;NA;NA;NA;NA;NA;NA;NA;NA;NA;NA;NA;NA;NA;NA;NA;NA;NA;NA;NA;NA;NA;NA;NA;NA;NA;NA;NA;NA;NA;NA;NA;NA;NA;NA;NA;NA;NA;NA;NA;NA;NA;NA;NA;NA;NA;NA;NA;NA;NA;NA;NA;NA;0;NA;NA;NA;NA;0;NA;NA;NA;NA;0;NA;NA;NA;NA;NA
_G;14;0;0;NA;0;0;0;0;0;0;0;0;0;0;0;0;NA;NA;NA;NA;NA;NA;NA;NA;NA;NA;NA;0;0;0;0;NA;1;NA;NA;NA;NA;NA;NA;NA;NA;NA;NA;NA;NA;NA;NA;NA;NA;NA;NA;NA;NA;NA;NA;NA;NA;NA;NA;NA;NA;NA;1;NA;NA;NA;NA;NA;NA;NA;NA;NA;NA;NA;NA;NA;NA;NA;NA;NA;NA;NA;NA;NA;NA;NA;NA;NA;NA;NA;NA;NA;NA;NA;NA;NA;NA;NA;NA;0;NA;NA;NA;NA;0;NA;NA;NA;NA;0;NA;NA;NA;NA;NA
_G;15;0;1;0;0;0;0;0;0;0;0;0;0;0;0;0;NA;NA;NA;NA;NA;NA;NA;NA;NA;NA;NA;0;0;0;0;NA;1;NA;NA;NA;NA;NA;NA;NA;NA;NA;NA;NA;NA;NA;NA;NA;NA;NA;NA;NA;NA;NA;NA;NA;NA;NA;NA;NA;NA;NA;1;NA;NA;NA;NA;NA;NA;NA;NA;NA;NA;NA;NA;NA;NA;NA;NA;NA;NA;NA;NA;NA;NA;NA;NA;NA;NA;NA;NA;NA;NA;NA;NA;NA;NA;NA;NA;0;NA;NA;NA;NA;0;NA;NA;NA;NA;0;NA;NA;NA;NA;NA
_G;16;0;0;NA;0;0;0;0;0;0;0;0;0;0;0;1;0;0;0;0;1;0;0;0;NA;NA;NA;0;0;0;0;NA;1;NA;NA;NA;NA;NA;NA;NA;NA;NA;NA;NA;NA;NA;NA;NA;NA;NA;NA;NA;NA;NA;NA;NA;NA;NA;NA;NA;NA;NA;1;NA;NA;NA;NA;NA;NA;NA;NA;NA;NA;NA;NA;NA;NA;NA;NA;NA;NA;NA;NA;NA;NA;NA;NA;NA;NA;NA;NA;NA;NA;NA;NA;NA;NA;NA;NA;0;NA;NA;NA;NA;0;NA;NA;NA;NA;0;NA;NA;NA;NA;NA
_G;17;0;1;0;0;0;0;0;0;0;0;0;0;0;0;1;0;0;0;0;1;0;0;0;NA;NA;NA;0;0;0;0;NA;1;NA;NA;NA;NA;NA;NA;NA;NA;NA;NA;NA;NA;NA;NA;NA;NA;NA;NA;NA;NA;NA;NA;NA;NA;NA;NA;NA;NA;NA;1;NA;NA;NA;NA;NA;NA;NA;NA;NA;NA;NA;NA;NA;NA;NA;NA;NA;NA;NA;NA;NA;NA;NA;NA;NA;NA;NA;NA;NA;NA;NA;NA;NA;NA;NA;NA;0;NA;NA;NA;NA;0;NA;NA;NA;NA;0;NA;NA;NA;NA;NA
_G;18;0;0;NA;0;0;0;0;0;0;0;0;0;0;0;1;0;0;0;0;0;NA;NA;NA;0;0;0;0;0;0;0;NA;1;NA;NA;NA;NA;NA;NA;NA;NA;NA;NA;NA;NA;NA;NA;NA;NA;NA;NA;NA;NA;NA;NA;NA;NA;NA;NA;NA;NA;NA;1;NA;NA;NA;NA;NA;NA;NA;NA;NA;NA;NA;NA;NA;NA;NA;NA;NA;NA;NA;NA;NA;NA;NA;NA;NA;NA;NA;NA;NA;NA;NA;NA;NA;NA;NA;NA;0;NA;NA;NA;NA;0;NA;NA;NA;NA;0;NA;NA;NA;NA;NA
_G;19;0;1;0;0;0;0;0;0;0;0;0;0;0;0;1;0;0;0;0;0;NA;NA;NA;0;0;0;0;0;0;0;NA;1;NA;NA;NA;NA;NA;NA;NA;NA;NA;NA;NA;NA;NA;NA;NA;NA;NA;NA;NA;NA;NA;NA;NA;NA;NA;NA;NA;NA;NA;1;NA;NA;NA;NA;NA;NA;NA;NA;NA;NA;NA;NA;NA;NA;NA;NA;NA;NA;NA;NA;NA;NA;NA;NA;NA;NA;NA;NA;NA;NA;NA;NA;NA;NA;NA;NA;0;NA;NA;NA;NA;0;NA;NA;NA;NA;0;NA;NA;NA;NA;NA
_G;20;0;0;NA;0;0;0;0;0;0;0;0;0;0;0;0;NA;NA;NA;NA;NA;NA;NA;NA;NA;NA;NA;0;0;0;0;1;NA;NA;1;NA;NA;NA;NA;NA;NA;NA;NA;NA;NA;NA;NA;NA;NA;NA;NA;NA;NA;NA;NA;NA;NA;NA;NA;NA;NA;NA;1;NA;NA;NA;NA;NA;NA;NA;NA;NA;NA;NA;NA;NA;NA;NA;NA;NA;NA;NA;NA;NA;NA;NA;NA;NA;NA;NA;NA;NA;NA;NA;NA;NA;NA;NA;NA;0;NA;NA;NA;NA;0;NA;NA;NA;NA;0;NA;NA;NA;NA;NA
_G;21;0;1;0;0;0;0;0;0;0;0;0;0;0;0;0;NA;NA;NA;NA;NA;NA;NA;NA;NA;NA;NA;0;0;0;0;1;NA;NA;1;NA;NA;NA;NA;NA;NA;NA;NA;NA;NA;NA;NA;NA;NA;NA;NA;NA;NA;NA;NA;NA;NA;NA;NA;NA;NA;NA;1;NA;NA;NA;NA;NA;NA;NA;NA;NA;NA;NA;NA;NA;NA;NA;NA;NA;NA;NA;NA;NA;NA;NA;NA;NA;NA;NA;NA;NA;NA;NA;NA;NA;NA;NA;NA;0;NA;NA;NA;NA;0;NA;NA;NA;NA;0;NA;NA;NA;NA;NA
_G;22;0;0;NA;0;0;0;0;0;0;0;0;0;0;0;1;0;0;0;0;1;0;0;0;NA;NA;NA;0;0;0;0;1;NA;NA;1;NA;NA;NA;NA;NA;NA;NA;NA;NA;NA;NA;NA;NA;NA;NA;NA;NA;NA;NA;NA;NA;NA;NA;NA;NA;NA;NA;1;NA;NA;NA;NA;NA;NA;NA;NA;NA;NA;NA;NA;NA;NA;NA;NA;NA;NA;NA;NA;NA;NA;NA;NA;NA;NA;NA;NA;NA;NA;NA;NA;NA;NA;NA;NA;0;NA;NA;NA;NA;0;NA;NA;NA;NA;0;NA;NA;NA;NA;NA
_G;23;0;1;0;0;0;0;0;0;0;0;0;0;0;0;1;0;0;0;0;1;0;0;0;NA;NA;NA;0;0;0;0;1;NA;NA;1;NA;NA;NA;NA;NA;NA;NA;NA;NA;NA;NA;NA;NA;NA;NA;NA;NA;NA;NA;NA;NA;NA;NA;NA;NA;NA;NA;1;NA;NA;NA;NA;NA;NA;NA;NA;NA;NA;NA;NA;NA;NA;NA;NA;NA;NA;NA;NA;NA;NA;NA;NA;NA;NA;NA;NA;NA;NA;NA;NA;NA;NA;NA;NA;0;NA;NA;NA;NA;0;NA;NA;NA;NA;0;NA;NA;NA;NA;NA
_G;24;0;0;NA;0;0;0;0;0;0;0;0;0;0;0;1;0;0;0;0;0;NA;NA;NA;0;0;0;0;0;0;0;1;NA;NA;1;NA;NA;NA;NA;NA;NA;NA;NA;NA;NA;NA;NA;NA;NA;NA;NA;NA;NA;NA;NA;NA;NA;NA;NA;NA;NA;NA;1;NA;NA;NA;NA;NA;NA;NA;NA;NA;NA;NA;NA;NA;NA;NA;NA;NA;NA;NA;NA;NA;NA;NA;NA;NA;NA;NA;NA;NA;NA;NA;NA;NA;NA;NA;NA;0;NA;NA;NA;NA;0;NA;NA;NA;NA;0;NA;NA;NA;NA;NA
_G;25;0;1;0;0;0;0;0;0;0;0;0;0;0;0;1;0;0;0;0;0;NA;NA;NA;0;0;0;0;0;0;0;1;NA;NA;1;NA;NA;NA;NA;NA;NA;NA;NA;NA;NA;NA;NA;NA;NA;NA;NA;NA;NA;NA;NA;NA;NA;NA;NA;NA;NA;NA;1;NA;NA;NA;NA;NA;NA;NA;NA;NA;NA;NA;NA;NA;NA;NA;NA;NA;NA;NA;NA;NA;NA;NA;NA;NA;NA;NA;NA;NA;NA;NA;NA;NA;NA;NA;NA;0;NA;NA;NA;NA;0;NA;NA;NA;NA;0;NA;NA;NA;NA;NA
_G;26;0;0;NA;0;0;0;0;0;0;0;0;0;0;0;0;NA;NA;NA;NA;NA;NA;NA;NA;NA;NA;NA;0;0;0;1;NA;NA;NA;1;NA;NA;NA;NA;NA;NA;0;0;NA;NA;NA;NA;NA;NA;0;1;NA;NA;NA;NA;NA;NA;NA;NA;NA;NA;NA;1;NA;NA;NA;NA;NA;NA;NA;NA;NA;NA;NA;NA;NA;NA;NA;NA;NA;NA;NA;NA;NA;NA;NA;NA;NA;NA;NA;NA;NA;NA;NA;NA;NA;NA;NA;NA;0;NA;NA;NA;NA;0;NA;NA;NA;NA;0;NA;NA;NA;NA;NA
_G;27;0;1;0;0;0;0;0;0;0;0;0;0;0;0;0;NA;NA;NA;NA;NA;NA;NA;NA;NA;NA;NA;0;0;0;1;NA;NA;NA;1;NA;NA;NA;NA;NA;NA;0;0;NA;NA;NA;NA;NA;NA;0;1;NA;NA;NA;NA;NA;NA;NA;NA;NA;NA;NA;1;NA;NA;NA;NA;NA;NA;NA;NA;NA;NA;NA;NA;NA;NA;NA;NA;NA;NA;NA;NA;NA;NA;NA;NA;NA;NA;NA;NA;NA;NA;NA;NA;NA;NA;NA;NA;0;NA;NA;NA;NA;0;NA;NA;NA;NA;0;NA;NA;NA;NA;NA
_G;28;0;0;NA;0;0;0;0;0;0;0;0;0;0;0;1;0;0;0;0;1;0;0;0;NA;NA;NA;0;0;0;1;NA;NA;NA;1;NA;NA;NA;NA;NA;NA;0;0;NA;NA;NA;NA;NA;NA;0;1;NA;NA;NA;NA;NA;NA;NA;NA;NA;NA;NA;1;NA;NA;NA;NA;NA;NA;NA;NA;NA;NA;NA;NA;NA;NA;NA;NA;NA;NA;NA;NA;NA;NA;NA;NA;NA;NA;NA;NA;NA;NA;NA;NA;NA;NA;NA;NA;0;NA;NA;NA;NA;0;NA;NA;NA;NA;0;NA;NA;NA;NA;NA
_G;29;0;1;0;0;0;0;0;0;0;0;0;0;0;0;1;0;0;0;0;1;0;0;0;NA;NA;NA;0;0;0;1;NA;NA;NA;1;NA;NA;NA;NA;NA;NA;0;0;NA;NA;NA;NA;NA;NA;0;1;NA;NA;NA;NA;NA;NA;NA;NA;NA;NA;NA;1;NA;NA;NA;NA;NA;NA;NA;NA;NA;NA;NA;NA;NA;NA;NA;NA;NA;NA;NA;NA;NA;NA;NA;NA;NA;NA;NA;NA;NA;NA;NA;NA;NA;NA;NA;NA;0;NA;NA;NA;NA;0;NA;NA;NA;NA;0;NA;NA;NA;NA;NA
_G;30;0;0;NA;0;0;0;0;0;0;0;0;0;0;0;1;0;0;0;0;0;NA;NA;NA;0;0;0;0;0;0;1;NA;NA;NA;1;NA;NA;NA;NA;NA;NA;0;0;NA;NA;NA;NA;NA;NA;0;1;NA;NA;NA;NA;NA;NA;NA;NA;NA;NA;NA;1;NA;NA;NA;NA;NA;NA;NA;NA;NA;NA;NA;NA;NA;NA;NA;NA;NA;NA;NA;NA;NA;NA;NA;NA;NA;NA;NA;NA;NA;NA;NA;NA;NA;NA;NA;NA;0;NA;NA;NA;NA;0;NA;NA;NA;NA;0;NA;NA;NA;NA;NA
_G;31;0;1;0;0;0;0;0;0;0;0;0;0;0;0;1;0;0;0;0;0;NA;NA;NA;0;0;0;0;0;0;1;NA;NA;NA;1;NA;NA;NA;NA;NA;NA;0;0;NA;NA;NA;NA;NA;NA;0;1;NA;NA;NA;NA;NA;NA;NA;NA;NA;NA;NA;1;NA;NA;NA;NA;NA;NA;NA;NA;NA;NA;NA;NA;NA;NA;NA;NA;NA;NA;NA;NA;NA;NA;NA;NA;NA;NA;NA;NA;NA;NA;NA;NA;NA;NA;NA;NA;0;NA;NA;NA;NA;0;NA;NA;NA;NA;0;NA;NA;NA;NA;NA
_G;32;0;0;NA;0;0;0;0;0;0;0;0;0;0;0;0;NA;NA;NA;NA;NA;NA;NA;NA;NA;NA;NA;0;0;0;1;NA;NA;NA;NA;NA;NA;NA;NA;NA;NA;0;0;NA;NA;NA;NA;NA;NA;0;0;1;NA;NA;NA;NA;NA;NA;NA;NA;NA;NA;1;NA;NA;NA;NA;NA;NA;NA;NA;NA;NA;NA;NA;NA;NA;NA;NA;NA;NA;NA;NA;NA;NA;NA;NA;NA;NA;NA;NA;NA;NA;NA;NA;NA;NA;NA;NA;0;NA;NA;NA;NA;0;NA;NA;NA;NA;0;NA;NA;NA;NA;NA
_G;33;0;1;0;0;0;0;0;0;0;0;0;0;0;0;0;NA;NA;NA;NA;NA;NA;NA;NA;NA;NA;NA;0;0;0;1;NA;NA;NA;NA;NA;NA;NA;NA;NA;NA;0;0;NA;NA;NA;NA;NA;NA;0;0;1;NA;NA;NA;NA;NA;NA;NA;NA;NA;NA;1;NA;NA;NA;NA;NA;NA;NA;NA;NA;NA;NA;NA;NA;NA;NA;NA;NA;NA;NA;NA;NA;NA;NA;NA;NA;NA;NA;NA;NA;NA;NA;NA;NA;NA;NA;NA;0;NA;NA;NA;NA;0;NA;NA;NA;NA;0;NA;NA;NA;NA;NA
_G;34;0;0;NA;0;0;0;0;0;0;0;0;0;0;0;1;0;0;0;0;1;0;0;0;NA;NA;NA;0;0;0;1;NA;NA;NA;NA;NA;NA;NA;NA;NA;NA;0;0;NA;NA;NA;NA;NA;NA;0;0;1;NA;NA;NA;NA;NA;NA;NA;NA;NA;NA;1;NA;NA;NA;NA;NA;NA;NA;NA;NA;NA;NA;NA;NA;NA;NA;NA;NA;NA;NA;NA;NA;NA;NA;NA;NA;NA;NA;NA;NA;NA;NA;NA;NA;NA;NA;NA;0;NA;NA;NA;NA;0;NA;NA;NA;NA;0;NA;NA;NA;NA;NA
_G;35;0;1;0;0;0;0;0;0;0;0;0;0;0;0;1;0;0;0;0;1;0;0;0;NA;NA;NA;0;0;0;1;NA;NA;NA;NA;NA;NA;NA;NA;NA;NA;0;0;NA;NA;NA;NA;NA;NA;0;0;1;NA;NA;NA;NA;NA;NA;NA;NA;NA;NA;1;NA;NA;NA;NA;NA;NA;NA;NA;NA;NA;NA;NA;NA;NA;NA;NA;NA;NA;NA;NA;NA;NA;NA;NA;NA;NA;NA;NA;NA;NA;NA;NA;NA;NA;NA;NA;0;NA;NA;NA;NA;0;NA;NA;NA;NA;0;NA;NA;NA;NA;NA
_G;36;0;0;NA;0;0;0;0;0;0;0;0;0;0;0;1;0;0;0;0;0;NA;NA;NA;0;0;0;0;0;0;1;NA;NA;NA;NA;NA;NA;NA;NA;NA;NA;0;0;NA;NA;NA;NA;NA;NA;0;0;1;NA;NA;NA;NA;NA;NA;NA;NA;NA;NA;1;NA;NA;NA;NA;NA;NA;NA;NA;NA;NA;NA;NA;NA;NA;NA;NA;NA;NA;NA;NA;NA;NA;NA;NA;NA;NA;NA;NA;NA;NA;NA;NA;NA;NA;NA;NA;0;NA;NA;NA;NA;0;NA;NA;NA;NA;0;NA;NA;NA;NA;NA
_G;37;0;1;0;0;0;0;0;0;0;0;0;0;0;0;1;0;0;0;0;0;NA;NA;NA;0;0;0;0;0;0;1;NA;NA;NA;NA;NA;NA;NA;NA;NA;NA;0;0;NA;NA;NA;NA;NA;NA;0;0;1;NA;NA;NA;NA;NA;NA;NA;NA;NA;NA;1;NA;NA;NA;NA;NA;NA;NA;NA;NA;NA;NA;NA;NA;NA;NA;NA;NA;NA;NA;NA;NA;NA;NA;NA;NA;NA;NA;NA;NA;NA;NA;NA;NA;NA;NA;NA;0;NA;NA;NA;NA;0;NA;NA;NA;NA;0;NA;NA;NA;NA;NA
_W;38;0;0;NA;1;NA;NA;NA;NA;NA;NA;NA;NA;NA;NA;NA;NA;NA;NA;NA;NA;NA;NA;NA;NA;NA;NA;NA;NA;NA;NA;NA;NA;NA;NA;NA;NA;NA;NA;NA;NA;NA;NA;NA;NA;NA;NA;NA;NA;NA;NA;NA;NA;NA;NA;NA;NA;NA;NA;NA;NA;NA;NA;NA;NA;NA;NA;NA;NA;NA;NA;NA;NA;NA;NA;NA;NA;NA;NA;NA;NA;NA;NA;NA;NA;NA;NA;NA;NA;NA;NA;NA;NA;NA;NA;NA;NA;NA;NA;NA;NA;NA;NA;NA;NA;NA;NA;NA;NA;NA;NA;NA;NA;NA;NA
_W;39;0;1;0;1;NA;NA;NA;NA;NA;NA;NA;NA;NA;NA;NA;NA;NA;NA;NA;NA;NA;NA;NA;NA;NA;NA;NA;NA;NA;NA;NA;NA;NA;NA;NA;NA;NA;NA;NA;NA;NA;NA;NA;NA;NA;NA;NA;NA;NA;NA;NA;NA;NA;NA;NA;NA;NA;NA;NA;NA;NA;NA;NA;NA;NA;NA;NA;NA;NA;NA;NA;NA;NA;NA;NA;NA;NA;NA;NA;NA;NA;NA;NA;NA;NA;NA;NA;NA;NA;NA;NA;NA;NA;NA;NA;NA;NA;NA;NA;NA;NA;NA;NA;NA;NA;NA;NA;NA;NA;NA;NA;NA;NA;NA
_W;40;0;0;NA;NA;NA;1;NA;NA;NA;NA;NA;NA;NA;NA;NA;NA;NA;NA;NA;NA;NA;NA;NA;NA;NA;NA;NA;NA;NA;NA;NA;NA;NA;NA;NA;NA;NA;NA;NA;NA;NA;NA;NA;NA;NA;NA;NA;NA;NA;NA;NA;NA;NA;NA;NA;NA;NA;NA;NA;NA;NA;NA;NA;NA;NA;NA;NA;NA;NA;NA;NA;NA;NA;NA;NA;NA;NA;NA;NA;NA;NA;NA;NA;NA;NA;NA;NA;NA;NA;NA;NA;NA;NA;NA;NA;NA;NA;NA;NA;NA;NA;NA;NA;NA;NA;NA;NA;NA;NA;NA;NA;NA;NA;NA
_W;41;0;1;0;NA;NA;1;NA;NA;NA;NA;NA;NA;NA;NA;NA;NA;NA;NA;NA;NA;NA;NA;NA;NA;NA;NA;NA;NA;NA;NA;NA;NA;NA;NA;NA;NA;NA;NA;NA;NA;NA;NA;NA;NA;NA;NA;NA;NA;NA;NA;NA;NA;NA;NA;NA;NA;NA;NA;NA;NA;NA;NA;NA;NA;NA;NA;NA;NA;NA;NA;NA;NA;NA;NA;NA;NA;NA;NA;NA;NA;NA;NA;NA;NA;NA;NA;NA;NA;NA;NA;NA;NA;NA;NA;NA;NA;NA;NA;NA;NA;NA;NA;NA;NA;NA;NA;NA;NA;NA;NA;NA;NA;NA;NA
_W;42;0;0;NA;NA;NA;NA;1;NA;NA;NA;NA;NA;NA;NA;NA;NA;NA;NA;NA;NA;NA;NA;NA;NA;NA;NA;NA;NA;NA;NA;NA;NA;NA;NA;NA;NA;NA;NA;NA;NA;NA;NA;NA;NA;NA;NA;NA;NA;NA;NA;NA;NA;NA;NA;NA;NA;NA;NA;NA;NA;NA;NA;NA;NA;NA;NA;NA;NA;NA;NA;NA;NA;NA;NA;NA;NA;NA;NA;NA;NA;NA;NA;NA;NA;NA;NA;NA;NA;NA;NA;NA;NA;NA;NA;NA;NA;NA;NA;NA;NA;NA;NA;NA;NA;NA;NA;NA;NA;NA;NA;NA;NA;NA;NA
_W;43;0;1;0;NA;NA;NA;1;NA;NA;NA;NA;NA;NA;NA;NA;NA;NA;NA;NA;NA;NA;NA;NA;NA;NA;NA;NA;NA;NA;NA;NA;NA;NA;NA;NA;NA;NA;NA;NA;NA;NA;NA;NA;NA;NA;NA;NA;NA;NA;NA;NA;NA;NA;NA;NA;NA;NA;NA;NA;NA;NA;NA;NA;NA;NA;NA;NA;NA;NA;NA;NA;NA;NA;NA;NA;NA;NA;NA;NA;NA;NA;NA;NA;NA;NA;NA;NA;NA;NA;NA;NA;NA;NA;NA;NA;NA;NA;NA;NA;NA;NA;NA;NA;NA;NA;NA;NA;NA;NA;NA;NA;NA;NA;NA
_W;44;0;0;NA;NA;NA;NA;NA;1;NA;NA;NA;NA;NA;NA;NA;NA;NA;NA;NA;NA;NA;NA;NA;NA;NA;NA;NA;NA;NA;NA;NA;NA;NA;NA;NA;NA;NA;NA;NA;NA;NA;NA;NA;NA;NA;NA;NA;NA;NA;NA;NA;NA;NA;NA;NA;NA;NA;NA;NA;NA;NA;NA;NA;NA;NA;NA;NA;NA;NA;NA;NA;NA;NA;NA;NA;NA;NA;NA;NA;NA;NA;NA;NA;NA;NA;NA;NA;NA;NA;NA;NA;NA;NA;NA;NA;NA;NA;NA;NA;NA;NA;NA;NA;NA;NA;NA;NA;NA;NA;NA;NA;NA;NA;NA
_W;45;0;1;0;NA;NA;NA;NA;1;NA;NA;NA;NA;NA;NA;NA;NA;NA;NA;NA;NA;NA;NA;NA;NA;NA;NA;NA;NA;NA;NA;NA;NA;NA;NA;NA;NA;NA;NA;NA;NA;NA;NA;NA;NA;NA;NA;NA;NA;NA;NA;NA;NA;NA;NA;NA;NA;NA;NA;NA;NA;NA;NA;NA;NA;NA;NA;NA;NA;NA;NA;NA;NA;NA;NA;NA;NA;NA;NA;NA;NA;NA;NA;NA;NA;NA;NA;NA;NA;NA;NA;NA;NA;NA;NA;NA;NA;NA;NA;NA;NA;NA;NA;NA;NA;NA;NA;NA;NA;NA;NA;NA;NA;NA;NA
_W;46;0;0;NA;NA;NA;NA;NA;NA;1;NA;NA;NA;NA;NA;NA;NA;NA;NA;NA;NA;NA;NA;NA;NA;NA;NA;NA;NA;NA;NA;NA;NA;NA;NA;NA;NA;NA;NA;NA;NA;NA;NA;NA;NA;NA;NA;NA;NA;NA;NA;NA;NA;NA;NA;NA;NA;NA;NA;NA;NA;NA;NA;NA;NA;NA;NA;NA;NA;NA;NA;NA;NA;NA;NA;NA;NA;NA;NA;NA;NA;NA;NA;NA;NA;NA;NA;NA;NA;NA;NA;NA;NA;NA;NA;NA;NA;NA;NA;NA;NA;NA;NA;NA;NA;NA;NA;NA;NA;NA;NA;NA;NA;NA;NA
_W;47;0;1;0;NA;NA;NA;NA;NA;1;NA;NA;NA;NA;NA;NA;NA;NA;NA;NA;NA;NA;NA;NA;NA;NA;NA;NA;NA;NA;NA;NA;NA;NA;NA;NA;NA;NA;NA;NA;NA;NA;NA;NA;NA;NA;NA;NA;NA;NA;NA;NA;NA;NA;NA;NA;NA;NA;NA;NA;NA;NA;NA;NA;NA;NA;NA;NA;NA;NA;NA;NA;NA;NA;NA;NA;NA;NA;NA;NA;NA;NA;NA;NA;NA;NA;NA;NA;NA;NA;NA;NA;NA;NA;NA;NA;NA;NA;NA;NA;NA;NA;NA;NA;NA;NA;NA;NA;NA;NA;NA;NA;NA;NA;NA
_Z;48;0;0;NA;0;0;0;0;0;0;0;0;NA;1;NA;NA;NA;NA;NA;NA;NA;NA;NA;NA;NA;NA;NA;NA;NA;NA;NA;NA;NA;NA;NA;NA;NA;NA;NA;NA;NA;NA;NA;NA;NA;NA;NA;NA;NA;NA;NA;NA;NA;NA;NA;NA;NA;NA;NA;NA;NA;NA;NA;NA;NA;NA;NA;NA;NA;NA;NA;NA;NA;NA;NA;NA;NA;NA;NA;NA;NA;NA;NA;NA;NA;NA;NA;NA;NA;NA;NA;NA;NA;NA;NA;NA;NA;NA;NA;NA;NA;NA;NA;NA;NA;NA;NA;NA;NA;NA;NA;NA;NA;NA;NA
_Z;49;0;1;0;0;0;0;0;0;0;0;0;NA;1;NA;NA;NA;NA;NA;NA;NA;NA;NA;NA;NA;NA;NA;NA;NA;NA;NA;NA;NA;NA;NA;NA;NA;NA;NA;NA;NA;NA;NA;NA;NA;NA;NA;NA;NA;NA;NA;NA;NA;NA;NA;NA;NA;NA;NA;NA;NA;NA;NA;NA;NA;NA;NA;NA;NA;NA;NA;NA;NA;NA;NA;NA;NA;NA;NA;NA;NA;NA;NA;NA;NA;NA;NA;NA;NA;NA;NA;NA;NA;NA;NA;NA;NA;NA;NA;NA;NA;NA;NA;NA;NA;NA;NA;NA;NA;NA;NA;NA;NA;NA;NA
2190_mp;50;0;0;NA;0;0;0;0;0;0;0;0;0;0;0;1;1;NA;NA;NA;NA;NA;NA;NA;NA;NA;NA;NA;NA;NA;NA;NA;NA;NA;NA;NA;NA;NA;NA;NA;NA;NA;NA;NA;NA;NA;NA;NA;NA;NA;NA;NA;NA;NA;NA;NA;NA;NA;NA;NA;NA;NA;NA;NA;NA;NA;NA;NA;NA;NA;NA;NA;NA;NA;NA;NA;NA;NA;NA;NA;NA;NA;NA;NA;NA;NA;NA;NA;NA;NA;NA;NA;NA;NA;NA;NA;NA;NA;NA;NA;NA;NA;NA;NA;NA;NA;NA;NA;NA;NA;NA;NA;NA;NA;NA
2190_mp;51;0;1;0;0;0;0;0;0;0;0;0;0;0;0;1;1;NA;NA;NA;NA;NA;NA;NA;NA;NA;NA;NA;NA;NA;NA;NA;NA;NA;NA;NA;NA;NA;NA;NA;NA;NA;NA;NA;NA;NA;NA;NA;NA;NA;NA;NA;NA;NA;NA;NA;NA;NA;NA;NA;NA;NA;NA;NA;NA;NA;NA;NA;NA;NA;NA;NA;NA;NA;NA;NA;NA;NA;NA;NA;NA;NA;NA;NA;NA;NA;NA;NA;NA;NA;NA;NA;NA;NA;NA;NA;NA;NA;NA;NA;NA;NA;NA;NA;NA;NA;NA;NA;NA;NA;NA;NA;NA;NA;NA
2190_mp;52;0;0;NA;0;0;0;0;0;0;0;0;0;0;0;1;NA;1;NA;NA;NA;NA;NA;NA;NA;NA;NA;NA;NA;NA;NA;NA;NA;NA;NA;NA;NA;NA;NA;NA;NA;NA;NA;NA;NA;NA;NA;NA;NA;NA;NA;NA;NA;NA;NA;NA;NA;NA;NA;NA;NA;NA;NA;NA;NA;NA;NA;NA;NA;NA;NA;NA;NA;NA;NA;NA;NA;NA;NA;NA;NA;NA;NA;NA;NA;NA;NA;NA;NA;NA;NA;NA;NA;NA;NA;NA;NA;NA;NA;NA;NA;NA;NA;NA;NA;NA;NA;NA;NA;NA;NA;NA;NA;NA;NA
2190_mp;53;0;1;0;0;0;0;0;0;0;0;0;0;0;0;1;NA;1;NA;NA;NA;NA;NA;NA;NA;NA;NA;NA;NA;NA;NA;NA;NA;NA;NA;NA;NA;NA;NA;NA;NA;NA;NA;NA;NA;NA;NA;NA;NA;NA;NA;NA;NA;NA;NA;NA;NA;NA;NA;NA;NA;NA;NA;NA;NA;NA;NA;NA;NA;NA;NA;NA;NA;NA;NA;NA;NA;NA;NA;NA;NA;NA;NA;NA;NA;NA;NA;NA;NA;NA;NA;NA;NA;NA;NA;NA;NA;NA;NA;NA;NA;NA;NA;NA;NA;NA;NA;NA;NA;NA;NA;NA;NA;NA;NA
2190_mp;54;0;0;NA;0;0;0;0;0;0;0;0;0;0;0;1;NA;NA;1;NA;NA;NA;NA;NA;NA;NA;NA;NA;NA;NA;NA;NA;NA;NA;NA;NA;NA;NA;NA;NA;NA;NA;NA;NA;NA;NA;NA;NA;NA;NA;NA;NA;NA;NA;NA;NA;NA;NA;NA;NA;NA;NA;NA;NA;NA;NA;NA;NA;NA;NA;NA;NA;NA;NA;NA;NA;NA;NA;NA;NA;NA;NA;NA;NA;NA;NA;NA;NA;NA;NA;NA;NA;NA;NA;NA;NA;NA;NA;NA;NA;NA;NA;NA;NA;NA;NA;NA;NA;NA;NA;NA;NA;NA;NA;NA
2190_mp;55;0;1;0;0;0;0;0;0;0;0;0;0;0;0;1;NA;NA;1;NA;NA;NA;NA;NA;NA;NA;NA;NA;NA;NA;NA;NA;NA;NA;NA;NA;NA;NA;NA;NA;NA;NA;NA;NA;NA;NA;NA;NA;NA;NA;NA;NA;NA;NA;NA;NA;NA;NA;NA;NA;NA;NA;NA;NA;NA;NA;NA;NA;NA;NA;NA;NA;NA;NA;NA;NA;NA;NA;NA;NA;NA;NA;NA;NA;NA;NA;NA;NA;NA;NA;NA;NA;NA;NA;NA;NA;NA;NA;NA;NA;NA;NA;NA;NA;NA;NA;NA;NA;NA;NA;NA;NA;NA;NA;NA
2190_mp - mp_min;56;0;0;NA;0;0;0;0;0;0;0;0;0;0;0;1;NA;NA;NA;1;NA;NA;NA;NA;NA;NA;NA;NA;NA;NA;NA;NA;NA;NA;NA;NA;NA;NA;NA;NA;NA;NA;NA;NA;NA;NA;NA;NA;NA;NA;NA;NA;NA;NA;NA;NA;NA;NA;NA;NA;NA;NA;NA;NA;NA;NA;NA;NA;NA;NA;NA;NA;NA;NA;NA;NA;NA;NA;NA;NA;NA;NA;NA;NA;NA;NA;NA;NA;NA;NA;NA;NA;NA;NA;NA;NA;NA;NA;NA;NA;NA;NA;NA;NA;NA;NA;NA;NA;NA;NA;NA;NA;NA;NA;NA
2190_mp - mp_min;57;0;1;0;0;0;0;0;0;0;0;0;0;0;0;1;NA;NA;NA;1;NA;NA;NA;NA;NA;NA;NA;NA;NA;NA;NA;NA;NA;NA;NA;NA;NA;NA;NA;NA;NA;NA;NA;NA;NA;NA;NA;NA;NA;NA;NA;NA;NA;NA;NA;NA;NA;NA;NA;NA;NA;NA;NA;NA;NA;NA;NA;NA;NA;NA;NA;NA;NA;NA;NA;NA;NA;NA;NA;NA;NA;NA;NA;NA;NA;NA;NA;NA;NA;NA;NA;NA;NA;NA;NA;NA;NA;NA;NA;NA;NA;NA;NA;NA;NA;NA;NA;NA;NA;NA;NA;NA;NA;NA;NA
6430_hf - hf;58;0;0;NA;0;0;0;0;0;0;0;0;0;0;0;0;NA;NA;NA;NA;NA;NA;NA;NA;NA;NA;NA;0;0;0;0;NA;1;NA;NA;NA;NA;NA;NA;NA;NA;NA;NA;NA;NA;NA;NA;NA;NA;NA;NA;NA;NA;NA;NA;NA;NA;NA;NA;NA;NA;0;0;NA;0;NA;NA;0;NA;NA;0;NA;NA;NA;NA;NA;NA;0;NA;NA;NA;NA;NA;NA;NA;NA;NA;NA;NA;0;NA;1;0;0;NA;NA;NA;NA;NA;NA;NA;NA;NA;NA;NA;NA;NA;NA;NA;NA;NA;NA;NA;NA;NA
6430_hf - hf;59;0;1;0;0;0;0;0;0;0;0;0;0;0;0;0;NA;NA;NA;NA;NA;NA;NA;NA;NA;NA;NA;0;0;0;0;NA;1;NA;NA;NA;NA;NA;NA;NA;NA;NA;NA;NA;NA;NA;NA;NA;NA;NA;NA;NA;NA;NA;NA;NA;NA;NA;NA;NA;NA;0;0;NA;0;NA;NA;0;NA;NA;0;NA;NA;NA;NA;NA;NA;0;NA;NA;NA;NA;NA;NA;NA;NA;NA;NA;NA;0;NA;1;0;0;NA;NA;NA;NA;NA;NA;NA;NA;NA;NA;NA;NA;NA;NA;NA;NA;NA;NA;NA;NA;NA
6430_hf - hf;60;0;0;NA;0;0;0;0;0;0;0;0;0;0;0;1;0;0;0;0;1;0;0;0;NA;NA;NA;0;0;0;0;NA;1;NA;NA;NA;NA;NA;NA;NA;NA;NA;NA;NA;NA;NA;NA;NA;NA;NA;NA;NA;NA;NA;NA;NA;NA;NA;NA;NA;NA;0;0;NA;0;NA;NA;0;NA;NA;0;NA;NA;NA;NA;NA;NA;0;NA;NA;NA;NA;NA;NA;NA;NA;NA;NA;NA;0;NA;1;0;0;NA;NA;NA;NA;NA;NA;NA;NA;NA;NA;NA;NA;NA;NA;NA;NA;NA;NA;NA;NA;NA
6430_hf - hf;61;0;1;0;0;0;0;0;0;0;0;0;0;0;0;1;0;0;0;0;1;0;0;0;NA;NA;NA;0;0;0;0;NA;1;NA;NA;NA;NA;NA;NA;NA;NA;NA;NA;NA;NA;NA;NA;NA;NA;NA;NA;NA;NA;NA;NA;NA;NA;NA;NA;NA;NA;0;0;NA;0;NA;NA;0;NA;NA;0;NA;NA;NA;NA;NA;NA;0;NA;NA;NA;NA;NA;NA;NA;NA;NA;NA;NA;0;NA;1;0;0;NA;NA;NA;NA;NA;NA;NA;NA;NA;NA;NA;NA;NA;NA;NA;NA;NA;NA;NA;NA;NA
6430_hf - hf;62;0;0;NA;0;0;0;0;0;0;0;0;0;0;0;1;0;0;0;0;0;NA;NA;NA;0;0;0;0;0;0;0;NA;1;NA;NA;NA;NA;NA;NA;NA;NA;NA;NA;NA;NA;NA;NA;NA;NA;NA;NA;NA;NA;NA;NA;NA;NA;NA;NA;NA;NA;0;0;NA;0;NA;NA;0;NA;NA;0;NA;NA;NA;NA;NA;NA;0;NA;NA;NA;NA;NA;NA;NA;NA;NA;NA;NA;0;NA;1;0;0;NA;NA;NA;NA;NA;NA;NA;NA;NA;NA;NA;NA;NA;NA;NA;NA;NA;NA;NA;NA;NA
6430_hf - hf;63;0;1;0;0;0;0;0;0;0;0;0;0;0;0;1;0;0;0;0;0;NA;NA;NA;0;0;0;0;0;0;0;NA;1;NA;NA;NA;NA;NA;NA;NA;NA;NA;NA;NA;NA;NA;NA;NA;NA;NA;NA;NA;NA;NA;NA;NA;NA;NA;NA;NA;NA;0;0;NA;0;NA;NA;0;NA;NA;0;NA;NA;NA;NA;NA;NA;0;NA;NA;NA;NA;NA;NA;NA;NA;NA;NA;NA;0;NA;1;0;0;NA;NA;NA;NA;NA;NA;NA;NA;NA;NA;NA;NA;NA;NA;NA;NA;NA;NA;NA;NA;NA
6430_hf - hf;64;0;0;NA;0;0;0;0;0;0;0;0;0;0;0;0;NA;NA;NA;NA;NA;NA;NA;NA;NA;NA;NA;0;0;0;0;1;NA;NA;1;NA;NA;NA;NA;NA;NA;NA;NA;NA;NA;NA;NA;NA;NA;NA;NA;NA;NA;NA;NA;NA;NA;NA;NA;NA;NA;0;0;NA;0;NA;NA;0;NA;NA;0;NA;NA;NA;NA;NA;NA;0;NA;NA;NA;NA;NA;NA;NA;NA;NA;NA;NA;0;NA;1;0;0;NA;NA;NA;NA;NA;NA;NA;NA;NA;NA;NA;NA;NA;NA;NA;NA;NA;NA;NA;NA;NA
6430_hf - hf;65;0;1;0;0;0;0;0;0;0;0;0;0;0;0;0;NA;NA;NA;NA;NA;NA;NA;NA;NA;NA;NA;0;0;0;0;1;NA;NA;1;NA;NA;NA;NA;NA;NA;NA;NA;NA;NA;NA;NA;NA;NA;NA;NA;NA;NA;NA;NA;NA;NA;NA;NA;NA;NA;0;0;NA;0;NA;NA;0;NA;NA;0;NA;NA;NA;NA;NA;NA;0;NA;NA;NA;NA;NA;NA;NA;NA;NA;NA;NA;0;NA;1;0;0;NA;NA;NA;NA;NA;NA;NA;NA;NA;NA;NA;NA;NA;NA;NA;NA;NA;NA;NA;NA;NA
6430_hf - hf;66;0;0;NA;0;0;0;0;0;0;0;0;0;0;0;1;0;0;0;0;1;0;0;0;NA;NA;NA;0;0;0;0;1;NA;NA;1;NA;NA;NA;NA;NA;NA;NA;NA;NA;NA;NA;NA;NA;NA;NA;NA;NA;NA;NA;NA;NA;NA;NA;NA;NA;NA;0;0;NA;0;NA;NA;0;NA;NA;0;NA;NA;NA;NA;NA;NA;0;NA;NA;NA;NA;NA;NA;NA;NA;NA;NA;NA;0;NA;1;0;0;NA;NA;NA;NA;NA;NA;NA;NA;NA;NA;NA;NA;NA;NA;NA;NA;NA;NA;NA;NA;NA
6430_hf - hf;67;0;1;0;0;0;0;0;0;0;0;0;0;0;0;1;0;0;0;0;1;0;0;0;NA;NA;NA;0;0;0;0;1;NA;NA;1;NA;NA;NA;NA;NA;NA;NA;NA;NA;NA;NA;NA;NA;NA;NA;NA;NA;NA;NA;NA;NA;NA;NA;NA;NA;NA;0;0;NA;0;NA;NA;0;NA;NA;0;NA;NA;NA;NA;NA;NA;0;NA;NA;NA;NA;NA;NA;NA;NA;NA;NA;NA;0;NA;1;0;0;NA;NA;NA;NA;NA;NA;NA;NA;NA;NA;NA;NA;NA;NA;NA;NA;NA;NA;NA;NA;NA
6430_hf - hf;68;0;0;NA;0;0;0;0;0;0;0;0;0;0;0;1;0;0;0;0;0;NA;NA;NA;0;0;0;0;0;0;0;1;NA;NA;1;NA;NA;NA;NA;NA;NA;NA;NA;NA;NA;NA;NA;NA;NA;NA;NA;NA;NA;NA;NA;NA;NA;NA;NA;NA;NA;0;0;NA;0;NA;NA;0;NA;NA;0;NA;NA;NA;NA;NA;NA;0;NA;NA;NA;NA;NA;NA;NA;NA;NA;NA;NA;0;NA;1;0;0;NA;NA;NA;NA;NA;NA;NA;NA;NA;NA;NA;NA;NA;NA;NA;NA;NA;NA;NA;NA;NA
6430_hf - hf;69;0;1;0;0;0;0;0;0;0;0;0;0;0;0;1;0;0;0;0;0;NA;NA;NA;0;0;0;0;0;0;0;1;NA;NA;1;NA;NA;NA;NA;NA;NA;NA;NA;NA;NA;NA;NA;NA;NA;NA;NA;NA;NA;NA;NA;NA;NA;NA;NA;NA;NA;0;0;NA;0;NA;NA;0;NA;NA;0;NA;NA;NA;NA;NA;NA;0;NA;NA;NA;NA;NA;NA;NA;NA;NA;NA;NA;0;NA;1;0;0;NA;NA;NA;NA;NA;NA;NA;NA;NA;NA;NA;NA;NA;NA;NA;NA;NA;NA;NA;NA;NA
6430_hf - hf;70;0;0;NA;0;0;0;0;0;0;0;0;0;0;0;0;NA;NA;NA;NA;NA;NA;NA;NA;NA;NA;NA;0;0;0;1;NA;NA;NA;1;NA;NA;NA;NA;NA;NA;0;0;NA;NA;NA;NA;NA;NA;0;1;NA;NA;NA;NA;NA;NA;NA;NA;NA;NA;0;0;NA;0;NA;NA;0;NA;NA;0;NA;NA;NA;NA;NA;NA;0;NA;NA;NA;NA;NA;NA;NA;NA;NA;NA;NA;0;NA;1;0;0;NA;NA;NA;NA;NA;NA;NA;NA;NA;NA;NA;NA;NA;NA;NA;NA;NA;NA;NA;NA;NA
6430_hf - hf;71;0;1;0;0;0;0;0;0;0;0;0;0;0;0;0;NA;NA;NA;NA;NA;NA;NA;NA;NA;NA;NA;0;0;0;1;NA;NA;NA;1;NA;NA;NA;NA;NA;NA;0;0;NA;NA;NA;NA;NA;NA;0;1;NA;NA;NA;NA;NA;NA;NA;NA;NA;NA;0;0;NA;0;NA;NA;0;NA;NA;0;NA;NA;NA;NA;NA;NA;0;NA;NA;NA;NA;NA;NA;NA;NA;NA;NA;NA;0;NA;1;0;0;NA;NA;NA;NA;NA;NA;NA;NA;NA;NA;NA;NA;NA;NA;NA;NA;NA;NA;NA;NA;NA
6430_hf - hf;72;0;0;NA;0;0;0;0;0;0;0;0;0;0;0;1;0;0;0;0;1;0;0;0;NA;NA;NA;0;0;0;1;NA;NA;NA;1;NA;NA;NA;NA;NA;NA;0;0;NA;NA;NA;NA;NA;NA;0;1;NA;NA;NA;NA;NA;NA;NA;NA;NA;NA;0;0;NA;0;NA;NA;0;NA;NA;0;NA;NA;NA;NA;NA;NA;0;NA;NA;NA;NA;NA;NA;NA;NA;NA;NA;NA;0;NA;1;0;0;NA;NA;NA;NA;NA;NA;NA;NA;NA;NA;NA;NA;NA;NA;NA;NA;NA;NA;NA;NA;NA
6430_hf - hf;73;0;1;0;0;0;0;0;0;0;0;0;0;0;0;1;0;0;0;0;1;0;0;0;NA;NA;NA;0;0;0;1;NA;NA;NA;1;NA;NA;NA;NA;NA;NA;0;0;NA;NA;NA;NA;NA;NA;0;1;NA;NA;NA;NA;NA;NA;NA;NA;NA;NA;0;0;NA;0;NA;NA;0;NA;NA;0;NA;NA;NA;NA;NA;NA;0;NA;NA;NA;NA;NA;NA;NA;NA;NA;NA;NA;0;NA;1;0;0;NA;NA;NA;NA;NA;NA;NA;NA;NA;NA;NA;NA;NA;NA;NA;NA;NA;NA;NA;NA;NA
6430_hf - hf;74;0;0;NA;0;0;0;0;0;0;0;0;0;0;0;1;0;0;0;0;0;NA;NA;NA;0;0;0;0;0;0;1;NA;NA;NA;1;NA;NA;NA;NA;NA;NA;0;0;NA;NA;NA;NA;NA;NA;0;1;NA;NA;NA;NA;NA;NA;NA;NA;NA;NA;0;0;NA;0;NA;NA;0;NA;NA;0;NA;NA;NA;NA;NA;NA;0;NA;NA;NA;NA;NA;NA;NA;NA;NA;NA;NA;0;NA;1;0;0;NA;NA;NA;NA;NA;NA;NA;NA;NA;NA;NA;NA;NA;NA;NA;NA;NA;NA;NA;NA;NA
6430_hf - hf;75;0;1;0;0;0;0;0;0;0;0;0;0;0;0;1;0;0;0;0;0;NA;NA;NA;0;0;0;0;0;0;1;NA;NA;NA;1;NA;NA;NA;NA;NA;NA;0;0;NA;NA;NA;NA;NA;NA;0;1;NA;NA;NA;NA;NA;NA;NA;NA;NA;NA;0;0;NA;0;NA;NA;0;NA;NA;0;NA;NA;NA;NA;NA;NA;0;NA;NA;NA;NA;NA;NA;NA;NA;NA;NA;NA;0;NA;1;0;0;NA;NA;NA;NA;NA;NA;NA;NA;NA;NA;NA;NA;NA;NA;NA;NA;NA;NA;NA;NA;NA
6430_hf - hf;76;0;0;NA;0;0;0;0;0;0;0;0;0;0;0;0;NA;NA;NA;NA;NA;NA;NA;NA;NA;NA;NA;0;0;0;1;NA;NA;NA;NA;NA;NA;NA;NA;NA;NA;0;0;NA;NA;NA;NA;NA;NA;0;0;1;NA;NA;NA;NA;NA;NA;NA;NA;NA;0;0;NA;0;NA;NA;0;NA;NA;0;NA;NA;NA;NA;NA;NA;0;NA;NA;NA;NA;NA;NA;NA;NA;NA;NA;NA;0;NA;1;0;0;NA;NA;NA;NA;NA;NA;NA;NA;NA;NA;NA;NA;NA;NA;NA;NA;NA;NA;NA;NA;NA
6430_hf - hf;77;0;1;0;0;0;0;0;0;0;0;0;0;0;0;0;NA;NA;NA;NA;NA;NA;NA;NA;NA;NA;NA;0;0;0;1;NA;NA;NA;NA;NA;NA;NA;NA;NA;NA;0;0;NA;NA;NA;NA;NA;NA;0;0;1;NA;NA;NA;NA;NA;NA;NA;NA;NA;0;0;NA;0;NA;NA;0;NA;NA;0;NA;NA;NA;NA;NA;NA;0;NA;NA;NA;NA;NA;NA;NA;NA;NA;NA;NA;0;NA;1;0;0;NA;NA;NA;NA;NA;NA;NA;NA;NA;NA;NA;NA;NA;NA;NA;NA;NA;NA;NA;NA;NA
6430_hf - hf;78;0;0;NA;0;0;0;0;0;0;0;0;0;0;0;1;0;0;0;0;1;0;0;0;NA;NA;NA;0;0;0;1;NA;NA;NA;NA;NA;NA;NA;NA;NA;NA;0;0;NA;NA;NA;NA;NA;NA;0;0;1;NA;NA;NA;NA;NA;NA;NA;NA;NA;0;0;NA;0;NA;NA;0;NA;NA;0;NA;NA;NA;NA;NA;NA;0;NA;NA;NA;NA;NA;NA;NA;NA;NA;NA;NA;0;NA;1;0;0;NA;NA;NA;NA;NA;NA;NA;NA;NA;NA;NA;NA;NA;NA;NA;NA;NA;NA;NA;NA;NA
6430_hf - hf;79;0;1;0;0;0;0;0;0;0;0;0;0;0;0;1;0;0;0;0;1;0;0;0;NA;NA;NA;0;0;0;1;NA;NA;NA;NA;NA;NA;NA;NA;NA;NA;0;0;NA;NA;NA;NA;NA;NA;0;0;1;NA;NA;NA;NA;NA;NA;NA;NA;NA;0;0;NA;0;NA;NA;0;NA;NA;0;NA;NA;NA;NA;NA;NA;0;NA;NA;NA;NA;NA;NA;NA;NA;NA;NA;NA;0;NA;1;0;0;NA;NA;NA;NA;NA;NA;NA;NA;NA;NA;NA;NA;NA;NA;NA;NA;NA;NA;NA;NA;NA
6430_hf - hf;80;0;0;NA;0;0;0;0;0;0;0;0;0;0;0;1;0;0;0;0;0;NA;NA;NA;0;0;0;0;0;0;1;NA;NA;NA;NA;NA;NA;NA;NA;NA;NA;0;0;NA;NA;NA;NA;NA;NA;0;0;1;NA;NA;NA;NA;NA;NA;NA;NA;NA;0;0;NA;0;NA;NA;0;NA;NA;0;NA;NA;NA;NA;NA;NA;0;NA;NA;NA;NA;NA;NA;NA;NA;NA;NA;NA;0;NA;1;0;0;NA;NA;NA;NA;NA;NA;NA;NA;NA;NA;NA;NA;NA;NA;NA;NA;NA;NA;NA;NA;NA
6430_hf - hf;81;0;1;0;0;0;0;0;0;0;0;0;0;0;0;1;0;0;0;0;0;NA;NA;NA;0;0;0;0;0;0;1;NA;NA;NA;NA;NA;NA;NA;NA;NA;NA;0;0;NA;NA;NA;NA;NA;NA;0;0;1;NA;NA;NA;NA;NA;NA;NA;NA;NA;0;0;NA;0;NA;NA;0;NA;NA;0;NA;NA;NA;NA;NA;NA;0;NA;NA;NA;NA;NA;NA;NA;NA;NA;NA;NA;0;NA;1;0;0;NA;NA;NA;NA;NA;NA;NA;NA;NA;NA;NA;NA;NA;NA;NA;NA;NA;NA;NA;NA;NA
6430_hf - hf;82;0;0;NA;0;0;0;0;0;0;0;0;0;0;0;0;NA;NA;NA;NA;NA;NA;NA;NA;NA;NA;NA;0;0;0;0;NA;1;NA;NA;NA;NA;NA;NA;NA;NA;NA;NA;NA;NA;NA;NA;NA;NA;NA;NA;NA;NA;NA;NA;NA;NA;NA;NA;NA;NA;0;0;NA;0;NA;NA;0;NA;NA;1;0;NA;NA;NA;NA;NA;0;NA;NA;NA;NA;NA;NA;NA;NA;NA;NA;NA;0;NA;1;0;0;NA;NA;NA;NA;NA;NA;NA;NA;NA;NA;NA;NA;NA;NA;NA;NA;NA;NA;NA;NA;NA
6430_hf - hf;83;0;1;0;0;0;0;0;0;0;0;0;0;0;0;0;NA;NA;NA;NA;NA;NA;NA;NA;NA;NA;NA;0;0;0;0;NA;1;NA;NA;NA;NA;NA;NA;NA;NA;NA;NA;NA;NA;NA;NA;NA;NA;NA;NA;NA;NA;NA;NA;NA;NA;NA;NA;NA;NA;0;0;NA;0;NA;NA;0;NA;NA;1;0;NA;NA;NA;NA;NA;0;NA;NA;NA;NA;NA;NA;NA;NA;NA;NA;NA;0;NA;1;0;0;NA;NA;NA;NA;NA;NA;NA;NA;NA;NA;NA;NA;NA;NA;NA;NA;NA;NA;NA;NA;NA
6430_hf - hf;84;0;0;NA;0;0;0;0;0;0;0;0;0;0;0;1;0;0;0;0;1;0;0;0;NA;NA;NA;0;0;0;0;NA;1;NA;NA;NA;NA;NA;NA;NA;NA;NA;NA;NA;NA;NA;NA;NA;NA;NA;NA;NA;NA;NA;NA;NA;NA;NA;NA;NA;NA;0;0;NA;0;NA;NA;0;NA;NA;1;0;NA;NA;NA;NA;NA;0;NA;NA;NA;NA;NA;NA;NA;NA;NA;NA;NA;0;NA;1;0;0;NA;NA;NA;NA;NA;NA;NA;NA;NA;NA;NA;NA;NA;NA;NA;NA;NA;NA;NA;NA;NA
6430_hf - hf;85;0;1;0;0;0;0;0;0;0;0;0;0;0;0;1;0;0;0;0;1;0;0;0;NA;NA;NA;0;0;0;0;NA;1;NA;NA;NA;NA;NA;NA;NA;NA;NA;NA;NA;NA;NA;NA;NA;NA;NA;NA;NA;NA;NA;NA;NA;NA;NA;NA;NA;NA;0;0;NA;0;NA;NA;0;NA;NA;1;0;NA;NA;NA;NA;NA;0;NA;NA;NA;NA;NA;NA;NA;NA;NA;NA;NA;0;NA;1;0;0;NA;NA;NA;NA;NA;NA;NA;NA;NA;NA;NA;NA;NA;NA;NA;NA;NA;NA;NA;NA;NA
6430_hf - hf;86;0;0;NA;0;0;0;0;0;0;0;0;0;0;0;1;0;0;0;0;0;NA;NA;NA;0;0;0;0;0;0;0;NA;1;NA;NA;NA;NA;NA;NA;NA;NA;NA;NA;NA;NA;NA;NA;NA;NA;NA;NA;NA;NA;NA;NA;NA;NA;NA;NA;NA;NA;0;0;NA;0;NA;NA;0;NA;NA;1;0;NA;NA;NA;NA;NA;0;NA;NA;NA;NA;NA;NA;NA;NA;NA;NA;NA;0;NA;1;0;0;NA;NA;NA;NA;NA;NA;NA;NA;NA;NA;NA;NA;NA;NA;NA;NA;NA;NA;NA;NA;NA
6430_hf - hf;87;0;1;0;0;0;0;0;0;0;0;0;0;0;0;1;0;0;0;0;0;NA;NA;NA;0;0;0;0;0;0;0;NA;1;NA;NA;NA;NA;NA;NA;NA;NA;NA;NA;NA;NA;NA;NA;NA;NA;NA;NA;NA;NA;NA;NA;NA;NA;NA;NA;NA;NA;0;0;NA;0;NA;NA;0;NA;NA;1;0;NA;NA;NA;NA;NA;0;NA;NA;NA;NA;NA;NA;NA;NA;NA;NA;NA;0;NA;1;0;0;NA;NA;NA;NA;NA;NA;NA;NA;NA;NA;NA;NA;NA;NA;NA;NA;NA;NA;NA;NA;NA
6430_hf - hf;88;0;0;NA;0;0;0;0;0;0;0;0;0;0;0;0;NA;NA;NA;NA;NA;NA;NA;NA;NA;NA;NA;0;0;0;0;1;NA;NA;1;NA;NA;NA;NA;NA;NA;NA;NA;NA;NA;NA;NA;NA;NA;NA;NA;NA;NA;NA;NA;NA;NA;NA;NA;NA;NA;0;0;NA;0;NA;NA;0;NA;NA;1;0;NA;NA;NA;NA;NA;0;NA;NA;NA;NA;NA;NA;NA;NA;NA;NA;NA;0;NA;1;0;0;NA;NA;NA;NA;NA;NA;NA;NA;NA;NA;NA;NA;NA;NA;NA;NA;NA;NA;NA;NA;NA
6430_hf - hf;89;0;1;0;0;0;0;0;0;0;0;0;0;0;0;0;NA;NA;NA;NA;NA;NA;NA;NA;NA;NA;NA;0;0;0;0;1;NA;NA;1;NA;NA;NA;NA;NA;NA;NA;NA;NA;NA;NA;NA;NA;NA;NA;NA;NA;NA;NA;NA;NA;NA;NA;NA;NA;NA;0;0;NA;0;NA;NA;0;NA;NA;1;0;NA;NA;NA;NA;NA;0;NA;NA;NA;NA;NA;NA;NA;NA;NA;NA;NA;0;NA;1;0;0;NA;NA;NA;NA;NA;NA;NA;NA;NA;NA;NA;NA;NA;NA;NA;NA;NA;NA;NA;NA;NA
6430_hf - hf;90;0;0;NA;0;0;0;0;0;0;0;0;0;0;0;1;0;0;0;0;1;0;0;0;NA;NA;NA;0;0;0;0;1;NA;NA;1;NA;NA;NA;NA;NA;NA;NA;NA;NA;NA;NA;NA;NA;NA;NA;NA;NA;NA;NA;NA;NA;NA;NA;NA;NA;NA;0;0;NA;0;NA;NA;0;NA;NA;1;0;NA;NA;NA;NA;NA;0;NA;NA;NA;NA;NA;NA;NA;NA;NA;NA;NA;0;NA;1;0;0;NA;NA;NA;NA;NA;NA;NA;NA;NA;NA;NA;NA;NA;NA;NA;NA;NA;NA;NA;NA;NA
6430_hf - hf;91;0;1;0;0;0;0;0;0;0;0;0;0;0;0;1;0;0;0;0;1;0;0;0;NA;NA;NA;0;0;0;0;1;NA;NA;1;NA;NA;NA;NA;NA;NA;NA;NA;NA;NA;NA;NA;NA;NA;NA;NA;NA;NA;NA;NA;NA;NA;NA;NA;NA;NA;0;0;NA;0;NA;NA;0;NA;NA;1;0;NA;NA;NA;NA;NA;0;NA;NA;NA;NA;NA;NA;NA;NA;NA;NA;NA;0;NA;1;0;0;NA;NA;NA;NA;NA;NA;NA;NA;NA;NA;NA;NA;NA;NA;NA;NA;NA;NA;NA;NA;NA
6430_hf - hf;92;0;0;NA;0;0;0;0;0;0;0;0;0;0;0;1;0;0;0;0;0;NA;NA;NA;0;0;0;0;0;0;0;1;NA;NA;1;NA;NA;NA;NA;NA;NA;NA;NA;NA;NA;NA;NA;NA;NA;NA;NA;NA;NA;NA;NA;NA;NA;NA;NA;NA;NA;0;0;NA;0;NA;NA;0;NA;NA;1;0;NA;NA;NA;NA;NA;0;NA;NA;NA;NA;NA;NA;NA;NA;NA;NA;NA;0;NA;1;0;0;NA;NA;NA;NA;NA;NA;NA;NA;NA;NA;NA;NA;NA;NA;NA;NA;NA;NA;NA;NA;NA
6430_hf - hf;93;0;1;0;0;0;0;0;0;0;0;0;0;0;0;1;0;0;0;0;0;NA;NA;NA;0;0;0;0;0;0;0;1;NA;NA;1;NA;NA;NA;NA;NA;NA;NA;NA;NA;NA;NA;NA;NA;NA;NA;NA;NA;NA;NA;NA;NA;NA;NA;NA;NA;NA;0;0;NA;0;NA;NA;0;NA;NA;1;0;NA;NA;NA;NA;NA;0;NA;NA;NA;NA;NA;NA;NA;NA;NA;NA;NA;0;NA;1;0;0;NA;NA;NA;NA;NA;NA;NA;NA;NA;NA;NA;NA;NA;NA;NA;NA;NA;NA;NA;NA;NA
6430_hf - hf;94;0;0;NA;0;0;0;0;0;0;0;0;0;0;0;0;NA;NA;NA;NA;NA;NA;NA;NA;NA;NA;NA;0;0;0;1;NA;NA;NA;1;NA;NA;NA;NA;NA;NA;0;0;NA;NA;NA;NA;NA;NA;0;1;NA;NA;NA;NA;NA;NA;NA;NA;NA;NA;0;0;NA;0;NA;NA;0;NA;NA;1;0;NA;NA;NA;NA;NA;0;NA;NA;NA;NA;NA;NA;NA;NA;NA;NA;NA;0;NA;1;0;0;NA;NA;NA;NA;NA;NA;NA;NA;NA;NA;NA;NA;NA;NA;NA;NA;NA;NA;NA;NA;NA
6430_hf - hf;95;0;1;0;0;0;0;0;0;0;0;0;0;0;0;0;NA;NA;NA;NA;NA;NA;NA;NA;NA;NA;NA;0;0;0;1;NA;NA;NA;1;NA;NA;NA;NA;NA;NA;0;0;NA;NA;NA;NA;NA;NA;0;1;NA;NA;NA;NA;NA;NA;NA;NA;NA;NA;0;0;NA;0;NA;NA;0;NA;NA;1;0;NA;NA;NA;NA;NA;0;NA;NA;NA;NA;NA;NA;NA;NA;NA;NA;NA;0;NA;1;0;0;NA;NA;NA;NA;NA;NA;NA;NA;NA;NA;NA;NA;NA;NA;NA;NA;NA;NA;NA;NA;NA
6430_hf - hf;96;0;0;NA;0;0;0;0;0;0;0;0;0;0;0;1;0;0;0;0;1;0;0;0;NA;NA;NA;0;0;0;1;NA;NA;NA;1;NA;NA;NA;NA;NA;NA;0;0;NA;NA;NA;NA;NA;NA;0;1;NA;NA;NA;NA;NA;NA;NA;NA;NA;NA;0;0;NA;0;NA;NA;0;NA;NA;1;0;NA;NA;NA;NA;NA;0;NA;NA;NA;NA;NA;NA;NA;NA;NA;NA;NA;0;NA;1;0;0;NA;NA;NA;NA;NA;NA;NA;NA;NA;NA;NA;NA;NA;NA;NA;NA;NA;NA;NA;NA;NA
6430_hf - hf;97;0;1;0;0;0;0;0;0;0;0;0;0;0;0;1;0;0;0;0;1;0;0;0;NA;NA;NA;0;0;0;1;NA;NA;NA;1;NA;NA;NA;NA;NA;NA;0;0;NA;NA;NA;NA;NA;NA;0;1;NA;NA;NA;NA;NA;NA;NA;NA;NA;NA;0;0;NA;0;NA;NA;0;NA;NA;1;0;NA;NA;NA;NA;NA;0;NA;NA;NA;NA;NA;NA;NA;NA;NA;NA;NA;0;NA;1;0;0;NA;NA;NA;NA;NA;NA;NA;NA;NA;NA;NA;NA;NA;NA;NA;NA;NA;NA;NA;NA;NA
6430_hf - hf;98;0;0;NA;0;0;0;0;0;0;0;0;0;0;0;1;0;0;0;0;0;NA;NA;NA;0;0;0;0;0;0;1;NA;NA;NA;1;NA;NA;NA;NA;NA;NA;0;0;NA;NA;NA;NA;NA;NA;0;1;NA;NA;NA;NA;NA;NA;NA;NA;NA;NA;0;0;NA;0;NA;NA;0;NA;NA;1;0;NA;NA;NA;NA;NA;0;NA;NA;NA;NA;NA;NA;NA;NA;NA;NA;NA;0;NA;1;0;0;NA;NA;NA;NA;NA;NA;NA;NA;NA;NA;NA;NA;NA;NA;NA;NA;NA;NA;NA;NA;NA
6430_hf - hf;99;0;1;0;0;0;0;0;0;0;0;0;0;0;0;1;0;0;0;0;0;NA;NA;NA;0;0;0;0;0;0;1;NA;NA;NA;1;NA;NA;NA;NA;NA;NA;0;0;NA;NA;NA;NA;NA;NA;0;1;NA;NA;NA;NA;NA;NA;NA;NA;NA;NA;0;0;NA;0;NA;NA;0;NA;NA;1;0;NA;NA;NA;NA;NA;0;NA;NA;NA;NA;NA;NA;NA;NA;NA;NA;NA;0;NA;1;0;0;NA;NA;NA;NA;NA;NA;NA;NA;NA;NA;NA;NA;NA;NA;NA;NA;NA;NA;NA;NA;NA
6430_hf - hf;100;0;0;NA;0;0;0;0;0;0;0;0;0;0;0;0;NA;NA;NA;NA;NA;NA;NA;NA;NA;NA;NA;0;0;0;1;NA;NA;NA;NA;NA;NA;NA;NA;NA;NA;0;0;NA;NA;NA;NA;NA;NA;0;0;1;NA;NA;NA;NA;NA;NA;NA;NA;NA;0;0;NA;0;NA;NA;0;NA;NA;1;0;NA;NA;NA;NA;NA;0;NA;NA;NA;NA;NA;NA;NA;NA;NA;NA;NA;0;NA;1;0;0;NA;NA;NA;NA;NA;NA;NA;NA;NA;NA;NA;NA;NA;NA;NA;NA;NA;NA;NA;NA;NA
6430_hf - hf;101;0;1;0;0;0;0;0;0;0;0;0;0;0;0;0;NA;NA;NA;NA;NA;NA;NA;NA;NA;NA;NA;0;0;0;1;NA;NA;NA;NA;NA;NA;NA;NA;NA;NA;0;0;NA;NA;NA;NA;NA;NA;0;0;1;NA;NA;NA;NA;NA;NA;NA;NA;NA;0;0;NA;0;NA;NA;0;NA;NA;1;0;NA;NA;NA;NA;NA;0;NA;NA;NA;NA;NA;NA;NA;NA;NA;NA;NA;0;NA;1;0;0;NA;NA;NA;NA;NA;NA;NA;NA;NA;NA;NA;NA;NA;NA;NA;NA;NA;NA;NA;NA;NA
6430_hf - hf;102;0;0;NA;0;0;0;0;0;0;0;0;0;0;0;1;0;0;0;0;1;0;0;0;NA;NA;NA;0;0;0;1;NA;NA;NA;NA;NA;NA;NA;NA;NA;NA;0;0;NA;NA;NA;NA;NA;NA;0;0;1;NA;NA;NA;NA;NA;NA;NA;NA;NA;0;0;NA;0;NA;NA;0;NA;NA;1;0;NA;NA;NA;NA;NA;0;NA;NA;NA;NA;NA;NA;NA;NA;NA;NA;NA;0;NA;1;0;0;NA;NA;NA;NA;NA;NA;NA;NA;NA;NA;NA;NA;NA;NA;NA;NA;NA;NA;NA;NA;NA
6430_hf - hf;103;0;1;0;0;0;0;0;0;0;0;0;0;0;0;1;0;0;0;0;1;0;0;0;NA;NA;NA;0;0;0;1;NA;NA;NA;NA;NA;NA;NA;NA;NA;NA;0;0;NA;NA;NA;NA;NA;NA;0;0;1;NA;NA;NA;NA;NA;NA;NA;NA;NA;0;0;NA;0;NA;NA;0;NA;NA;1;0;NA;NA;NA;NA;NA;0;NA;NA;NA;NA;NA;NA;NA;NA;NA;NA;NA;0;NA;1;0;0;NA;NA;NA;NA;NA;NA;NA;NA;NA;NA;NA;NA;NA;NA;NA;NA;NA;NA;NA;NA;NA
6430_hf - hf;104;0;0;NA;0;0;0;0;0;0;0;0;0;0;0;1;0;0;0;0;0;NA;NA;NA;0;0;0;0;0;0;1;NA;NA;NA;NA;NA;NA;NA;NA;NA;NA;0;0;NA;NA;NA;NA;NA;NA;0;0;1;NA;NA;NA;NA;NA;NA;NA;NA;NA;0;0;NA;0;NA;NA;0;NA;NA;1;0;NA;NA;NA;NA;NA;0;NA;NA;NA;NA;NA;NA;NA;NA;NA;NA;NA;0;NA;1;0;0;NA;NA;NA;NA;NA;NA;NA;NA;NA;NA;NA;NA;NA;NA;NA;NA;NA;NA;NA;NA;NA
6430_hf - hf;105;0;1;0;0;0;0;0;0;0;0;0;0;0;0;1;0;0;0;0;0;NA;NA;NA;0;0;0;0;0;0;1;NA;NA;NA;NA;NA;NA;NA;NA;NA;NA;0;0;NA;NA;NA;NA;NA;NA;0;0;1;NA;NA;NA;NA;NA;NA;NA;NA;NA;0;0;NA;0;NA;NA;0;NA;NA;1;0;NA;NA;NA;NA;NA;0;NA;NA;NA;NA;NA;NA;NA;NA;NA;NA;NA;0;NA;1;0;0;NA;NA;NA;NA;NA;NA;NA;NA;NA;NA;NA;NA;NA;NA;NA;NA;NA;NA;NA;NA;NA
6430_hf - hf;106;0;0;NA;0;0;0;0;0;0;0;0;0;0;0;0;NA;NA;NA;NA;NA;NA;NA;NA;NA;NA;NA;0;0;0;0;NA;1;NA;NA;NA;NA;NA;NA;NA;NA;NA;NA;NA;NA;NA;NA;NA;NA;NA;NA;NA;NA;NA;NA;NA;NA;NA;NA;NA;NA;0;0;NA;0;NA;NA;0;NA;NA;0;NA;NA;NA;NA;NA;NA;1;0;NA;NA;NA;NA;NA;NA;NA;NA;NA;NA;0;NA;1;0;0;NA;NA;NA;NA;NA;NA;NA;NA;NA;NA;NA;NA;NA;NA;NA;NA;NA;NA;NA;NA;NA
6430_hf - hf;107;0;1;0;0;0;0;0;0;0;0;0;0;0;0;0;NA;NA;NA;NA;NA;NA;NA;NA;NA;NA;NA;0;0;0;0;NA;1;NA;NA;NA;NA;NA;NA;NA;NA;NA;NA;NA;NA;NA;NA;NA;NA;NA;NA;NA;NA;NA;NA;NA;NA;NA;NA;NA;NA;0;0;NA;0;NA;NA;0;NA;NA;0;NA;NA;NA;NA;NA;NA;1;0;NA;NA;NA;NA;NA;NA;NA;NA;NA;NA;0;NA;1;0;0;NA;NA;NA;NA;NA;NA;NA;NA;NA;NA;NA;NA;NA;NA;NA;NA;NA;NA;NA;NA;NA
6430_hf - hf;108;0;0;NA;0;0;0;0;0;0;0;0;0;0;0;1;0;0;0;0;1;0;0;0;NA;NA;NA;0;0;0;0;NA;1;NA;NA;NA;NA;NA;NA;NA;NA;NA;NA;NA;NA;NA;NA;NA;NA;NA;NA;NA;NA;NA;NA;NA;NA;NA;NA;NA;NA;0;0;NA;0;NA;NA;0;NA;NA;0;NA;NA;NA;NA;NA;NA;1;0;NA;NA;NA;NA;NA;NA;NA;NA;NA;NA;0;NA;1;0;0;NA;NA;NA;NA;NA;NA;NA;NA;NA;NA;NA;NA;NA;NA;NA;NA;NA;NA;NA;NA;NA
6430_hf - hf;109;0;1;0;0;0;0;0;0;0;0;0;0;0;0;1;0;0;0;0;1;0;0;0;NA;NA;NA;0;0;0;0;NA;1;NA;NA;NA;NA;NA;NA;NA;NA;NA;NA;NA;NA;NA;NA;NA;NA;NA;NA;NA;NA;NA;NA;NA;NA;NA;NA;NA;NA;0;0;NA;0;NA;NA;0;NA;NA;0;NA;NA;NA;NA;NA;NA;1;0;NA;NA;NA;NA;NA;NA;NA;NA;NA;NA;0;NA;1;0;0;NA;NA;NA;NA;NA;NA;NA;NA;NA;NA;NA;NA;NA;NA;NA;NA;NA;NA;NA;NA;NA
6430_hf - hf;110;0;0;NA;0;0;0;0;0;0;0;0;0;0;0;1;0;0;0;0;0;NA;NA;NA;0;0;0;0;0;0;0;NA;1;NA;NA;NA;NA;NA;NA;NA;NA;NA;NA;NA;NA;NA;NA;NA;NA;NA;NA;NA;NA;NA;NA;NA;NA;NA;NA;NA;NA;0;0;NA;0;NA;NA;0;NA;NA;0;NA;NA;NA;NA;NA;NA;1;0;NA;NA;NA;NA;NA;NA;NA;NA;NA;NA;0;NA;1;0;0;NA;NA;NA;NA;NA;NA;NA;NA;NA;NA;NA;NA;NA;NA;NA;NA;NA;NA;NA;NA;NA
6430_hf - hf;111;0;1;0;0;0;0;0;0;0;0;0;0;0;0;1;0;0;0;0;0;NA;NA;NA;0;0;0;0;0;0;0;NA;1;NA;NA;NA;NA;NA;NA;NA;NA;NA;NA;NA;NA;NA;NA;NA;NA;NA;NA;NA;NA;NA;NA;NA;NA;NA;NA;NA;NA;0;0;NA;0;NA;NA;0;NA;NA;0;NA;NA;NA;NA;NA;NA;1;0;NA;NA;NA;NA;NA;NA;NA;NA;NA;NA;0;NA;1;0;0;NA;NA;NA;NA;NA;NA;NA;NA;NA;NA;NA;NA;NA;NA;NA;NA;NA;NA;NA;NA;NA
6430_hf - hf;112;0;0;NA;0;0;0;0;0;0;0;0;0;0;0;0;NA;NA;NA;NA;NA;NA;NA;NA;NA;NA;NA;0;0;0;0;1;NA;NA;1;NA;NA;NA;NA;NA;NA;NA;NA;NA;NA;NA;NA;NA;NA;NA;NA;NA;NA;NA;NA;NA;NA;NA;NA;NA;NA;0;0;NA;0;NA;NA;0;NA;NA;0;NA;NA;NA;NA;NA;NA;1;0;NA;NA;NA;NA;NA;NA;NA;NA;NA;NA;0;NA;1;0;0;NA;NA;NA;NA;NA;NA;NA;NA;NA;NA;NA;NA;NA;NA;NA;NA;NA;NA;NA;NA;NA
6430_hf - hf;113;0;1;0;0;0;0;0;0;0;0;0;0;0;0;0;NA;NA;NA;NA;NA;NA;NA;NA;NA;NA;NA;0;0;0;0;1;NA;NA;1;NA;NA;NA;NA;NA;NA;NA;NA;NA;NA;NA;NA;NA;NA;NA;NA;NA;NA;NA;NA;NA;NA;NA;NA;NA;NA;0;0;NA;0;NA;NA;0;NA;NA;0;NA;NA;NA;NA;NA;NA;1;0;NA;NA;NA;NA;NA;NA;NA;NA;NA;NA;0;NA;1;0;0;NA;NA;NA;NA;NA;NA;NA;NA;NA;NA;NA;NA;NA;NA;NA;NA;NA;NA;NA;NA;NA
6430_hf - hf;114;0;0;NA;0;0;0;0;0;0;0;0;0;0;0;1;0;0;0;0;1;0;0;0;NA;NA;NA;0;0;0;0;1;NA;NA;1;NA;NA;NA;NA;NA;NA;NA;NA;NA;NA;NA;NA;NA;NA;NA;NA;NA;NA;NA;NA;NA;NA;NA;NA;NA;NA;0;0;NA;0;NA;NA;0;NA;NA;0;NA;NA;NA;NA;NA;NA;1;0;NA;NA;NA;NA;NA;NA;NA;NA;NA;NA;0;NA;1;0;0;NA;NA;NA;NA;NA;NA;NA;NA;NA;NA;NA;NA;NA;NA;NA;NA;NA;NA;NA;NA;NA
6430_hf - hf;115;0;1;0;0;0;0;0;0;0;0;0;0;0;0;1;0;0;0;0;1;0;0;0;NA;NA;NA;0;0;0;0;1;NA;NA;1;NA;NA;NA;NA;NA;NA;NA;NA;NA;NA;NA;NA;NA;NA;NA;NA;NA;NA;NA;NA;NA;NA;NA;NA;NA;NA;0;0;NA;0;NA;NA;0;NA;NA;0;NA;NA;NA;NA;NA;NA;1;0;NA;NA;NA;NA;NA;NA;NA;NA;NA;NA;0;NA;1;0;0;NA;NA;NA;NA;NA;NA;NA;NA;NA;NA;NA;NA;NA;NA;NA;NA;NA;NA;NA;NA;NA
6430_hf - hf;116;0;0;NA;0;0;0;0;0;0;0;0;0;0;0;1;0;0;0;0;0;NA;NA;NA;0;0;0;0;0;0;0;1;NA;NA;1;NA;NA;NA;NA;NA;NA;NA;NA;NA;NA;NA;NA;NA;NA;NA;NA;NA;NA;NA;NA;NA;NA;NA;NA;NA;NA;0;0;NA;0;NA;NA;0;NA;NA;0;NA;NA;NA;NA;NA;NA;1;0;NA;NA;NA;NA;NA;NA;NA;NA;NA;NA;0;NA;1;0;0;NA;NA;NA;NA;NA;NA;NA;NA;NA;NA;NA;NA;NA;NA;NA;NA;NA;NA;NA;NA;NA
6430_hf - hf;117;0;1;0;0;0;0;0;0;0;0;0;0;0;0;1;0;0;0;0;0;NA;NA;NA;0;0;0;0;0;0;0;1;NA;NA;1;NA;NA;NA;NA;NA;NA;NA;NA;NA;NA;NA;NA;NA;NA;NA;NA;NA;NA;NA;NA;NA;NA;NA;NA;NA;NA;0;0;NA;0;NA;NA;0;NA;NA;0;NA;NA;NA;NA;NA;NA;1;0;NA;NA;NA;NA;NA;NA;NA;NA;NA;NA;0;NA;1;0;0;NA;NA;NA;NA;NA;NA;NA;NA;NA;NA;NA;NA;NA;NA;NA;NA;NA;NA;NA;NA;NA
6430_hf - hf;118;0;0;NA;0;0;0;0;0;0;0;0;0;0;0;0;NA;NA;NA;NA;NA;NA;NA;NA;NA;NA;NA;0;0;0;1;NA;NA;NA;1;NA;NA;NA;NA;NA;NA;0;0;NA;NA;NA;NA;NA;NA;0;1;NA;NA;NA;NA;NA;NA;NA;NA;NA;NA;0;0;NA;0;NA;NA;0;NA;NA;0;NA;NA;NA;NA;NA;NA;1;0;NA;NA;NA;NA;NA;NA;NA;NA;NA;NA;0;NA;1;0;0;NA;NA;NA;NA;NA;NA;NA;NA;NA;NA;NA;NA;NA;NA;NA;NA;NA;NA;NA;NA;NA
6430_hf - hf;119;0;1;0;0;0;0;0;0;0;0;0;0;0;0;0;NA;NA;NA;NA;NA;NA;NA;NA;NA;NA;NA;0;0;0;1;NA;NA;NA;1;NA;NA;NA;NA;NA;NA;0;0;NA;NA;NA;NA;NA;NA;0;1;NA;NA;NA;NA;NA;NA;NA;NA;NA;NA;0;0;NA;0;NA;NA;0;NA;NA;0;NA;NA;NA;NA;NA;NA;1;0;NA;NA;NA;NA;NA;NA;NA;NA;NA;NA;0;NA;1;0;0;NA;NA;NA;NA;NA;NA;NA;NA;NA;NA;NA;NA;NA;NA;NA;NA;NA;NA;NA;NA;NA
6430_hf - hf;120;0;0;NA;0;0;0;0;0;0;0;0;0;0;0;1;0;0;0;0;1;0;0;0;NA;NA;NA;0;0;0;1;NA;NA;NA;1;NA;NA;NA;NA;NA;NA;0;0;NA;NA;NA;NA;NA;NA;0;1;NA;NA;NA;NA;NA;NA;NA;NA;NA;NA;0;0;NA;0;NA;NA;0;NA;NA;0;NA;NA;NA;NA;NA;NA;1;0;NA;NA;NA;NA;NA;NA;NA;NA;NA;NA;0;NA;1;0;0;NA;NA;NA;NA;NA;NA;NA;NA;NA;NA;NA;NA;NA;NA;NA;NA;NA;NA;NA;NA;NA
6430_hf - hf;121;0;1;0;0;0;0;0;0;0;0;0;0;0;0;1;0;0;0;0;1;0;0;0;NA;NA;NA;0;0;0;1;NA;NA;NA;1;NA;NA;NA;NA;NA;NA;0;0;NA;NA;NA;NA;NA;NA;0;1;NA;NA;NA;NA;NA;NA;NA;NA;NA;NA;0;0;NA;0;NA;NA;0;NA;NA;0;NA;NA;NA;NA;NA;NA;1;0;NA;NA;NA;NA;NA;NA;NA;NA;NA;NA;0;NA;1;0;0;NA;NA;NA;NA;NA;NA;NA;NA;NA;NA;NA;NA;NA;NA;NA;NA;NA;NA;NA;NA;NA
6430_hf - hf;122;0;0;NA;0;0;0;0;0;0;0;0;0;0;0;1;0;0;0;0;0;NA;NA;NA;0;0;0;0;0;0;1;NA;NA;NA;1;NA;NA;NA;NA;NA;NA;0;0;NA;NA;NA;NA;NA;NA;0;1;NA;NA;NA;NA;NA;NA;NA;NA;NA;NA;0;0;NA;0;NA;NA;0;NA;NA;0;NA;NA;NA;NA;NA;NA;1;0;NA;NA;NA;NA;NA;NA;NA;NA;NA;NA;0;NA;1;0;0;NA;NA;NA;NA;NA;NA;NA;NA;NA;NA;NA;NA;NA;NA;NA;NA;NA;NA;NA;NA;NA
6430_hf - hf;123;0;1;0;0;0;0;0;0;0;0;0;0;0;0;1;0;0;0;0;0;NA;NA;NA;0;0;0;0;0;0;1;NA;NA;NA;1;NA;NA;NA;NA;NA;NA;0;0;NA;NA;NA;NA;NA;NA;0;1;NA;NA;NA;NA;NA;NA;NA;NA;NA;NA;0;0;NA;0;NA;NA;0;NA;NA;0;NA;NA;NA;NA;NA;NA;1;0;NA;NA;NA;NA;NA;NA;NA;NA;NA;NA;0;NA;1;0;0;NA;NA;NA;NA;NA;NA;NA;NA;NA;NA;NA;NA;NA;NA;NA;NA;NA;NA;NA;NA;NA
6430_hf - hf;124;0;0;NA;0;0;0;0;0;0;0;0;0;0;0;0;NA;NA;NA;NA;NA;NA;NA;NA;NA;NA;NA;0;0;0;1;NA;NA;NA;NA;NA;NA;NA;NA;NA;NA;0;0;NA;NA;NA;NA;NA;NA;0;0;1;NA;NA;NA;NA;NA;NA;NA;NA;NA;0;0;NA;0;NA;NA;0;NA;NA;0;NA;NA;NA;NA;NA;NA;1;0;NA;NA;NA;NA;NA;NA;NA;NA;NA;NA;0;NA;1;0;0;NA;NA;NA;NA;NA;NA;NA;NA;NA;NA;NA;NA;NA;NA;NA;NA;NA;NA;NA;NA;NA
6430_hf - hf;125;0;1;0;0;0;0;0;0;0;0;0;0;0;0;0;NA;NA;NA;NA;NA;NA;NA;NA;NA;NA;NA;0;0;0;1;NA;NA;NA;NA;NA;NA;NA;NA;NA;NA;0;0;NA;NA;NA;NA;NA;NA;0;0;1;NA;NA;NA;NA;NA;NA;NA;NA;NA;0;0;NA;0;NA;NA;0;NA;NA;0;NA;NA;NA;NA;NA;NA;1;0;NA;NA;NA;NA;NA;NA;NA;NA;NA;NA;0;NA;1;0;0;NA;NA;NA;NA;NA;NA;NA;NA;NA;NA;NA;NA;NA;NA;NA;NA;NA;NA;NA;NA;NA
6430_hf - hf;126;0;0;NA;0;0;0;0;0;0;0;0;0;0;0;1;0;0;0;0;1;0;0;0;NA;NA;NA;0;0;0;1;NA;NA;NA;NA;NA;NA;NA;NA;NA;NA;0;0;NA;NA;NA;NA;NA;NA;0;0;1;NA;NA;NA;NA;NA;NA;NA;NA;NA;0;0;NA;0;NA;NA;0;NA;NA;0;NA;NA;NA;NA;NA;NA;1;0;NA;NA;NA;NA;NA;NA;NA;NA;NA;NA;0;NA;1;0;0;NA;NA;NA;NA;NA;NA;NA;NA;NA;NA;NA;NA;NA;NA;NA;NA;NA;NA;NA;NA;NA
6430_hf - hf;127;0;1;0;0;0;0;0;0;0;0;0;0;0;0;1;0;0;0;0;1;0;0;0;NA;NA;NA;0;0;0;1;NA;NA;NA;NA;NA;NA;NA;NA;NA;NA;0;0;NA;NA;NA;NA;NA;NA;0;0;1;NA;NA;NA;NA;NA;NA;NA;NA;NA;0;0;NA;0;NA;NA;0;NA;NA;0;NA;NA;NA;NA;NA;NA;1;0;NA;NA;NA;NA;NA;NA;NA;NA;NA;NA;0;NA;1;0;0;NA;NA;NA;NA;NA;NA;NA;NA;NA;NA;NA;NA;NA;NA;NA;NA;NA;NA;NA;NA;NA
6430_hf - hf;128;0;0;NA;0;0;0;0;0;0;0;0;0;0;0;1;0;0;0;0;0;NA;NA;NA;0;0;0;0;0;0;1;NA;NA;NA;NA;NA;NA;NA;NA;NA;NA;0;0;NA;NA;NA;NA;NA;NA;0;0;1;NA;NA;NA;NA;NA;NA;NA;NA;NA;0;0;NA;0;NA;NA;0;NA;NA;0;NA;NA;NA;NA;NA;NA;1;0;NA;NA;NA;NA;NA;NA;NA;NA;NA;NA;0;NA;1;0;0;NA;NA;NA;NA;NA;NA;NA;NA;NA;NA;NA;NA;NA;NA;NA;NA;NA;NA;NA;NA;NA
6430_hf - hf;129;0;1;0;0;0;0;0;0;0;0;0;0;0;0;1;0;0;0;0;0;NA;NA;NA;0;0;0;0;0;0;1;NA;NA;NA;NA;NA;NA;NA;NA;NA;NA;0;0;NA;NA;NA;NA;NA;NA;0;0;1;NA;NA;NA;NA;NA;NA;NA;NA;NA;0;0;NA;0;NA;NA;0;NA;NA;0;NA;NA;NA;NA;NA;NA;1;0;NA;NA;NA;NA;NA;NA;NA;NA;NA;NA;0;NA;1;0;0;NA;NA;NA;NA;NA;NA;NA;NA;NA;NA;NA;NA;NA;NA;NA;NA;NA;NA;NA;NA;NA
6430_hf - hf;130;0;0;NA;0;0;0;0;0;0;0;0;0;0;0;0;NA;NA;NA;NA;NA;NA;NA;NA;NA;NA;NA;0;0;0;0;NA;1;NA;NA;NA;NA;NA;NA;NA;NA;NA;NA;NA;NA;NA;NA;NA;NA;NA;NA;NA;NA;NA;NA;NA;NA;NA;NA;NA;NA;0;0;NA;0;NA;NA;0;NA;NA;1;0;NA;NA;NA;NA;NA;1;0;NA;NA;NA;NA;NA;NA;NA;NA;NA;NA;0;NA;1;0;0;NA;NA;NA;NA;NA;NA;NA;NA;NA;NA;NA;NA;NA;NA;NA;NA;NA;NA;NA;NA;NA
6430_hf - hf;131;0;1;0;0;0;0;0;0;0;0;0;0;0;0;0;NA;NA;NA;NA;NA;NA;NA;NA;NA;NA;NA;0;0;0;0;NA;1;NA;NA;NA;NA;NA;NA;NA;NA;NA;NA;NA;NA;NA;NA;NA;NA;NA;NA;NA;NA;NA;NA;NA;NA;NA;NA;NA;NA;0;0;NA;0;NA;NA;0;NA;NA;1;0;NA;NA;NA;NA;NA;1;0;NA;NA;NA;NA;NA;NA;NA;NA;NA;NA;0;NA;1;0;0;NA;NA;NA;NA;NA;NA;NA;NA;NA;NA;NA;NA;NA;NA;NA;NA;NA;NA;NA;NA;NA
6430_hf - hf;132;0;0;NA;0;0;0;0;0;0;0;0;0;0;0;1;0;0;0;0;1;0;0;0;NA;NA;NA;0;0;0;0;NA;1;NA;NA;NA;NA;NA;NA;NA;NA;NA;NA;NA;NA;NA;NA;NA;NA;NA;NA;NA;NA;NA;NA;NA;NA;NA;NA;NA;NA;0;0;NA;0;NA;NA;0;NA;NA;1;0;NA;NA;NA;NA;NA;1;0;NA;NA;NA;NA;NA;NA;NA;NA;NA;NA;0;NA;1;0;0;NA;NA;NA;NA;NA;NA;NA;NA;NA;NA;NA;NA;NA;NA;NA;NA;NA;NA;NA;NA;NA
6430_hf - hf;133;0;1;0;0;0;0;0;0;0;0;0;0;0;0;1;0;0;0;0;1;0;0;0;NA;NA;NA;0;0;0;0;NA;1;NA;NA;NA;NA;NA;NA;NA;NA;NA;NA;NA;NA;NA;NA;NA;NA;NA;NA;NA;NA;NA;NA;NA;NA;NA;NA;NA;NA;0;0;NA;0;NA;NA;0;NA;NA;1;0;NA;NA;NA;NA;NA;1;0;NA;NA;NA;NA;NA;NA;NA;NA;NA;NA;0;NA;1;0;0;NA;NA;NA;NA;NA;NA;NA;NA;NA;NA;NA;NA;NA;NA;NA;NA;NA;NA;NA;NA;NA
6430_hf - hf;134;0;0;NA;0;0;0;0;0;0;0;0;0;0;0;1;0;0;0;0;0;NA;NA;NA;0;0;0;0;0;0;0;NA;1;NA;NA;NA;NA;NA;NA;NA;NA;NA;NA;NA;NA;NA;NA;NA;NA;NA;NA;NA;NA;NA;NA;NA;NA;NA;NA;NA;NA;0;0;NA;0;NA;NA;0;NA;NA;1;0;NA;NA;NA;NA;NA;1;0;NA;NA;NA;NA;NA;NA;NA;NA;NA;NA;0;NA;1;0;0;NA;NA;NA;NA;NA;NA;NA;NA;NA;NA;NA;NA;NA;NA;NA;NA;NA;NA;NA;NA;NA
6430_hf - hf;135;0;1;0;0;0;0;0;0;0;0;0;0;0;0;1;0;0;0;0;0;NA;NA;NA;0;0;0;0;0;0;0;NA;1;NA;NA;NA;NA;NA;NA;NA;NA;NA;NA;NA;NA;NA;NA;NA;NA;NA;NA;NA;NA;NA;NA;NA;NA;NA;NA;NA;NA;0;0;NA;0;NA;NA;0;NA;NA;1;0;NA;NA;NA;NA;NA;1;0;NA;NA;NA;NA;NA;NA;NA;NA;NA;NA;0;NA;1;0;0;NA;NA;NA;NA;NA;NA;NA;NA;NA;NA;NA;NA;NA;NA;NA;NA;NA;NA;NA;NA;NA
6430_hf - hf;136;0;0;NA;0;0;0;0;0;0;0;0;0;0;0;0;NA;NA;NA;NA;NA;NA;NA;NA;NA;NA;NA;0;0;0;0;1;NA;NA;1;NA;NA;NA;NA;NA;NA;NA;NA;NA;NA;NA;NA;NA;NA;NA;NA;NA;NA;NA;NA;NA;NA;NA;NA;NA;NA;0;0;NA;0;NA;NA;0;NA;NA;1;0;NA;NA;NA;NA;NA;1;0;NA;NA;NA;NA;NA;NA;NA;NA;NA;NA;0;NA;1;0;0;NA;NA;NA;NA;NA;NA;NA;NA;NA;NA;NA;NA;NA;NA;NA;NA;NA;NA;NA;NA;NA
6430_hf - hf;137;0;1;0;0;0;0;0;0;0;0;0;0;0;0;0;NA;NA;NA;NA;NA;NA;NA;NA;NA;NA;NA;0;0;0;0;1;NA;NA;1;NA;NA;NA;NA;NA;NA;NA;NA;NA;NA;NA;NA;NA;NA;NA;NA;NA;NA;NA;NA;NA;NA;NA;NA;NA;NA;0;0;NA;0;NA;NA;0;NA;NA;1;0;NA;NA;NA;NA;NA;1;0;NA;NA;NA;NA;NA;NA;NA;NA;NA;NA;0;NA;1;0;0;NA;NA;NA;NA;NA;NA;NA;NA;NA;NA;NA;NA;NA;NA;NA;NA;NA;NA;NA;NA;NA
6430_hf - hf;138;0;0;NA;0;0;0;0;0;0;0;0;0;0;0;1;0;0;0;0;1;0;0;0;NA;NA;NA;0;0;0;0;1;NA;NA;1;NA;NA;NA;NA;NA;NA;NA;NA;NA;NA;NA;NA;NA;NA;NA;NA;NA;NA;NA;NA;NA;NA;NA;NA;NA;NA;0;0;NA;0;NA;NA;0;NA;NA;1;0;NA;NA;NA;NA;NA;1;0;NA;NA;NA;NA;NA;NA;NA;NA;NA;NA;0;NA;1;0;0;NA;NA;NA;NA;NA;NA;NA;NA;NA;NA;NA;NA;NA;NA;NA;NA;NA;NA;NA;NA;NA
6430_hf - hf;139;0;1;0;0;0;0;0;0;0;0;0;0;0;0;1;0;0;0;0;1;0;0;0;NA;NA;NA;0;0;0;0;1;NA;NA;1;NA;NA;NA;NA;NA;NA;NA;NA;NA;NA;NA;NA;NA;NA;NA;NA;NA;NA;NA;NA;NA;NA;NA;NA;NA;NA;0;0;NA;0;NA;NA;0;NA;NA;1;0;NA;NA;NA;NA;NA;1;0;NA;NA;NA;NA;NA;NA;NA;NA;NA;NA;0;NA;1;0;0;NA;NA;NA;NA;NA;NA;NA;NA;NA;NA;NA;NA;NA;NA;NA;NA;NA;NA;NA;NA;NA
6430_hf - hf;140;0;0;NA;0;0;0;0;0;0;0;0;0;0;0;1;0;0;0;0;0;NA;NA;NA;0;0;0;0;0;0;0;1;NA;NA;1;NA;NA;NA;NA;NA;NA;NA;NA;NA;NA;NA;NA;NA;NA;NA;NA;NA;NA;NA;NA;NA;NA;NA;NA;NA;NA;0;0;NA;0;NA;NA;0;NA;NA;1;0;NA;NA;NA;NA;NA;1;0;NA;NA;NA;NA;NA;NA;NA;NA;NA;NA;0;NA;1;0;0;NA;NA;NA;NA;NA;NA;NA;NA;NA;NA;NA;NA;NA;NA;NA;NA;NA;NA;NA;NA;NA
6430_hf - hf;141;0;1;0;0;0;0;0;0;0;0;0;0;0;0;1;0;0;0;0;0;NA;NA;NA;0;0;0;0;0;0;0;1;NA;NA;1;NA;NA;NA;NA;NA;NA;NA;NA;NA;NA;NA;NA;NA;NA;NA;NA;NA;NA;NA;NA;NA;NA;NA;NA;NA;NA;0;0;NA;0;NA;NA;0;NA;NA;1;0;NA;NA;NA;NA;NA;1;0;NA;NA;NA;NA;NA;NA;NA;NA;NA;NA;0;NA;1;0;0;NA;NA;NA;NA;NA;NA;NA;NA;NA;NA;NA;NA;NA;NA;NA;NA;NA;NA;NA;NA;NA
6430_hf - hf;142;0;0;NA;0;0;0;0;0;0;0;0;0;0;0;0;NA;NA;NA;NA;NA;NA;NA;NA;NA;NA;NA;0;0;0;1;NA;NA;NA;1;NA;NA;NA;NA;NA;NA;0;0;NA;NA;NA;NA;NA;NA;0;1;NA;NA;NA;NA;NA;NA;NA;NA;NA;NA;0;0;NA;0;NA;NA;0;NA;NA;1;0;NA;NA;NA;NA;NA;1;0;NA;NA;NA;NA;NA;NA;NA;NA;NA;NA;0;NA;1;0;0;NA;NA;NA;NA;NA;NA;NA;NA;NA;NA;NA;NA;NA;NA;NA;NA;NA;NA;NA;NA;NA
6430_hf - hf;143;0;1;0;0;0;0;0;0;0;0;0;0;0;0;0;NA;NA;NA;NA;NA;NA;NA;NA;NA;NA;NA;0;0;0;1;NA;NA;NA;1;NA;NA;NA;NA;NA;NA;0;0;NA;NA;NA;NA;NA;NA;0;1;NA;NA;NA;NA;NA;NA;NA;NA;NA;NA;0;0;NA;0;NA;NA;0;NA;NA;1;0;NA;NA;NA;NA;NA;1;0;NA;NA;NA;NA;NA;NA;NA;NA;NA;NA;0;NA;1;0;0;NA;NA;NA;NA;NA;NA;NA;NA;NA;NA;NA;NA;NA;NA;NA;NA;NA;NA;NA;NA;NA
6430_hf - hf;144;0;0;NA;0;0;0;0;0;0;0;0;0;0;0;1;0;0;0;0;1;0;0;0;NA;NA;NA;0;0;0;1;NA;NA;NA;1;NA;NA;NA;NA;NA;NA;0;0;NA;NA;NA;NA;NA;NA;0;1;NA;NA;NA;NA;NA;NA;NA;NA;NA;NA;0;0;NA;0;NA;NA;0;NA;NA;1;0;NA;NA;NA;NA;NA;1;0;NA;NA;NA;NA;NA;NA;NA;NA;NA;NA;0;NA;1;0;0;NA;NA;NA;NA;NA;NA;NA;NA;NA;NA;NA;NA;NA;NA;NA;NA;NA;NA;NA;NA;NA
6430_hf - hf;145;0;1;0;0;0;0;0;0;0;0;0;0;0;0;1;0;0;0;0;1;0;0;0;NA;NA;NA;0;0;0;1;NA;NA;NA;1;NA;NA;NA;NA;NA;NA;0;0;NA;NA;NA;NA;NA;NA;0;1;NA;NA;NA;NA;NA;NA;NA;NA;NA;NA;0;0;NA;0;NA;NA;0;NA;NA;1;0;NA;NA;NA;NA;NA;1;0;NA;NA;NA;NA;NA;NA;NA;NA;NA;NA;0;NA;1;0;0;NA;NA;NA;NA;NA;NA;NA;NA;NA;NA;NA;NA;NA;NA;NA;NA;NA;NA;NA;NA;NA
6430_hf - hf;146;0;0;NA;0;0;0;0;0;0;0;0;0;0;0;1;0;0;0;0;0;NA;NA;NA;0;0;0;0;0;0;1;NA;NA;NA;1;NA;NA;NA;NA;NA;NA;0;0;NA;NA;NA;NA;NA;NA;0;1;NA;NA;NA;NA;NA;NA;NA;NA;NA;NA;0;0;NA;0;NA;NA;0;NA;NA;1;0;NA;NA;NA;NA;NA;1;0;NA;NA;NA;NA;NA;NA;NA;NA;NA;NA;0;NA;1;0;0;NA;NA;NA;NA;NA;NA;NA;NA;NA;NA;NA;NA;NA;NA;NA;NA;NA;NA;NA;NA;NA
6430_hf - hf;147;0;1;0;0;0;0;0;0;0;0;0;0;0;0;1;0;0;0;0;0;NA;NA;NA;0;0;0;0;0;0;1;NA;NA;NA;1;NA;NA;NA;NA;NA;NA;0;0;NA;NA;NA;NA;NA;NA;0;1;NA;NA;NA;NA;NA;NA;NA;NA;NA;NA;0;0;NA;0;NA;NA;0;NA;NA;1;0;NA;NA;NA;NA;NA;1;0;NA;NA;NA;NA;NA;NA;NA;NA;NA;NA;0;NA;1;0;0;NA;NA;NA;NA;NA;NA;NA;NA;NA;NA;NA;NA;NA;NA;NA;NA;NA;NA;NA;NA;NA
6430_hf - hf;148;0;0;NA;0;0;0;0;0;0;0;0;0;0;0;0;NA;NA;NA;NA;NA;NA;NA;NA;NA;NA;NA;0;0;0;1;NA;NA;NA;NA;NA;NA;NA;NA;NA;NA;0;0;NA;NA;NA;NA;NA;NA;0;0;1;NA;NA;NA;NA;NA;NA;NA;NA;NA;0;0;NA;0;NA;NA;0;NA;NA;1;0;NA;NA;NA;NA;NA;1;0;NA;NA;NA;NA;NA;NA;NA;NA;NA;NA;0;NA;1;0;0;NA;NA;NA;NA;NA;NA;NA;NA;NA;NA;NA;NA;NA;NA;NA;NA;NA;NA;NA;NA;NA
6430_hf - hf;149;0;1;0;0;0;0;0;0;0;0;0;0;0;0;0;NA;NA;NA;NA;NA;NA;NA;NA;NA;NA;NA;0;0;0;1;NA;NA;NA;NA;NA;NA;NA;NA;NA;NA;0;0;NA;NA;NA;NA;NA;NA;0;0;1;NA;NA;NA;NA;NA;NA;NA;NA;NA;0;0;NA;0;NA;NA;0;NA;NA;1;0;NA;NA;NA;NA;NA;1;0;NA;NA;NA;NA;NA;NA;NA;NA;NA;NA;0;NA;1;0;0;NA;NA;NA;NA;NA;NA;NA;NA;NA;NA;NA;NA;NA;NA;NA;NA;NA;NA;NA;NA;NA
6430_hf - hf;150;0;0;NA;0;0;0;0;0;0;0;0;0;0;0;1;0;0;0;0;1;0;0;0;NA;NA;NA;0;0;0;1;NA;NA;NA;NA;NA;NA;NA;NA;NA;NA;0;0;NA;NA;NA;NA;NA;NA;0;0;1;NA;NA;NA;NA;NA;NA;NA;NA;NA;0;0;NA;0;NA;NA;0;NA;NA;1;0;NA;NA;NA;NA;NA;1;0;NA;NA;NA;NA;NA;NA;NA;NA;NA;NA;0;NA;1;0;0;NA;NA;NA;NA;NA;NA;NA;NA;NA;NA;NA;NA;NA;NA;NA;NA;NA;NA;NA;NA;NA
6430_hf - hf;151;0;1;0;0;0;0;0;0;0;0;0;0;0;0;1;0;0;0;0;1;0;0;0;NA;NA;NA;0;0;0;1;NA;NA;NA;NA;NA;NA;NA;NA;NA;NA;0;0;NA;NA;NA;NA;NA;NA;0;0;1;NA;NA;NA;NA;NA;NA;NA;NA;NA;0;0;NA;0;NA;NA;0;NA;NA;1;0;NA;NA;NA;NA;NA;1;0;NA;NA;NA;NA;NA;NA;NA;NA;NA;NA;0;NA;1;0;0;NA;NA;NA;NA;NA;NA;NA;NA;NA;NA;NA;NA;NA;NA;NA;NA;NA;NA;NA;NA;NA
6430_hf - hf;152;0;0;NA;0;0;0;0;0;0;0;0;0;0;0;1;0;0;0;0;0;NA;NA;NA;0;0;0;0;0;0;1;NA;NA;NA;NA;NA;NA;NA;NA;NA;NA;0;0;NA;NA;NA;NA;NA;NA;0;0;1;NA;NA;NA;NA;NA;NA;NA;NA;NA;0;0;NA;0;NA;NA;0;NA;NA;1;0;NA;NA;NA;NA;NA;1;0;NA;NA;NA;NA;NA;NA;NA;NA;NA;NA;0;NA;1;0;0;NA;NA;NA;NA;NA;NA;NA;NA;NA;NA;NA;NA;NA;NA;NA;NA;NA;NA;NA;NA;NA
6430_hf - hf;153;0;1;0;0;0;0;0;0;0;0;0;0;0;0;1;0;0;0;0;0;NA;NA;NA;0;0;0;0;0;0;1;NA;NA;NA;NA;NA;NA;NA;NA;NA;NA;0;0;NA;NA;NA;NA;NA;NA;0;0;1;NA;NA;NA;NA;NA;NA;NA;NA;NA;0;0;NA;0;NA;NA;0;NA;NA;1;0;NA;NA;NA;NA;NA;1;0;NA;NA;NA;NA;NA;NA;NA;NA;NA;NA;0;NA;1;0;0;NA;NA;NA;NA;NA;NA;NA;NA;NA;NA;NA;NA;NA;NA;NA;NA;NA;NA;NA;NA;NA
6430_hf - hf_min;154;0;0;NA;0;0;0;0;0;0;0;0;0;0;0;0;NA;NA;NA;NA;NA;NA;NA;NA;NA;NA;NA;0;0;0;0;NA;1;NA;NA;NA;NA;NA;NA;NA;NA;NA;NA;NA;NA;NA;NA;NA;NA;NA;NA;NA;NA;NA;NA;NA;NA;NA;NA;NA;NA;0;0;NA;0;NA;NA;0;NA;NA;0;NA;NA;NA;NA;NA;NA;0;NA;NA;NA;NA;NA;NA;NA;NA;NA;NA;NA;0;NA;1;1;NA;NA;NA;NA;NA;NA;NA;NA;NA;NA;NA;NA;NA;NA;NA;NA;NA;NA;NA;NA;NA;NA
6430_hf - hf_min;155;0;1;0;0;0;0;0;0;0;0;0;0;0;0;0;NA;NA;NA;NA;NA;NA;NA;NA;NA;NA;NA;0;0;0;0;NA;1;NA;NA;NA;NA;NA;NA;NA;NA;NA;NA;NA;NA;NA;NA;NA;NA;NA;NA;NA;NA;NA;NA;NA;NA;NA;NA;NA;NA;0;0;NA;0;NA;NA;0;NA;NA;0;NA;NA;NA;NA;NA;NA;0;NA;NA;NA;NA;NA;NA;NA;NA;NA;NA;NA;0;NA;1;1;NA;NA;NA;NA;NA;NA;NA;NA;NA;NA;NA;NA;NA;NA;NA;NA;NA;NA;NA;NA;NA;NA
6430_hf - hf_min;156;0;0;NA;0;0;0;0;0;0;0;0;0;0;0;1;0;0;0;0;1;0;0;0;NA;NA;NA;0;0;0;0;NA;1;NA;NA;NA;NA;NA;NA;NA;NA;NA;NA;NA;NA;NA;NA;NA;NA;NA;NA;NA;NA;NA;NA;NA;NA;NA;NA;NA;NA;0;0;NA;0;NA;NA;0;NA;NA;0;NA;NA;NA;NA;NA;NA;0;NA;NA;NA;NA;NA;NA;NA;NA;NA;NA;NA;0;NA;1;1;NA;NA;NA;NA;NA;NA;NA;NA;NA;NA;NA;NA;NA;NA;NA;NA;NA;NA;NA;NA;NA;NA
6430_hf - hf_min;157;0;1;0;0;0;0;0;0;0;0;0;0;0;0;1;0;0;0;0;1;0;0;0;NA;NA;NA;0;0;0;0;NA;1;NA;NA;NA;NA;NA;NA;NA;NA;NA;NA;NA;NA;NA;NA;NA;NA;NA;NA;NA;NA;NA;NA;NA;NA;NA;NA;NA;NA;0;0;NA;0;NA;NA;0;NA;NA;0;NA;NA;NA;NA;NA;NA;0;NA;NA;NA;NA;NA;NA;NA;NA;NA;NA;NA;0;NA;1;1;NA;NA;NA;NA;NA;NA;NA;NA;NA;NA;NA;NA;NA;NA;NA;NA;NA;NA;NA;NA;NA;NA
6430_hf - hf_min;158;0;0;NA;0;0;0;0;0;0;0;0;0;0;0;1;0;0;0;0;0;NA;NA;NA;0;0;0;0;0;0;0;NA;1;NA;NA;NA;NA;NA;NA;NA;NA;NA;NA;NA;NA;NA;NA;NA;NA;NA;NA;NA;NA;NA;NA;NA;NA;NA;NA;NA;NA;0;0;NA;0;NA;NA;0;NA;NA;0;NA;NA;NA;NA;NA;NA;0;NA;NA;NA;NA;NA;NA;NA;NA;NA;NA;NA;0;NA;1;1;NA;NA;NA;NA;NA;NA;NA;NA;NA;NA;NA;NA;NA;NA;NA;NA;NA;NA;NA;NA;NA;NA
6430_hf - hf_min;159;0;1;0;0;0;0;0;0;0;0;0;0;0;0;1;0;0;0;0;0;NA;NA;NA;0;0;0;0;0;0;0;NA;1;NA;NA;NA;NA;NA;NA;NA;NA;NA;NA;NA;NA;NA;NA;NA;NA;NA;NA;NA;NA;NA;NA;NA;NA;NA;NA;NA;NA;0;0;NA;0;NA;NA;0;NA;NA;0;NA;NA;NA;NA;NA;NA;0;NA;NA;NA;NA;NA;NA;NA;NA;NA;NA;NA;0;NA;1;1;NA;NA;NA;NA;NA;NA;NA;NA;NA;NA;NA;NA;NA;NA;NA;NA;NA;NA;NA;NA;NA;NA
6430_hf - hf_min;160;0;0;NA;0;0;0;0;0;0;0;0;0;0;0;0;NA;NA;NA;NA;NA;NA;NA;NA;NA;NA;NA;0;0;0;0;1;NA;NA;1;NA;NA;NA;NA;NA;NA;NA;NA;NA;NA;NA;NA;NA;NA;NA;NA;NA;NA;NA;NA;NA;NA;NA;NA;NA;NA;0;0;NA;0;NA;NA;0;NA;NA;0;NA;NA;NA;NA;NA;NA;0;NA;NA;NA;NA;NA;NA;NA;NA;NA;NA;NA;0;NA;1;1;NA;NA;NA;NA;NA;NA;NA;NA;NA;NA;NA;NA;NA;NA;NA;NA;NA;NA;NA;NA;NA;NA
6430_hf - hf_min;161;0;1;0;0;0;0;0;0;0;0;0;0;0;0;0;NA;NA;NA;NA;NA;NA;NA;NA;NA;NA;NA;0;0;0;0;1;NA;NA;1;NA;NA;NA;NA;NA;NA;NA;NA;NA;NA;NA;NA;NA;NA;NA;NA;NA;NA;NA;NA;NA;NA;NA;NA;NA;NA;0;0;NA;0;NA;NA;0;NA;NA;0;NA;NA;NA;NA;NA;NA;0;NA;NA;NA;NA;NA;NA;NA;NA;NA;NA;NA;0;NA;1;1;NA;NA;NA;NA;NA;NA;NA;NA;NA;NA;NA;NA;NA;NA;NA;NA;NA;NA;NA;NA;NA;NA
6430_hf - hf_min;162;0;0;NA;0;0;0;0;0;0;0;0;0;0;0;1;0;0;0;0;1;0;0;0;NA;NA;NA;0;0;0;0;1;NA;NA;1;NA;NA;NA;NA;NA;NA;NA;NA;NA;NA;NA;NA;NA;NA;NA;NA;NA;NA;NA;NA;NA;NA;NA;NA;NA;NA;0;0;NA;0;NA;NA;0;NA;NA;0;NA;NA;NA;NA;NA;NA;0;NA;NA;NA;NA;NA;NA;NA;NA;NA;NA;NA;0;NA;1;1;NA;NA;NA;NA;NA;NA;NA;NA;NA;NA;NA;NA;NA;NA;NA;NA;NA;NA;NA;NA;NA;NA
6430_hf - hf_min;163;0;1;0;0;0;0;0;0;0;0;0;0;0;0;1;0;0;0;0;1;0;0;0;NA;NA;NA;0;0;0;0;1;NA;NA;1;NA;NA;NA;NA;NA;NA;NA;NA;NA;NA;NA;NA;NA;NA;NA;NA;NA;NA;NA;NA;NA;NA;NA;NA;NA;NA;0;0;NA;0;NA;NA;0;NA;NA;0;NA;NA;NA;NA;NA;NA;0;NA;NA;NA;NA;NA;NA;NA;NA;NA;NA;NA;0;NA;1;1;NA;NA;NA;NA;NA;NA;NA;NA;NA;NA;NA;NA;NA;NA;NA;NA;NA;NA;NA;NA;NA;NA
6430_hf - hf_min;164;0;0;NA;0;0;0;0;0;0;0;0;0;0;0;1;0;0;0;0;0;NA;NA;NA;0;0;0;0;0;0;0;1;NA;NA;1;NA;NA;NA;NA;NA;NA;NA;NA;NA;NA;NA;NA;NA;NA;NA;NA;NA;NA;NA;NA;NA;NA;NA;NA;NA;NA;0;0;NA;0;NA;NA;0;NA;NA;0;NA;NA;NA;NA;NA;NA;0;NA;NA;NA;NA;NA;NA;NA;NA;NA;NA;NA;0;NA;1;1;NA;NA;NA;NA;NA;NA;NA;NA;NA;NA;NA;NA;NA;NA;NA;NA;NA;NA;NA;NA;NA;NA
6430_hf - hf_min;165;0;1;0;0;0;0;0;0;0;0;0;0;0;0;1;0;0;0;0;0;NA;NA;NA;0;0;0;0;0;0;0;1;NA;NA;1;NA;NA;NA;NA;NA;NA;NA;NA;NA;NA;NA;NA;NA;NA;NA;NA;NA;NA;NA;NA;NA;NA;NA;NA;NA;NA;0;0;NA;0;NA;NA;0;NA;NA;0;NA;NA;NA;NA;NA;NA;0;NA;NA;NA;NA;NA;NA;NA;NA;NA;NA;NA;0;NA;1;1;NA;NA;NA;NA;NA;NA;NA;NA;NA;NA;NA;NA;NA;NA;NA;NA;NA;NA;NA;NA;NA;NA
6430_hf - hf_min;166;0;0;NA;0;0;0;0;0;0;0;0;0;0;0;0;NA;NA;NA;NA;NA;NA;NA;NA;NA;NA;NA;0;0;0;1;NA;NA;NA;1;NA;NA;NA;NA;NA;NA;0;0;NA;NA;NA;NA;NA;NA;0;1;NA;NA;NA;NA;NA;NA;NA;NA;NA;NA;0;0;NA;0;NA;NA;0;NA;NA;0;NA;NA;NA;NA;NA;NA;0;NA;NA;NA;NA;NA;NA;NA;NA;NA;NA;NA;0;NA;1;1;NA;NA;NA;NA;NA;NA;NA;NA;NA;NA;NA;NA;NA;NA;NA;NA;NA;NA;NA;NA;NA;NA
6430_hf - hf_min;167;0;1;0;0;0;0;0;0;0;0;0;0;0;0;0;NA;NA;NA;NA;NA;NA;NA;NA;NA;NA;NA;0;0;0;1;NA;NA;NA;1;NA;NA;NA;NA;NA;NA;0;0;NA;NA;NA;NA;NA;NA;0;1;NA;NA;NA;NA;NA;NA;NA;NA;NA;NA;0;0;NA;0;NA;NA;0;NA;NA;0;NA;NA;NA;NA;NA;NA;0;NA;NA;NA;NA;NA;NA;NA;NA;NA;NA;NA;0;NA;1;1;NA;NA;NA;NA;NA;NA;NA;NA;NA;NA;NA;NA;NA;NA;NA;NA;NA;NA;NA;NA;NA;NA
6430_hf - hf_min;168;0;0;NA;0;0;0;0;0;0;0;0;0;0;0;1;0;0;0;0;1;0;0;0;NA;NA;NA;0;0;0;1;NA;NA;NA;1;NA;NA;NA;NA;NA;NA;0;0;NA;NA;NA;NA;NA;NA;0;1;NA;NA;NA;NA;NA;NA;NA;NA;NA;NA;0;0;NA;0;NA;NA;0;NA;NA;0;NA;NA;NA;NA;NA;NA;0;NA;NA;NA;NA;NA;NA;NA;NA;NA;NA;NA;0;NA;1;1;NA;NA;NA;NA;NA;NA;NA;NA;NA;NA;NA;NA;NA;NA;NA;NA;NA;NA;NA;NA;NA;NA
6430_hf - hf_min;169;0;1;0;0;0;0;0;0;0;0;0;0;0;0;1;0;0;0;0;1;0;0;0;NA;NA;NA;0;0;0;1;NA;NA;NA;1;NA;NA;NA;NA;NA;NA;0;0;NA;NA;NA;NA;NA;NA;0;1;NA;NA;NA;NA;NA;NA;NA;NA;NA;NA;0;0;NA;0;NA;NA;0;NA;NA;0;NA;NA;NA;NA;NA;NA;0;NA;NA;NA;NA;NA;NA;NA;NA;NA;NA;NA;0;NA;1;1;NA;NA;NA;NA;NA;NA;NA;NA;NA;NA;NA;NA;NA;NA;NA;NA;NA;NA;NA;NA;NA;NA
6430_hf - hf_min;170;0;0;NA;0;0;0;0;0;0;0;0;0;0;0;1;0;0;0;0;0;NA;NA;NA;0;0;0;0;0;0;1;NA;NA;NA;1;NA;NA;NA;NA;NA;NA;0;0;NA;NA;NA;NA;NA;NA;0;1;NA;NA;NA;NA;NA;NA;NA;NA;NA;NA;0;0;NA;0;NA;NA;0;NA;NA;0;NA;NA;NA;NA;NA;NA;0;NA;NA;NA;NA;NA;NA;NA;NA;NA;NA;NA;0;NA;1;1;NA;NA;NA;NA;NA;NA;NA;NA;NA;NA;NA;NA;NA;NA;NA;NA;NA;NA;NA;NA;NA;NA
6430_hf - hf_min;171;0;1;0;0;0;0;0;0;0;0;0;0;0;0;1;0;0;0;0;0;NA;NA;NA;0;0;0;0;0;0;1;NA;NA;NA;1;NA;NA;NA;NA;NA;NA;0;0;NA;NA;NA;NA;NA;NA;0;1;NA;NA;NA;NA;NA;NA;NA;NA;NA;NA;0;0;NA;0;NA;NA;0;NA;NA;0;NA;NA;NA;NA;NA;NA;0;NA;NA;NA;NA;NA;NA;NA;NA;NA;NA;NA;0;NA;1;1;NA;NA;NA;NA;NA;NA;NA;NA;NA;NA;NA;NA;NA;NA;NA;NA;NA;NA;NA;NA;NA;NA
6430_hf - hf_min;172;0;0;NA;0;0;0;0;0;0;0;0;0;0;0;0;NA;NA;NA;NA;NA;NA;NA;NA;NA;NA;NA;0;0;0;1;NA;NA;NA;NA;NA;NA;NA;NA;NA;NA;0;0;NA;NA;NA;NA;NA;NA;0;0;1;NA;NA;NA;NA;NA;NA;NA;NA;NA;0;0;NA;0;NA;NA;0;NA;NA;0;NA;NA;NA;NA;NA;NA;0;NA;NA;NA;NA;NA;NA;NA;NA;NA;NA;NA;0;NA;1;1;NA;NA;NA;NA;NA;NA;NA;NA;NA;NA;NA;NA;NA;NA;NA;NA;NA;NA;NA;NA;NA;NA
6430_hf - hf_min;173;0;1;0;0;0;0;0;0;0;0;0;0;0;0;0;NA;NA;NA;NA;NA;NA;NA;NA;NA;NA;NA;0;0;0;1;NA;NA;NA;NA;NA;NA;NA;NA;NA;NA;0;0;NA;NA;NA;NA;NA;NA;0;0;1;NA;NA;NA;NA;NA;NA;NA;NA;NA;0;0;NA;0;NA;NA;0;NA;NA;0;NA;NA;NA;NA;NA;NA;0;NA;NA;NA;NA;NA;NA;NA;NA;NA;NA;NA;0;NA;1;1;NA;NA;NA;NA;NA;NA;NA;NA;NA;NA;NA;NA;NA;NA;NA;NA;NA;NA;NA;NA;NA;NA
6430_hf - hf_min;174;0;0;NA;0;0;0;0;0;0;0;0;0;0;0;1;0;0;0;0;1;0;0;0;NA;NA;NA;0;0;0;1;NA;NA;NA;NA;NA;NA;NA;NA;NA;NA;0;0;NA;NA;NA;NA;NA;NA;0;0;1;NA;NA;NA;NA;NA;NA;NA;NA;NA;0;0;NA;0;NA;NA;0;NA;NA;0;NA;NA;NA;NA;NA;NA;0;NA;NA;NA;NA;NA;NA;NA;NA;NA;NA;NA;0;NA;1;1;NA;NA;NA;NA;NA;NA;NA;NA;NA;NA;NA;NA;NA;NA;NA;NA;NA;NA;NA;NA;NA;NA
6430_hf - hf_min;175;0;1;0;0;0;0;0;0;0;0;0;0;0;0;1;0;0;0;0;1;0;0;0;NA;NA;NA;0;0;0;1;NA;NA;NA;NA;NA;NA;NA;NA;NA;NA;0;0;NA;NA;NA;NA;NA;NA;0;0;1;NA;NA;NA;NA;NA;NA;NA;NA;NA;0;0;NA;0;NA;NA;0;NA;NA;0;NA;NA;NA;NA;NA;NA;0;NA;NA;NA;NA;NA;NA;NA;NA;NA;NA;NA;0;NA;1;1;NA;NA;NA;NA;NA;NA;NA;NA;NA;NA;NA;NA;NA;NA;NA;NA;NA;NA;NA;NA;NA;NA
6430_hf - hf_min;176;0;0;NA;0;0;0;0;0;0;0;0;0;0;0;1;0;0;0;0;0;NA;NA;NA;0;0;0;0;0;0;1;NA;NA;NA;NA;NA;NA;NA;NA;NA;NA;0;0;NA;NA;NA;NA;NA;NA;0;0;1;NA;NA;NA;NA;NA;NA;NA;NA;NA;0;0;NA;0;NA;NA;0;NA;NA;0;NA;NA;NA;NA;NA;NA;0;NA;NA;NA;NA;NA;NA;NA;NA;NA;NA;NA;0;NA;1;1;NA;NA;NA;NA;NA;NA;NA;NA;NA;NA;NA;NA;NA;NA;NA;NA;NA;NA;NA;NA;NA;NA
6430_hf - hf_min;177;0;1;0;0;0;0;0;0;0;0;0;0;0;0;1;0;0;0;0;0;NA;NA;NA;0;0;0;0;0;0;1;NA;NA;NA;NA;NA;NA;NA;NA;NA;NA;0;0;NA;NA;NA;NA;NA;NA;0;0;1;NA;NA;NA;NA;NA;NA;NA;NA;NA;0;0;NA;0;NA;NA;0;NA;NA;0;NA;NA;NA;NA;NA;NA;0;NA;NA;NA;NA;NA;NA;NA;NA;NA;NA;NA;0;NA;1;1;NA;NA;NA;NA;NA;NA;NA;NA;NA;NA;NA;NA;NA;NA;NA;NA;NA;NA;NA;NA;NA;NA
6430_hf - hf_min;178;0;0;NA;0;0;0;0;0;0;0;0;0;0;0;0;NA;NA;NA;NA;NA;NA;NA;NA;NA;NA;NA;0;0;0;0;NA;1;NA;NA;NA;NA;NA;NA;NA;NA;NA;NA;NA;NA;NA;NA;NA;NA;NA;NA;NA;NA;NA;NA;NA;NA;NA;NA;NA;NA;0;0;NA;0;NA;NA;0;NA;NA;1;0;NA;NA;NA;NA;NA;0;NA;NA;NA;NA;NA;NA;NA;NA;NA;NA;NA;0;NA;1;1;NA;NA;NA;NA;NA;NA;NA;NA;NA;NA;NA;NA;NA;NA;NA;NA;NA;NA;NA;NA;NA;NA
6430_hf - hf_min;179;0;1;0;0;0;0;0;0;0;0;0;0;0;0;0;NA;NA;NA;NA;NA;NA;NA;NA;NA;NA;NA;0;0;0;0;NA;1;NA;NA;NA;NA;NA;NA;NA;NA;NA;NA;NA;NA;NA;NA;NA;NA;NA;NA;NA;NA;NA;NA;NA;NA;NA;NA;NA;NA;0;0;NA;0;NA;NA;0;NA;NA;1;0;NA;NA;NA;NA;NA;0;NA;NA;NA;NA;NA;NA;NA;NA;NA;NA;NA;0;NA;1;1;NA;NA;NA;NA;NA;NA;NA;NA;NA;NA;NA;NA;NA;NA;NA;NA;NA;NA;NA;NA;NA;NA
6430_hf - hf_min;180;0;0;NA;0;0;0;0;0;0;0;0;0;0;0;1;0;0;0;0;1;0;0;0;NA;NA;NA;0;0;0;0;NA;1;NA;NA;NA;NA;NA;NA;NA;NA;NA;NA;NA;NA;NA;NA;NA;NA;NA;NA;NA;NA;NA;NA;NA;NA;NA;NA;NA;NA;0;0;NA;0;NA;NA;0;NA;NA;1;0;NA;NA;NA;NA;NA;0;NA;NA;NA;NA;NA;NA;NA;NA;NA;NA;NA;0;NA;1;1;NA;NA;NA;NA;NA;NA;NA;NA;NA;NA;NA;NA;NA;NA;NA;NA;NA;NA;NA;NA;NA;NA
6430_hf - hf_min;181;0;1;0;0;0;0;0;0;0;0;0;0;0;0;1;0;0;0;0;1;0;0;0;NA;NA;NA;0;0;0;0;NA;1;NA;NA;NA;NA;NA;NA;NA;NA;NA;NA;NA;NA;NA;NA;NA;NA;NA;NA;NA;NA;NA;NA;NA;NA;NA;NA;NA;NA;0;0;NA;0;NA;NA;0;NA;NA;1;0;NA;NA;NA;NA;NA;0;NA;NA;NA;NA;NA;NA;NA;NA;NA;NA;NA;0;NA;1;1;NA;NA;NA;NA;NA;NA;NA;NA;NA;NA;NA;NA;NA;NA;NA;NA;NA;NA;NA;NA;NA;NA
6430_hf - hf_min;182;0;0;NA;0;0;0;0;0;0;0;0;0;0;0;1;0;0;0;0;0;NA;NA;NA;0;0;0;0;0;0;0;NA;1;NA;NA;NA;NA;NA;NA;NA;NA;NA;NA;NA;NA;NA;NA;NA;NA;NA;NA;NA;NA;NA;NA;NA;NA;NA;NA;NA;NA;0;0;NA;0;NA;NA;0;NA;NA;1;0;NA;NA;NA;NA;NA;0;NA;NA;NA;NA;NA;NA;NA;NA;NA;NA;NA;0;NA;1;1;NA;NA;NA;NA;NA;NA;NA;NA;NA;NA;NA;NA;NA;NA;NA;NA;NA;NA;NA;NA;NA;NA
6430_hf - hf_min;183;0;1;0;0;0;0;0;0;0;0;0;0;0;0;1;0;0;0;0;0;NA;NA;NA;0;0;0;0;0;0;0;NA;1;NA;NA;NA;NA;NA;NA;NA;NA;NA;NA;NA;NA;NA;NA;NA;NA;NA;NA;NA;NA;NA;NA;NA;NA;NA;NA;NA;NA;0;0;NA;0;NA;NA;0;NA;NA;1;0;NA;NA;NA;NA;NA;0;NA;NA;NA;NA;NA;NA;NA;NA;NA;NA;NA;0;NA;1;1;NA;NA;NA;NA;NA;NA;NA;NA;NA;NA;NA;NA;NA;NA;NA;NA;NA;NA;NA;NA;NA;NA
6430_hf - hf_min;184;0;0;NA;0;0;0;0;0;0;0;0;0;0;0;0;NA;NA;NA;NA;NA;NA;NA;NA;NA;NA;NA;0;0;0;0;1;NA;NA;1;NA;NA;NA;NA;NA;NA;NA;NA;NA;NA;NA;NA;NA;NA;NA;NA;NA;NA;NA;NA;NA;NA;NA;NA;NA;NA;0;0;NA;0;NA;NA;0;NA;NA;1;0;NA;NA;NA;NA;NA;0;NA;NA;NA;NA;NA;NA;NA;NA;NA;NA;NA;0;NA;1;1;NA;NA;NA;NA;NA;NA;NA;NA;NA;NA;NA;NA;NA;NA;NA;NA;NA;NA;NA;NA;NA;NA
6430_hf - hf_min;185;0;1;0;0;0;0;0;0;0;0;0;0;0;0;0;NA;NA;NA;NA;NA;NA;NA;NA;NA;NA;NA;0;0;0;0;1;NA;NA;1;NA;NA;NA;NA;NA;NA;NA;NA;NA;NA;NA;NA;NA;NA;NA;NA;NA;NA;NA;NA;NA;NA;NA;NA;NA;NA;0;0;NA;0;NA;NA;0;NA;NA;1;0;NA;NA;NA;NA;NA;0;NA;NA;NA;NA;NA;NA;NA;NA;NA;NA;NA;0;NA;1;1;NA;NA;NA;NA;NA;NA;NA;NA;NA;NA;NA;NA;NA;NA;NA;NA;NA;NA;NA;NA;NA;NA
6430_hf - hf_min;186;0;0;NA;0;0;0;0;0;0;0;0;0;0;0;1;0;0;0;0;1;0;0;0;NA;NA;NA;0;0;0;0;1;NA;NA;1;NA;NA;NA;NA;NA;NA;NA;NA;NA;NA;NA;NA;NA;NA;NA;NA;NA;NA;NA;NA;NA;NA;NA;NA;NA;NA;0;0;NA;0;NA;NA;0;NA;NA;1;0;NA;NA;NA;NA;NA;0;NA;NA;NA;NA;NA;NA;NA;NA;NA;NA;NA;0;NA;1;1;NA;NA;NA;NA;NA;NA;NA;NA;NA;NA;NA;NA;NA;NA;NA;NA;NA;NA;NA;NA;NA;NA
6430_hf - hf_min;187;0;1;0;0;0;0;0;0;0;0;0;0;0;0;1;0;0;0;0;1;0;0;0;NA;NA;NA;0;0;0;0;1;NA;NA;1;NA;NA;NA;NA;NA;NA;NA;NA;NA;NA;NA;NA;NA;NA;NA;NA;NA;NA;NA;NA;NA;NA;NA;NA;NA;NA;0;0;NA;0;NA;NA;0;NA;NA;1;0;NA;NA;NA;NA;NA;0;NA;NA;NA;NA;NA;NA;NA;NA;NA;NA;NA;0;NA;1;1;NA;NA;NA;NA;NA;NA;NA;NA;NA;NA;NA;NA;NA;NA;NA;NA;NA;NA;NA;NA;NA;NA
6430_hf - hf_min;188;0;0;NA;0;0;0;0;0;0;0;0;0;0;0;1;0;0;0;0;0;NA;NA;NA;0;0;0;0;0;0;0;1;NA;NA;1;NA;NA;NA;NA;NA;NA;NA;NA;NA;NA;NA;NA;NA;NA;NA;NA;NA;NA;NA;NA;NA;NA;NA;NA;NA;NA;0;0;NA;0;NA;NA;0;NA;NA;1;0;NA;NA;NA;NA;NA;0;NA;NA;NA;NA;NA;NA;NA;NA;NA;NA;NA;0;NA;1;1;NA;NA;NA;NA;NA;NA;NA;NA;NA;NA;NA;NA;NA;NA;NA;NA;NA;NA;NA;NA;NA;NA
6430_hf - hf_min;189;0;1;0;0;0;0;0;0;0;0;0;0;0;0;1;0;0;0;0;0;NA;NA;NA;0;0;0;0;0;0;0;1;NA;NA;1;NA;NA;NA;NA;NA;NA;NA;NA;NA;NA;NA;NA;NA;NA;NA;NA;NA;NA;NA;NA;NA;NA;NA;NA;NA;NA;0;0;NA;0;NA;NA;0;NA;NA;1;0;NA;NA;NA;NA;NA;0;NA;NA;NA;NA;NA;NA;NA;NA;NA;NA;NA;0;NA;1;1;NA;NA;NA;NA;NA;NA;NA;NA;NA;NA;NA;NA;NA;NA;NA;NA;NA;NA;NA;NA;NA;NA
6430_hf - hf_min;190;0;0;NA;0;0;0;0;0;0;0;0;0;0;0;0;NA;NA;NA;NA;NA;NA;NA;NA;NA;NA;NA;0;0;0;1;NA;NA;NA;1;NA;NA;NA;NA;NA;NA;0;0;NA;NA;NA;NA;NA;NA;0;1;NA;NA;NA;NA;NA;NA;NA;NA;NA;NA;0;0;NA;0;NA;NA;0;NA;NA;1;0;NA;NA;NA;NA;NA;0;NA;NA;NA;NA;NA;NA;NA;NA;NA;NA;NA;0;NA;1;1;NA;NA;NA;NA;NA;NA;NA;NA;NA;NA;NA;NA;NA;NA;NA;NA;NA;NA;NA;NA;NA;NA
6430_hf - hf_min;191;0;1;0;0;0;0;0;0;0;0;0;0;0;0;0;NA;NA;NA;NA;NA;NA;NA;NA;NA;NA;NA;0;0;0;1;NA;NA;NA;1;NA;NA;NA;NA;NA;NA;0;0;NA;NA;NA;NA;NA;NA;0;1;NA;NA;NA;NA;NA;NA;NA;NA;NA;NA;0;0;NA;0;NA;NA;0;NA;NA;1;0;NA;NA;NA;NA;NA;0;NA;NA;NA;NA;NA;NA;NA;NA;NA;NA;NA;0;NA;1;1;NA;NA;NA;NA;NA;NA;NA;NA;NA;NA;NA;NA;NA;NA;NA;NA;NA;NA;NA;NA;NA;NA
6430_hf - hf_min;192;0;0;NA;0;0;0;0;0;0;0;0;0;0;0;1;0;0;0;0;1;0;0;0;NA;NA;NA;0;0;0;1;NA;NA;NA;1;NA;NA;NA;NA;NA;NA;0;0;NA;NA;NA;NA;NA;NA;0;1;NA;NA;NA;NA;NA;NA;NA;NA;NA;NA;0;0;NA;0;NA;NA;0;NA;NA;1;0;NA;NA;NA;NA;NA;0;NA;NA;NA;NA;NA;NA;NA;NA;NA;NA;NA;0;NA;1;1;NA;NA;NA;NA;NA;NA;NA;NA;NA;NA;NA;NA;NA;NA;NA;NA;NA;NA;NA;NA;NA;NA
6430_hf - hf_min;193;0;1;0;0;0;0;0;0;0;0;0;0;0;0;1;0;0;0;0;1;0;0;0;NA;NA;NA;0;0;0;1;NA;NA;NA;1;NA;NA;NA;NA;NA;NA;0;0;NA;NA;NA;NA;NA;NA;0;1;NA;NA;NA;NA;NA;NA;NA;NA;NA;NA;0;0;NA;0;NA;NA;0;NA;NA;1;0;NA;NA;NA;NA;NA;0;NA;NA;NA;NA;NA;NA;NA;NA;NA;NA;NA;0;NA;1;1;NA;NA;NA;NA;NA;NA;NA;NA;NA;NA;NA;NA;NA;NA;NA;NA;NA;NA;NA;NA;NA;NA
6430_hf - hf_min;194;0;0;NA;0;0;0;0;0;0;0;0;0;0;0;1;0;0;0;0;0;NA;NA;NA;0;0;0;0;0;0;1;NA;NA;NA;1;NA;NA;NA;NA;NA;NA;0;0;NA;NA;NA;NA;NA;NA;0;1;NA;NA;NA;NA;NA;NA;NA;NA;NA;NA;0;0;NA;0;NA;NA;0;NA;NA;1;0;NA;NA;NA;NA;NA;0;NA;NA;NA;NA;NA;NA;NA;NA;NA;NA;NA;0;NA;1;1;NA;NA;NA;NA;NA;NA;NA;NA;NA;NA;NA;NA;NA;NA;NA;NA;NA;NA;NA;NA;NA;NA
6430_hf - hf_min;195;0;1;0;0;0;0;0;0;0;0;0;0;0;0;1;0;0;0;0;0;NA;NA;NA;0;0;0;0;0;0;1;NA;NA;NA;1;NA;NA;NA;NA;NA;NA;0;0;NA;NA;NA;NA;NA;NA;0;1;NA;NA;NA;NA;NA;NA;NA;NA;NA;NA;0;0;NA;0;NA;NA;0;NA;NA;1;0;NA;NA;NA;NA;NA;0;NA;NA;NA;NA;NA;NA;NA;NA;NA;NA;NA;0;NA;1;1;NA;NA;NA;NA;NA;NA;NA;NA;NA;NA;NA;NA;NA;NA;NA;NA;NA;NA;NA;NA;NA;NA
6430_hf - hf_min;196;0;0;NA;0;0;0;0;0;0;0;0;0;0;0;0;NA;NA;NA;NA;NA;NA;NA;NA;NA;NA;NA;0;0;0;1;NA;NA;NA;NA;NA;NA;NA;NA;NA;NA;0;0;NA;NA;NA;NA;NA;NA;0;0;1;NA;NA;NA;NA;NA;NA;NA;NA;NA;0;0;NA;0;NA;NA;0;NA;NA;1;0;NA;NA;NA;NA;NA;0;NA;NA;NA;NA;NA;NA;NA;NA;NA;NA;NA;0;NA;1;1;NA;NA;NA;NA;NA;NA;NA;NA;NA;NA;NA;NA;NA;NA;NA;NA;NA;NA;NA;NA;NA;NA
6430_hf - hf_min;197;0;1;0;0;0;0;0;0;0;0;0;0;0;0;0;NA;NA;NA;NA;NA;NA;NA;NA;NA;NA;NA;0;0;0;1;NA;NA;NA;NA;NA;NA;NA;NA;NA;NA;0;0;NA;NA;NA;NA;NA;NA;0;0;1;NA;NA;NA;NA;NA;NA;NA;NA;NA;0;0;NA;0;NA;NA;0;NA;NA;1;0;NA;NA;NA;NA;NA;0;NA;NA;NA;NA;NA;NA;NA;NA;NA;NA;NA;0;NA;1;1;NA;NA;NA;NA;NA;NA;NA;NA;NA;NA;NA;NA;NA;NA;NA;NA;NA;NA;NA;NA;NA;NA
6430_hf - hf_min;198;0;0;NA;0;0;0;0;0;0;0;0;0;0;0;1;0;0;0;0;1;0;0;0;NA;NA;NA;0;0;0;1;NA;NA;NA;NA;NA;NA;NA;NA;NA;NA;0;0;NA;NA;NA;NA;NA;NA;0;0;1;NA;NA;NA;NA;NA;NA;NA;NA;NA;0;0;NA;0;NA;NA;0;NA;NA;1;0;NA;NA;NA;NA;NA;0;NA;NA;NA;NA;NA;NA;NA;NA;NA;NA;NA;0;NA;1;1;NA;NA;NA;NA;NA;NA;NA;NA;NA;NA;NA;NA;NA;NA;NA;NA;NA;NA;NA;NA;NA;NA
6430_hf - hf_min;199;0;1;0;0;0;0;0;0;0;0;0;0;0;0;1;0;0;0;0;1;0;0;0;NA;NA;NA;0;0;0;1;NA;NA;NA;NA;NA;NA;NA;NA;NA;NA;0;0;NA;NA;NA;NA;NA;NA;0;0;1;NA;NA;NA;NA;NA;NA;NA;NA;NA;0;0;NA;0;NA;NA;0;NA;NA;1;0;NA;NA;NA;NA;NA;0;NA;NA;NA;NA;NA;NA;NA;NA;NA;NA;NA;0;NA;1;1;NA;NA;NA;NA;NA;NA;NA;NA;NA;NA;NA;NA;NA;NA;NA;NA;NA;NA;NA;NA;NA;NA
6430_hf - hf_min;200;0;0;NA;0;0;0;0;0;0;0;0;0;0;0;1;0;0;0;0;0;NA;NA;NA;0;0;0;0;0;0;1;NA;NA;NA;NA;NA;NA;NA;NA;NA;NA;0;0;NA;NA;NA;NA;NA;NA;0;0;1;NA;NA;NA;NA;NA;NA;NA;NA;NA;0;0;NA;0;NA;NA;0;NA;NA;1;0;NA;NA;NA;NA;NA;0;NA;NA;NA;NA;NA;NA;NA;NA;NA;NA;NA;0;NA;1;1;NA;NA;NA;NA;NA;NA;NA;NA;NA;NA;NA;NA;NA;NA;NA;NA;NA;NA;NA;NA;NA;NA
6430_hf - hf_min;201;0;1;0;0;0;0;0;0;0;0;0;0;0;0;1;0;0;0;0;0;NA;NA;NA;0;0;0;0;0;0;1;NA;NA;NA;NA;NA;NA;NA;NA;NA;NA;0;0;NA;NA;NA;NA;NA;NA;0;0;1;NA;NA;NA;NA;NA;NA;NA;NA;NA;0;0;NA;0;NA;NA;0;NA;NA;1;0;NA;NA;NA;NA;NA;0;NA;NA;NA;NA;NA;NA;NA;NA;NA;NA;NA;0;NA;1;1;NA;NA;NA;NA;NA;NA;NA;NA;NA;NA;NA;NA;NA;NA;NA;NA;NA;NA;NA;NA;NA;NA
6430_hf - hf_min;202;0;0;NA;0;0;0;0;0;0;0;0;0;0;0;0;NA;NA;NA;NA;NA;NA;NA;NA;NA;NA;NA;0;0;0;0;NA;1;NA;NA;NA;NA;NA;NA;NA;NA;NA;NA;NA;NA;NA;NA;NA;NA;NA;NA;NA;NA;NA;NA;NA;NA;NA;NA;NA;NA;0;0;NA;0;NA;NA;0;NA;NA;0;NA;NA;NA;NA;NA;NA;1;0;NA;NA;NA;NA;NA;NA;NA;NA;NA;NA;0;NA;1;1;NA;NA;NA;NA;NA;NA;NA;NA;NA;NA;NA;NA;NA;NA;NA;NA;NA;NA;NA;NA;NA;NA
6430_hf - hf_min;203;0;1;0;0;0;0;0;0;0;0;0;0;0;0;0;NA;NA;NA;NA;NA;NA;NA;NA;NA;NA;NA;0;0;0;0;NA;1;NA;NA;NA;NA;NA;NA;NA;NA;NA;NA;NA;NA;NA;NA;NA;NA;NA;NA;NA;NA;NA;NA;NA;NA;NA;NA;NA;NA;0;0;NA;0;NA;NA;0;NA;NA;0;NA;NA;NA;NA;NA;NA;1;0;NA;NA;NA;NA;NA;NA;NA;NA;NA;NA;0;NA;1;1;NA;NA;NA;NA;NA;NA;NA;NA;NA;NA;NA;NA;NA;NA;NA;NA;NA;NA;NA;NA;NA;NA
6430_hf - hf_min;204;0;0;NA;0;0;0;0;0;0;0;0;0;0;0;1;0;0;0;0;1;0;0;0;NA;NA;NA;0;0;0;0;NA;1;NA;NA;NA;NA;NA;NA;NA;NA;NA;NA;NA;NA;NA;NA;NA;NA;NA;NA;NA;NA;NA;NA;NA;NA;NA;NA;NA;NA;0;0;NA;0;NA;NA;0;NA;NA;0;NA;NA;NA;NA;NA;NA;1;0;NA;NA;NA;NA;NA;NA;NA;NA;NA;NA;0;NA;1;1;NA;NA;NA;NA;NA;NA;NA;NA;NA;NA;NA;NA;NA;NA;NA;NA;NA;NA;NA;NA;NA;NA
6430_hf - hf_min;205;0;1;0;0;0;0;0;0;0;0;0;0;0;0;1;0;0;0;0;1;0;0;0;NA;NA;NA;0;0;0;0;NA;1;NA;NA;NA;NA;NA;NA;NA;NA;NA;NA;NA;NA;NA;NA;NA;NA;NA;NA;NA;NA;NA;NA;NA;NA;NA;NA;NA;NA;0;0;NA;0;NA;NA;0;NA;NA;0;NA;NA;NA;NA;NA;NA;1;0;NA;NA;NA;NA;NA;NA;NA;NA;NA;NA;0;NA;1;1;NA;NA;NA;NA;NA;NA;NA;NA;NA;NA;NA;NA;NA;NA;NA;NA;NA;NA;NA;NA;NA;NA
6430_hf - hf_min;206;0;0;NA;0;0;0;0;0;0;0;0;0;0;0;1;0;0;0;0;0;NA;NA;NA;0;0;0;0;0;0;0;NA;1;NA;NA;NA;NA;NA;NA;NA;NA;NA;NA;NA;NA;NA;NA;NA;NA;NA;NA;NA;NA;NA;NA;NA;NA;NA;NA;NA;NA;0;0;NA;0;NA;NA;0;NA;NA;0;NA;NA;NA;NA;NA;NA;1;0;NA;NA;NA;NA;NA;NA;NA;NA;NA;NA;0;NA;1;1;NA;NA;NA;NA;NA;NA;NA;NA;NA;NA;NA;NA;NA;NA;NA;NA;NA;NA;NA;NA;NA;NA
6430_hf - hf_min;207;0;1;0;0;0;0;0;0;0;0;0;0;0;0;1;0;0;0;0;0;NA;NA;NA;0;0;0;0;0;0;0;NA;1;NA;NA;NA;NA;NA;NA;NA;NA;NA;NA;NA;NA;NA;NA;NA;NA;NA;NA;NA;NA;NA;NA;NA;NA;NA;NA;NA;NA;0;0;NA;0;NA;NA;0;NA;NA;0;NA;NA;NA;NA;NA;NA;1;0;NA;NA;NA;NA;NA;NA;NA;NA;NA;NA;0;NA;1;1;NA;NA;NA;NA;NA;NA;NA;NA;NA;NA;NA;NA;NA;NA;NA;NA;NA;NA;NA;NA;NA;NA
6430_hf - hf_min;208;0;0;NA;0;0;0;0;0;0;0;0;0;0;0;0;NA;NA;NA;NA;NA;NA;NA;NA;NA;NA;NA;0;0;0;0;1;NA;NA;1;NA;NA;NA;NA;NA;NA;NA;NA;NA;NA;NA;NA;NA;NA;NA;NA;NA;NA;NA;NA;NA;NA;NA;NA;NA;NA;0;0;NA;0;NA;NA;0;NA;NA;0;NA;NA;NA;NA;NA;NA;1;0;NA;NA;NA;NA;NA;NA;NA;NA;NA;NA;0;NA;1;1;NA;NA;NA;NA;NA;NA;NA;NA;NA;NA;NA;NA;NA;NA;NA;NA;NA;NA;NA;NA;NA;NA
6430_hf - hf_min;209;0;1;0;0;0;0;0;0;0;0;0;0;0;0;0;NA;NA;NA;NA;NA;NA;NA;NA;NA;NA;NA;0;0;0;0;1;NA;NA;1;NA;NA;NA;NA;NA;NA;NA;NA;NA;NA;NA;NA;NA;NA;NA;NA;NA;NA;NA;NA;NA;NA;NA;NA;NA;NA;0;0;NA;0;NA;NA;0;NA;NA;0;NA;NA;NA;NA;NA;NA;1;0;NA;NA;NA;NA;NA;NA;NA;NA;NA;NA;0;NA;1;1;NA;NA;NA;NA;NA;NA;NA;NA;NA;NA;NA;NA;NA;NA;NA;NA;NA;NA;NA;NA;NA;NA
6430_hf - hf_min;210;0;0;NA;0;0;0;0;0;0;0;0;0;0;0;1;0;0;0;0;1;0;0;0;NA;NA;NA;0;0;0;0;1;NA;NA;1;NA;NA;NA;NA;NA;NA;NA;NA;NA;NA;NA;NA;NA;NA;NA;NA;NA;NA;NA;NA;NA;NA;NA;NA;NA;NA;0;0;NA;0;NA;NA;0;NA;NA;0;NA;NA;NA;NA;NA;NA;1;0;NA;NA;NA;NA;NA;NA;NA;NA;NA;NA;0;NA;1;1;NA;NA;NA;NA;NA;NA;NA;NA;NA;NA;NA;NA;NA;NA;NA;NA;NA;NA;NA;NA;NA;NA
6430_hf - hf_min;211;0;1;0;0;0;0;0;0;0;0;0;0;0;0;1;0;0;0;0;1;0;0;0;NA;NA;NA;0;0;0;0;1;NA;NA;1;NA;NA;NA;NA;NA;NA;NA;NA;NA;NA;NA;NA;NA;NA;NA;NA;NA;NA;NA;NA;NA;NA;NA;NA;NA;NA;0;0;NA;0;NA;NA;0;NA;NA;0;NA;NA;NA;NA;NA;NA;1;0;NA;NA;NA;NA;NA;NA;NA;NA;NA;NA;0;NA;1;1;NA;NA;NA;NA;NA;NA;NA;NA;NA;NA;NA;NA;NA;NA;NA;NA;NA;NA;NA;NA;NA;NA
6430_hf - hf_min;212;0;0;NA;0;0;0;0;0;0;0;0;0;0;0;1;0;0;0;0;0;NA;NA;NA;0;0;0;0;0;0;0;1;NA;NA;1;NA;NA;NA;NA;NA;NA;NA;NA;NA;NA;NA;NA;NA;NA;NA;NA;NA;NA;NA;NA;NA;NA;NA;NA;NA;NA;0;0;NA;0;NA;NA;0;NA;NA;0;NA;NA;NA;NA;NA;NA;1;0;NA;NA;NA;NA;NA;NA;NA;NA;NA;NA;0;NA;1;1;NA;NA;NA;NA;NA;NA;NA;NA;NA;NA;NA;NA;NA;NA;NA;NA;NA;NA;NA;NA;NA;NA
6430_hf - hf_min;213;0;1;0;0;0;0;0;0;0;0;0;0;0;0;1;0;0;0;0;0;NA;NA;NA;0;0;0;0;0;0;0;1;NA;NA;1;NA;NA;NA;NA;NA;NA;NA;NA;NA;NA;NA;NA;NA;NA;NA;NA;NA;NA;NA;NA;NA;NA;NA;NA;NA;NA;0;0;NA;0;NA;NA;0;NA;NA;0;NA;NA;NA;NA;NA;NA;1;0;NA;NA;NA;NA;NA;NA;NA;NA;NA;NA;0;NA;1;1;NA;NA;NA;NA;NA;NA;NA;NA;NA;NA;NA;NA;NA;NA;NA;NA;NA;NA;NA;NA;NA;NA
6430_hf - hf_min;214;0;0;NA;0;0;0;0;0;0;0;0;0;0;0;0;NA;NA;NA;NA;NA;NA;NA;NA;NA;NA;NA;0;0;0;1;NA;NA;NA;1;NA;NA;NA;NA;NA;NA;0;0;NA;NA;NA;NA;NA;NA;0;1;NA;NA;NA;NA;NA;NA;NA;NA;NA;NA;0;0;NA;0;NA;NA;0;NA;NA;0;NA;NA;NA;NA;NA;NA;1;0;NA;NA;NA;NA;NA;NA;NA;NA;NA;NA;0;NA;1;1;NA;NA;NA;NA;NA;NA;NA;NA;NA;NA;NA;NA;NA;NA;NA;NA;NA;NA;NA;NA;NA;NA
6430_hf - hf_min;215;0;1;0;0;0;0;0;0;0;0;0;0;0;0;0;NA;NA;NA;NA;NA;NA;NA;NA;NA;NA;NA;0;0;0;1;NA;NA;NA;1;NA;NA;NA;NA;NA;NA;0;0;NA;NA;NA;NA;NA;NA;0;1;NA;NA;NA;NA;NA;NA;NA;NA;NA;NA;0;0;NA;0;NA;NA;0;NA;NA;0;NA;NA;NA;NA;NA;NA;1;0;NA;NA;NA;NA;NA;NA;NA;NA;NA;NA;0;NA;1;1;NA;NA;NA;NA;NA;NA;NA;NA;NA;NA;NA;NA;NA;NA;NA;NA;NA;NA;NA;NA;NA;NA
6430_hf - hf_min;216;0;0;NA;0;0;0;0;0;0;0;0;0;0;0;1;0;0;0;0;1;0;0;0;NA;NA;NA;0;0;0;1;NA;NA;NA;1;NA;NA;NA;NA;NA;NA;0;0;NA;NA;NA;NA;NA;NA;0;1;NA;NA;NA;NA;NA;NA;NA;NA;NA;NA;0;0;NA;0;NA;NA;0;NA;NA;0;NA;NA;NA;NA;NA;NA;1;0;NA;NA;NA;NA;NA;NA;NA;NA;NA;NA;0;NA;1;1;NA;NA;NA;NA;NA;NA;NA;NA;NA;NA;NA;NA;NA;NA;NA;NA;NA;NA;NA;NA;NA;NA
6430_hf - hf_min;217;0;1;0;0;0;0;0;0;0;0;0;0;0;0;1;0;0;0;0;1;0;0;0;NA;NA;NA;0;0;0;1;NA;NA;NA;1;NA;NA;NA;NA;NA;NA;0;0;NA;NA;NA;NA;NA;NA;0;1;NA;NA;NA;NA;NA;NA;NA;NA;NA;NA;0;0;NA;0;NA;NA;0;NA;NA;0;NA;NA;NA;NA;NA;NA;1;0;NA;NA;NA;NA;NA;NA;NA;NA;NA;NA;0;NA;1;1;NA;NA;NA;NA;NA;NA;NA;NA;NA;NA;NA;NA;NA;NA;NA;NA;NA;NA;NA;NA;NA;NA
6430_hf - hf_min;218;0;0;NA;0;0;0;0;0;0;0;0;0;0;0;1;0;0;0;0;0;NA;NA;NA;0;0;0;0;0;0;1;NA;NA;NA;1;NA;NA;NA;NA;NA;NA;0;0;NA;NA;NA;NA;NA;NA;0;1;NA;NA;NA;NA;NA;NA;NA;NA;NA;NA;0;0;NA;0;NA;NA;0;NA;NA;0;NA;NA;NA;NA;NA;NA;1;0;NA;NA;NA;NA;NA;NA;NA;NA;NA;NA;0;NA;1;1;NA;NA;NA;NA;NA;NA;NA;NA;NA;NA;NA;NA;NA;NA;NA;NA;NA;NA;NA;NA;NA;NA
6430_hf - hf_min;219;0;1;0;0;0;0;0;0;0;0;0;0;0;0;1;0;0;0;0;0;NA;NA;NA;0;0;0;0;0;0;1;NA;NA;NA;1;NA;NA;NA;NA;NA;NA;0;0;NA;NA;NA;NA;NA;NA;0;1;NA;NA;NA;NA;NA;NA;NA;NA;NA;NA;0;0;NA;0;NA;NA;0;NA;NA;0;NA;NA;NA;NA;NA;NA;1;0;NA;NA;NA;NA;NA;NA;NA;NA;NA;NA;0;NA;1;1;NA;NA;NA;NA;NA;NA;NA;NA;NA;NA;NA;NA;NA;NA;NA;NA;NA;NA;NA;NA;NA;NA
6430_hf - hf_min;220;0;0;NA;0;0;0;0;0;0;0;0;0;0;0;0;NA;NA;NA;NA;NA;NA;NA;NA;NA;NA;NA;0;0;0;1;NA;NA;NA;NA;NA;NA;NA;NA;NA;NA;0;0;NA;NA;NA;NA;NA;NA;0;0;1;NA;NA;NA;NA;NA;NA;NA;NA;NA;0;0;NA;0;NA;NA;0;NA;NA;0;NA;NA;NA;NA;NA;NA;1;0;NA;NA;NA;NA;NA;NA;NA;NA;NA;NA;0;NA;1;1;NA;NA;NA;NA;NA;NA;NA;NA;NA;NA;NA;NA;NA;NA;NA;NA;NA;NA;NA;NA;NA;NA
6430_hf - hf_min;221;0;1;0;0;0;0;0;0;0;0;0;0;0;0;0;NA;NA;NA;NA;NA;NA;NA;NA;NA;NA;NA;0;0;0;1;NA;NA;NA;NA;NA;NA;NA;NA;NA;NA;0;0;NA;NA;NA;NA;NA;NA;0;0;1;NA;NA;NA;NA;NA;NA;NA;NA;NA;0;0;NA;0;NA;NA;0;NA;NA;0;NA;NA;NA;NA;NA;NA;1;0;NA;NA;NA;NA;NA;NA;NA;NA;NA;NA;0;NA;1;1;NA;NA;NA;NA;NA;NA;NA;NA;NA;NA;NA;NA;NA;NA;NA;NA;NA;NA;NA;NA;NA;NA
6430_hf - hf_min;222;0;0;NA;0;0;0;0;0;0;0;0;0;0;0;1;0;0;0;0;1;0;0;0;NA;NA;NA;0;0;0;1;NA;NA;NA;NA;NA;NA;NA;NA;NA;NA;0;0;NA;NA;NA;NA;NA;NA;0;0;1;NA;NA;NA;NA;NA;NA;NA;NA;NA;0;0;NA;0;NA;NA;0;NA;NA;0;NA;NA;NA;NA;NA;NA;1;0;NA;NA;NA;NA;NA;NA;NA;NA;NA;NA;0;NA;1;1;NA;NA;NA;NA;NA;NA;NA;NA;NA;NA;NA;NA;NA;NA;NA;NA;NA;NA;NA;NA;NA;NA
6430_hf - hf_min;223;0;1;0;0;0;0;0;0;0;0;0;0;0;0;1;0;0;0;0;1;0;0;0;NA;NA;NA;0;0;0;1;NA;NA;NA;NA;NA;NA;NA;NA;NA;NA;0;0;NA;NA;NA;NA;NA;NA;0;0;1;NA;NA;NA;NA;NA;NA;NA;NA;NA;0;0;NA;0;NA;NA;0;NA;NA;0;NA;NA;NA;NA;NA;NA;1;0;NA;NA;NA;NA;NA;NA;NA;NA;NA;NA;0;NA;1;1;NA;NA;NA;NA;NA;NA;NA;NA;NA;NA;NA;NA;NA;NA;NA;NA;NA;NA;NA;NA;NA;NA
6430_hf - hf_min;224;0;0;NA;0;0;0;0;0;0;0;0;0;0;0;1;0;0;0;0;0;NA;NA;NA;0;0;0;0;0;0;1;NA;NA;NA;NA;NA;NA;NA;NA;NA;NA;0;0;NA;NA;NA;NA;NA;NA;0;0;1;NA;NA;NA;NA;NA;NA;NA;NA;NA;0;0;NA;0;NA;NA;0;NA;NA;0;NA;NA;NA;NA;NA;NA;1;0;NA;NA;NA;NA;NA;NA;NA;NA;NA;NA;0;NA;1;1;NA;NA;NA;NA;NA;NA;NA;NA;NA;NA;NA;NA;NA;NA;NA;NA;NA;NA;NA;NA;NA;NA
6430_hf - hf_min;225;0;1;0;0;0;0;0;0;0;0;0;0;0;0;1;0;0;0;0;0;NA;NA;NA;0;0;0;0;0;0;1;NA;NA;NA;NA;NA;NA;NA;NA;NA;NA;0;0;NA;NA;NA;NA;NA;NA;0;0;1;NA;NA;NA;NA;NA;NA;NA;NA;NA;0;0;NA;0;NA;NA;0;NA;NA;0;NA;NA;NA;NA;NA;NA;1;0;NA;NA;NA;NA;NA;NA;NA;NA;NA;NA;0;NA;1;1;NA;NA;NA;NA;NA;NA;NA;NA;NA;NA;NA;NA;NA;NA;NA;NA;NA;NA;NA;NA;NA;NA
6430_hf - hf_min;226;0;0;NA;0;0;0;0;0;0;0;0;0;0;0;0;NA;NA;NA;NA;NA;NA;NA;NA;NA;NA;NA;0;0;0;0;NA;1;NA;NA;NA;NA;NA;NA;NA;NA;NA;NA;NA;NA;NA;NA;NA;NA;NA;NA;NA;NA;NA;NA;NA;NA;NA;NA;NA;NA;0;0;NA;0;NA;NA;0;NA;NA;1;0;NA;NA;NA;NA;NA;1;0;NA;NA;NA;NA;NA;NA;NA;NA;NA;NA;0;NA;1;1;NA;NA;NA;NA;NA;NA;NA;NA;NA;NA;NA;NA;NA;NA;NA;NA;NA;NA;NA;NA;NA;NA
6430_hf - hf_min;227;0;1;0;0;0;0;0;0;0;0;0;0;0;0;0;NA;NA;NA;NA;NA;NA;NA;NA;NA;NA;NA;0;0;0;0;NA;1;NA;NA;NA;NA;NA;NA;NA;NA;NA;NA;NA;NA;NA;NA;NA;NA;NA;NA;NA;NA;NA;NA;NA;NA;NA;NA;NA;NA;0;0;NA;0;NA;NA;0;NA;NA;1;0;NA;NA;NA;NA;NA;1;0;NA;NA;NA;NA;NA;NA;NA;NA;NA;NA;0;NA;1;1;NA;NA;NA;NA;NA;NA;NA;NA;NA;NA;NA;NA;NA;NA;NA;NA;NA;NA;NA;NA;NA;NA
6430_hf - hf_min;228;0;0;NA;0;0;0;0;0;0;0;0;0;0;0;1;0;0;0;0;1;0;0;0;NA;NA;NA;0;0;0;0;NA;1;NA;NA;NA;NA;NA;NA;NA;NA;NA;NA;NA;NA;NA;NA;NA;NA;NA;NA;NA;NA;NA;NA;NA;NA;NA;NA;NA;NA;0;0;NA;0;NA;NA;0;NA;NA;1;0;NA;NA;NA;NA;NA;1;0;NA;NA;NA;NA;NA;NA;NA;NA;NA;NA;0;NA;1;1;NA;NA;NA;NA;NA;NA;NA;NA;NA;NA;NA;NA;NA;NA;NA;NA;NA;NA;NA;NA;NA;NA
6430_hf - hf_min;229;0;1;0;0;0;0;0;0;0;0;0;0;0;0;1;0;0;0;0;1;0;0;0;NA;NA;NA;0;0;0;0;NA;1;NA;NA;NA;NA;NA;NA;NA;NA;NA;NA;NA;NA;NA;NA;NA;NA;NA;NA;NA;NA;NA;NA;NA;NA;NA;NA;NA;NA;0;0;NA;0;NA;NA;0;NA;NA;1;0;NA;NA;NA;NA;NA;1;0;NA;NA;NA;NA;NA;NA;NA;NA;NA;NA;0;NA;1;1;NA;NA;NA;NA;NA;NA;NA;NA;NA;NA;NA;NA;NA;NA;NA;NA;NA;NA;NA;NA;NA;NA
6430_hf - hf_min;230;0;0;NA;0;0;0;0;0;0;0;0;0;0;0;1;0;0;0;0;0;NA;NA;NA;0;0;0;0;0;0;0;NA;1;NA;NA;NA;NA;NA;NA;NA;NA;NA;NA;NA;NA;NA;NA;NA;NA;NA;NA;NA;NA;NA;NA;NA;NA;NA;NA;NA;NA;0;0;NA;0;NA;NA;0;NA;NA;1;0;NA;NA;NA;NA;NA;1;0;NA;NA;NA;NA;NA;NA;NA;NA;NA;NA;0;NA;1;1;NA;NA;NA;NA;NA;NA;NA;NA;NA;NA;NA;NA;NA;NA;NA;NA;NA;NA;NA;NA;NA;NA
6430_hf - hf_min;231;0;1;0;0;0;0;0;0;0;0;0;0;0;0;1;0;0;0;0;0;NA;NA;NA;0;0;0;0;0;0;0;NA;1;NA;NA;NA;NA;NA;NA;NA;NA;NA;NA;NA;NA;NA;NA;NA;NA;NA;NA;NA;NA;NA;NA;NA;NA;NA;NA;NA;NA;0;0;NA;0;NA;NA;0;NA;NA;1;0;NA;NA;NA;NA;NA;1;0;NA;NA;NA;NA;NA;NA;NA;NA;NA;NA;0;NA;1;1;NA;NA;NA;NA;NA;NA;NA;NA;NA;NA;NA;NA;NA;NA;NA;NA;NA;NA;NA;NA;NA;NA
6430_hf - hf_min;232;0;0;NA;0;0;0;0;0;0;0;0;0;0;0;0;NA;NA;NA;NA;NA;NA;NA;NA;NA;NA;NA;0;0;0;0;1;NA;NA;1;NA;NA;NA;NA;NA;NA;NA;NA;NA;NA;NA;NA;NA;NA;NA;NA;NA;NA;NA;NA;NA;NA;NA;NA;NA;NA;0;0;NA;0;NA;NA;0;NA;NA;1;0;NA;NA;NA;NA;NA;1;0;NA;NA;NA;NA;NA;NA;NA;NA;NA;NA;0;NA;1;1;NA;NA;NA;NA;NA;NA;NA;NA;NA;NA;NA;NA;NA;NA;NA;NA;NA;NA;NA;NA;NA;NA
6430_hf - hf_min;233;0;1;0;0;0;0;0;0;0;0;0;0;0;0;0;NA;NA;NA;NA;NA;NA;NA;NA;NA;NA;NA;0;0;0;0;1;NA;NA;1;NA;NA;NA;NA;NA;NA;NA;NA;NA;NA;NA;NA;NA;NA;NA;NA;NA;NA;NA;NA;NA;NA;NA;NA;NA;NA;0;0;NA;0;NA;NA;0;NA;NA;1;0;NA;NA;NA;NA;NA;1;0;NA;NA;NA;NA;NA;NA;NA;NA;NA;NA;0;NA;1;1;NA;NA;NA;NA;NA;NA;NA;NA;NA;NA;NA;NA;NA;NA;NA;NA;NA;NA;NA;NA;NA;NA
6430_hf - hf_min;234;0;0;NA;0;0;0;0;0;0;0;0;0;0;0;1;0;0;0;0;1;0;0;0;NA;NA;NA;0;0;0;0;1;NA;NA;1;NA;NA;NA;NA;NA;NA;NA;NA;NA;NA;NA;NA;NA;NA;NA;NA;NA;NA;NA;NA;NA;NA;NA;NA;NA;NA;0;0;NA;0;NA;NA;0;NA;NA;1;0;NA;NA;NA;NA;NA;1;0;NA;NA;NA;NA;NA;NA;NA;NA;NA;NA;0;NA;1;1;NA;NA;NA;NA;NA;NA;NA;NA;NA;NA;NA;NA;NA;NA;NA;NA;NA;NA;NA;NA;NA;NA
6430_hf - hf_min;235;0;1;0;0;0;0;0;0;0;0;0;0;0;0;1;0;0;0;0;1;0;0;0;NA;NA;NA;0;0;0;0;1;NA;NA;1;NA;NA;NA;NA;NA;NA;NA;NA;NA;NA;NA;NA;NA;NA;NA;NA;NA;NA;NA;NA;NA;NA;NA;NA;NA;NA;0;0;NA;0;NA;NA;0;NA;NA;1;0;NA;NA;NA;NA;NA;1;0;NA;NA;NA;NA;NA;NA;NA;NA;NA;NA;0;NA;1;1;NA;NA;NA;NA;NA;NA;NA;NA;NA;NA;NA;NA;NA;NA;NA;NA;NA;NA;NA;NA;NA;NA
6430_hf - hf_min;236;0;0;NA;0;0;0;0;0;0;0;0;0;0;0;1;0;0;0;0;0;NA;NA;NA;0;0;0;0;0;0;0;1;NA;NA;1;NA;NA;NA;NA;NA;NA;NA;NA;NA;NA;NA;NA;NA;NA;NA;NA;NA;NA;NA;NA;NA;NA;NA;NA;NA;NA;0;0;NA;0;NA;NA;0;NA;NA;1;0;NA;NA;NA;NA;NA;1;0;NA;NA;NA;NA;NA;NA;NA;NA;NA;NA;0;NA;1;1;NA;NA;NA;NA;NA;NA;NA;NA;NA;NA;NA;NA;NA;NA;NA;NA;NA;NA;NA;NA;NA;NA
6430_hf - hf_min;237;0;1;0;0;0;0;0;0;0;0;0;0;0;0;1;0;0;0;0;0;NA;NA;NA;0;0;0;0;0;0;0;1;NA;NA;1;NA;NA;NA;NA;NA;NA;NA;NA;NA;NA;NA;NA;NA;NA;NA;NA;NA;NA;NA;NA;NA;NA;NA;NA;NA;NA;0;0;NA;0;NA;NA;0;NA;NA;1;0;NA;NA;NA;NA;NA;1;0;NA;NA;NA;NA;NA;NA;NA;NA;NA;NA;0;NA;1;1;NA;NA;NA;NA;NA;NA;NA;NA;NA;NA;NA;NA;NA;NA;NA;NA;NA;NA;NA;NA;NA;NA
6430_hf - hf_min;238;0;0;NA;0;0;0;0;0;0;0;0;0;0;0;0;NA;NA;NA;NA;NA;NA;NA;NA;NA;NA;NA;0;0;0;1;NA;NA;NA;1;NA;NA;NA;NA;NA;NA;0;0;NA;NA;NA;NA;NA;NA;0;1;NA;NA;NA;NA;NA;NA;NA;NA;NA;NA;0;0;NA;0;NA;NA;0;NA;NA;1;0;NA;NA;NA;NA;NA;1;0;NA;NA;NA;NA;NA;NA;NA;NA;NA;NA;0;NA;1;1;NA;NA;NA;NA;NA;NA;NA;NA;NA;NA;NA;NA;NA;NA;NA;NA;NA;NA;NA;NA;NA;NA
6430_hf - hf_min;239;0;1;0;0;0;0;0;0;0;0;0;0;0;0;0;NA;NA;NA;NA;NA;NA;NA;NA;NA;NA;NA;0;0;0;1;NA;NA;NA;1;NA;NA;NA;NA;NA;NA;0;0;NA;NA;NA;NA;NA;NA;0;1;NA;NA;NA;NA;NA;NA;NA;NA;NA;NA;0;0;NA;0;NA;NA;0;NA;NA;1;0;NA;NA;NA;NA;NA;1;0;NA;NA;NA;NA;NA;NA;NA;NA;NA;NA;0;NA;1;1;NA;NA;NA;NA;NA;NA;NA;NA;NA;NA;NA;NA;NA;NA;NA;NA;NA;NA;NA;NA;NA;NA
6430_hf - hf_min;240;0;0;NA;0;0;0;0;0;0;0;0;0;0;0;1;0;0;0;0;1;0;0;0;NA;NA;NA;0;0;0;1;NA;NA;NA;1;NA;NA;NA;NA;NA;NA;0;0;NA;NA;NA;NA;NA;NA;0;1;NA;NA;NA;NA;NA;NA;NA;NA;NA;NA;0;0;NA;0;NA;NA;0;NA;NA;1;0;NA;NA;NA;NA;NA;1;0;NA;NA;NA;NA;NA;NA;NA;NA;NA;NA;0;NA;1;1;NA;NA;NA;NA;NA;NA;NA;NA;NA;NA;NA;NA;NA;NA;NA;NA;NA;NA;NA;NA;NA;NA
6430_hf - hf_min;241;0;1;0;0;0;0;0;0;0;0;0;0;0;0;1;0;0;0;0;1;0;0;0;NA;NA;NA;0;0;0;1;NA;NA;NA;1;NA;NA;NA;NA;NA;NA;0;0;NA;NA;NA;NA;NA;NA;0;1;NA;NA;NA;NA;NA;NA;NA;NA;NA;NA;0;0;NA;0;NA;NA;0;NA;NA;1;0;NA;NA;NA;NA;NA;1;0;NA;NA;NA;NA;NA;NA;NA;NA;NA;NA;0;NA;1;1;NA;NA;NA;NA;NA;NA;NA;NA;NA;NA;NA;NA;NA;NA;NA;NA;NA;NA;NA;NA;NA;NA
6430_hf - hf_min;242;0;0;NA;0;0;0;0;0;0;0;0;0;0;0;1;0;0;0;0;0;NA;NA;NA;0;0;0;0;0;0;1;NA;NA;NA;1;NA;NA;NA;NA;NA;NA;0;0;NA;NA;NA;NA;NA;NA;0;1;NA;NA;NA;NA;NA;NA;NA;NA;NA;NA;0;0;NA;0;NA;NA;0;NA;NA;1;0;NA;NA;NA;NA;NA;1;0;NA;NA;NA;NA;NA;NA;NA;NA;NA;NA;0;NA;1;1;NA;NA;NA;NA;NA;NA;NA;NA;NA;NA;NA;NA;NA;NA;NA;NA;NA;NA;NA;NA;NA;NA
6430_hf - hf_min;243;0;1;0;0;0;0;0;0;0;0;0;0;0;0;1;0;0;0;0;0;NA;NA;NA;0;0;0;0;0;0;1;NA;NA;NA;1;NA;NA;NA;NA;NA;NA;0;0;NA;NA;NA;NA;NA;NA;0;1;NA;NA;NA;NA;NA;NA;NA;NA;NA;NA;0;0;NA;0;NA;NA;0;NA;NA;1;0;NA;NA;NA;NA;NA;1;0;NA;NA;NA;NA;NA;NA;NA;NA;NA;NA;0;NA;1;1;NA;NA;NA;NA;NA;NA;NA;NA;NA;NA;NA;NA;NA;NA;NA;NA;NA;NA;NA;NA;NA;NA
6430_hf - hf_min;244;0;0;NA;0;0;0;0;0;0;0;0;0;0;0;0;NA;NA;NA;NA;NA;NA;NA;NA;NA;NA;NA;0;0;0;1;NA;NA;NA;NA;NA;NA;NA;NA;NA;NA;0;0;NA;NA;NA;NA;NA;NA;0;0;1;NA;NA;NA;NA;NA;NA;NA;NA;NA;0;0;NA;0;NA;NA;0;NA;NA;1;0;NA;NA;NA;NA;NA;1;0;NA;NA;NA;NA;NA;NA;NA;NA;NA;NA;0;NA;1;1;NA;NA;NA;NA;NA;NA;NA;NA;NA;NA;NA;NA;NA;NA;NA;NA;NA;NA;NA;NA;NA;NA
6430_hf - hf_min;245;0;1;0;0;0;0;0;0;0;0;0;0;0;0;0;NA;NA;NA;NA;NA;NA;NA;NA;NA;NA;NA;0;0;0;1;NA;NA;NA;NA;NA;NA;NA;NA;NA;NA;0;0;NA;NA;NA;NA;NA;NA;0;0;1;NA;NA;NA;NA;NA;NA;NA;NA;NA;0;0;NA;0;NA;NA;0;NA;NA;1;0;NA;NA;NA;NA;NA;1;0;NA;NA;NA;NA;NA;NA;NA;NA;NA;NA;0;NA;1;1;NA;NA;NA;NA;NA;NA;NA;NA;NA;NA;NA;NA;NA;NA;NA;NA;NA;NA;NA;NA;NA;NA
6430_hf - hf_min;246;0;0;NA;0;0;0;0;0;0;0;0;0;0;0;1;0;0;0;0;1;0;0;0;NA;NA;NA;0;0;0;1;NA;NA;NA;NA;NA;NA;NA;NA;NA;NA;0;0;NA;NA;NA;NA;NA;NA;0;0;1;NA;NA;NA;NA;NA;NA;NA;NA;NA;0;0;NA;0;NA;NA;0;NA;NA;1;0;NA;NA;NA;NA;NA;1;0;NA;NA;NA;NA;NA;NA;NA;NA;NA;NA;0;NA;1;1;NA;NA;NA;NA;NA;NA;NA;NA;NA;NA;NA;NA;NA;NA;NA;NA;NA;NA;NA;NA;NA;NA
6430_hf - hf_min;247;0;1;0;0;0;0;0;0;0;0;0;0;0;0;1;0;0;0;0;1;0;0;0;NA;NA;NA;0;0;0;1;NA;NA;NA;NA;NA;NA;NA;NA;NA;NA;0;0;NA;NA;NA;NA;NA;NA;0;0;1;NA;NA;NA;NA;NA;NA;NA;NA;NA;0;0;NA;0;NA;NA;0;NA;NA;1;0;NA;NA;NA;NA;NA;1;0;NA;NA;NA;NA;NA;NA;NA;NA;NA;NA;0;NA;1;1;NA;NA;NA;NA;NA;NA;NA;NA;NA;NA;NA;NA;NA;NA;NA;NA;NA;NA;NA;NA;NA;NA
6430_hf - hf_min;248;0;0;NA;0;0;0;0;0;0;0;0;0;0;0;1;0;0;0;0;0;NA;NA;NA;0;0;0;0;0;0;1;NA;NA;NA;NA;NA;NA;NA;NA;NA;NA;0;0;NA;NA;NA;NA;NA;NA;0;0;1;NA;NA;NA;NA;NA;NA;NA;NA;NA;0;0;NA;0;NA;NA;0;NA;NA;1;0;NA;NA;NA;NA;NA;1;0;NA;NA;NA;NA;NA;NA;NA;NA;NA;NA;0;NA;1;1;NA;NA;NA;NA;NA;NA;NA;NA;NA;NA;NA;NA;NA;NA;NA;NA;NA;NA;NA;NA;NA;NA
6430_hf - hf_min;249;0;1;0;0;0;0;0;0;0;0;0;0;0;0;1;0;0;0;0;0;NA;NA;NA;0;0;0;0;0;0;1;NA;NA;NA;NA;NA;NA;NA;NA;NA;NA;0;0;NA;NA;NA;NA;NA;NA;0;0;1;NA;NA;NA;NA;NA;NA;NA;NA;NA;0;0;NA;0;NA;NA;0;NA;NA;1;0;NA;NA;NA;NA;NA;1;0;NA;NA;NA;NA;NA;NA;NA;NA;NA;NA;0;NA;1;1;NA;NA;NA;NA;NA;NA;NA;NA;NA;NA;NA;NA;NA;NA;NA;NA;NA;NA;NA;NA;NA;NA
6430_hf - hf_min;250;0;0;NA;0;0;0;0;0;0;0;0;0;0;0;0;NA;NA;NA;NA;NA;NA;NA;NA;NA;NA;NA;0;0;0;0;NA;1;NA;NA;NA;NA;NA;NA;NA;NA;NA;NA;NA;NA;NA;NA;NA;NA;NA;NA;NA;NA;NA;NA;NA;NA;NA;NA;NA;NA;0;0;NA;0;NA;NA;0;NA;NA;0;NA;NA;NA;NA;NA;NA;0;NA;NA;NA;NA;NA;NA;NA;NA;NA;NA;NA;0;NA;1;NA;1;NA;NA;NA;NA;NA;NA;NA;NA;NA;NA;NA;NA;NA;NA;NA;NA;NA;NA;NA;NA;NA
6430_hf - hf_min;251;0;1;0;0;0;0;0;0;0;0;0;0;0;0;0;NA;NA;NA;NA;NA;NA;NA;NA;NA;NA;NA;0;0;0;0;NA;1;NA;NA;NA;NA;NA;NA;NA;NA;NA;NA;NA;NA;NA;NA;NA;NA;NA;NA;NA;NA;NA;NA;NA;NA;NA;NA;NA;NA;0;0;NA;0;NA;NA;0;NA;NA;0;NA;NA;NA;NA;NA;NA;0;NA;NA;NA;NA;NA;NA;NA;NA;NA;NA;NA;0;NA;1;NA;1;NA;NA;NA;NA;NA;NA;NA;NA;NA;NA;NA;NA;NA;NA;NA;NA;NA;NA;NA;NA;NA
6430_hf - hf_min;252;0;0;NA;0;0;0;0;0;0;0;0;0;0;0;1;0;0;0;0;1;0;0;0;NA;NA;NA;0;0;0;0;NA;1;NA;NA;NA;NA;NA;NA;NA;NA;NA;NA;NA;NA;NA;NA;NA;NA;NA;NA;NA;NA;NA;NA;NA;NA;NA;NA;NA;NA;0;0;NA;0;NA;NA;0;NA;NA;0;NA;NA;NA;NA;NA;NA;0;NA;NA;NA;NA;NA;NA;NA;NA;NA;NA;NA;0;NA;1;NA;1;NA;NA;NA;NA;NA;NA;NA;NA;NA;NA;NA;NA;NA;NA;NA;NA;NA;NA;NA;NA;NA
6430_hf - hf_min;253;0;1;0;0;0;0;0;0;0;0;0;0;0;0;1;0;0;0;0;1;0;0;0;NA;NA;NA;0;0;0;0;NA;1;NA;NA;NA;NA;NA;NA;NA;NA;NA;NA;NA;NA;NA;NA;NA;NA;NA;NA;NA;NA;NA;NA;NA;NA;NA;NA;NA;NA;0;0;NA;0;NA;NA;0;NA;NA;0;NA;NA;NA;NA;NA;NA;0;NA;NA;NA;NA;NA;NA;NA;NA;NA;NA;NA;0;NA;1;NA;1;NA;NA;NA;NA;NA;NA;NA;NA;NA;NA;NA;NA;NA;NA;NA;NA;NA;NA;NA;NA;NA
6430_hf - hf_min;254;0;0;NA;0;0;0;0;0;0;0;0;0;0;0;1;0;0;0;0;0;NA;NA;NA;0;0;0;0;0;0;0;NA;1;NA;NA;NA;NA;NA;NA;NA;NA;NA;NA;NA;NA;NA;NA;NA;NA;NA;NA;NA;NA;NA;NA;NA;NA;NA;NA;NA;NA;0;0;NA;0;NA;NA;0;NA;NA;0;NA;NA;NA;NA;NA;NA;0;NA;NA;NA;NA;NA;NA;NA;NA;NA;NA;NA;0;NA;1;NA;1;NA;NA;NA;NA;NA;NA;NA;NA;NA;NA;NA;NA;NA;NA;NA;NA;NA;NA;NA;NA;NA
6430_hf - hf_min;255;0;1;0;0;0;0;0;0;0;0;0;0;0;0;1;0;0;0;0;0;NA;NA;NA;0;0;0;0;0;0;0;NA;1;NA;NA;NA;NA;NA;NA;NA;NA;NA;NA;NA;NA;NA;NA;NA;NA;NA;NA;NA;NA;NA;NA;NA;NA;NA;NA;NA;NA;0;0;NA;0;NA;NA;0;NA;NA;0;NA;NA;NA;NA;NA;NA;0;NA;NA;NA;NA;NA;NA;NA;NA;NA;NA;NA;0;NA;1;NA;1;NA;NA;NA;NA;NA;NA;NA;NA;NA;NA;NA;NA;NA;NA;NA;NA;NA;NA;NA;NA;NA
6430_hf - hf_min;256;0;0;NA;0;0;0;0;0;0;0;0;0;0;0;0;NA;NA;NA;NA;NA;NA;NA;NA;NA;NA;NA;0;0;0;0;1;NA;NA;1;NA;NA;NA;NA;NA;NA;NA;NA;NA;NA;NA;NA;NA;NA;NA;NA;NA;NA;NA;NA;NA;NA;NA;NA;NA;NA;0;0;NA;0;NA;NA;0;NA;NA;0;NA;NA;NA;NA;NA;NA;0;NA;NA;NA;NA;NA;NA;NA;NA;NA;NA;NA;0;NA;1;NA;1;NA;NA;NA;NA;NA;NA;NA;NA;NA;NA;NA;NA;NA;NA;NA;NA;NA;NA;NA;NA;NA
6430_hf - hf_min;257;0;1;0;0;0;0;0;0;0;0;0;0;0;0;0;NA;NA;NA;NA;NA;NA;NA;NA;NA;NA;NA;0;0;0;0;1;NA;NA;1;NA;NA;NA;NA;NA;NA;NA;NA;NA;NA;NA;NA;NA;NA;NA;NA;NA;NA;NA;NA;NA;NA;NA;NA;NA;NA;0;0;NA;0;NA;NA;0;NA;NA;0;NA;NA;NA;NA;NA;NA;0;NA;NA;NA;NA;NA;NA;NA;NA;NA;NA;NA;0;NA;1;NA;1;NA;NA;NA;NA;NA;NA;NA;NA;NA;NA;NA;NA;NA;NA;NA;NA;NA;NA;NA;NA;NA
6430_hf - hf_min;258;0;0;NA;0;0;0;0;0;0;0;0;0;0;0;1;0;0;0;0;1;0;0;0;NA;NA;NA;0;0;0;0;1;NA;NA;1;NA;NA;NA;NA;NA;NA;NA;NA;NA;NA;NA;NA;NA;NA;NA;NA;NA;NA;NA;NA;NA;NA;NA;NA;NA;NA;0;0;NA;0;NA;NA;0;NA;NA;0;NA;NA;NA;NA;NA;NA;0;NA;NA;NA;NA;NA;NA;NA;NA;NA;NA;NA;0;NA;1;NA;1;NA;NA;NA;NA;NA;NA;NA;NA;NA;NA;NA;NA;NA;NA;NA;NA;NA;NA;NA;NA;NA
6430_hf - hf_min;259;0;1;0;0;0;0;0;0;0;0;0;0;0;0;1;0;0;0;0;1;0;0;0;NA;NA;NA;0;0;0;0;1;NA;NA;1;NA;NA;NA;NA;NA;NA;NA;NA;NA;NA;NA;NA;NA;NA;NA;NA;NA;NA;NA;NA;NA;NA;NA;NA;NA;NA;0;0;NA;0;NA;NA;0;NA;NA;0;NA;NA;NA;NA;NA;NA;0;NA;NA;NA;NA;NA;NA;NA;NA;NA;NA;NA;0;NA;1;NA;1;NA;NA;NA;NA;NA;NA;NA;NA;NA;NA;NA;NA;NA;NA;NA;NA;NA;NA;NA;NA;NA
6430_hf - hf_min;260;0;0;NA;0;0;0;0;0;0;0;0;0;0;0;1;0;0;0;0;0;NA;NA;NA;0;0;0;0;0;0;0;1;NA;NA;1;NA;NA;NA;NA;NA;NA;NA;NA;NA;NA;NA;NA;NA;NA;NA;NA;NA;NA;NA;NA;NA;NA;NA;NA;NA;NA;0;0;NA;0;NA;NA;0;NA;NA;0;NA;NA;NA;NA;NA;NA;0;NA;NA;NA;NA;NA;NA;NA;NA;NA;NA;NA;0;NA;1;NA;1;NA;NA;NA;NA;NA;NA;NA;NA;NA;NA;NA;NA;NA;NA;NA;NA;NA;NA;NA;NA;NA
6430_hf - hf_min;261;0;1;0;0;0;0;0;0;0;0;0;0;0;0;1;0;0;0;0;0;NA;NA;NA;0;0;0;0;0;0;0;1;NA;NA;1;NA;NA;NA;NA;NA;NA;NA;NA;NA;NA;NA;NA;NA;NA;NA;NA;NA;NA;NA;NA;NA;NA;NA;NA;NA;NA;0;0;NA;0;NA;NA;0;NA;NA;0;NA;NA;NA;NA;NA;NA;0;NA;NA;NA;NA;NA;NA;NA;NA;NA;NA;NA;0;NA;1;NA;1;NA;NA;NA;NA;NA;NA;NA;NA;NA;NA;NA;NA;NA;NA;NA;NA;NA;NA;NA;NA;NA
6430_hf - hf_min;262;0;0;NA;0;0;0;0;0;0;0;0;0;0;0;0;NA;NA;NA;NA;NA;NA;NA;NA;NA;NA;NA;0;0;0;1;NA;NA;NA;1;NA;NA;NA;NA;NA;NA;0;0;NA;NA;NA;NA;NA;NA;0;1;NA;NA;NA;NA;NA;NA;NA;NA;NA;NA;0;0;NA;0;NA;NA;0;NA;NA;0;NA;NA;NA;NA;NA;NA;0;NA;NA;NA;NA;NA;NA;NA;NA;NA;NA;NA;0;NA;1;NA;1;NA;NA;NA;NA;NA;NA;NA;NA;NA;NA;NA;NA;NA;NA;NA;NA;NA;NA;NA;NA;NA
6430_hf - hf_min;263;0;1;0;0;0;0;0;0;0;0;0;0;0;0;0;NA;NA;NA;NA;NA;NA;NA;NA;NA;NA;NA;0;0;0;1;NA;NA;NA;1;NA;NA;NA;NA;NA;NA;0;0;NA;NA;NA;NA;NA;NA;0;1;NA;NA;NA;NA;NA;NA;NA;NA;NA;NA;0;0;NA;0;NA;NA;0;NA;NA;0;NA;NA;NA;NA;NA;NA;0;NA;NA;NA;NA;NA;NA;NA;NA;NA;NA;NA;0;NA;1;NA;1;NA;NA;NA;NA;NA;NA;NA;NA;NA;NA;NA;NA;NA;NA;NA;NA;NA;NA;NA;NA;NA
6430_hf - hf_min;264;0;0;NA;0;0;0;0;0;0;0;0;0;0;0;1;0;0;0;0;1;0;0;0;NA;NA;NA;0;0;0;1;NA;NA;NA;1;NA;NA;NA;NA;NA;NA;0;0;NA;NA;NA;NA;NA;NA;0;1;NA;NA;NA;NA;NA;NA;NA;NA;NA;NA;0;0;NA;0;NA;NA;0;NA;NA;0;NA;NA;NA;NA;NA;NA;0;NA;NA;NA;NA;NA;NA;NA;NA;NA;NA;NA;0;NA;1;NA;1;NA;NA;NA;NA;NA;NA;NA;NA;NA;NA;NA;NA;NA;NA;NA;NA;NA;NA;NA;NA;NA
6430_hf - hf_min;265;0;1;0;0;0;0;0;0;0;0;0;0;0;0;1;0;0;0;0;1;0;0;0;NA;NA;NA;0;0;0;1;NA;NA;NA;1;NA;NA;NA;NA;NA;NA;0;0;NA;NA;NA;NA;NA;NA;0;1;NA;NA;NA;NA;NA;NA;NA;NA;NA;NA;0;0;NA;0;NA;NA;0;NA;NA;0;NA;NA;NA;NA;NA;NA;0;NA;NA;NA;NA;NA;NA;NA;NA;NA;NA;NA;0;NA;1;NA;1;NA;NA;NA;NA;NA;NA;NA;NA;NA;NA;NA;NA;NA;NA;NA;NA;NA;NA;NA;NA;NA
6430_hf - hf_min;266;0;0;NA;0;0;0;0;0;0;0;0;0;0;0;1;0;0;0;0;0;NA;NA;NA;0;0;0;0;0;0;1;NA;NA;NA;1;NA;NA;NA;NA;NA;NA;0;0;NA;NA;NA;NA;NA;NA;0;1;NA;NA;NA;NA;NA;NA;NA;NA;NA;NA;0;0;NA;0;NA;NA;0;NA;NA;0;NA;NA;NA;NA;NA;NA;0;NA;NA;NA;NA;NA;NA;NA;NA;NA;NA;NA;0;NA;1;NA;1;NA;NA;NA;NA;NA;NA;NA;NA;NA;NA;NA;NA;NA;NA;NA;NA;NA;NA;NA;NA;NA
6430_hf - hf_min;267;0;1;0;0;0;0;0;0;0;0;0;0;0;0;1;0;0;0;0;0;NA;NA;NA;0;0;0;0;0;0;1;NA;NA;NA;1;NA;NA;NA;NA;NA;NA;0;0;NA;NA;NA;NA;NA;NA;0;1;NA;NA;NA;NA;NA;NA;NA;NA;NA;NA;0;0;NA;0;NA;NA;0;NA;NA;0;NA;NA;NA;NA;NA;NA;0;NA;NA;NA;NA;NA;NA;NA;NA;NA;NA;NA;0;NA;1;NA;1;NA;NA;NA;NA;NA;NA;NA;NA;NA;NA;NA;NA;NA;NA;NA;NA;NA;NA;NA;NA;NA
6430_hf - hf_min;268;0;0;NA;0;0;0;0;0;0;0;0;0;0;0;0;NA;NA;NA;NA;NA;NA;NA;NA;NA;NA;NA;0;0;0;1;NA;NA;NA;NA;NA;NA;NA;NA;NA;NA;0;0;NA;NA;NA;NA;NA;NA;0;0;1;NA;NA;NA;NA;NA;NA;NA;NA;NA;0;0;NA;0;NA;NA;0;NA;NA;0;NA;NA;NA;NA;NA;NA;0;NA;NA;NA;NA;NA;NA;NA;NA;NA;NA;NA;0;NA;1;NA;1;NA;NA;NA;NA;NA;NA;NA;NA;NA;NA;NA;NA;NA;NA;NA;NA;NA;NA;NA;NA;NA
6430_hf - hf_min;269;0;1;0;0;0;0;0;0;0;0;0;0;0;0;0;NA;NA;NA;NA;NA;NA;NA;NA;NA;NA;NA;0;0;0;1;NA;NA;NA;NA;NA;NA;NA;NA;NA;NA;0;0;NA;NA;NA;NA;NA;NA;0;0;1;NA;NA;NA;NA;NA;NA;NA;NA;NA;0;0;NA;0;NA;NA;0;NA;NA;0;NA;NA;NA;NA;NA;NA;0;NA;NA;NA;NA;NA;NA;NA;NA;NA;NA;NA;0;NA;1;NA;1;NA;NA;NA;NA;NA;NA;NA;NA;NA;NA;NA;NA;NA;NA;NA;NA;NA;NA;NA;NA;NA
6430_hf - hf_min;270;0;0;NA;0;0;0;0;0;0;0;0;0;0;0;1;0;0;0;0;1;0;0;0;NA;NA;NA;0;0;0;1;NA;NA;NA;NA;NA;NA;NA;NA;NA;NA;0;0;NA;NA;NA;NA;NA;NA;0;0;1;NA;NA;NA;NA;NA;NA;NA;NA;NA;0;0;NA;0;NA;NA;0;NA;NA;0;NA;NA;NA;NA;NA;NA;0;NA;NA;NA;NA;NA;NA;NA;NA;NA;NA;NA;0;NA;1;NA;1;NA;NA;NA;NA;NA;NA;NA;NA;NA;NA;NA;NA;NA;NA;NA;NA;NA;NA;NA;NA;NA
6430_hf - hf_min;271;0;1;0;0;0;0;0;0;0;0;0;0;0;0;1;0;0;0;0;1;0;0;0;NA;NA;NA;0;0;0;1;NA;NA;NA;NA;NA;NA;NA;NA;NA;NA;0;0;NA;NA;NA;NA;NA;NA;0;0;1;NA;NA;NA;NA;NA;NA;NA;NA;NA;0;0;NA;0;NA;NA;0;NA;NA;0;NA;NA;NA;NA;NA;NA;0;NA;NA;NA;NA;NA;NA;NA;NA;NA;NA;NA;0;NA;1;NA;1;NA;NA;NA;NA;NA;NA;NA;NA;NA;NA;NA;NA;NA;NA;NA;NA;NA;NA;NA;NA;NA
6430_hf - hf_min;272;0;0;NA;0;0;0;0;0;0;0;0;0;0;0;1;0;0;0;0;0;NA;NA;NA;0;0;0;0;0;0;1;NA;NA;NA;NA;NA;NA;NA;NA;NA;NA;0;0;NA;NA;NA;NA;NA;NA;0;0;1;NA;NA;NA;NA;NA;NA;NA;NA;NA;0;0;NA;0;NA;NA;0;NA;NA;0;NA;NA;NA;NA;NA;NA;0;NA;NA;NA;NA;NA;NA;NA;NA;NA;NA;NA;0;NA;1;NA;1;NA;NA;NA;NA;NA;NA;NA;NA;NA;NA;NA;NA;NA;NA;NA;NA;NA;NA;NA;NA;NA
6430_hf - hf_min;273;0;1;0;0;0;0;0;0;0;0;0;0;0;0;1;0;0;0;0;0;NA;NA;NA;0;0;0;0;0;0;1;NA;NA;NA;NA;NA;NA;NA;NA;NA;NA;0;0;NA;NA;NA;NA;NA;NA;0;0;1;NA;NA;NA;NA;NA;NA;NA;NA;NA;0;0;NA;0;NA;NA;0;NA;NA;0;NA;NA;NA;NA;NA;NA;0;NA;NA;NA;NA;NA;NA;NA;NA;NA;NA;NA;0;NA;1;NA;1;NA;NA;NA;NA;NA;NA;NA;NA;NA;NA;NA;NA;NA;NA;NA;NA;NA;NA;NA;NA;NA
6430_hf - hf_min;274;0;0;NA;0;0;0;0;0;0;0;0;0;0;0;0;NA;NA;NA;NA;NA;NA;NA;NA;NA;NA;NA;0;0;0;0;NA;1;NA;NA;NA;NA;NA;NA;NA;NA;NA;NA;NA;NA;NA;NA;NA;NA;NA;NA;NA;NA;NA;NA;NA;NA;NA;NA;NA;NA;0;0;NA;0;NA;NA;0;NA;NA;1;0;NA;NA;NA;NA;NA;0;NA;NA;NA;NA;NA;NA;NA;NA;NA;NA;NA;0;NA;1;NA;1;NA;NA;NA;NA;NA;NA;NA;NA;NA;NA;NA;NA;NA;NA;NA;NA;NA;NA;NA;NA;NA
6430_hf - hf_min;275;0;1;0;0;0;0;0;0;0;0;0;0;0;0;0;NA;NA;NA;NA;NA;NA;NA;NA;NA;NA;NA;0;0;0;0;NA;1;NA;NA;NA;NA;NA;NA;NA;NA;NA;NA;NA;NA;NA;NA;NA;NA;NA;NA;NA;NA;NA;NA;NA;NA;NA;NA;NA;NA;0;0;NA;0;NA;NA;0;NA;NA;1;0;NA;NA;NA;NA;NA;0;NA;NA;NA;NA;NA;NA;NA;NA;NA;NA;NA;0;NA;1;NA;1;NA;NA;NA;NA;NA;NA;NA;NA;NA;NA;NA;NA;NA;NA;NA;NA;NA;NA;NA;NA;NA
6430_hf - hf_min;276;0;0;NA;0;0;0;0;0;0;0;0;0;0;0;1;0;0;0;0;1;0;0;0;NA;NA;NA;0;0;0;0;NA;1;NA;NA;NA;NA;NA;NA;NA;NA;NA;NA;NA;NA;NA;NA;NA;NA;NA;NA;NA;NA;NA;NA;NA;NA;NA;NA;NA;NA;0;0;NA;0;NA;NA;0;NA;NA;1;0;NA;NA;NA;NA;NA;0;NA;NA;NA;NA;NA;NA;NA;NA;NA;NA;NA;0;NA;1;NA;1;NA;NA;NA;NA;NA;NA;NA;NA;NA;NA;NA;NA;NA;NA;NA;NA;NA;NA;NA;NA;NA
6430_hf - hf_min;277;0;1;0;0;0;0;0;0;0;0;0;0;0;0;1;0;0;0;0;1;0;0;0;NA;NA;NA;0;0;0;0;NA;1;NA;NA;NA;NA;NA;NA;NA;NA;NA;NA;NA;NA;NA;NA;NA;NA;NA;NA;NA;NA;NA;NA;NA;NA;NA;NA;NA;NA;0;0;NA;0;NA;NA;0;NA;NA;1;0;NA;NA;NA;NA;NA;0;NA;NA;NA;NA;NA;NA;NA;NA;NA;NA;NA;0;NA;1;NA;1;NA;NA;NA;NA;NA;NA;NA;NA;NA;NA;NA;NA;NA;NA;NA;NA;NA;NA;NA;NA;NA
6430_hf - hf_min;278;0;0;NA;0;0;0;0;0;0;0;0;0;0;0;1;0;0;0;0;0;NA;NA;NA;0;0;0;0;0;0;0;NA;1;NA;NA;NA;NA;NA;NA;NA;NA;NA;NA;NA;NA;NA;NA;NA;NA;NA;NA;NA;NA;NA;NA;NA;NA;NA;NA;NA;NA;0;0;NA;0;NA;NA;0;NA;NA;1;0;NA;NA;NA;NA;NA;0;NA;NA;NA;NA;NA;NA;NA;NA;NA;NA;NA;0;NA;1;NA;1;NA;NA;NA;NA;NA;NA;NA;NA;NA;NA;NA;NA;NA;NA;NA;NA;NA;NA;NA;NA;NA
6430_hf - hf_min;279;0;1;0;0;0;0;0;0;0;0;0;0;0;0;1;0;0;0;0;0;NA;NA;NA;0;0;0;0;0;0;0;NA;1;NA;NA;NA;NA;NA;NA;NA;NA;NA;NA;NA;NA;NA;NA;NA;NA;NA;NA;NA;NA;NA;NA;NA;NA;NA;NA;NA;NA;0;0;NA;0;NA;NA;0;NA;NA;1;0;NA;NA;NA;NA;NA;0;NA;NA;NA;NA;NA;NA;NA;NA;NA;NA;NA;0;NA;1;NA;1;NA;NA;NA;NA;NA;NA;NA;NA;NA;NA;NA;NA;NA;NA;NA;NA;NA;NA;NA;NA;NA
6430_hf - hf_min;280;0;0;NA;0;0;0;0;0;0;0;0;0;0;0;0;NA;NA;NA;NA;NA;NA;NA;NA;NA;NA;NA;0;0;0;0;1;NA;NA;1;NA;NA;NA;NA;NA;NA;NA;NA;NA;NA;NA;NA;NA;NA;NA;NA;NA;NA;NA;NA;NA;NA;NA;NA;NA;NA;0;0;NA;0;NA;NA;0;NA;NA;1;0;NA;NA;NA;NA;NA;0;NA;NA;NA;NA;NA;NA;NA;NA;NA;NA;NA;0;NA;1;NA;1;NA;NA;NA;NA;NA;NA;NA;NA;NA;NA;NA;NA;NA;NA;NA;NA;NA;NA;NA;NA;NA
6430_hf - hf_min;281;0;1;0;0;0;0;0;0;0;0;0;0;0;0;0;NA;NA;NA;NA;NA;NA;NA;NA;NA;NA;NA;0;0;0;0;1;NA;NA;1;NA;NA;NA;NA;NA;NA;NA;NA;NA;NA;NA;NA;NA;NA;NA;NA;NA;NA;NA;NA;NA;NA;NA;NA;NA;NA;0;0;NA;0;NA;NA;0;NA;NA;1;0;NA;NA;NA;NA;NA;0;NA;NA;NA;NA;NA;NA;NA;NA;NA;NA;NA;0;NA;1;NA;1;NA;NA;NA;NA;NA;NA;NA;NA;NA;NA;NA;NA;NA;NA;NA;NA;NA;NA;NA;NA;NA
6430_hf - hf_min;282;0;0;NA;0;0;0;0;0;0;0;0;0;0;0;1;0;0;0;0;1;0;0;0;NA;NA;NA;0;0;0;0;1;NA;NA;1;NA;NA;NA;NA;NA;NA;NA;NA;NA;NA;NA;NA;NA;NA;NA;NA;NA;NA;NA;NA;NA;NA;NA;NA;NA;NA;0;0;NA;0;NA;NA;0;NA;NA;1;0;NA;NA;NA;NA;NA;0;NA;NA;NA;NA;NA;NA;NA;NA;NA;NA;NA;0;NA;1;NA;1;NA;NA;NA;NA;NA;NA;NA;NA;NA;NA;NA;NA;NA;NA;NA;NA;NA;NA;NA;NA;NA
6430_hf - hf_min;283;0;1;0;0;0;0;0;0;0;0;0;0;0;0;1;0;0;0;0;1;0;0;0;NA;NA;NA;0;0;0;0;1;NA;NA;1;NA;NA;NA;NA;NA;NA;NA;NA;NA;NA;NA;NA;NA;NA;NA;NA;NA;NA;NA;NA;NA;NA;NA;NA;NA;NA;0;0;NA;0;NA;NA;0;NA;NA;1;0;NA;NA;NA;NA;NA;0;NA;NA;NA;NA;NA;NA;NA;NA;NA;NA;NA;0;NA;1;NA;1;NA;NA;NA;NA;NA;NA;NA;NA;NA;NA;NA;NA;NA;NA;NA;NA;NA;NA;NA;NA;NA
6430_hf - hf_min;284;0;0;NA;0;0;0;0;0;0;0;0;0;0;0;1;0;0;0;0;0;NA;NA;NA;0;0;0;0;0;0;0;1;NA;NA;1;NA;NA;NA;NA;NA;NA;NA;NA;NA;NA;NA;NA;NA;NA;NA;NA;NA;NA;NA;NA;NA;NA;NA;NA;NA;NA;0;0;NA;0;NA;NA;0;NA;NA;1;0;NA;NA;NA;NA;NA;0;NA;NA;NA;NA;NA;NA;NA;NA;NA;NA;NA;0;NA;1;NA;1;NA;NA;NA;NA;NA;NA;NA;NA;NA;NA;NA;NA;NA;NA;NA;NA;NA;NA;NA;NA;NA
6430_hf - hf_min;285;0;1;0;0;0;0;0;0;0;0;0;0;0;0;1;0;0;0;0;0;NA;NA;NA;0;0;0;0;0;0;0;1;NA;NA;1;NA;NA;NA;NA;NA;NA;NA;NA;NA;NA;NA;NA;NA;NA;NA;NA;NA;NA;NA;NA;NA;NA;NA;NA;NA;NA;0;0;NA;0;NA;NA;0;NA;NA;1;0;NA;NA;NA;NA;NA;0;NA;NA;NA;NA;NA;NA;NA;NA;NA;NA;NA;0;NA;1;NA;1;NA;NA;NA;NA;NA;NA;NA;NA;NA;NA;NA;NA;NA;NA;NA;NA;NA;NA;NA;NA;NA
6430_hf - hf_min;286;0;0;NA;0;0;0;0;0;0;0;0;0;0;0;0;NA;NA;NA;NA;NA;NA;NA;NA;NA;NA;NA;0;0;0;1;NA;NA;NA;1;NA;NA;NA;NA;NA;NA;0;0;NA;NA;NA;NA;NA;NA;0;1;NA;NA;NA;NA;NA;NA;NA;NA;NA;NA;0;0;NA;0;NA;NA;0;NA;NA;1;0;NA;NA;NA;NA;NA;0;NA;NA;NA;NA;NA;NA;NA;NA;NA;NA;NA;0;NA;1;NA;1;NA;NA;NA;NA;NA;NA;NA;NA;NA;NA;NA;NA;NA;NA;NA;NA;NA;NA;NA;NA;NA
6430_hf - hf_min;287;0;1;0;0;0;0;0;0;0;0;0;0;0;0;0;NA;NA;NA;NA;NA;NA;NA;NA;NA;NA;NA;0;0;0;1;NA;NA;NA;1;NA;NA;NA;NA;NA;NA;0;0;NA;NA;NA;NA;NA;NA;0;1;NA;NA;NA;NA;NA;NA;NA;NA;NA;NA;0;0;NA;0;NA;NA;0;NA;NA;1;0;NA;NA;NA;NA;NA;0;NA;NA;NA;NA;NA;NA;NA;NA;NA;NA;NA;0;NA;1;NA;1;NA;NA;NA;NA;NA;NA;NA;NA;NA;NA;NA;NA;NA;NA;NA;NA;NA;NA;NA;NA;NA
6430_hf - hf_min;288;0;0;NA;0;0;0;0;0;0;0;0;0;0;0;1;0;0;0;0;1;0;0;0;NA;NA;NA;0;0;0;1;NA;NA;NA;1;NA;NA;NA;NA;NA;NA;0;0;NA;NA;NA;NA;NA;NA;0;1;NA;NA;NA;NA;NA;NA;NA;NA;NA;NA;0;0;NA;0;NA;NA;0;NA;NA;1;0;NA;NA;NA;NA;NA;0;NA;NA;NA;NA;NA;NA;NA;NA;NA;NA;NA;0;NA;1;NA;1;NA;NA;NA;NA;NA;NA;NA;NA;NA;NA;NA;NA;NA;NA;NA;NA;NA;NA;NA;NA;NA
6430_hf - hf_min;289;0;1;0;0;0;0;0;0;0;0;0;0;0;0;1;0;0;0;0;1;0;0;0;NA;NA;NA;0;0;0;1;NA;NA;NA;1;NA;NA;NA;NA;NA;NA;0;0;NA;NA;NA;NA;NA;NA;0;1;NA;NA;NA;NA;NA;NA;NA;NA;NA;NA;0;0;NA;0;NA;NA;0;NA;NA;1;0;NA;NA;NA;NA;NA;0;NA;NA;NA;NA;NA;NA;NA;NA;NA;NA;NA;0;NA;1;NA;1;NA;NA;NA;NA;NA;NA;NA;NA;NA;NA;NA;NA;NA;NA;NA;NA;NA;NA;NA;NA;NA
6430_hf - hf_min;290;0;0;NA;0;0;0;0;0;0;0;0;0;0;0;1;0;0;0;0;0;NA;NA;NA;0;0;0;0;0;0;1;NA;NA;NA;1;NA;NA;NA;NA;NA;NA;0;0;NA;NA;NA;NA;NA;NA;0;1;NA;NA;NA;NA;NA;NA;NA;NA;NA;NA;0;0;NA;0;NA;NA;0;NA;NA;1;0;NA;NA;NA;NA;NA;0;NA;NA;NA;NA;NA;NA;NA;NA;NA;NA;NA;0;NA;1;NA;1;NA;NA;NA;NA;NA;NA;NA;NA;NA;NA;NA;NA;NA;NA;NA;NA;NA;NA;NA;NA;NA
6430_hf - hf_min;291;0;1;0;0;0;0;0;0;0;0;0;0;0;0;1;0;0;0;0;0;NA;NA;NA;0;0;0;0;0;0;1;NA;NA;NA;1;NA;NA;NA;NA;NA;NA;0;0;NA;NA;NA;NA;NA;NA;0;1;NA;NA;NA;NA;NA;NA;NA;NA;NA;NA;0;0;NA;0;NA;NA;0;NA;NA;1;0;NA;NA;NA;NA;NA;0;NA;NA;NA;NA;NA;NA;NA;NA;NA;NA;NA;0;NA;1;NA;1;NA;NA;NA;NA;NA;NA;NA;NA;NA;NA;NA;NA;NA;NA;NA;NA;NA;NA;NA;NA;NA
6430_hf - hf_min;292;0;0;NA;0;0;0;0;0;0;0;0;0;0;0;0;NA;NA;NA;NA;NA;NA;NA;NA;NA;NA;NA;0;0;0;1;NA;NA;NA;NA;NA;NA;NA;NA;NA;NA;0;0;NA;NA;NA;NA;NA;NA;0;0;1;NA;NA;NA;NA;NA;NA;NA;NA;NA;0;0;NA;0;NA;NA;0;NA;NA;1;0;NA;NA;NA;NA;NA;0;NA;NA;NA;NA;NA;NA;NA;NA;NA;NA;NA;0;NA;1;NA;1;NA;NA;NA;NA;NA;NA;NA;NA;NA;NA;NA;NA;NA;NA;NA;NA;NA;NA;NA;NA;NA
6430_hf - hf_min;293;0;1;0;0;0;0;0;0;0;0;0;0;0;0;0;NA;NA;NA;NA;NA;NA;NA;NA;NA;NA;NA;0;0;0;1;NA;NA;NA;NA;NA;NA;NA;NA;NA;NA;0;0;NA;NA;NA;NA;NA;NA;0;0;1;NA;NA;NA;NA;NA;NA;NA;NA;NA;0;0;NA;0;NA;NA;0;NA;NA;1;0;NA;NA;NA;NA;NA;0;NA;NA;NA;NA;NA;NA;NA;NA;NA;NA;NA;0;NA;1;NA;1;NA;NA;NA;NA;NA;NA;NA;NA;NA;NA;NA;NA;NA;NA;NA;NA;NA;NA;NA;NA;NA
6430_hf - hf_min;294;0;0;NA;0;0;0;0;0;0;0;0;0;0;0;1;0;0;0;0;1;0;0;0;NA;NA;NA;0;0;0;1;NA;NA;NA;NA;NA;NA;NA;NA;NA;NA;0;0;NA;NA;NA;NA;NA;NA;0;0;1;NA;NA;NA;NA;NA;NA;NA;NA;NA;0;0;NA;0;NA;NA;0;NA;NA;1;0;NA;NA;NA;NA;NA;0;NA;NA;NA;NA;NA;NA;NA;NA;NA;NA;NA;0;NA;1;NA;1;NA;NA;NA;NA;NA;NA;NA;NA;NA;NA;NA;NA;NA;NA;NA;NA;NA;NA;NA;NA;NA
6430_hf - hf_min;295;0;1;0;0;0;0;0;0;0;0;0;0;0;0;1;0;0;0;0;1;0;0;0;NA;NA;NA;0;0;0;1;NA;NA;NA;NA;NA;NA;NA;NA;NA;NA;0;0;NA;NA;NA;NA;NA;NA;0;0;1;NA;NA;NA;NA;NA;NA;NA;NA;NA;0;0;NA;0;NA;NA;0;NA;NA;1;0;NA;NA;NA;NA;NA;0;NA;NA;NA;NA;NA;NA;NA;NA;NA;NA;NA;0;NA;1;NA;1;NA;NA;NA;NA;NA;NA;NA;NA;NA;NA;NA;NA;NA;NA;NA;NA;NA;NA;NA;NA;NA
6430_hf - hf_min;296;0;0;NA;0;0;0;0;0;0;0;0;0;0;0;1;0;0;0;0;0;NA;NA;NA;0;0;0;0;0;0;1;NA;NA;NA;NA;NA;NA;NA;NA;NA;NA;0;0;NA;NA;NA;NA;NA;NA;0;0;1;NA;NA;NA;NA;NA;NA;NA;NA;NA;0;0;NA;0;NA;NA;0;NA;NA;1;0;NA;NA;NA;NA;NA;0;NA;NA;NA;NA;NA;NA;NA;NA;NA;NA;NA;0;NA;1;NA;1;NA;NA;NA;NA;NA;NA;NA;NA;NA;NA;NA;NA;NA;NA;NA;NA;NA;NA;NA;NA;NA
6430_hf - hf_min;297;0;1;0;0;0;0;0;0;0;0;0;0;0;0;1;0;0;0;0;0;NA;NA;NA;0;0;0;0;0;0;1;NA;NA;NA;NA;NA;NA;NA;NA;NA;NA;0;0;NA;NA;NA;NA;NA;NA;0;0;1;NA;NA;NA;NA;NA;NA;NA;NA;NA;0;0;NA;0;NA;NA;0;NA;NA;1;0;NA;NA;NA;NA;NA;0;NA;NA;NA;NA;NA;NA;NA;NA;NA;NA;NA;0;NA;1;NA;1;NA;NA;NA;NA;NA;NA;NA;NA;NA;NA;NA;NA;NA;NA;NA;NA;NA;NA;NA;NA;NA
6430_hf - hf_min;298;0;0;NA;0;0;0;0;0;0;0;0;0;0;0;0;NA;NA;NA;NA;NA;NA;NA;NA;NA;NA;NA;0;0;0;0;NA;1;NA;NA;NA;NA;NA;NA;NA;NA;NA;NA;NA;NA;NA;NA;NA;NA;NA;NA;NA;NA;NA;NA;NA;NA;NA;NA;NA;NA;0;0;NA;0;NA;NA;0;NA;NA;0;NA;NA;NA;NA;NA;NA;1;0;NA;NA;NA;NA;NA;NA;NA;NA;NA;NA;0;NA;1;NA;1;NA;NA;NA;NA;NA;NA;NA;NA;NA;NA;NA;NA;NA;NA;NA;NA;NA;NA;NA;NA;NA
6430_hf - hf_min;299;0;1;0;0;0;0;0;0;0;0;0;0;0;0;0;NA;NA;NA;NA;NA;NA;NA;NA;NA;NA;NA;0;0;0;0;NA;1;NA;NA;NA;NA;NA;NA;NA;NA;NA;NA;NA;NA;NA;NA;NA;NA;NA;NA;NA;NA;NA;NA;NA;NA;NA;NA;NA;NA;0;0;NA;0;NA;NA;0;NA;NA;0;NA;NA;NA;NA;NA;NA;1;0;NA;NA;NA;NA;NA;NA;NA;NA;NA;NA;0;NA;1;NA;1;NA;NA;NA;NA;NA;NA;NA;NA;NA;NA;NA;NA;NA;NA;NA;NA;NA;NA;NA;NA;NA
6430_hf - hf_min;300;0;0;NA;0;0;0;0;0;0;0;0;0;0;0;1;0;0;0;0;1;0;0;0;NA;NA;NA;0;0;0;0;NA;1;NA;NA;NA;NA;NA;NA;NA;NA;NA;NA;NA;NA;NA;NA;NA;NA;NA;NA;NA;NA;NA;NA;NA;NA;NA;NA;NA;NA;0;0;NA;0;NA;NA;0;NA;NA;0;NA;NA;NA;NA;NA;NA;1;0;NA;NA;NA;NA;NA;NA;NA;NA;NA;NA;0;NA;1;NA;1;NA;NA;NA;NA;NA;NA;NA;NA;NA;NA;NA;NA;NA;NA;NA;NA;NA;NA;NA;NA;NA
6430_hf - hf_min;301;0;1;0;0;0;0;0;0;0;0;0;0;0;0;1;0;0;0;0;1;0;0;0;NA;NA;NA;0;0;0;0;NA;1;NA;NA;NA;NA;NA;NA;NA;NA;NA;NA;NA;NA;NA;NA;NA;NA;NA;NA;NA;NA;NA;NA;NA;NA;NA;NA;NA;NA;0;0;NA;0;NA;NA;0;NA;NA;0;NA;NA;NA;NA;NA;NA;1;0;NA;NA;NA;NA;NA;NA;NA;NA;NA;NA;0;NA;1;NA;1;NA;NA;NA;NA;NA;NA;NA;NA;NA;NA;NA;NA;NA;NA;NA;NA;NA;NA;NA;NA;NA
6430_hf - hf_min;302;0;0;NA;0;0;0;0;0;0;0;0;0;0;0;1;0;0;0;0;0;NA;NA;NA;0;0;0;0;0;0;0;NA;1;NA;NA;NA;NA;NA;NA;NA;NA;NA;NA;NA;NA;NA;NA;NA;NA;NA;NA;NA;NA;NA;NA;NA;NA;NA;NA;NA;NA;0;0;NA;0;NA;NA;0;NA;NA;0;NA;NA;NA;NA;NA;NA;1;0;NA;NA;NA;NA;NA;NA;NA;NA;NA;NA;0;NA;1;NA;1;NA;NA;NA;NA;NA;NA;NA;NA;NA;NA;NA;NA;NA;NA;NA;NA;NA;NA;NA;NA;NA
6430_hf - hf_min;303;0;1;0;0;0;0;0;0;0;0;0;0;0;0;1;0;0;0;0;0;NA;NA;NA;0;0;0;0;0;0;0;NA;1;NA;NA;NA;NA;NA;NA;NA;NA;NA;NA;NA;NA;NA;NA;NA;NA;NA;NA;NA;NA;NA;NA;NA;NA;NA;NA;NA;NA;0;0;NA;0;NA;NA;0;NA;NA;0;NA;NA;NA;NA;NA;NA;1;0;NA;NA;NA;NA;NA;NA;NA;NA;NA;NA;0;NA;1;NA;1;NA;NA;NA;NA;NA;NA;NA;NA;NA;NA;NA;NA;NA;NA;NA;NA;NA;NA;NA;NA;NA
6430_hf - hf_min;304;0;0;NA;0;0;0;0;0;0;0;0;0;0;0;0;NA;NA;NA;NA;NA;NA;NA;NA;NA;NA;NA;0;0;0;0;1;NA;NA;1;NA;NA;NA;NA;NA;NA;NA;NA;NA;NA;NA;NA;NA;NA;NA;NA;NA;NA;NA;NA;NA;NA;NA;NA;NA;NA;0;0;NA;0;NA;NA;0;NA;NA;0;NA;NA;NA;NA;NA;NA;1;0;NA;NA;NA;NA;NA;NA;NA;NA;NA;NA;0;NA;1;NA;1;NA;NA;NA;NA;NA;NA;NA;NA;NA;NA;NA;NA;NA;NA;NA;NA;NA;NA;NA;NA;NA
6430_hf - hf_min;305;0;1;0;0;0;0;0;0;0;0;0;0;0;0;0;NA;NA;NA;NA;NA;NA;NA;NA;NA;NA;NA;0;0;0;0;1;NA;NA;1;NA;NA;NA;NA;NA;NA;NA;NA;NA;NA;NA;NA;NA;NA;NA;NA;NA;NA;NA;NA;NA;NA;NA;NA;NA;NA;0;0;NA;0;NA;NA;0;NA;NA;0;NA;NA;NA;NA;NA;NA;1;0;NA;NA;NA;NA;NA;NA;NA;NA;NA;NA;0;NA;1;NA;1;NA;NA;NA;NA;NA;NA;NA;NA;NA;NA;NA;NA;NA;NA;NA;NA;NA;NA;NA;NA;NA
6430_hf - hf_min;306;0;0;NA;0;0;0;0;0;0;0;0;0;0;0;1;0;0;0;0;1;0;0;0;NA;NA;NA;0;0;0;0;1;NA;NA;1;NA;NA;NA;NA;NA;NA;NA;NA;NA;NA;NA;NA;NA;NA;NA;NA;NA;NA;NA;NA;NA;NA;NA;NA;NA;NA;0;0;NA;0;NA;NA;0;NA;NA;0;NA;NA;NA;NA;NA;NA;1;0;NA;NA;NA;NA;NA;NA;NA;NA;NA;NA;0;NA;1;NA;1;NA;NA;NA;NA;NA;NA;NA;NA;NA;NA;NA;NA;NA;NA;NA;NA;NA;NA;NA;NA;NA
6430_hf - hf_min;307;0;1;0;0;0;0;0;0;0;0;0;0;0;0;1;0;0;0;0;1;0;0;0;NA;NA;NA;0;0;0;0;1;NA;NA;1;NA;NA;NA;NA;NA;NA;NA;NA;NA;NA;NA;NA;NA;NA;NA;NA;NA;NA;NA;NA;NA;NA;NA;NA;NA;NA;0;0;NA;0;NA;NA;0;NA;NA;0;NA;NA;NA;NA;NA;NA;1;0;NA;NA;NA;NA;NA;NA;NA;NA;NA;NA;0;NA;1;NA;1;NA;NA;NA;NA;NA;NA;NA;NA;NA;NA;NA;NA;NA;NA;NA;NA;NA;NA;NA;NA;NA
6430_hf - hf_min;308;0;0;NA;0;0;0;0;0;0;0;0;0;0;0;1;0;0;0;0;0;NA;NA;NA;0;0;0;0;0;0;0;1;NA;NA;1;NA;NA;NA;NA;NA;NA;NA;NA;NA;NA;NA;NA;NA;NA;NA;NA;NA;NA;NA;NA;NA;NA;NA;NA;NA;NA;0;0;NA;0;NA;NA;0;NA;NA;0;NA;NA;NA;NA;NA;NA;1;0;NA;NA;NA;NA;NA;NA;NA;NA;NA;NA;0;NA;1;NA;1;NA;NA;NA;NA;NA;NA;NA;NA;NA;NA;NA;NA;NA;NA;NA;NA;NA;NA;NA;NA;NA
6430_hf - hf_min;309;0;1;0;0;0;0;0;0;0;0;0;0;0;0;1;0;0;0;0;0;NA;NA;NA;0;0;0;0;0;0;0;1;NA;NA;1;NA;NA;NA;NA;NA;NA;NA;NA;NA;NA;NA;NA;NA;NA;NA;NA;NA;NA;NA;NA;NA;NA;NA;NA;NA;NA;0;0;NA;0;NA;NA;0;NA;NA;0;NA;NA;NA;NA;NA;NA;1;0;NA;NA;NA;NA;NA;NA;NA;NA;NA;NA;0;NA;1;NA;1;NA;NA;NA;NA;NA;NA;NA;NA;NA;NA;NA;NA;NA;NA;NA;NA;NA;NA;NA;NA;NA
6430_hf - hf_min;310;0;0;NA;0;0;0;0;0;0;0;0;0;0;0;0;NA;NA;NA;NA;NA;NA;NA;NA;NA;NA;NA;0;0;0;1;NA;NA;NA;1;NA;NA;NA;NA;NA;NA;0;0;NA;NA;NA;NA;NA;NA;0;1;NA;NA;NA;NA;NA;NA;NA;NA;NA;NA;0;0;NA;0;NA;NA;0;NA;NA;0;NA;NA;NA;NA;NA;NA;1;0;NA;NA;NA;NA;NA;NA;NA;NA;NA;NA;0;NA;1;NA;1;NA;NA;NA;NA;NA;NA;NA;NA;NA;NA;NA;NA;NA;NA;NA;NA;NA;NA;NA;NA;NA
6430_hf - hf_min;311;0;1;0;0;0;0;0;0;0;0;0;0;0;0;0;NA;NA;NA;NA;NA;NA;NA;NA;NA;NA;NA;0;0;0;1;NA;NA;NA;1;NA;NA;NA;NA;NA;NA;0;0;NA;NA;NA;NA;NA;NA;0;1;NA;NA;NA;NA;NA;NA;NA;NA;NA;NA;0;0;NA;0;NA;NA;0;NA;NA;0;NA;NA;NA;NA;NA;NA;1;0;NA;NA;NA;NA;NA;NA;NA;NA;NA;NA;0;NA;1;NA;1;NA;NA;NA;NA;NA;NA;NA;NA;NA;NA;NA;NA;NA;NA;NA;NA;NA;NA;NA;NA;NA
6430_hf - hf_min;312;0;0;NA;0;0;0;0;0;0;0;0;0;0;0;1;0;0;0;0;1;0;0;0;NA;NA;NA;0;0;0;1;NA;NA;NA;1;NA;NA;NA;NA;NA;NA;0;0;NA;NA;NA;NA;NA;NA;0;1;NA;NA;NA;NA;NA;NA;NA;NA;NA;NA;0;0;NA;0;NA;NA;0;NA;NA;0;NA;NA;NA;NA;NA;NA;1;0;NA;NA;NA;NA;NA;NA;NA;NA;NA;NA;0;NA;1;NA;1;NA;NA;NA;NA;NA;NA;NA;NA;NA;NA;NA;NA;NA;NA;NA;NA;NA;NA;NA;NA;NA
6430_hf - hf_min;313;0;1;0;0;0;0;0;0;0;0;0;0;0;0;1;0;0;0;0;1;0;0;0;NA;NA;NA;0;0;0;1;NA;NA;NA;1;NA;NA;NA;NA;NA;NA;0;0;NA;NA;NA;NA;NA;NA;0;1;NA;NA;NA;NA;NA;NA;NA;NA;NA;NA;0;0;NA;0;NA;NA;0;NA;NA;0;NA;NA;NA;NA;NA;NA;1;0;NA;NA;NA;NA;NA;NA;NA;NA;NA;NA;0;NA;1;NA;1;NA;NA;NA;NA;NA;NA;NA;NA;NA;NA;NA;NA;NA;NA;NA;NA;NA;NA;NA;NA;NA
6430_hf - hf_min;314;0;0;NA;0;0;0;0;0;0;0;0;0;0;0;1;0;0;0;0;0;NA;NA;NA;0;0;0;0;0;0;1;NA;NA;NA;1;NA;NA;NA;NA;NA;NA;0;0;NA;NA;NA;NA;NA;NA;0;1;NA;NA;NA;NA;NA;NA;NA;NA;NA;NA;0;0;NA;0;NA;NA;0;NA;NA;0;NA;NA;NA;NA;NA;NA;1;0;NA;NA;NA;NA;NA;NA;NA;NA;NA;NA;0;NA;1;NA;1;NA;NA;NA;NA;NA;NA;NA;NA;NA;NA;NA;NA;NA;NA;NA;NA;NA;NA;NA;NA;NA
6430_hf - hf_min;315;0;1;0;0;0;0;0;0;0;0;0;0;0;0;1;0;0;0;0;0;NA;NA;NA;0;0;0;0;0;0;1;NA;NA;NA;1;NA;NA;NA;NA;NA;NA;0;0;NA;NA;NA;NA;NA;NA;0;1;NA;NA;NA;NA;NA;NA;NA;NA;NA;NA;0;0;NA;0;NA;NA;0;NA;NA;0;NA;NA;NA;NA;NA;NA;1;0;NA;NA;NA;NA;NA;NA;NA;NA;NA;NA;0;NA;1;NA;1;NA;NA;NA;NA;NA;NA;NA;NA;NA;NA;NA;NA;NA;NA;NA;NA;NA;NA;NA;NA;NA
6430_hf - hf_min;316;0;0;NA;0;0;0;0;0;0;0;0;0;0;0;0;NA;NA;NA;NA;NA;NA;NA;NA;NA;NA;NA;0;0;0;1;NA;NA;NA;NA;NA;NA;NA;NA;NA;NA;0;0;NA;NA;NA;NA;NA;NA;0;0;1;NA;NA;NA;NA;NA;NA;NA;NA;NA;0;0;NA;0;NA;NA;0;NA;NA;0;NA;NA;NA;NA;NA;NA;1;0;NA;NA;NA;NA;NA;NA;NA;NA;NA;NA;0;NA;1;NA;1;NA;NA;NA;NA;NA;NA;NA;NA;NA;NA;NA;NA;NA;NA;NA;NA;NA;NA;NA;NA;NA
6430_hf - hf_min;317;0;1;0;0;0;0;0;0;0;0;0;0;0;0;0;NA;NA;NA;NA;NA;NA;NA;NA;NA;NA;NA;0;0;0;1;NA;NA;NA;NA;NA;NA;NA;NA;NA;NA;0;0;NA;NA;NA;NA;NA;NA;0;0;1;NA;NA;NA;NA;NA;NA;NA;NA;NA;0;0;NA;0;NA;NA;0;NA;NA;0;NA;NA;NA;NA;NA;NA;1;0;NA;NA;NA;NA;NA;NA;NA;NA;NA;NA;0;NA;1;NA;1;NA;NA;NA;NA;NA;NA;NA;NA;NA;NA;NA;NA;NA;NA;NA;NA;NA;NA;NA;NA;NA
6430_hf - hf_min;318;0;0;NA;0;0;0;0;0;0;0;0;0;0;0;1;0;0;0;0;1;0;0;0;NA;NA;NA;0;0;0;1;NA;NA;NA;NA;NA;NA;NA;NA;NA;NA;0;0;NA;NA;NA;NA;NA;NA;0;0;1;NA;NA;NA;NA;NA;NA;NA;NA;NA;0;0;NA;0;NA;NA;0;NA;NA;0;NA;NA;NA;NA;NA;NA;1;0;NA;NA;NA;NA;NA;NA;NA;NA;NA;NA;0;NA;1;NA;1;NA;NA;NA;NA;NA;NA;NA;NA;NA;NA;NA;NA;NA;NA;NA;NA;NA;NA;NA;NA;NA
6430_hf - hf_min;319;0;1;0;0;0;0;0;0;0;0;0;0;0;0;1;0;0;0;0;1;0;0;0;NA;NA;NA;0;0;0;1;NA;NA;NA;NA;NA;NA;NA;NA;NA;NA;0;0;NA;NA;NA;NA;NA;NA;0;0;1;NA;NA;NA;NA;NA;NA;NA;NA;NA;0;0;NA;0;NA;NA;0;NA;NA;0;NA;NA;NA;NA;NA;NA;1;0;NA;NA;NA;NA;NA;NA;NA;NA;NA;NA;0;NA;1;NA;1;NA;NA;NA;NA;NA;NA;NA;NA;NA;NA;NA;NA;NA;NA;NA;NA;NA;NA;NA;NA;NA
6430_hf - hf_min;320;0;0;NA;0;0;0;0;0;0;0;0;0;0;0;1;0;0;0;0;0;NA;NA;NA;0;0;0;0;0;0;1;NA;NA;NA;NA;NA;NA;NA;NA;NA;NA;0;0;NA;NA;NA;NA;NA;NA;0;0;1;NA;NA;NA;NA;NA;NA;NA;NA;NA;0;0;NA;0;NA;NA;0;NA;NA;0;NA;NA;NA;NA;NA;NA;1;0;NA;NA;NA;NA;NA;NA;NA;NA;NA;NA;0;NA;1;NA;1;NA;NA;NA;NA;NA;NA;NA;NA;NA;NA;NA;NA;NA;NA;NA;NA;NA;NA;NA;NA;NA
6430_hf - hf_min;321;0;1;0;0;0;0;0;0;0;0;0;0;0;0;1;0;0;0;0;0;NA;NA;NA;0;0;0;0;0;0;1;NA;NA;NA;NA;NA;NA;NA;NA;NA;NA;0;0;NA;NA;NA;NA;NA;NA;0;0;1;NA;NA;NA;NA;NA;NA;NA;NA;NA;0;0;NA;0;NA;NA;0;NA;NA;0;NA;NA;NA;NA;NA;NA;1;0;NA;NA;NA;NA;NA;NA;NA;NA;NA;NA;0;NA;1;NA;1;NA;NA;NA;NA;NA;NA;NA;NA;NA;NA;NA;NA;NA;NA;NA;NA;NA;NA;NA;NA;NA
6430_hf - hf_min;322;0;0;NA;0;0;0;0;0;0;0;0;0;0;0;0;NA;NA;NA;NA;NA;NA;NA;NA;NA;NA;NA;0;0;0;0;NA;1;NA;NA;NA;NA;NA;NA;NA;NA;NA;NA;NA;NA;NA;NA;NA;NA;NA;NA;NA;NA;NA;NA;NA;NA;NA;NA;NA;NA;0;0;NA;0;NA;NA;0;NA;NA;1;0;NA;NA;NA;NA;NA;1;0;NA;NA;NA;NA;NA;NA;NA;NA;NA;NA;0;NA;1;NA;1;NA;NA;NA;NA;NA;NA;NA;NA;NA;NA;NA;NA;NA;NA;NA;NA;NA;NA;NA;NA;NA
6430_hf - hf_min;323;0;1;0;0;0;0;0;0;0;0;0;0;0;0;0;NA;NA;NA;NA;NA;NA;NA;NA;NA;NA;NA;0;0;0;0;NA;1;NA;NA;NA;NA;NA;NA;NA;NA;NA;NA;NA;NA;NA;NA;NA;NA;NA;NA;NA;NA;NA;NA;NA;NA;NA;NA;NA;NA;0;0;NA;0;NA;NA;0;NA;NA;1;0;NA;NA;NA;NA;NA;1;0;NA;NA;NA;NA;NA;NA;NA;NA;NA;NA;0;NA;1;NA;1;NA;NA;NA;NA;NA;NA;NA;NA;NA;NA;NA;NA;NA;NA;NA;NA;NA;NA;NA;NA;NA
6430_hf - hf_min;324;0;0;NA;0;0;0;0;0;0;0;0;0;0;0;1;0;0;0;0;1;0;0;0;NA;NA;NA;0;0;0;0;NA;1;NA;NA;NA;NA;NA;NA;NA;NA;NA;NA;NA;NA;NA;NA;NA;NA;NA;NA;NA;NA;NA;NA;NA;NA;NA;NA;NA;NA;0;0;NA;0;NA;NA;0;NA;NA;1;0;NA;NA;NA;NA;NA;1;0;NA;NA;NA;NA;NA;NA;NA;NA;NA;NA;0;NA;1;NA;1;NA;NA;NA;NA;NA;NA;NA;NA;NA;NA;NA;NA;NA;NA;NA;NA;NA;NA;NA;NA;NA
6430_hf - hf_min;325;0;1;0;0;0;0;0;0;0;0;0;0;0;0;1;0;0;0;0;1;0;0;0;NA;NA;NA;0;0;0;0;NA;1;NA;NA;NA;NA;NA;NA;NA;NA;NA;NA;NA;NA;NA;NA;NA;NA;NA;NA;NA;NA;NA;NA;NA;NA;NA;NA;NA;NA;0;0;NA;0;NA;NA;0;NA;NA;1;0;NA;NA;NA;NA;NA;1;0;NA;NA;NA;NA;NA;NA;NA;NA;NA;NA;0;NA;1;NA;1;NA;NA;NA;NA;NA;NA;NA;NA;NA;NA;NA;NA;NA;NA;NA;NA;NA;NA;NA;NA;NA
6430_hf - hf_min;326;0;0;NA;0;0;0;0;0;0;0;0;0;0;0;1;0;0;0;0;0;NA;NA;NA;0;0;0;0;0;0;0;NA;1;NA;NA;NA;NA;NA;NA;NA;NA;NA;NA;NA;NA;NA;NA;NA;NA;NA;NA;NA;NA;NA;NA;NA;NA;NA;NA;NA;NA;0;0;NA;0;NA;NA;0;NA;NA;1;0;NA;NA;NA;NA;NA;1;0;NA;NA;NA;NA;NA;NA;NA;NA;NA;NA;0;NA;1;NA;1;NA;NA;NA;NA;NA;NA;NA;NA;NA;NA;NA;NA;NA;NA;NA;NA;NA;NA;NA;NA;NA
6430_hf - hf_min;327;0;1;0;0;0;0;0;0;0;0;0;0;0;0;1;0;0;0;0;0;NA;NA;NA;0;0;0;0;0;0;0;NA;1;NA;NA;NA;NA;NA;NA;NA;NA;NA;NA;NA;NA;NA;NA;NA;NA;NA;NA;NA;NA;NA;NA;NA;NA;NA;NA;NA;NA;0;0;NA;0;NA;NA;0;NA;NA;1;0;NA;NA;NA;NA;NA;1;0;NA;NA;NA;NA;NA;NA;NA;NA;NA;NA;0;NA;1;NA;1;NA;NA;NA;NA;NA;NA;NA;NA;NA;NA;NA;NA;NA;NA;NA;NA;NA;NA;NA;NA;NA
6430_hf - hf_min;328;0;0;NA;0;0;0;0;0;0;0;0;0;0;0;0;NA;NA;NA;NA;NA;NA;NA;NA;NA;NA;NA;0;0;0;0;1;NA;NA;1;NA;NA;NA;NA;NA;NA;NA;NA;NA;NA;NA;NA;NA;NA;NA;NA;NA;NA;NA;NA;NA;NA;NA;NA;NA;NA;0;0;NA;0;NA;NA;0;NA;NA;1;0;NA;NA;NA;NA;NA;1;0;NA;NA;NA;NA;NA;NA;NA;NA;NA;NA;0;NA;1;NA;1;NA;NA;NA;NA;NA;NA;NA;NA;NA;NA;NA;NA;NA;NA;NA;NA;NA;NA;NA;NA;NA
6430_hf - hf_min;329;0;1;0;0;0;0;0;0;0;0;0;0;0;0;0;NA;NA;NA;NA;NA;NA;NA;NA;NA;NA;NA;0;0;0;0;1;NA;NA;1;NA;NA;NA;NA;NA;NA;NA;NA;NA;NA;NA;NA;NA;NA;NA;NA;NA;NA;NA;NA;NA;NA;NA;NA;NA;NA;0;0;NA;0;NA;NA;0;NA;NA;1;0;NA;NA;NA;NA;NA;1;0;NA;NA;NA;NA;NA;NA;NA;NA;NA;NA;0;NA;1;NA;1;NA;NA;NA;NA;NA;NA;NA;NA;NA;NA;NA;NA;NA;NA;NA;NA;NA;NA;NA;NA;NA
6430_hf - hf_min;330;0;0;NA;0;0;0;0;0;0;0;0;0;0;0;1;0;0;0;0;1;0;0;0;NA;NA;NA;0;0;0;0;1;NA;NA;1;NA;NA;NA;NA;NA;NA;NA;NA;NA;NA;NA;NA;NA;NA;NA;NA;NA;NA;NA;NA;NA;NA;NA;NA;NA;NA;0;0;NA;0;NA;NA;0;NA;NA;1;0;NA;NA;NA;NA;NA;1;0;NA;NA;NA;NA;NA;NA;NA;NA;NA;NA;0;NA;1;NA;1;NA;NA;NA;NA;NA;NA;NA;NA;NA;NA;NA;NA;NA;NA;NA;NA;NA;NA;NA;NA;NA
6430_hf - hf_min;331;0;1;0;0;0;0;0;0;0;0;0;0;0;0;1;0;0;0;0;1;0;0;0;NA;NA;NA;0;0;0;0;1;NA;NA;1;NA;NA;NA;NA;NA;NA;NA;NA;NA;NA;NA;NA;NA;NA;NA;NA;NA;NA;NA;NA;NA;NA;NA;NA;NA;NA;0;0;NA;0;NA;NA;0;NA;NA;1;0;NA;NA;NA;NA;NA;1;0;NA;NA;NA;NA;NA;NA;NA;NA;NA;NA;0;NA;1;NA;1;NA;NA;NA;NA;NA;NA;NA;NA;NA;NA;NA;NA;NA;NA;NA;NA;NA;NA;NA;NA;NA
6430_hf - hf_min;332;0;0;NA;0;0;0;0;0;0;0;0;0;0;0;1;0;0;0;0;0;NA;NA;NA;0;0;0;0;0;0;0;1;NA;NA;1;NA;NA;NA;NA;NA;NA;NA;NA;NA;NA;NA;NA;NA;NA;NA;NA;NA;NA;NA;NA;NA;NA;NA;NA;NA;NA;0;0;NA;0;NA;NA;0;NA;NA;1;0;NA;NA;NA;NA;NA;1;0;NA;NA;NA;NA;NA;NA;NA;NA;NA;NA;0;NA;1;NA;1;NA;NA;NA;NA;NA;NA;NA;NA;NA;NA;NA;NA;NA;NA;NA;NA;NA;NA;NA;NA;NA
6430_hf - hf_min;333;0;1;0;0;0;0;0;0;0;0;0;0;0;0;1;0;0;0;0;0;NA;NA;NA;0;0;0;0;0;0;0;1;NA;NA;1;NA;NA;NA;NA;NA;NA;NA;NA;NA;NA;NA;NA;NA;NA;NA;NA;NA;NA;NA;NA;NA;NA;NA;NA;NA;NA;0;0;NA;0;NA;NA;0;NA;NA;1;0;NA;NA;NA;NA;NA;1;0;NA;NA;NA;NA;NA;NA;NA;NA;NA;NA;0;NA;1;NA;1;NA;NA;NA;NA;NA;NA;NA;NA;NA;NA;NA;NA;NA;NA;NA;NA;NA;NA;NA;NA;NA
6430_hf - hf_min;334;0;0;NA;0;0;0;0;0;0;0;0;0;0;0;0;NA;NA;NA;NA;NA;NA;NA;NA;NA;NA;NA;0;0;0;1;NA;NA;NA;1;NA;NA;NA;NA;NA;NA;0;0;NA;NA;NA;NA;NA;NA;0;1;NA;NA;NA;NA;NA;NA;NA;NA;NA;NA;0;0;NA;0;NA;NA;0;NA;NA;1;0;NA;NA;NA;NA;NA;1;0;NA;NA;NA;NA;NA;NA;NA;NA;NA;NA;0;NA;1;NA;1;NA;NA;NA;NA;NA;NA;NA;NA;NA;NA;NA;NA;NA;NA;NA;NA;NA;NA;NA;NA;NA
6430_hf - hf_min;335;0;1;0;0;0;0;0;0;0;0;0;0;0;0;0;NA;NA;NA;NA;NA;NA;NA;NA;NA;NA;NA;0;0;0;1;NA;NA;NA;1;NA;NA;NA;NA;NA;NA;0;0;NA;NA;NA;NA;NA;NA;0;1;NA;NA;NA;NA;NA;NA;NA;NA;NA;NA;0;0;NA;0;NA;NA;0;NA;NA;1;0;NA;NA;NA;NA;NA;1;0;NA;NA;NA;NA;NA;NA;NA;NA;NA;NA;0;NA;1;NA;1;NA;NA;NA;NA;NA;NA;NA;NA;NA;NA;NA;NA;NA;NA;NA;NA;NA;NA;NA;NA;NA
6430_hf - hf_min;336;0;0;NA;0;0;0;0;0;0;0;0;0;0;0;1;0;0;0;0;1;0;0;0;NA;NA;NA;0;0;0;1;NA;NA;NA;1;NA;NA;NA;NA;NA;NA;0;0;NA;NA;NA;NA;NA;NA;0;1;NA;NA;NA;NA;NA;NA;NA;NA;NA;NA;0;0;NA;0;NA;NA;0;NA;NA;1;0;NA;NA;NA;NA;NA;1;0;NA;NA;NA;NA;NA;NA;NA;NA;NA;NA;0;NA;1;NA;1;NA;NA;NA;NA;NA;NA;NA;NA;NA;NA;NA;NA;NA;NA;NA;NA;NA;NA;NA;NA;NA
6430_hf - hf_min;337;0;1;0;0;0;0;0;0;0;0;0;0;0;0;1;0;0;0;0;1;0;0;0;NA;NA;NA;0;0;0;1;NA;NA;NA;1;NA;NA;NA;NA;NA;NA;0;0;NA;NA;NA;NA;NA;NA;0;1;NA;NA;NA;NA;NA;NA;NA;NA;NA;NA;0;0;NA;0;NA;NA;0;NA;NA;1;0;NA;NA;NA;NA;NA;1;0;NA;NA;NA;NA;NA;NA;NA;NA;NA;NA;0;NA;1;NA;1;NA;NA;NA;NA;NA;NA;NA;NA;NA;NA;NA;NA;NA;NA;NA;NA;NA;NA;NA;NA;NA
6430_hf - hf_min;338;0;0;NA;0;0;0;0;0;0;0;0;0;0;0;1;0;0;0;0;0;NA;NA;NA;0;0;0;0;0;0;1;NA;NA;NA;1;NA;NA;NA;NA;NA;NA;0;0;NA;NA;NA;NA;NA;NA;0;1;NA;NA;NA;NA;NA;NA;NA;NA;NA;NA;0;0;NA;0;NA;NA;0;NA;NA;1;0;NA;NA;NA;NA;NA;1;0;NA;NA;NA;NA;NA;NA;NA;NA;NA;NA;0;NA;1;NA;1;NA;NA;NA;NA;NA;NA;NA;NA;NA;NA;NA;NA;NA;NA;NA;NA;NA;NA;NA;NA;NA
6430_hf - hf_min;339;0;1;0;0;0;0;0;0;0;0;0;0;0;0;1;0;0;0;0;0;NA;NA;NA;0;0;0;0;0;0;1;NA;NA;NA;1;NA;NA;NA;NA;NA;NA;0;0;NA;NA;NA;NA;NA;NA;0;1;NA;NA;NA;NA;NA;NA;NA;NA;NA;NA;0;0;NA;0;NA;NA;0;NA;NA;1;0;NA;NA;NA;NA;NA;1;0;NA;NA;NA;NA;NA;NA;NA;NA;NA;NA;0;NA;1;NA;1;NA;NA;NA;NA;NA;NA;NA;NA;NA;NA;NA;NA;NA;NA;NA;NA;NA;NA;NA;NA;NA
6430_hf - hf_min;340;0;0;NA;0;0;0;0;0;0;0;0;0;0;0;0;NA;NA;NA;NA;NA;NA;NA;NA;NA;NA;NA;0;0;0;1;NA;NA;NA;NA;NA;NA;NA;NA;NA;NA;0;0;NA;NA;NA;NA;NA;NA;0;0;1;NA;NA;NA;NA;NA;NA;NA;NA;NA;0;0;NA;0;NA;NA;0;NA;NA;1;0;NA;NA;NA;NA;NA;1;0;NA;NA;NA;NA;NA;NA;NA;NA;NA;NA;0;NA;1;NA;1;NA;NA;NA;NA;NA;NA;NA;NA;NA;NA;NA;NA;NA;NA;NA;NA;NA;NA;NA;NA;NA
6430_hf - hf_min;341;0;1;0;0;0;0;0;0;0;0;0;0;0;0;0;NA;NA;NA;NA;NA;NA;NA;NA;NA;NA;NA;0;0;0;1;NA;NA;NA;NA;NA;NA;NA;NA;NA;NA;0;0;NA;NA;NA;NA;NA;NA;0;0;1;NA;NA;NA;NA;NA;NA;NA;NA;NA;0;0;NA;0;NA;NA;0;NA;NA;1;0;NA;NA;NA;NA;NA;1;0;NA;NA;NA;NA;NA;NA;NA;NA;NA;NA;0;NA;1;NA;1;NA;NA;NA;NA;NA;NA;NA;NA;NA;NA;NA;NA;NA;NA;NA;NA;NA;NA;NA;NA;NA
6430_hf - hf_min;342;0;0;NA;0;0;0;0;0;0;0;0;0;0;0;1;0;0;0;0;1;0;0;0;NA;NA;NA;0;0;0;1;NA;NA;NA;NA;NA;NA;NA;NA;NA;NA;0;0;NA;NA;NA;NA;NA;NA;0;0;1;NA;NA;NA;NA;NA;NA;NA;NA;NA;0;0;NA;0;NA;NA;0;NA;NA;1;0;NA;NA;NA;NA;NA;1;0;NA;NA;NA;NA;NA;NA;NA;NA;NA;NA;0;NA;1;NA;1;NA;NA;NA;NA;NA;NA;NA;NA;NA;NA;NA;NA;NA;NA;NA;NA;NA;NA;NA;NA;NA
6430_hf - hf_min;343;0;1;0;0;0;0;0;0;0;0;0;0;0;0;1;0;0;0;0;1;0;0;0;NA;NA;NA;0;0;0;1;NA;NA;NA;NA;NA;NA;NA;NA;NA;NA;0;0;NA;NA;NA;NA;NA;NA;0;0;1;NA;NA;NA;NA;NA;NA;NA;NA;NA;0;0;NA;0;NA;NA;0;NA;NA;1;0;NA;NA;NA;NA;NA;1;0;NA;NA;NA;NA;NA;NA;NA;NA;NA;NA;0;NA;1;NA;1;NA;NA;NA;NA;NA;NA;NA;NA;NA;NA;NA;NA;NA;NA;NA;NA;NA;NA;NA;NA;NA
6430_hf - hf_min;344;0;0;NA;0;0;0;0;0;0;0;0;0;0;0;1;0;0;0;0;0;NA;NA;NA;0;0;0;0;0;0;1;NA;NA;NA;NA;NA;NA;NA;NA;NA;NA;0;0;NA;NA;NA;NA;NA;NA;0;0;1;NA;NA;NA;NA;NA;NA;NA;NA;NA;0;0;NA;0;NA;NA;0;NA;NA;1;0;NA;NA;NA;NA;NA;1;0;NA;NA;NA;NA;NA;NA;NA;NA;NA;NA;0;NA;1;NA;1;NA;NA;NA;NA;NA;NA;NA;NA;NA;NA;NA;NA;NA;NA;NA;NA;NA;NA;NA;NA;NA
6430_hf - hf_min;345;0;1;0;0;0;0;0;0;0;0;0;0;0;0;1;0;0;0;0;0;NA;NA;NA;0;0;0;0;0;0;1;NA;NA;NA;NA;NA;NA;NA;NA;NA;NA;0;0;NA;NA;NA;NA;NA;NA;0;0;1;NA;NA;NA;NA;NA;NA;NA;NA;NA;0;0;NA;0;NA;NA;0;NA;NA;1;0;NA;NA;NA;NA;NA;1;0;NA;NA;NA;NA;NA;NA;NA;NA;NA;NA;0;NA;1;NA;1;NA;NA;NA;NA;NA;NA;NA;NA;NA;NA;NA;NA;NA;NA;NA;NA;NA;NA;NA;NA;NA
6430_hf - hfe;346;0;0;NA;0;0;0;0;0;0;0;0;0;0;0;0;NA;NA;NA;NA;NA;NA;NA;NA;NA;NA;NA;0;0;0;1;NA;NA;NA;NA;NA;NA;NA;NA;NA;NA;0;0;NA;NA;NA;NA;NA;NA;1;NA;NA;NA;NA;NA;NA;NA;NA;NA;NA;NA;NA;NA;NA;NA;0;0;NA;NA;NA;NA;NA;NA;NA;NA;NA;NA;NA;NA;NA;NA;NA;NA;NA;NA;NA;NA;NA;NA;NA;NA;NA;NA;NA;NA;NA;NA;NA;NA;NA;NA;NA;NA;NA;NA;NA;NA;NA;NA;NA;NA;NA;NA;NA;NA
6430_hf - hfe;347;0;1;0;0;0;0;0;0;0;0;0;0;0;0;0;NA;NA;NA;NA;NA;NA;NA;NA;NA;NA;NA;0;0;0;1;NA;NA;NA;NA;NA;NA;NA;NA;NA;NA;0;0;NA;NA;NA;NA;NA;NA;1;NA;NA;NA;NA;NA;NA;NA;NA;NA;NA;NA;NA;NA;NA;NA;0;0;NA;NA;NA;NA;NA;NA;NA;NA;NA;NA;NA;NA;NA;NA;NA;NA;NA;NA;NA;NA;NA;NA;NA;NA;NA;NA;NA;NA;NA;NA;NA;NA;NA;NA;NA;NA;NA;NA;NA;NA;NA;NA;NA;NA;NA;NA;NA;NA
6430_hf - hfe;348;0;0;NA;0;0;0;0;0;0;0;0;0;0;0;1;0;0;0;0;1;0;0;0;NA;NA;NA;0;0;0;1;NA;NA;NA;NA;NA;NA;NA;NA;NA;NA;0;0;NA;NA;NA;NA;NA;NA;1;NA;NA;NA;NA;NA;NA;NA;NA;NA;NA;NA;NA;NA;NA;NA;0;0;NA;NA;NA;NA;NA;NA;NA;NA;NA;NA;NA;NA;NA;NA;NA;NA;NA;NA;NA;NA;NA;NA;NA;NA;NA;NA;NA;NA;NA;NA;NA;NA;NA;NA;NA;NA;NA;NA;NA;NA;NA;NA;NA;NA;NA;NA;NA;NA
6430_hf - hfe;349;0;1;0;0;0;0;0;0;0;0;0;0;0;0;1;0;0;0;0;1;0;0;0;NA;NA;NA;0;0;0;1;NA;NA;NA;NA;NA;NA;NA;NA;NA;NA;0;0;NA;NA;NA;NA;NA;NA;1;NA;NA;NA;NA;NA;NA;NA;NA;NA;NA;NA;NA;NA;NA;NA;0;0;NA;NA;NA;NA;NA;NA;NA;NA;NA;NA;NA;NA;NA;NA;NA;NA;NA;NA;NA;NA;NA;NA;NA;NA;NA;NA;NA;NA;NA;NA;NA;NA;NA;NA;NA;NA;NA;NA;NA;NA;NA;NA;NA;NA;NA;NA;NA;NA
6430_hf - hfe;350;0;0;NA;0;0;0;0;0;0;0;0;0;0;0;1;0;0;0;0;0;NA;NA;NA;0;0;0;0;0;0;1;NA;NA;NA;NA;NA;NA;NA;NA;NA;NA;0;0;NA;NA;NA;NA;NA;NA;1;NA;NA;NA;NA;NA;NA;NA;NA;NA;NA;NA;NA;NA;NA;NA;0;0;NA;NA;NA;NA;NA;NA;NA;NA;NA;NA;NA;NA;NA;NA;NA;NA;NA;NA;NA;NA;NA;NA;NA;NA;NA;NA;NA;NA;NA;NA;NA;NA;NA;NA;NA;NA;NA;NA;NA;NA;NA;NA;NA;NA;NA;NA;NA;NA
6430_hf - hfe;351;0;1;0;0;0;0;0;0;0;0;0;0;0;0;1;0;0;0;0;0;NA;NA;NA;0;0;0;0;0;0;1;NA;NA;NA;NA;NA;NA;NA;NA;NA;NA;0;0;NA;NA;NA;NA;NA;NA;1;NA;NA;NA;NA;NA;NA;NA;NA;NA;NA;NA;NA;NA;NA;NA;0;0;NA;NA;NA;NA;NA;NA;NA;NA;NA;NA;NA;NA;NA;NA;NA;NA;NA;NA;NA;NA;NA;NA;NA;NA;NA;NA;NA;NA;NA;NA;NA;NA;NA;NA;NA;NA;NA;NA;NA;NA;NA;NA;NA;NA;NA;NA;NA;NA
6430_hf - hfe;352;0;0;NA;0;0;0;0;0;0;0;0;0;0;0;0;NA;NA;NA;NA;NA;NA;NA;NA;NA;NA;NA;0;0;0;0;NA;1;NA;NA;NA;NA;NA;NA;NA;NA;NA;NA;NA;NA;NA;NA;NA;NA;NA;NA;NA;NA;NA;NA;NA;NA;NA;NA;NA;NA;0;0;NA;1;0;0;NA;NA;NA;NA;NA;NA;NA;NA;NA;NA;NA;NA;NA;NA;NA;NA;NA;NA;NA;NA;NA;NA;NA;NA;NA;NA;NA;NA;NA;NA;NA;NA;NA;NA;NA;NA;NA;NA;NA;NA;NA;NA;NA;NA;NA;NA;NA;NA
6430_hf - hfe;353;0;1;0;0;0;0;0;0;0;0;0;0;0;0;0;NA;NA;NA;NA;NA;NA;NA;NA;NA;NA;NA;0;0;0;0;NA;1;NA;NA;NA;NA;NA;NA;NA;NA;NA;NA;NA;NA;NA;NA;NA;NA;NA;NA;NA;NA;NA;NA;NA;NA;NA;NA;NA;NA;0;0;NA;1;0;0;NA;NA;NA;NA;NA;NA;NA;NA;NA;NA;NA;NA;NA;NA;NA;NA;NA;NA;NA;NA;NA;NA;NA;NA;NA;NA;NA;NA;NA;NA;NA;NA;NA;NA;NA;NA;NA;NA;NA;NA;NA;NA;NA;NA;NA;NA;NA;NA
6430_hf - hfe;354;0;0;NA;0;0;0;0;0;0;0;0;0;0;0;1;0;0;0;0;1;0;0;0;NA;NA;NA;0;0;0;0;NA;1;NA;NA;NA;NA;NA;NA;NA;NA;NA;NA;NA;NA;NA;NA;NA;NA;NA;NA;NA;NA;NA;NA;NA;NA;NA;NA;NA;NA;0;0;NA;1;0;0;NA;NA;NA;NA;NA;NA;NA;NA;NA;NA;NA;NA;NA;NA;NA;NA;NA;NA;NA;NA;NA;NA;NA;NA;NA;NA;NA;NA;NA;NA;NA;NA;NA;NA;NA;NA;NA;NA;NA;NA;NA;NA;NA;NA;NA;NA;NA;NA
6430_hf - hfe;355;0;1;0;0;0;0;0;0;0;0;0;0;0;0;1;0;0;0;0;1;0;0;0;NA;NA;NA;0;0;0;0;NA;1;NA;NA;NA;NA;NA;NA;NA;NA;NA;NA;NA;NA;NA;NA;NA;NA;NA;NA;NA;NA;NA;NA;NA;NA;NA;NA;NA;NA;0;0;NA;1;0;0;NA;NA;NA;NA;NA;NA;NA;NA;NA;NA;NA;NA;NA;NA;NA;NA;NA;NA;NA;NA;NA;NA;NA;NA;NA;NA;NA;NA;NA;NA;NA;NA;NA;NA;NA;NA;NA;NA;NA;NA;NA;NA;NA;NA;NA;NA;NA;NA
6430_hf - hfe;356;0;0;NA;0;0;0;0;0;0;0;0;0;0;0;1;0;0;0;0;0;NA;NA;NA;0;0;0;0;0;0;0;NA;1;NA;NA;NA;NA;NA;NA;NA;NA;NA;NA;NA;NA;NA;NA;NA;NA;NA;NA;NA;NA;NA;NA;NA;NA;NA;NA;NA;NA;0;0;NA;1;0;0;NA;NA;NA;NA;NA;NA;NA;NA;NA;NA;NA;NA;NA;NA;NA;NA;NA;NA;NA;NA;NA;NA;NA;NA;NA;NA;NA;NA;NA;NA;NA;NA;NA;NA;NA;NA;NA;NA;NA;NA;NA;NA;NA;NA;NA;NA;NA;NA
6430_hf - hfe;357;0;1;0;0;0;0;0;0;0;0;0;0;0;0;1;0;0;0;0;0;NA;NA;NA;0;0;0;0;0;0;0;NA;1;NA;NA;NA;NA;NA;NA;NA;NA;NA;NA;NA;NA;NA;NA;NA;NA;NA;NA;NA;NA;NA;NA;NA;NA;NA;NA;NA;NA;0;0;NA;1;0;0;NA;NA;NA;NA;NA;NA;NA;NA;NA;NA;NA;NA;NA;NA;NA;NA;NA;NA;NA;NA;NA;NA;NA;NA;NA;NA;NA;NA;NA;NA;NA;NA;NA;NA;NA;NA;NA;NA;NA;NA;NA;NA;NA;NA;NA;NA;NA;NA
6430_hf - hfe;358;0;0;NA;0;0;0;0;0;0;0;0;0;0;0;0;NA;NA;NA;NA;NA;NA;NA;NA;NA;NA;NA;0;0;0;0;1;NA;NA;1;NA;NA;NA;NA;NA;NA;NA;NA;NA;NA;NA;NA;NA;NA;NA;NA;NA;NA;NA;NA;NA;NA;NA;NA;NA;NA;0;0;NA;1;0;0;NA;NA;NA;NA;NA;NA;NA;NA;NA;NA;NA;NA;NA;NA;NA;NA;NA;NA;NA;NA;NA;NA;NA;NA;NA;NA;NA;NA;NA;NA;NA;NA;NA;NA;NA;NA;NA;NA;NA;NA;NA;NA;NA;NA;NA;NA;NA;NA
6430_hf - hfe;359;0;1;0;0;0;0;0;0;0;0;0;0;0;0;0;NA;NA;NA;NA;NA;NA;NA;NA;NA;NA;NA;0;0;0;0;1;NA;NA;1;NA;NA;NA;NA;NA;NA;NA;NA;NA;NA;NA;NA;NA;NA;NA;NA;NA;NA;NA;NA;NA;NA;NA;NA;NA;NA;0;0;NA;1;0;0;NA;NA;NA;NA;NA;NA;NA;NA;NA;NA;NA;NA;NA;NA;NA;NA;NA;NA;NA;NA;NA;NA;NA;NA;NA;NA;NA;NA;NA;NA;NA;NA;NA;NA;NA;NA;NA;NA;NA;NA;NA;NA;NA;NA;NA;NA;NA;NA
6430_hf - hfe;360;0;0;NA;0;0;0;0;0;0;0;0;0;0;0;1;0;0;0;0;1;0;0;0;NA;NA;NA;0;0;0;0;1;NA;NA;1;NA;NA;NA;NA;NA;NA;NA;NA;NA;NA;NA;NA;NA;NA;NA;NA;NA;NA;NA;NA;NA;NA;NA;NA;NA;NA;0;0;NA;1;0;0;NA;NA;NA;NA;NA;NA;NA;NA;NA;NA;NA;NA;NA;NA;NA;NA;NA;NA;NA;NA;NA;NA;NA;NA;NA;NA;NA;NA;NA;NA;NA;NA;NA;NA;NA;NA;NA;NA;NA;NA;NA;NA;NA;NA;NA;NA;NA;NA
6430_hf - hfe;361;0;1;0;0;0;0;0;0;0;0;0;0;0;0;1;0;0;0;0;1;0;0;0;NA;NA;NA;0;0;0;0;1;NA;NA;1;NA;NA;NA;NA;NA;NA;NA;NA;NA;NA;NA;NA;NA;NA;NA;NA;NA;NA;NA;NA;NA;NA;NA;NA;NA;NA;0;0;NA;1;0;0;NA;NA;NA;NA;NA;NA;NA;NA;NA;NA;NA;NA;NA;NA;NA;NA;NA;NA;NA;NA;NA;NA;NA;NA;NA;NA;NA;NA;NA;NA;NA;NA;NA;NA;NA;NA;NA;NA;NA;NA;NA;NA;NA;NA;NA;NA;NA;NA
6430_hf - hfe;362;0;0;NA;0;0;0;0;0;0;0;0;0;0;0;1;0;0;0;0;0;NA;NA;NA;0;0;0;0;0;0;0;1;NA;NA;1;NA;NA;NA;NA;NA;NA;NA;NA;NA;NA;NA;NA;NA;NA;NA;NA;NA;NA;NA;NA;NA;NA;NA;NA;NA;NA;0;0;NA;1;0;0;NA;NA;NA;NA;NA;NA;NA;NA;NA;NA;NA;NA;NA;NA;NA;NA;NA;NA;NA;NA;NA;NA;NA;NA;NA;NA;NA;NA;NA;NA;NA;NA;NA;NA;NA;NA;NA;NA;NA;NA;NA;NA;NA;NA;NA;NA;NA;NA
6430_hf - hfe;363;0;1;0;0;0;0;0;0;0;0;0;0;0;0;1;0;0;0;0;0;NA;NA;NA;0;0;0;0;0;0;0;1;NA;NA;1;NA;NA;NA;NA;NA;NA;NA;NA;NA;NA;NA;NA;NA;NA;NA;NA;NA;NA;NA;NA;NA;NA;NA;NA;NA;NA;0;0;NA;1;0;0;NA;NA;NA;NA;NA;NA;NA;NA;NA;NA;NA;NA;NA;NA;NA;NA;NA;NA;NA;NA;NA;NA;NA;NA;NA;NA;NA;NA;NA;NA;NA;NA;NA;NA;NA;NA;NA;NA;NA;NA;NA;NA;NA;NA;NA;NA;NA;NA
6430_hf - hfe;364;0;0;NA;0;0;0;0;0;0;0;0;0;0;0;0;NA;NA;NA;NA;NA;NA;NA;NA;NA;NA;NA;0;0;0;1;NA;NA;NA;1;NA;NA;NA;NA;NA;NA;0;0;NA;NA;NA;NA;NA;NA;0;1;NA;NA;NA;NA;NA;NA;NA;NA;NA;NA;0;0;NA;1;0;0;NA;NA;NA;NA;NA;NA;NA;NA;NA;NA;NA;NA;NA;NA;NA;NA;NA;NA;NA;NA;NA;NA;NA;NA;NA;NA;NA;NA;NA;NA;NA;NA;NA;NA;NA;NA;NA;NA;NA;NA;NA;NA;NA;NA;NA;NA;NA;NA
6430_hf - hfe;365;0;1;0;0;0;0;0;0;0;0;0;0;0;0;0;NA;NA;NA;NA;NA;NA;NA;NA;NA;NA;NA;0;0;0;1;NA;NA;NA;1;NA;NA;NA;NA;NA;NA;0;0;NA;NA;NA;NA;NA;NA;0;1;NA;NA;NA;NA;NA;NA;NA;NA;NA;NA;0;0;NA;1;0;0;NA;NA;NA;NA;NA;NA;NA;NA;NA;NA;NA;NA;NA;NA;NA;NA;NA;NA;NA;NA;NA;NA;NA;NA;NA;NA;NA;NA;NA;NA;NA;NA;NA;NA;NA;NA;NA;NA;NA;NA;NA;NA;NA;NA;NA;NA;NA;NA
6430_hf - hfe;366;0;0;NA;0;0;0;0;0;0;0;0;0;0;0;1;0;0;0;0;1;0;0;0;NA;NA;NA;0;0;0;1;NA;NA;NA;1;NA;NA;NA;NA;NA;NA;0;0;NA;NA;NA;NA;NA;NA;0;1;NA;NA;NA;NA;NA;NA;NA;NA;NA;NA;0;0;NA;1;0;0;NA;NA;NA;NA;NA;NA;NA;NA;NA;NA;NA;NA;NA;NA;NA;NA;NA;NA;NA;NA;NA;NA;NA;NA;NA;NA;NA;NA;NA;NA;NA;NA;NA;NA;NA;NA;NA;NA;NA;NA;NA;NA;NA;NA;NA;NA;NA;NA
6430_hf - hfe;367;0;1;0;0;0;0;0;0;0;0;0;0;0;0;1;0;0;0;0;1;0;0;0;NA;NA;NA;0;0;0;1;NA;NA;NA;1;NA;NA;NA;NA;NA;NA;0;0;NA;NA;NA;NA;NA;NA;0;1;NA;NA;NA;NA;NA;NA;NA;NA;NA;NA;0;0;NA;1;0;0;NA;NA;NA;NA;NA;NA;NA;NA;NA;NA;NA;NA;NA;NA;NA;NA;NA;NA;NA;NA;NA;NA;NA;NA;NA;NA;NA;NA;NA;NA;NA;NA;NA;NA;NA;NA;NA;NA;NA;NA;NA;NA;NA;NA;NA;NA;NA;NA
6430_hf - hfe;368;0;0;NA;0;0;0;0;0;0;0;0;0;0;0;1;0;0;0;0;0;NA;NA;NA;0;0;0;0;0;0;1;NA;NA;NA;1;NA;NA;NA;NA;NA;NA;0;0;NA;NA;NA;NA;NA;NA;0;1;NA;NA;NA;NA;NA;NA;NA;NA;NA;NA;0;0;NA;1;0;0;NA;NA;NA;NA;NA;NA;NA;NA;NA;NA;NA;NA;NA;NA;NA;NA;NA;NA;NA;NA;NA;NA;NA;NA;NA;NA;NA;NA;NA;NA;NA;NA;NA;NA;NA;NA;NA;NA;NA;NA;NA;NA;NA;NA;NA;NA;NA;NA
6430_hf - hfe;369;0;1;0;0;0;0;0;0;0;0;0;0;0;0;1;0;0;0;0;0;NA;NA;NA;0;0;0;0;0;0;1;NA;NA;NA;1;NA;NA;NA;NA;NA;NA;0;0;NA;NA;NA;NA;NA;NA;0;1;NA;NA;NA;NA;NA;NA;NA;NA;NA;NA;0;0;NA;1;0;0;NA;NA;NA;NA;NA;NA;NA;NA;NA;NA;NA;NA;NA;NA;NA;NA;NA;NA;NA;NA;NA;NA;NA;NA;NA;NA;NA;NA;NA;NA;NA;NA;NA;NA;NA;NA;NA;NA;NA;NA;NA;NA;NA;NA;NA;NA;NA;NA
6430_hf - hfe;370;0;0;NA;0;0;0;0;0;0;0;0;0;0;0;0;NA;NA;NA;NA;NA;NA;NA;NA;NA;NA;NA;0;0;0;1;NA;NA;NA;NA;NA;NA;NA;NA;NA;NA;0;0;NA;NA;NA;NA;NA;NA;0;0;1;NA;NA;NA;NA;NA;NA;NA;NA;NA;0;0;NA;1;0;0;NA;NA;NA;NA;NA;NA;NA;NA;NA;NA;NA;NA;NA;NA;NA;NA;NA;NA;NA;NA;NA;NA;NA;NA;NA;NA;NA;NA;NA;NA;NA;NA;NA;NA;NA;NA;NA;NA;NA;NA;NA;NA;NA;NA;NA;NA;NA;NA
6430_hf - hfe;371;0;1;0;0;0;0;0;0;0;0;0;0;0;0;0;NA;NA;NA;NA;NA;NA;NA;NA;NA;NA;NA;0;0;0;1;NA;NA;NA;NA;NA;NA;NA;NA;NA;NA;0;0;NA;NA;NA;NA;NA;NA;0;0;1;NA;NA;NA;NA;NA;NA;NA;NA;NA;0;0;NA;1;0;0;NA;NA;NA;NA;NA;NA;NA;NA;NA;NA;NA;NA;NA;NA;NA;NA;NA;NA;NA;NA;NA;NA;NA;NA;NA;NA;NA;NA;NA;NA;NA;NA;NA;NA;NA;NA;NA;NA;NA;NA;NA;NA;NA;NA;NA;NA;NA;NA
6430_hf - hfe;372;0;0;NA;0;0;0;0;0;0;0;0;0;0;0;1;0;0;0;0;1;0;0;0;NA;NA;NA;0;0;0;1;NA;NA;NA;NA;NA;NA;NA;NA;NA;NA;0;0;NA;NA;NA;NA;NA;NA;0;0;1;NA;NA;NA;NA;NA;NA;NA;NA;NA;0;0;NA;1;0;0;NA;NA;NA;NA;NA;NA;NA;NA;NA;NA;NA;NA;NA;NA;NA;NA;NA;NA;NA;NA;NA;NA;NA;NA;NA;NA;NA;NA;NA;NA;NA;NA;NA;NA;NA;NA;NA;NA;NA;NA;NA;NA;NA;NA;NA;NA;NA;NA
6430_hf - hfe;373;0;1;0;0;0;0;0;0;0;0;0;0;0;0;1;0;0;0;0;1;0;0;0;NA;NA;NA;0;0;0;1;NA;NA;NA;NA;NA;NA;NA;NA;NA;NA;0;0;NA;NA;NA;NA;NA;NA;0;0;1;NA;NA;NA;NA;NA;NA;NA;NA;NA;0;0;NA;1;0;0;NA;NA;NA;NA;NA;NA;NA;NA;NA;NA;NA;NA;NA;NA;NA;NA;NA;NA;NA;NA;NA;NA;NA;NA;NA;NA;NA;NA;NA;NA;NA;NA;NA;NA;NA;NA;NA;NA;NA;NA;NA;NA;NA;NA;NA;NA;NA;NA
6430_hf - hfe;374;0;0;NA;0;0;0;0;0;0;0;0;0;0;0;1;0;0;0;0;0;NA;NA;NA;0;0;0;0;0;0;1;NA;NA;NA;NA;NA;NA;NA;NA;NA;NA;0;0;NA;NA;NA;NA;NA;NA;0;0;1;NA;NA;NA;NA;NA;NA;NA;NA;NA;0;0;NA;1;0;0;NA;NA;NA;NA;NA;NA;NA;NA;NA;NA;NA;NA;NA;NA;NA;NA;NA;NA;NA;NA;NA;NA;NA;NA;NA;NA;NA;NA;NA;NA;NA;NA;NA;NA;NA;NA;NA;NA;NA;NA;NA;NA;NA;NA;NA;NA;NA;NA
6430_hf - hfe;375;0;1;0;0;0;0;0;0;0;0;0;0;0;0;1;0;0;0;0;0;NA;NA;NA;0;0;0;0;0;0;1;NA;NA;NA;NA;NA;NA;NA;NA;NA;NA;0;0;NA;NA;NA;NA;NA;NA;0;0;1;NA;NA;NA;NA;NA;NA;NA;NA;NA;0;0;NA;1;0;0;NA;NA;NA;NA;NA;NA;NA;NA;NA;NA;NA;NA;NA;NA;NA;NA;NA;NA;NA;NA;NA;NA;NA;NA;NA;NA;NA;NA;NA;NA;NA;NA;NA;NA;NA;NA;NA;NA;NA;NA;NA;NA;NA;NA;NA;NA;NA;NA
6430_hf - hfe_min;376;0;0;NA;0;0;0;0;0;0;0;0;0;0;0;0;NA;NA;NA;NA;NA;NA;NA;NA;NA;NA;NA;0;0;0;1;NA;NA;NA;NA;NA;NA;NA;NA;NA;NA;0;0;NA;NA;NA;NA;NA;NA;1;NA;NA;NA;NA;NA;NA;NA;NA;NA;NA;NA;NA;NA;NA;NA;1;NA;NA;NA;NA;NA;NA;NA;NA;NA;NA;NA;NA;NA;NA;NA;NA;NA;NA;NA;NA;NA;NA;NA;NA;NA;NA;NA;NA;NA;NA;NA;NA;NA;NA;NA;NA;NA;NA;NA;NA;NA;NA;NA;NA;NA;NA;NA;NA;NA
6430_hf - hfe_min;377;0;1;0;0;0;0;0;0;0;0;0;0;0;0;0;NA;NA;NA;NA;NA;NA;NA;NA;NA;NA;NA;0;0;0;1;NA;NA;NA;NA;NA;NA;NA;NA;NA;NA;0;0;NA;NA;NA;NA;NA;NA;1;NA;NA;NA;NA;NA;NA;NA;NA;NA;NA;NA;NA;NA;NA;NA;1;NA;NA;NA;NA;NA;NA;NA;NA;NA;NA;NA;NA;NA;NA;NA;NA;NA;NA;NA;NA;NA;NA;NA;NA;NA;NA;NA;NA;NA;NA;NA;NA;NA;NA;NA;NA;NA;NA;NA;NA;NA;NA;NA;NA;NA;NA;NA;NA;NA
6430_hf - hfe_min;378;0;0;NA;0;0;0;0;0;0;0;0;0;0;0;1;0;0;0;0;1;0;0;0;NA;NA;NA;0;0;0;1;NA;NA;NA;NA;NA;NA;NA;NA;NA;NA;0;0;NA;NA;NA;NA;NA;NA;1;NA;NA;NA;NA;NA;NA;NA;NA;NA;NA;NA;NA;NA;NA;NA;1;NA;NA;NA;NA;NA;NA;NA;NA;NA;NA;NA;NA;NA;NA;NA;NA;NA;NA;NA;NA;NA;NA;NA;NA;NA;NA;NA;NA;NA;NA;NA;NA;NA;NA;NA;NA;NA;NA;NA;NA;NA;NA;NA;NA;NA;NA;NA;NA;NA
6430_hf - hfe_min;379;0;1;0;0;0;0;0;0;0;0;0;0;0;0;1;0;0;0;0;1;0;0;0;NA;NA;NA;0;0;0;1;NA;NA;NA;NA;NA;NA;NA;NA;NA;NA;0;0;NA;NA;NA;NA;NA;NA;1;NA;NA;NA;NA;NA;NA;NA;NA;NA;NA;NA;NA;NA;NA;NA;1;NA;NA;NA;NA;NA;NA;NA;NA;NA;NA;NA;NA;NA;NA;NA;NA;NA;NA;NA;NA;NA;NA;NA;NA;NA;NA;NA;NA;NA;NA;NA;NA;NA;NA;NA;NA;NA;NA;NA;NA;NA;NA;NA;NA;NA;NA;NA;NA;NA
6430_hf - hfe_min;380;0;0;NA;0;0;0;0;0;0;0;0;0;0;0;1;0;0;0;0;0;NA;NA;NA;0;0;0;0;0;0;1;NA;NA;NA;NA;NA;NA;NA;NA;NA;NA;0;0;NA;NA;NA;NA;NA;NA;1;NA;NA;NA;NA;NA;NA;NA;NA;NA;NA;NA;NA;NA;NA;NA;1;NA;NA;NA;NA;NA;NA;NA;NA;NA;NA;NA;NA;NA;NA;NA;NA;NA;NA;NA;NA;NA;NA;NA;NA;NA;NA;NA;NA;NA;NA;NA;NA;NA;NA;NA;NA;NA;NA;NA;NA;NA;NA;NA;NA;NA;NA;NA;NA;NA
6430_hf - hfe_min;381;0;1;0;0;0;0;0;0;0;0;0;0;0;0;1;0;0;0;0;0;NA;NA;NA;0;0;0;0;0;0;1;NA;NA;NA;NA;NA;NA;NA;NA;NA;NA;0;0;NA;NA;NA;NA;NA;NA;1;NA;NA;NA;NA;NA;NA;NA;NA;NA;NA;NA;NA;NA;NA;NA;1;NA;NA;NA;NA;NA;NA;NA;NA;NA;NA;NA;NA;NA;NA;NA;NA;NA;NA;NA;NA;NA;NA;NA;NA;NA;NA;NA;NA;NA;NA;NA;NA;NA;NA;NA;NA;NA;NA;NA;NA;NA;NA;NA;NA;NA;NA;NA;NA;NA
6430_hf - hfe_min;382;0;0;NA;0;0;0;0;0;0;0;0;0;0;0;0;NA;NA;NA;NA;NA;NA;NA;NA;NA;NA;NA;0;0;0;0;NA;1;NA;NA;NA;NA;NA;NA;NA;NA;NA;NA;NA;NA;NA;NA;NA;NA;NA;NA;NA;NA;NA;NA;NA;NA;NA;NA;NA;NA;0;0;NA;1;1;NA;NA;NA;NA;NA;NA;NA;NA;NA;NA;NA;NA;NA;NA;NA;NA;NA;NA;NA;NA;NA;NA;NA;NA;NA;NA;NA;NA;NA;NA;NA;NA;NA;NA;NA;NA;NA;NA;NA;NA;NA;NA;NA;NA;NA;NA;NA;NA;NA
6430_hf - hfe_min;383;0;1;0;0;0;0;0;0;0;0;0;0;0;0;0;NA;NA;NA;NA;NA;NA;NA;NA;NA;NA;NA;0;0;0;0;NA;1;NA;NA;NA;NA;NA;NA;NA;NA;NA;NA;NA;NA;NA;NA;NA;NA;NA;NA;NA;NA;NA;NA;NA;NA;NA;NA;NA;NA;0;0;NA;1;1;NA;NA;NA;NA;NA;NA;NA;NA;NA;NA;NA;NA;NA;NA;NA;NA;NA;NA;NA;NA;NA;NA;NA;NA;NA;NA;NA;NA;NA;NA;NA;NA;NA;NA;NA;NA;NA;NA;NA;NA;NA;NA;NA;NA;NA;NA;NA;NA;NA
6430_hf - hfe_min;384;0;0;NA;0;0;0;0;0;0;0;0;0;0;0;1;0;0;0;0;1;0;0;0;NA;NA;NA;0;0;0;0;NA;1;NA;NA;NA;NA;NA;NA;NA;NA;NA;NA;NA;NA;NA;NA;NA;NA;NA;NA;NA;NA;NA;NA;NA;NA;NA;NA;NA;NA;0;0;NA;1;1;NA;NA;NA;NA;NA;NA;NA;NA;NA;NA;NA;NA;NA;NA;NA;NA;NA;NA;NA;NA;NA;NA;NA;NA;NA;NA;NA;NA;NA;NA;NA;NA;NA;NA;NA;NA;NA;NA;NA;NA;NA;NA;NA;NA;NA;NA;NA;NA;NA
6430_hf - hfe_min;385;0;1;0;0;0;0;0;0;0;0;0;0;0;0;1;0;0;0;0;1;0;0;0;NA;NA;NA;0;0;0;0;NA;1;NA;NA;NA;NA;NA;NA;NA;NA;NA;NA;NA;NA;NA;NA;NA;NA;NA;NA;NA;NA;NA;NA;NA;NA;NA;NA;NA;NA;0;0;NA;1;1;NA;NA;NA;NA;NA;NA;NA;NA;NA;NA;NA;NA;NA;NA;NA;NA;NA;NA;NA;NA;NA;NA;NA;NA;NA;NA;NA;NA;NA;NA;NA;NA;NA;NA;NA;NA;NA;NA;NA;NA;NA;NA;NA;NA;NA;NA;NA;NA;NA
6430_hf - hfe_min;386;0;0;NA;0;0;0;0;0;0;0;0;0;0;0;1;0;0;0;0;0;NA;NA;NA;0;0;0;0;0;0;0;NA;1;NA;NA;NA;NA;NA;NA;NA;NA;NA;NA;NA;NA;NA;NA;NA;NA;NA;NA;NA;NA;NA;NA;NA;NA;NA;NA;NA;NA;0;0;NA;1;1;NA;NA;NA;NA;NA;NA;NA;NA;NA;NA;NA;NA;NA;NA;NA;NA;NA;NA;NA;NA;NA;NA;NA;NA;NA;NA;NA;NA;NA;NA;NA;NA;NA;NA;NA;NA;NA;NA;NA;NA;NA;NA;NA;NA;NA;NA;NA;NA;NA
6430_hf - hfe_min;387;0;1;0;0;0;0;0;0;0;0;0;0;0;0;1;0;0;0;0;0;NA;NA;NA;0;0;0;0;0;0;0;NA;1;NA;NA;NA;NA;NA;NA;NA;NA;NA;NA;NA;NA;NA;NA;NA;NA;NA;NA;NA;NA;NA;NA;NA;NA;NA;NA;NA;NA;0;0;NA;1;1;NA;NA;NA;NA;NA;NA;NA;NA;NA;NA;NA;NA;NA;NA;NA;NA;NA;NA;NA;NA;NA;NA;NA;NA;NA;NA;NA;NA;NA;NA;NA;NA;NA;NA;NA;NA;NA;NA;NA;NA;NA;NA;NA;NA;NA;NA;NA;NA;NA
6430_hf - hfe_min;388;0;0;NA;0;0;0;0;0;0;0;0;0;0;0;0;NA;NA;NA;NA;NA;NA;NA;NA;NA;NA;NA;0;0;0;0;1;NA;NA;1;NA;NA;NA;NA;NA;NA;NA;NA;NA;NA;NA;NA;NA;NA;NA;NA;NA;NA;NA;NA;NA;NA;NA;NA;NA;NA;0;0;NA;1;1;NA;NA;NA;NA;NA;NA;NA;NA;NA;NA;NA;NA;NA;NA;NA;NA;NA;NA;NA;NA;NA;NA;NA;NA;NA;NA;NA;NA;NA;NA;NA;NA;NA;NA;NA;NA;NA;NA;NA;NA;NA;NA;NA;NA;NA;NA;NA;NA;NA
6430_hf - hfe_min;389;0;1;0;0;0;0;0;0;0;0;0;0;0;0;0;NA;NA;NA;NA;NA;NA;NA;NA;NA;NA;NA;0;0;0;0;1;NA;NA;1;NA;NA;NA;NA;NA;NA;NA;NA;NA;NA;NA;NA;NA;NA;NA;NA;NA;NA;NA;NA;NA;NA;NA;NA;NA;NA;0;0;NA;1;1;NA;NA;NA;NA;NA;NA;NA;NA;NA;NA;NA;NA;NA;NA;NA;NA;NA;NA;NA;NA;NA;NA;NA;NA;NA;NA;NA;NA;NA;NA;NA;NA;NA;NA;NA;NA;NA;NA;NA;NA;NA;NA;NA;NA;NA;NA;NA;NA;NA
6430_hf - hfe_min;390;0;0;NA;0;0;0;0;0;0;0;0;0;0;0;1;0;0;0;0;1;0;0;0;NA;NA;NA;0;0;0;0;1;NA;NA;1;NA;NA;NA;NA;NA;NA;NA;NA;NA;NA;NA;NA;NA;NA;NA;NA;NA;NA;NA;NA;NA;NA;NA;NA;NA;NA;0;0;NA;1;1;NA;NA;NA;NA;NA;NA;NA;NA;NA;NA;NA;NA;NA;NA;NA;NA;NA;NA;NA;NA;NA;NA;NA;NA;NA;NA;NA;NA;NA;NA;NA;NA;NA;NA;NA;NA;NA;NA;NA;NA;NA;NA;NA;NA;NA;NA;NA;NA;NA
6430_hf - hfe_min;391;0;1;0;0;0;0;0;0;0;0;0;0;0;0;1;0;0;0;0;1;0;0;0;NA;NA;NA;0;0;0;0;1;NA;NA;1;NA;NA;NA;NA;NA;NA;NA;NA;NA;NA;NA;NA;NA;NA;NA;NA;NA;NA;NA;NA;NA;NA;NA;NA;NA;NA;0;0;NA;1;1;NA;NA;NA;NA;NA;NA;NA;NA;NA;NA;NA;NA;NA;NA;NA;NA;NA;NA;NA;NA;NA;NA;NA;NA;NA;NA;NA;NA;NA;NA;NA;NA;NA;NA;NA;NA;NA;NA;NA;NA;NA;NA;NA;NA;NA;NA;NA;NA;NA
6430_hf - hfe_min;392;0;0;NA;0;0;0;0;0;0;0;0;0;0;0;1;0;0;0;0;0;NA;NA;NA;0;0;0;0;0;0;0;1;NA;NA;1;NA;NA;NA;NA;NA;NA;NA;NA;NA;NA;NA;NA;NA;NA;NA;NA;NA;NA;NA;NA;NA;NA;NA;NA;NA;NA;0;0;NA;1;1;NA;NA;NA;NA;NA;NA;NA;NA;NA;NA;NA;NA;NA;NA;NA;NA;NA;NA;NA;NA;NA;NA;NA;NA;NA;NA;NA;NA;NA;NA;NA;NA;NA;NA;NA;NA;NA;NA;NA;NA;NA;NA;NA;NA;NA;NA;NA;NA;NA
6430_hf - hfe_min;393;0;1;0;0;0;0;0;0;0;0;0;0;0;0;1;0;0;0;0;0;NA;NA;NA;0;0;0;0;0;0;0;1;NA;NA;1;NA;NA;NA;NA;NA;NA;NA;NA;NA;NA;NA;NA;NA;NA;NA;NA;NA;NA;NA;NA;NA;NA;NA;NA;NA;NA;0;0;NA;1;1;NA;NA;NA;NA;NA;NA;NA;NA;NA;NA;NA;NA;NA;NA;NA;NA;NA;NA;NA;NA;NA;NA;NA;NA;NA;NA;NA;NA;NA;NA;NA;NA;NA;NA;NA;NA;NA;NA;NA;NA;NA;NA;NA;NA;NA;NA;NA;NA;NA
6430_hf - hfe_min;394;0;0;NA;0;0;0;0;0;0;0;0;0;0;0;0;NA;NA;NA;NA;NA;NA;NA;NA;NA;NA;NA;0;0;0;1;NA;NA;NA;1;NA;NA;NA;NA;NA;NA;0;0;NA;NA;NA;NA;NA;NA;0;1;NA;NA;NA;NA;NA;NA;NA;NA;NA;NA;0;0;NA;1;1;NA;NA;NA;NA;NA;NA;NA;NA;NA;NA;NA;NA;NA;NA;NA;NA;NA;NA;NA;NA;NA;NA;NA;NA;NA;NA;NA;NA;NA;NA;NA;NA;NA;NA;NA;NA;NA;NA;NA;NA;NA;NA;NA;NA;NA;NA;NA;NA;NA
6430_hf - hfe_min;395;0;1;0;0;0;0;0;0;0;0;0;0;0;0;0;NA;NA;NA;NA;NA;NA;NA;NA;NA;NA;NA;0;0;0;1;NA;NA;NA;1;NA;NA;NA;NA;NA;NA;0;0;NA;NA;NA;NA;NA;NA;0;1;NA;NA;NA;NA;NA;NA;NA;NA;NA;NA;0;0;NA;1;1;NA;NA;NA;NA;NA;NA;NA;NA;NA;NA;NA;NA;NA;NA;NA;NA;NA;NA;NA;NA;NA;NA;NA;NA;NA;NA;NA;NA;NA;NA;NA;NA;NA;NA;NA;NA;NA;NA;NA;NA;NA;NA;NA;NA;NA;NA;NA;NA;NA
6430_hf - hfe_min;396;0;0;NA;0;0;0;0;0;0;0;0;0;0;0;1;0;0;0;0;1;0;0;0;NA;NA;NA;0;0;0;1;NA;NA;NA;1;NA;NA;NA;NA;NA;NA;0;0;NA;NA;NA;NA;NA;NA;0;1;NA;NA;NA;NA;NA;NA;NA;NA;NA;NA;0;0;NA;1;1;NA;NA;NA;NA;NA;NA;NA;NA;NA;NA;NA;NA;NA;NA;NA;NA;NA;NA;NA;NA;NA;NA;NA;NA;NA;NA;NA;NA;NA;NA;NA;NA;NA;NA;NA;NA;NA;NA;NA;NA;NA;NA;NA;NA;NA;NA;NA;NA;NA
6430_hf - hfe_min;397;0;1;0;0;0;0;0;0;0;0;0;0;0;0;1;0;0;0;0;1;0;0;0;NA;NA;NA;0;0;0;1;NA;NA;NA;1;NA;NA;NA;NA;NA;NA;0;0;NA;NA;NA;NA;NA;NA;0;1;NA;NA;NA;NA;NA;NA;NA;NA;NA;NA;0;0;NA;1;1;NA;NA;NA;NA;NA;NA;NA;NA;NA;NA;NA;NA;NA;NA;NA;NA;NA;NA;NA;NA;NA;NA;NA;NA;NA;NA;NA;NA;NA;NA;NA;NA;NA;NA;NA;NA;NA;NA;NA;NA;NA;NA;NA;NA;NA;NA;NA;NA;NA
6430_hf - hfe_min;398;0;0;NA;0;0;0;0;0;0;0;0;0;0;0;1;0;0;0;0;0;NA;NA;NA;0;0;0;0;0;0;1;NA;NA;NA;1;NA;NA;NA;NA;NA;NA;0;0;NA;NA;NA;NA;NA;NA;0;1;NA;NA;NA;NA;NA;NA;NA;NA;NA;NA;0;0;NA;1;1;NA;NA;NA;NA;NA;NA;NA;NA;NA;NA;NA;NA;NA;NA;NA;NA;NA;NA;NA;NA;NA;NA;NA;NA;NA;NA;NA;NA;NA;NA;NA;NA;NA;NA;NA;NA;NA;NA;NA;NA;NA;NA;NA;NA;NA;NA;NA;NA;NA
6430_hf - hfe_min;399;0;1;0;0;0;0;0;0;0;0;0;0;0;0;1;0;0;0;0;0;NA;NA;NA;0;0;0;0;0;0;1;NA;NA;NA;1;NA;NA;NA;NA;NA;NA;0;0;NA;NA;NA;NA;NA;NA;0;1;NA;NA;NA;NA;NA;NA;NA;NA;NA;NA;0;0;NA;1;1;NA;NA;NA;NA;NA;NA;NA;NA;NA;NA;NA;NA;NA;NA;NA;NA;NA;NA;NA;NA;NA;NA;NA;NA;NA;NA;NA;NA;NA;NA;NA;NA;NA;NA;NA;NA;NA;NA;NA;NA;NA;NA;NA;NA;NA;NA;NA;NA;NA
6430_hf - hfe_min;400;0;0;NA;0;0;0;0;0;0;0;0;0;0;0;0;NA;NA;NA;NA;NA;NA;NA;NA;NA;NA;NA;0;0;0;1;NA;NA;NA;NA;NA;NA;NA;NA;NA;NA;0;0;NA;NA;NA;NA;NA;NA;0;0;1;NA;NA;NA;NA;NA;NA;NA;NA;NA;0;0;NA;1;1;NA;NA;NA;NA;NA;NA;NA;NA;NA;NA;NA;NA;NA;NA;NA;NA;NA;NA;NA;NA;NA;NA;NA;NA;NA;NA;NA;NA;NA;NA;NA;NA;NA;NA;NA;NA;NA;NA;NA;NA;NA;NA;NA;NA;NA;NA;NA;NA;NA
6430_hf - hfe_min;401;0;1;0;0;0;0;0;0;0;0;0;0;0;0;0;NA;NA;NA;NA;NA;NA;NA;NA;NA;NA;NA;0;0;0;1;NA;NA;NA;NA;NA;NA;NA;NA;NA;NA;0;0;NA;NA;NA;NA;NA;NA;0;0;1;NA;NA;NA;NA;NA;NA;NA;NA;NA;0;0;NA;1;1;NA;NA;NA;NA;NA;NA;NA;NA;NA;NA;NA;NA;NA;NA;NA;NA;NA;NA;NA;NA;NA;NA;NA;NA;NA;NA;NA;NA;NA;NA;NA;NA;NA;NA;NA;NA;NA;NA;NA;NA;NA;NA;NA;NA;NA;NA;NA;NA;NA
6430_hf - hfe_min;402;0;0;NA;0;0;0;0;0;0;0;0;0;0;0;1;0;0;0;0;1;0;0;0;NA;NA;NA;0;0;0;1;NA;NA;NA;NA;NA;NA;NA;NA;NA;NA;0;0;NA;NA;NA;NA;NA;NA;0;0;1;NA;NA;NA;NA;NA;NA;NA;NA;NA;0;0;NA;1;1;NA;NA;NA;NA;NA;NA;NA;NA;NA;NA;NA;NA;NA;NA;NA;NA;NA;NA;NA;NA;NA;NA;NA;NA;NA;NA;NA;NA;NA;NA;NA;NA;NA;NA;NA;NA;NA;NA;NA;NA;NA;NA;NA;NA;NA;NA;NA;NA;NA
6430_hf - hfe_min;403;0;1;0;0;0;0;0;0;0;0;0;0;0;0;1;0;0;0;0;1;0;0;0;NA;NA;NA;0;0;0;1;NA;NA;NA;NA;NA;NA;NA;NA;NA;NA;0;0;NA;NA;NA;NA;NA;NA;0;0;1;NA;NA;NA;NA;NA;NA;NA;NA;NA;0;0;NA;1;1;NA;NA;NA;NA;NA;NA;NA;NA;NA;NA;NA;NA;NA;NA;NA;NA;NA;NA;NA;NA;NA;NA;NA;NA;NA;NA;NA;NA;NA;NA;NA;NA;NA;NA;NA;NA;NA;NA;NA;NA;NA;NA;NA;NA;NA;NA;NA;NA;NA
6430_hf - hfe_min;404;0;0;NA;0;0;0;0;0;0;0;0;0;0;0;1;0;0;0;0;0;NA;NA;NA;0;0;0;0;0;0;1;NA;NA;NA;NA;NA;NA;NA;NA;NA;NA;0;0;NA;NA;NA;NA;NA;NA;0;0;1;NA;NA;NA;NA;NA;NA;NA;NA;NA;0;0;NA;1;1;NA;NA;NA;NA;NA;NA;NA;NA;NA;NA;NA;NA;NA;NA;NA;NA;NA;NA;NA;NA;NA;NA;NA;NA;NA;NA;NA;NA;NA;NA;NA;NA;NA;NA;NA;NA;NA;NA;NA;NA;NA;NA;NA;NA;NA;NA;NA;NA;NA
6430_hf - hfe_min;405;0;1;0;0;0;0;0;0;0;0;0;0;0;0;1;0;0;0;0;0;NA;NA;NA;0;0;0;0;0;0;1;NA;NA;NA;NA;NA;NA;NA;NA;NA;NA;0;0;NA;NA;NA;NA;NA;NA;0;0;1;NA;NA;NA;NA;NA;NA;NA;NA;NA;0;0;NA;1;1;NA;NA;NA;NA;NA;NA;NA;NA;NA;NA;NA;NA;NA;NA;NA;NA;NA;NA;NA;NA;NA;NA;NA;NA;NA;NA;NA;NA;NA;NA;NA;NA;NA;NA;NA;NA;NA;NA;NA;NA;NA;NA;NA;NA;NA;NA;NA;NA;NA
6430_hf - hfe_min;406;0;0;NA;0;0;0;0;0;0;0;0;0;0;0;0;NA;NA;NA;NA;NA;NA;NA;NA;NA;NA;NA;0;0;0;1;NA;NA;NA;NA;NA;NA;NA;NA;NA;NA;0;0;NA;NA;NA;NA;NA;NA;1;NA;NA;NA;NA;NA;NA;NA;NA;NA;NA;NA;NA;NA;NA;NA;NA;1;NA;NA;NA;NA;NA;NA;NA;NA;NA;NA;NA;NA;NA;NA;NA;NA;NA;NA;NA;NA;NA;NA;NA;NA;NA;NA;NA;NA;NA;NA;NA;NA;NA;NA;NA;NA;NA;NA;NA;NA;NA;NA;NA;NA;NA;NA;NA;NA
6430_hf - hfe_min;407;0;1;0;0;0;0;0;0;0;0;0;0;0;0;0;NA;NA;NA;NA;NA;NA;NA;NA;NA;NA;NA;0;0;0;1;NA;NA;NA;NA;NA;NA;NA;NA;NA;NA;0;0;NA;NA;NA;NA;NA;NA;1;NA;NA;NA;NA;NA;NA;NA;NA;NA;NA;NA;NA;NA;NA;NA;NA;1;NA;NA;NA;NA;NA;NA;NA;NA;NA;NA;NA;NA;NA;NA;NA;NA;NA;NA;NA;NA;NA;NA;NA;NA;NA;NA;NA;NA;NA;NA;NA;NA;NA;NA;NA;NA;NA;NA;NA;NA;NA;NA;NA;NA;NA;NA;NA;NA
6430_hf - hfe_min;408;0;0;NA;0;0;0;0;0;0;0;0;0;0;0;1;0;0;0;0;1;0;0;0;NA;NA;NA;0;0;0;1;NA;NA;NA;NA;NA;NA;NA;NA;NA;NA;0;0;NA;NA;NA;NA;NA;NA;1;NA;NA;NA;NA;NA;NA;NA;NA;NA;NA;NA;NA;NA;NA;NA;NA;1;NA;NA;NA;NA;NA;NA;NA;NA;NA;NA;NA;NA;NA;NA;NA;NA;NA;NA;NA;NA;NA;NA;NA;NA;NA;NA;NA;NA;NA;NA;NA;NA;NA;NA;NA;NA;NA;NA;NA;NA;NA;NA;NA;NA;NA;NA;NA;NA
6430_hf - hfe_min;409;0;1;0;0;0;0;0;0;0;0;0;0;0;0;1;0;0;0;0;1;0;0;0;NA;NA;NA;0;0;0;1;NA;NA;NA;NA;NA;NA;NA;NA;NA;NA;0;0;NA;NA;NA;NA;NA;NA;1;NA;NA;NA;NA;NA;NA;NA;NA;NA;NA;NA;NA;NA;NA;NA;NA;1;NA;NA;NA;NA;NA;NA;NA;NA;NA;NA;NA;NA;NA;NA;NA;NA;NA;NA;NA;NA;NA;NA;NA;NA;NA;NA;NA;NA;NA;NA;NA;NA;NA;NA;NA;NA;NA;NA;NA;NA;NA;NA;NA;NA;NA;NA;NA;NA
6430_hf - hfe_min;410;0;0;NA;0;0;0;0;0;0;0;0;0;0;0;1;0;0;0;0;0;NA;NA;NA;0;0;0;0;0;0;1;NA;NA;NA;NA;NA;NA;NA;NA;NA;NA;0;0;NA;NA;NA;NA;NA;NA;1;NA;NA;NA;NA;NA;NA;NA;NA;NA;NA;NA;NA;NA;NA;NA;NA;1;NA;NA;NA;NA;NA;NA;NA;NA;NA;NA;NA;NA;NA;NA;NA;NA;NA;NA;NA;NA;NA;NA;NA;NA;NA;NA;NA;NA;NA;NA;NA;NA;NA;NA;NA;NA;NA;NA;NA;NA;NA;NA;NA;NA;NA;NA;NA;NA
6430_hf - hfe_min;411;0;1;0;0;0;0;0;0;0;0;0;0;0;0;1;0;0;0;0;0;NA;NA;NA;0;0;0;0;0;0;1;NA;NA;NA;NA;NA;NA;NA;NA;NA;NA;0;0;NA;NA;NA;NA;NA;NA;1;NA;NA;NA;NA;NA;NA;NA;NA;NA;NA;NA;NA;NA;NA;NA;NA;1;NA;NA;NA;NA;NA;NA;NA;NA;NA;NA;NA;NA;NA;NA;NA;NA;NA;NA;NA;NA;NA;NA;NA;NA;NA;NA;NA;NA;NA;NA;NA;NA;NA;NA;NA;NA;NA;NA;NA;NA;NA;NA;NA;NA;NA;NA;NA;NA
6430_hf - hfe_min;412;0;0;NA;0;0;0;0;0;0;0;0;0;0;0;0;NA;NA;NA;NA;NA;NA;NA;NA;NA;NA;NA;0;0;0;0;NA;1;NA;NA;NA;NA;NA;NA;NA;NA;NA;NA;NA;NA;NA;NA;NA;NA;NA;NA;NA;NA;NA;NA;NA;NA;NA;NA;NA;NA;0;0;NA;1;NA;1;NA;NA;NA;NA;NA;NA;NA;NA;NA;NA;NA;NA;NA;NA;NA;NA;NA;NA;NA;NA;NA;NA;NA;NA;NA;NA;NA;NA;NA;NA;NA;NA;NA;NA;NA;NA;NA;NA;NA;NA;NA;NA;NA;NA;NA;NA;NA;NA
6430_hf - hfe_min;413;0;1;0;0;0;0;0;0;0;0;0;0;0;0;0;NA;NA;NA;NA;NA;NA;NA;NA;NA;NA;NA;0;0;0;0;NA;1;NA;NA;NA;NA;NA;NA;NA;NA;NA;NA;NA;NA;NA;NA;NA;NA;NA;NA;NA;NA;NA;NA;NA;NA;NA;NA;NA;NA;0;0;NA;1;NA;1;NA;NA;NA;NA;NA;NA;NA;NA;NA;NA;NA;NA;NA;NA;NA;NA;NA;NA;NA;NA;NA;NA;NA;NA;NA;NA;NA;NA;NA;NA;NA;NA;NA;NA;NA;NA;NA;NA;NA;NA;NA;NA;NA;NA;NA;NA;NA;NA
6430_hf - hfe_min;414;0;0;NA;0;0;0;0;0;0;0;0;0;0;0;1;0;0;0;0;1;0;0;0;NA;NA;NA;0;0;0;0;NA;1;NA;NA;NA;NA;NA;NA;NA;NA;NA;NA;NA;NA;NA;NA;NA;NA;NA;NA;NA;NA;NA;NA;NA;NA;NA;NA;NA;NA;0;0;NA;1;NA;1;NA;NA;NA;NA;NA;NA;NA;NA;NA;NA;NA;NA;NA;NA;NA;NA;NA;NA;NA;NA;NA;NA;NA;NA;NA;NA;NA;NA;NA;NA;NA;NA;NA;NA;NA;NA;NA;NA;NA;NA;NA;NA;NA;NA;NA;NA;NA;NA
6430_hf - hfe_min;415;0;1;0;0;0;0;0;0;0;0;0;0;0;0;1;0;0;0;0;1;0;0;0;NA;NA;NA;0;0;0;0;NA;1;NA;NA;NA;NA;NA;NA;NA;NA;NA;NA;NA;NA;NA;NA;NA;NA;NA;NA;NA;NA;NA;NA;NA;NA;NA;NA;NA;NA;0;0;NA;1;NA;1;NA;NA;NA;NA;NA;NA;NA;NA;NA;NA;NA;NA;NA;NA;NA;NA;NA;NA;NA;NA;NA;NA;NA;NA;NA;NA;NA;NA;NA;NA;NA;NA;NA;NA;NA;NA;NA;NA;NA;NA;NA;NA;NA;NA;NA;NA;NA;NA
6430_hf - hfe_min;416;0;0;NA;0;0;0;0;0;0;0;0;0;0;0;1;0;0;0;0;0;NA;NA;NA;0;0;0;0;0;0;0;NA;1;NA;NA;NA;NA;NA;NA;NA;NA;NA;NA;NA;NA;NA;NA;NA;NA;NA;NA;NA;NA;NA;NA;NA;NA;NA;NA;NA;NA;0;0;NA;1;NA;1;NA;NA;NA;NA;NA;NA;NA;NA;NA;NA;NA;NA;NA;NA;NA;NA;NA;NA;NA;NA;NA;NA;NA;NA;NA;NA;NA;NA;NA;NA;NA;NA;NA;NA;NA;NA;NA;NA;NA;NA;NA;NA;NA;NA;NA;NA;NA;NA
6430_hf - hfe_min;417;0;1;0;0;0;0;0;0;0;0;0;0;0;0;1;0;0;0;0;0;NA;NA;NA;0;0;0;0;0;0;0;NA;1;NA;NA;NA;NA;NA;NA;NA;NA;NA;NA;NA;NA;NA;NA;NA;NA;NA;NA;NA;NA;NA;NA;NA;NA;NA;NA;NA;NA;0;0;NA;1;NA;1;NA;NA;NA;NA;NA;NA;NA;NA;NA;NA;NA;NA;NA;NA;NA;NA;NA;NA;NA;NA;NA;NA;NA;NA;NA;NA;NA;NA;NA;NA;NA;NA;NA;NA;NA;NA;NA;NA;NA;NA;NA;NA;NA;NA;NA;NA;NA;NA
6430_hf - hfe_min;418;0;0;NA;0;0;0;0;0;0;0;0;0;0;0;0;NA;NA;NA;NA;NA;NA;NA;NA;NA;NA;NA;0;0;0;0;1;NA;NA;1;NA;NA;NA;NA;NA;NA;NA;NA;NA;NA;NA;NA;NA;NA;NA;NA;NA;NA;NA;NA;NA;NA;NA;NA;NA;NA;0;0;NA;1;NA;1;NA;NA;NA;NA;NA;NA;NA;NA;NA;NA;NA;NA;NA;NA;NA;NA;NA;NA;NA;NA;NA;NA;NA;NA;NA;NA;NA;NA;NA;NA;NA;NA;NA;NA;NA;NA;NA;NA;NA;NA;NA;NA;NA;NA;NA;NA;NA;NA
6430_hf - hfe_min;419;0;1;0;0;0;0;0;0;0;0;0;0;0;0;0;NA;NA;NA;NA;NA;NA;NA;NA;NA;NA;NA;0;0;0;0;1;NA;NA;1;NA;NA;NA;NA;NA;NA;NA;NA;NA;NA;NA;NA;NA;NA;NA;NA;NA;NA;NA;NA;NA;NA;NA;NA;NA;NA;0;0;NA;1;NA;1;NA;NA;NA;NA;NA;NA;NA;NA;NA;NA;NA;NA;NA;NA;NA;NA;NA;NA;NA;NA;NA;NA;NA;NA;NA;NA;NA;NA;NA;NA;NA;NA;NA;NA;NA;NA;NA;NA;NA;NA;NA;NA;NA;NA;NA;NA;NA;NA
6430_hf - hfe_min;420;0;0;NA;0;0;0;0;0;0;0;0;0;0;0;1;0;0;0;0;1;0;0;0;NA;NA;NA;0;0;0;0;1;NA;NA;1;NA;NA;NA;NA;NA;NA;NA;NA;NA;NA;NA;NA;NA;NA;NA;NA;NA;NA;NA;NA;NA;NA;NA;NA;NA;NA;0;0;NA;1;NA;1;NA;NA;NA;NA;NA;NA;NA;NA;NA;NA;NA;NA;NA;NA;NA;NA;NA;NA;NA;NA;NA;NA;NA;NA;NA;NA;NA;NA;NA;NA;NA;NA;NA;NA;NA;NA;NA;NA;NA;NA;NA;NA;NA;NA;NA;NA;NA;NA
6430_hf - hfe_min;421;0;1;0;0;0;0;0;0;0;0;0;0;0;0;1;0;0;0;0;1;0;0;0;NA;NA;NA;0;0;0;0;1;NA;NA;1;NA;NA;NA;NA;NA;NA;NA;NA;NA;NA;NA;NA;NA;NA;NA;NA;NA;NA;NA;NA;NA;NA;NA;NA;NA;NA;0;0;NA;1;NA;1;NA;NA;NA;NA;NA;NA;NA;NA;NA;NA;NA;NA;NA;NA;NA;NA;NA;NA;NA;NA;NA;NA;NA;NA;NA;NA;NA;NA;NA;NA;NA;NA;NA;NA;NA;NA;NA;NA;NA;NA;NA;NA;NA;NA;NA;NA;NA;NA
6430_hf - hfe_min;422;0;0;NA;0;0;0;0;0;0;0;0;0;0;0;1;0;0;0;0;0;NA;NA;NA;0;0;0;0;0;0;0;1;NA;NA;1;NA;NA;NA;NA;NA;NA;NA;NA;NA;NA;NA;NA;NA;NA;NA;NA;NA;NA;NA;NA;NA;NA;NA;NA;NA;NA;0;0;NA;1;NA;1;NA;NA;NA;NA;NA;NA;NA;NA;NA;NA;NA;NA;NA;NA;NA;NA;NA;NA;NA;NA;NA;NA;NA;NA;NA;NA;NA;NA;NA;NA;NA;NA;NA;NA;NA;NA;NA;NA;NA;NA;NA;NA;NA;NA;NA;NA;NA;NA
6430_hf - hfe_min;423;0;1;0;0;0;0;0;0;0;0;0;0;0;0;1;0;0;0;0;0;NA;NA;NA;0;0;0;0;0;0;0;1;NA;NA;1;NA;NA;NA;NA;NA;NA;NA;NA;NA;NA;NA;NA;NA;NA;NA;NA;NA;NA;NA;NA;NA;NA;NA;NA;NA;NA;0;0;NA;1;NA;1;NA;NA;NA;NA;NA;NA;NA;NA;NA;NA;NA;NA;NA;NA;NA;NA;NA;NA;NA;NA;NA;NA;NA;NA;NA;NA;NA;NA;NA;NA;NA;NA;NA;NA;NA;NA;NA;NA;NA;NA;NA;NA;NA;NA;NA;NA;NA;NA
6430_hf - hfe_min;424;0;0;NA;0;0;0;0;0;0;0;0;0;0;0;0;NA;NA;NA;NA;NA;NA;NA;NA;NA;NA;NA;0;0;0;1;NA;NA;NA;1;NA;NA;NA;NA;NA;NA;0;0;NA;NA;NA;NA;NA;NA;0;1;NA;NA;NA;NA;NA;NA;NA;NA;NA;NA;0;0;NA;1;NA;1;NA;NA;NA;NA;NA;NA;NA;NA;NA;NA;NA;NA;NA;NA;NA;NA;NA;NA;NA;NA;NA;NA;NA;NA;NA;NA;NA;NA;NA;NA;NA;NA;NA;NA;NA;NA;NA;NA;NA;NA;NA;NA;NA;NA;NA;NA;NA;NA
6430_hf - hfe_min;425;0;1;0;0;0;0;0;0;0;0;0;0;0;0;0;NA;NA;NA;NA;NA;NA;NA;NA;NA;NA;NA;0;0;0;1;NA;NA;NA;1;NA;NA;NA;NA;NA;NA;0;0;NA;NA;NA;NA;NA;NA;0;1;NA;NA;NA;NA;NA;NA;NA;NA;NA;NA;0;0;NA;1;NA;1;NA;NA;NA;NA;NA;NA;NA;NA;NA;NA;NA;NA;NA;NA;NA;NA;NA;NA;NA;NA;NA;NA;NA;NA;NA;NA;NA;NA;NA;NA;NA;NA;NA;NA;NA;NA;NA;NA;NA;NA;NA;NA;NA;NA;NA;NA;NA;NA
6430_hf - hfe_min;426;0;0;NA;0;0;0;0;0;0;0;0;0;0;0;1;0;0;0;0;1;0;0;0;NA;NA;NA;0;0;0;1;NA;NA;NA;1;NA;NA;NA;NA;NA;NA;0;0;NA;NA;NA;NA;NA;NA;0;1;NA;NA;NA;NA;NA;NA;NA;NA;NA;NA;0;0;NA;1;NA;1;NA;NA;NA;NA;NA;NA;NA;NA;NA;NA;NA;NA;NA;NA;NA;NA;NA;NA;NA;NA;NA;NA;NA;NA;NA;NA;NA;NA;NA;NA;NA;NA;NA;NA;NA;NA;NA;NA;NA;NA;NA;NA;NA;NA;NA;NA;NA;NA
6430_hf - hfe_min;427;0;1;0;0;0;0;0;0;0;0;0;0;0;0;1;0;0;0;0;1;0;0;0;NA;NA;NA;0;0;0;1;NA;NA;NA;1;NA;NA;NA;NA;NA;NA;0;0;NA;NA;NA;NA;NA;NA;0;1;NA;NA;NA;NA;NA;NA;NA;NA;NA;NA;0;0;NA;1;NA;1;NA;NA;NA;NA;NA;NA;NA;NA;NA;NA;NA;NA;NA;NA;NA;NA;NA;NA;NA;NA;NA;NA;NA;NA;NA;NA;NA;NA;NA;NA;NA;NA;NA;NA;NA;NA;NA;NA;NA;NA;NA;NA;NA;NA;NA;NA;NA;NA
6430_hf - hfe_min;428;0;0;NA;0;0;0;0;0;0;0;0;0;0;0;1;0;0;0;0;0;NA;NA;NA;0;0;0;0;0;0;1;NA;NA;NA;1;NA;NA;NA;NA;NA;NA;0;0;NA;NA;NA;NA;NA;NA;0;1;NA;NA;NA;NA;NA;NA;NA;NA;NA;NA;0;0;NA;1;NA;1;NA;NA;NA;NA;NA;NA;NA;NA;NA;NA;NA;NA;NA;NA;NA;NA;NA;NA;NA;NA;NA;NA;NA;NA;NA;NA;NA;NA;NA;NA;NA;NA;NA;NA;NA;NA;NA;NA;NA;NA;NA;NA;NA;NA;NA;NA;NA;NA
6430_hf - hfe_min;429;0;1;0;0;0;0;0;0;0;0;0;0;0;0;1;0;0;0;0;0;NA;NA;NA;0;0;0;0;0;0;1;NA;NA;NA;1;NA;NA;NA;NA;NA;NA;0;0;NA;NA;NA;NA;NA;NA;0;1;NA;NA;NA;NA;NA;NA;NA;NA;NA;NA;0;0;NA;1;NA;1;NA;NA;NA;NA;NA;NA;NA;NA;NA;NA;NA;NA;NA;NA;NA;NA;NA;NA;NA;NA;NA;NA;NA;NA;NA;NA;NA;NA;NA;NA;NA;NA;NA;NA;NA;NA;NA;NA;NA;NA;NA;NA;NA;NA;NA;NA;NA;NA
6430_hf - hfe_min;430;0;0;NA;0;0;0;0;0;0;0;0;0;0;0;0;NA;NA;NA;NA;NA;NA;NA;NA;NA;NA;NA;0;0;0;1;NA;NA;NA;NA;NA;NA;NA;NA;NA;NA;0;0;NA;NA;NA;NA;NA;NA;0;0;1;NA;NA;NA;NA;NA;NA;NA;NA;NA;0;0;NA;1;NA;1;NA;NA;NA;NA;NA;NA;NA;NA;NA;NA;NA;NA;NA;NA;NA;NA;NA;NA;NA;NA;NA;NA;NA;NA;NA;NA;NA;NA;NA;NA;NA;NA;NA;NA;NA;NA;NA;NA;NA;NA;NA;NA;NA;NA;NA;NA;NA;NA
6430_hf - hfe_min;431;0;1;0;0;0;0;0;0;0;0;0;0;0;0;0;NA;NA;NA;NA;NA;NA;NA;NA;NA;NA;NA;0;0;0;1;NA;NA;NA;NA;NA;NA;NA;NA;NA;NA;0;0;NA;NA;NA;NA;NA;NA;0;0;1;NA;NA;NA;NA;NA;NA;NA;NA;NA;0;0;NA;1;NA;1;NA;NA;NA;NA;NA;NA;NA;NA;NA;NA;NA;NA;NA;NA;NA;NA;NA;NA;NA;NA;NA;NA;NA;NA;NA;NA;NA;NA;NA;NA;NA;NA;NA;NA;NA;NA;NA;NA;NA;NA;NA;NA;NA;NA;NA;NA;NA;NA
6430_hf - hfe_min;432;0;0;NA;0;0;0;0;0;0;0;0;0;0;0;1;0;0;0;0;1;0;0;0;NA;NA;NA;0;0;0;1;NA;NA;NA;NA;NA;NA;NA;NA;NA;NA;0;0;NA;NA;NA;NA;NA;NA;0;0;1;NA;NA;NA;NA;NA;NA;NA;NA;NA;0;0;NA;1;NA;1;NA;NA;NA;NA;NA;NA;NA;NA;NA;NA;NA;NA;NA;NA;NA;NA;NA;NA;NA;NA;NA;NA;NA;NA;NA;NA;NA;NA;NA;NA;NA;NA;NA;NA;NA;NA;NA;NA;NA;NA;NA;NA;NA;NA;NA;NA;NA;NA
6430_hf - hfe_min;433;0;1;0;0;0;0;0;0;0;0;0;0;0;0;1;0;0;0;0;1;0;0;0;NA;NA;NA;0;0;0;1;NA;NA;NA;NA;NA;NA;NA;NA;NA;NA;0;0;NA;NA;NA;NA;NA;NA;0;0;1;NA;NA;NA;NA;NA;NA;NA;NA;NA;0;0;NA;1;NA;1;NA;NA;NA;NA;NA;NA;NA;NA;NA;NA;NA;NA;NA;NA;NA;NA;NA;NA;NA;NA;NA;NA;NA;NA;NA;NA;NA;NA;NA;NA;NA;NA;NA;NA;NA;NA;NA;NA;NA;NA;NA;NA;NA;NA;NA;NA;NA;NA
6430_hf - hfe_min;434;0;0;NA;0;0;0;0;0;0;0;0;0;0;0;1;0;0;0;0;0;NA;NA;NA;0;0;0;0;0;0;1;NA;NA;NA;NA;NA;NA;NA;NA;NA;NA;0;0;NA;NA;NA;NA;NA;NA;0;0;1;NA;NA;NA;NA;NA;NA;NA;NA;NA;0;0;NA;1;NA;1;NA;NA;NA;NA;NA;NA;NA;NA;NA;NA;NA;NA;NA;NA;NA;NA;NA;NA;NA;NA;NA;NA;NA;NA;NA;NA;NA;NA;NA;NA;NA;NA;NA;NA;NA;NA;NA;NA;NA;NA;NA;NA;NA;NA;NA;NA;NA;NA
6430_hf - hfe_min;435;0;1;0;0;0;0;0;0;0;0;0;0;0;0;1;0;0;0;0;0;NA;NA;NA;0;0;0;0;0;0;1;NA;NA;NA;NA;NA;NA;NA;NA;NA;NA;0;0;NA;NA;NA;NA;NA;NA;0;0;1;NA;NA;NA;NA;NA;NA;NA;NA;NA;0;0;NA;1;NA;1;NA;NA;NA;NA;NA;NA;NA;NA;NA;NA;NA;NA;NA;NA;NA;NA;NA;NA;NA;NA;NA;NA;NA;NA;NA;NA;NA;NA;NA;NA;NA;NA;NA;NA;NA;NA;NA;NA;NA;NA;NA;NA;NA;NA;NA;NA;NA;NA
6430_hf - hft;436;0;0;NA;0;0;0;0;0;0;0;0;0;0;0;0;NA;NA;NA;NA;NA;NA;NA;NA;NA;NA;NA;0;0;0;0;NA;1;NA;NA;NA;NA;NA;NA;NA;NA;NA;NA;NA;NA;NA;NA;NA;NA;NA;NA;NA;NA;NA;NA;NA;NA;NA;NA;NA;NA;0;0;NA;0;NA;NA;0;NA;NA;1;1;0;0;0;0;0;NA;NA;NA;NA;NA;NA;NA;NA;NA;NA;NA;NA;NA;NA;NA;NA;NA;NA;NA;NA;NA;NA;NA;NA;NA;NA;NA;NA;NA;NA;NA;NA;NA;NA;NA;NA;NA;NA
6430_hf - hft;437;0;1;0;0;0;0;0;0;0;0;0;0;0;0;0;NA;NA;NA;NA;NA;NA;NA;NA;NA;NA;NA;0;0;0;0;NA;1;NA;NA;NA;NA;NA;NA;NA;NA;NA;NA;NA;NA;NA;NA;NA;NA;NA;NA;NA;NA;NA;NA;NA;NA;NA;NA;NA;NA;0;0;NA;0;NA;NA;0;NA;NA;1;1;0;0;0;0;0;NA;NA;NA;NA;NA;NA;NA;NA;NA;NA;NA;NA;NA;NA;NA;NA;NA;NA;NA;NA;NA;NA;NA;NA;NA;NA;NA;NA;NA;NA;NA;NA;NA;NA;NA;NA;NA;NA
6430_hf - hft;438;0;0;NA;0;0;0;0;0;0;0;0;0;0;0;1;0;0;0;0;1;0;0;0;NA;NA;NA;0;0;0;0;NA;1;NA;NA;NA;NA;NA;NA;NA;NA;NA;NA;NA;NA;NA;NA;NA;NA;NA;NA;NA;NA;NA;NA;NA;NA;NA;NA;NA;NA;0;0;NA;0;NA;NA;0;NA;NA;1;1;0;0;0;0;0;NA;NA;NA;NA;NA;NA;NA;NA;NA;NA;NA;NA;NA;NA;NA;NA;NA;NA;NA;NA;NA;NA;NA;NA;NA;NA;NA;NA;NA;NA;NA;NA;NA;NA;NA;NA;NA;NA
6430_hf - hft;439;0;1;0;0;0;0;0;0;0;0;0;0;0;0;1;0;0;0;0;1;0;0;0;NA;NA;NA;0;0;0;0;NA;1;NA;NA;NA;NA;NA;NA;NA;NA;NA;NA;NA;NA;NA;NA;NA;NA;NA;NA;NA;NA;NA;NA;NA;NA;NA;NA;NA;NA;0;0;NA;0;NA;NA;0;NA;NA;1;1;0;0;0;0;0;NA;NA;NA;NA;NA;NA;NA;NA;NA;NA;NA;NA;NA;NA;NA;NA;NA;NA;NA;NA;NA;NA;NA;NA;NA;NA;NA;NA;NA;NA;NA;NA;NA;NA;NA;NA;NA;NA
6430_hf - hft;440;0;0;NA;0;0;0;0;0;0;0;0;0;0;0;1;0;0;0;0;0;NA;NA;NA;0;0;0;0;0;0;0;NA;1;NA;NA;NA;NA;NA;NA;NA;NA;NA;NA;NA;NA;NA;NA;NA;NA;NA;NA;NA;NA;NA;NA;NA;NA;NA;NA;NA;NA;0;0;NA;0;NA;NA;0;NA;NA;1;1;0;0;0;0;0;NA;NA;NA;NA;NA;NA;NA;NA;NA;NA;NA;NA;NA;NA;NA;NA;NA;NA;NA;NA;NA;NA;NA;NA;NA;NA;NA;NA;NA;NA;NA;NA;NA;NA;NA;NA;NA;NA
6430_hf - hft;441;0;1;0;0;0;0;0;0;0;0;0;0;0;0;1;0;0;0;0;0;NA;NA;NA;0;0;0;0;0;0;0;NA;1;NA;NA;NA;NA;NA;NA;NA;NA;NA;NA;NA;NA;NA;NA;NA;NA;NA;NA;NA;NA;NA;NA;NA;NA;NA;NA;NA;NA;0;0;NA;0;NA;NA;0;NA;NA;1;1;0;0;0;0;0;NA;NA;NA;NA;NA;NA;NA;NA;NA;NA;NA;NA;NA;NA;NA;NA;NA;NA;NA;NA;NA;NA;NA;NA;NA;NA;NA;NA;NA;NA;NA;NA;NA;NA;NA;NA;NA;NA
6430_hf - hft;442;0;0;NA;0;0;0;0;0;0;0;0;0;0;0;0;NA;NA;NA;NA;NA;NA;NA;NA;NA;NA;NA;0;0;0;0;1;NA;NA;1;NA;NA;NA;NA;NA;NA;NA;NA;NA;NA;NA;NA;NA;NA;NA;NA;NA;NA;NA;NA;NA;NA;NA;NA;NA;NA;0;0;NA;0;NA;NA;0;NA;NA;1;1;0;0;0;0;0;NA;NA;NA;NA;NA;NA;NA;NA;NA;NA;NA;NA;NA;NA;NA;NA;NA;NA;NA;NA;NA;NA;NA;NA;NA;NA;NA;NA;NA;NA;NA;NA;NA;NA;NA;NA;NA;NA
6430_hf - hft;443;0;1;0;0;0;0;0;0;0;0;0;0;0;0;0;NA;NA;NA;NA;NA;NA;NA;NA;NA;NA;NA;0;0;0;0;1;NA;NA;1;NA;NA;NA;NA;NA;NA;NA;NA;NA;NA;NA;NA;NA;NA;NA;NA;NA;NA;NA;NA;NA;NA;NA;NA;NA;NA;0;0;NA;0;NA;NA;0;NA;NA;1;1;0;0;0;0;0;NA;NA;NA;NA;NA;NA;NA;NA;NA;NA;NA;NA;NA;NA;NA;NA;NA;NA;NA;NA;NA;NA;NA;NA;NA;NA;NA;NA;NA;NA;NA;NA;NA;NA;NA;NA;NA;NA
6430_hf - hft;444;0;0;NA;0;0;0;0;0;0;0;0;0;0;0;1;0;0;0;0;1;0;0;0;NA;NA;NA;0;0;0;0;1;NA;NA;1;NA;NA;NA;NA;NA;NA;NA;NA;NA;NA;NA;NA;NA;NA;NA;NA;NA;NA;NA;NA;NA;NA;NA;NA;NA;NA;0;0;NA;0;NA;NA;0;NA;NA;1;1;0;0;0;0;0;NA;NA;NA;NA;NA;NA;NA;NA;NA;NA;NA;NA;NA;NA;NA;NA;NA;NA;NA;NA;NA;NA;NA;NA;NA;NA;NA;NA;NA;NA;NA;NA;NA;NA;NA;NA;NA;NA
6430_hf - hft;445;0;1;0;0;0;0;0;0;0;0;0;0;0;0;1;0;0;0;0;1;0;0;0;NA;NA;NA;0;0;0;0;1;NA;NA;1;NA;NA;NA;NA;NA;NA;NA;NA;NA;NA;NA;NA;NA;NA;NA;NA;NA;NA;NA;NA;NA;NA;NA;NA;NA;NA;0;0;NA;0;NA;NA;0;NA;NA;1;1;0;0;0;0;0;NA;NA;NA;NA;NA;NA;NA;NA;NA;NA;NA;NA;NA;NA;NA;NA;NA;NA;NA;NA;NA;NA;NA;NA;NA;NA;NA;NA;NA;NA;NA;NA;NA;NA;NA;NA;NA;NA
6430_hf - hft;446;0;0;NA;0;0;0;0;0;0;0;0;0;0;0;1;0;0;0;0;0;NA;NA;NA;0;0;0;0;0;0;0;1;NA;NA;1;NA;NA;NA;NA;NA;NA;NA;NA;NA;NA;NA;NA;NA;NA;NA;NA;NA;NA;NA;NA;NA;NA;NA;NA;NA;NA;0;0;NA;0;NA;NA;0;NA;NA;1;1;0;0;0;0;0;NA;NA;NA;NA;NA;NA;NA;NA;NA;NA;NA;NA;NA;NA;NA;NA;NA;NA;NA;NA;NA;NA;NA;NA;NA;NA;NA;NA;NA;NA;NA;NA;NA;NA;NA;NA;NA;NA
6430_hf - hft;447;0;1;0;0;0;0;0;0;0;0;0;0;0;0;1;0;0;0;0;0;NA;NA;NA;0;0;0;0;0;0;0;1;NA;NA;1;NA;NA;NA;NA;NA;NA;NA;NA;NA;NA;NA;NA;NA;NA;NA;NA;NA;NA;NA;NA;NA;NA;NA;NA;NA;NA;0;0;NA;0;NA;NA;0;NA;NA;1;1;0;0;0;0;0;NA;NA;NA;NA;NA;NA;NA;NA;NA;NA;NA;NA;NA;NA;NA;NA;NA;NA;NA;NA;NA;NA;NA;NA;NA;NA;NA;NA;NA;NA;NA;NA;NA;NA;NA;NA;NA;NA
6430_hf - hft;448;0;0;NA;0;0;0;0;0;0;0;0;0;0;0;0;NA;NA;NA;NA;NA;NA;NA;NA;NA;NA;NA;0;0;0;1;NA;NA;NA;1;NA;NA;NA;NA;NA;NA;0;0;NA;NA;NA;NA;NA;NA;0;1;NA;NA;NA;NA;NA;NA;NA;NA;NA;NA;0;0;NA;0;NA;NA;0;NA;NA;1;1;0;0;0;0;0;NA;NA;NA;NA;NA;NA;NA;NA;NA;NA;NA;NA;NA;NA;NA;NA;NA;NA;NA;NA;NA;NA;NA;NA;NA;NA;NA;NA;NA;NA;NA;NA;NA;NA;NA;NA;NA;NA
6430_hf - hft;449;0;1;0;0;0;0;0;0;0;0;0;0;0;0;0;NA;NA;NA;NA;NA;NA;NA;NA;NA;NA;NA;0;0;0;1;NA;NA;NA;1;NA;NA;NA;NA;NA;NA;0;0;NA;NA;NA;NA;NA;NA;0;1;NA;NA;NA;NA;NA;NA;NA;NA;NA;NA;0;0;NA;0;NA;NA;0;NA;NA;1;1;0;0;0;0;0;NA;NA;NA;NA;NA;NA;NA;NA;NA;NA;NA;NA;NA;NA;NA;NA;NA;NA;NA;NA;NA;NA;NA;NA;NA;NA;NA;NA;NA;NA;NA;NA;NA;NA;NA;NA;NA;NA
6430_hf - hft;450;0;0;NA;0;0;0;0;0;0;0;0;0;0;0;1;0;0;0;0;1;0;0;0;NA;NA;NA;0;0;0;1;NA;NA;NA;1;NA;NA;NA;NA;NA;NA;0;0;NA;NA;NA;NA;NA;NA;0;1;NA;NA;NA;NA;NA;NA;NA;NA;NA;NA;0;0;NA;0;NA;NA;0;NA;NA;1;1;0;0;0;0;0;NA;NA;NA;NA;NA;NA;NA;NA;NA;NA;NA;NA;NA;NA;NA;NA;NA;NA;NA;NA;NA;NA;NA;NA;NA;NA;NA;NA;NA;NA;NA;NA;NA;NA;NA;NA;NA;NA
6430_hf - hft;451;0;1;0;0;0;0;0;0;0;0;0;0;0;0;1;0;0;0;0;1;0;0;0;NA;NA;NA;0;0;0;1;NA;NA;NA;1;NA;NA;NA;NA;NA;NA;0;0;NA;NA;NA;NA;NA;NA;0;1;NA;NA;NA;NA;NA;NA;NA;NA;NA;NA;0;0;NA;0;NA;NA;0;NA;NA;1;1;0;0;0;0;0;NA;NA;NA;NA;NA;NA;NA;NA;NA;NA;NA;NA;NA;NA;NA;NA;NA;NA;NA;NA;NA;NA;NA;NA;NA;NA;NA;NA;NA;NA;NA;NA;NA;NA;NA;NA;NA;NA
6430_hf - hft;452;0;0;NA;0;0;0;0;0;0;0;0;0;0;0;1;0;0;0;0;0;NA;NA;NA;0;0;0;0;0;0;1;NA;NA;NA;1;NA;NA;NA;NA;NA;NA;0;0;NA;NA;NA;NA;NA;NA;0;1;NA;NA;NA;NA;NA;NA;NA;NA;NA;NA;0;0;NA;0;NA;NA;0;NA;NA;1;1;0;0;0;0;0;NA;NA;NA;NA;NA;NA;NA;NA;NA;NA;NA;NA;NA;NA;NA;NA;NA;NA;NA;NA;NA;NA;NA;NA;NA;NA;NA;NA;NA;NA;NA;NA;NA;NA;NA;NA;NA;NA
6430_hf - hft;453;0;1;0;0;0;0;0;0;0;0;0;0;0;0;1;0;0;0;0;0;NA;NA;NA;0;0;0;0;0;0;1;NA;NA;NA;1;NA;NA;NA;NA;NA;NA;0;0;NA;NA;NA;NA;NA;NA;0;1;NA;NA;NA;NA;NA;NA;NA;NA;NA;NA;0;0;NA;0;NA;NA;0;NA;NA;1;1;0;0;0;0;0;NA;NA;NA;NA;NA;NA;NA;NA;NA;NA;NA;NA;NA;NA;NA;NA;NA;NA;NA;NA;NA;NA;NA;NA;NA;NA;NA;NA;NA;NA;NA;NA;NA;NA;NA;NA;NA;NA
6430_hf - hft;454;0;0;NA;0;0;0;0;0;0;0;0;0;0;0;0;NA;NA;NA;NA;NA;NA;NA;NA;NA;NA;NA;0;0;0;1;NA;NA;NA;NA;NA;NA;NA;NA;NA;NA;0;0;NA;NA;NA;NA;NA;NA;0;0;1;NA;NA;NA;NA;NA;NA;NA;NA;NA;0;0;NA;0;NA;NA;0;NA;NA;1;1;0;0;0;0;0;NA;NA;NA;NA;NA;NA;NA;NA;NA;NA;NA;NA;NA;NA;NA;NA;NA;NA;NA;NA;NA;NA;NA;NA;NA;NA;NA;NA;NA;NA;NA;NA;NA;NA;NA;NA;NA;NA
6430_hf - hft;455;0;1;0;0;0;0;0;0;0;0;0;0;0;0;0;NA;NA;NA;NA;NA;NA;NA;NA;NA;NA;NA;0;0;0;1;NA;NA;NA;NA;NA;NA;NA;NA;NA;NA;0;0;NA;NA;NA;NA;NA;NA;0;0;1;NA;NA;NA;NA;NA;NA;NA;NA;NA;0;0;NA;0;NA;NA;0;NA;NA;1;1;0;0;0;0;0;NA;NA;NA;NA;NA;NA;NA;NA;NA;NA;NA;NA;NA;NA;NA;NA;NA;NA;NA;NA;NA;NA;NA;NA;NA;NA;NA;NA;NA;NA;NA;NA;NA;NA;NA;NA;NA;NA
6430_hf - hft;456;0;0;NA;0;0;0;0;0;0;0;0;0;0;0;1;0;0;0;0;1;0;0;0;NA;NA;NA;0;0;0;1;NA;NA;NA;NA;NA;NA;NA;NA;NA;NA;0;0;NA;NA;NA;NA;NA;NA;0;0;1;NA;NA;NA;NA;NA;NA;NA;NA;NA;0;0;NA;0;NA;NA;0;NA;NA;1;1;0;0;0;0;0;NA;NA;NA;NA;NA;NA;NA;NA;NA;NA;NA;NA;NA;NA;NA;NA;NA;NA;NA;NA;NA;NA;NA;NA;NA;NA;NA;NA;NA;NA;NA;NA;NA;NA;NA;NA;NA;NA
6430_hf - hft;457;0;1;0;0;0;0;0;0;0;0;0;0;0;0;1;0;0;0;0;1;0;0;0;NA;NA;NA;0;0;0;1;NA;NA;NA;NA;NA;NA;NA;NA;NA;NA;0;0;NA;NA;NA;NA;NA;NA;0;0;1;NA;NA;NA;NA;NA;NA;NA;NA;NA;0;0;NA;0;NA;NA;0;NA;NA;1;1;0;0;0;0;0;NA;NA;NA;NA;NA;NA;NA;NA;NA;NA;NA;NA;NA;NA;NA;NA;NA;NA;NA;NA;NA;NA;NA;NA;NA;NA;NA;NA;NA;NA;NA;NA;NA;NA;NA;NA;NA;NA
6430_hf - hft;458;0;0;NA;0;0;0;0;0;0;0;0;0;0;0;1;0;0;0;0;0;NA;NA;NA;0;0;0;0;0;0;1;NA;NA;NA;NA;NA;NA;NA;NA;NA;NA;0;0;NA;NA;NA;NA;NA;NA;0;0;1;NA;NA;NA;NA;NA;NA;NA;NA;NA;0;0;NA;0;NA;NA;0;NA;NA;1;1;0;0;0;0;0;NA;NA;NA;NA;NA;NA;NA;NA;NA;NA;NA;NA;NA;NA;NA;NA;NA;NA;NA;NA;NA;NA;NA;NA;NA;NA;NA;NA;NA;NA;NA;NA;NA;NA;NA;NA;NA;NA
6430_hf - hft;459;0;1;0;0;0;0;0;0;0;0;0;0;0;0;1;0;0;0;0;0;NA;NA;NA;0;0;0;0;0;0;1;NA;NA;NA;NA;NA;NA;NA;NA;NA;NA;0;0;NA;NA;NA;NA;NA;NA;0;0;1;NA;NA;NA;NA;NA;NA;NA;NA;NA;0;0;NA;0;NA;NA;0;NA;NA;1;1;0;0;0;0;0;NA;NA;NA;NA;NA;NA;NA;NA;NA;NA;NA;NA;NA;NA;NA;NA;NA;NA;NA;NA;NA;NA;NA;NA;NA;NA;NA;NA;NA;NA;NA;NA;NA;NA;NA;NA;NA;NA
6430_hf - hft;460;0;0;NA;0;0;0;0;0;0;0;0;0;0;0;0;NA;NA;NA;NA;NA;NA;NA;NA;NA;NA;NA;0;0;0;0;NA;1;NA;NA;NA;NA;NA;NA;NA;NA;NA;NA;NA;NA;NA;NA;NA;NA;NA;NA;NA;NA;NA;NA;NA;NA;NA;NA;NA;NA;0;0;NA;0;NA;NA;0;NA;NA;0;NA;NA;NA;NA;NA;NA;1;1;NA;0;NA;0;NA;0;NA;0;NA;0;NA;NA;NA;NA;NA;NA;NA;NA;NA;NA;NA;NA;NA;NA;NA;NA;NA;NA;NA;NA;NA;NA;NA;NA;NA;NA
6430_hf - hft;461;0;1;0;0;0;0;0;0;0;0;0;0;0;0;0;NA;NA;NA;NA;NA;NA;NA;NA;NA;NA;NA;0;0;0;0;NA;1;NA;NA;NA;NA;NA;NA;NA;NA;NA;NA;NA;NA;NA;NA;NA;NA;NA;NA;NA;NA;NA;NA;NA;NA;NA;NA;NA;NA;0;0;NA;0;NA;NA;0;NA;NA;0;NA;NA;NA;NA;NA;NA;1;1;NA;0;NA;0;NA;0;NA;0;NA;0;NA;NA;NA;NA;NA;NA;NA;NA;NA;NA;NA;NA;NA;NA;NA;NA;NA;NA;NA;NA;NA;NA;NA;NA;NA;NA
6430_hf - hft;462;0;0;NA;0;0;0;0;0;0;0;0;0;0;0;1;0;0;0;0;1;0;0;0;NA;NA;NA;0;0;0;0;NA;1;NA;NA;NA;NA;NA;NA;NA;NA;NA;NA;NA;NA;NA;NA;NA;NA;NA;NA;NA;NA;NA;NA;NA;NA;NA;NA;NA;NA;0;0;NA;0;NA;NA;0;NA;NA;0;NA;NA;NA;NA;NA;NA;1;1;NA;0;NA;0;NA;0;NA;0;NA;0;NA;NA;NA;NA;NA;NA;NA;NA;NA;NA;NA;NA;NA;NA;NA;NA;NA;NA;NA;NA;NA;NA;NA;NA;NA;NA
6430_hf - hft;463;0;1;0;0;0;0;0;0;0;0;0;0;0;0;1;0;0;0;0;1;0;0;0;NA;NA;NA;0;0;0;0;NA;1;NA;NA;NA;NA;NA;NA;NA;NA;NA;NA;NA;NA;NA;NA;NA;NA;NA;NA;NA;NA;NA;NA;NA;NA;NA;NA;NA;NA;0;0;NA;0;NA;NA;0;NA;NA;0;NA;NA;NA;NA;NA;NA;1;1;NA;0;NA;0;NA;0;NA;0;NA;0;NA;NA;NA;NA;NA;NA;NA;NA;NA;NA;NA;NA;NA;NA;NA;NA;NA;NA;NA;NA;NA;NA;NA;NA;NA;NA
6430_hf - hft;464;0;0;NA;0;0;0;0;0;0;0;0;0;0;0;1;0;0;0;0;0;NA;NA;NA;0;0;0;0;0;0;0;NA;1;NA;NA;NA;NA;NA;NA;NA;NA;NA;NA;NA;NA;NA;NA;NA;NA;NA;NA;NA;NA;NA;NA;NA;NA;NA;NA;NA;NA;0;0;NA;0;NA;NA;0;NA;NA;0;NA;NA;NA;NA;NA;NA;1;1;NA;0;NA;0;NA;0;NA;0;NA;0;NA;NA;NA;NA;NA;NA;NA;NA;NA;NA;NA;NA;NA;NA;NA;NA;NA;NA;NA;NA;NA;NA;NA;NA;NA;NA
6430_hf - hft;465;0;1;0;0;0;0;0;0;0;0;0;0;0;0;1;0;0;0;0;0;NA;NA;NA;0;0;0;0;0;0;0;NA;1;NA;NA;NA;NA;NA;NA;NA;NA;NA;NA;NA;NA;NA;NA;NA;NA;NA;NA;NA;NA;NA;NA;NA;NA;NA;NA;NA;NA;0;0;NA;0;NA;NA;0;NA;NA;0;NA;NA;NA;NA;NA;NA;1;1;NA;0;NA;0;NA;0;NA;0;NA;0;NA;NA;NA;NA;NA;NA;NA;NA;NA;NA;NA;NA;NA;NA;NA;NA;NA;NA;NA;NA;NA;NA;NA;NA;NA;NA
6430_hf - hft;466;0;0;NA;0;0;0;0;0;0;0;0;0;0;0;0;NA;NA;NA;NA;NA;NA;NA;NA;NA;NA;NA;0;0;0;0;1;NA;NA;1;NA;NA;NA;NA;NA;NA;NA;NA;NA;NA;NA;NA;NA;NA;NA;NA;NA;NA;NA;NA;NA;NA;NA;NA;NA;NA;0;0;NA;0;NA;NA;0;NA;NA;0;NA;NA;NA;NA;NA;NA;1;1;NA;0;NA;0;NA;0;NA;0;NA;0;NA;NA;NA;NA;NA;NA;NA;NA;NA;NA;NA;NA;NA;NA;NA;NA;NA;NA;NA;NA;NA;NA;NA;NA;NA;NA
6430_hf - hft;467;0;1;0;0;0;0;0;0;0;0;0;0;0;0;0;NA;NA;NA;NA;NA;NA;NA;NA;NA;NA;NA;0;0;0;0;1;NA;NA;1;NA;NA;NA;NA;NA;NA;NA;NA;NA;NA;NA;NA;NA;NA;NA;NA;NA;NA;NA;NA;NA;NA;NA;NA;NA;NA;0;0;NA;0;NA;NA;0;NA;NA;0;NA;NA;NA;NA;NA;NA;1;1;NA;0;NA;0;NA;0;NA;0;NA;0;NA;NA;NA;NA;NA;NA;NA;NA;NA;NA;NA;NA;NA;NA;NA;NA;NA;NA;NA;NA;NA;NA;NA;NA;NA;NA
6430_hf - hft;468;0;0;NA;0;0;0;0;0;0;0;0;0;0;0;1;0;0;0;0;1;0;0;0;NA;NA;NA;0;0;0;0;1;NA;NA;1;NA;NA;NA;NA;NA;NA;NA;NA;NA;NA;NA;NA;NA;NA;NA;NA;NA;NA;NA;NA;NA;NA;NA;NA;NA;NA;0;0;NA;0;NA;NA;0;NA;NA;0;NA;NA;NA;NA;NA;NA;1;1;NA;0;NA;0;NA;0;NA;0;NA;0;NA;NA;NA;NA;NA;NA;NA;NA;NA;NA;NA;NA;NA;NA;NA;NA;NA;NA;NA;NA;NA;NA;NA;NA;NA;NA
6430_hf - hft;469;0;1;0;0;0;0;0;0;0;0;0;0;0;0;1;0;0;0;0;1;0;0;0;NA;NA;NA;0;0;0;0;1;NA;NA;1;NA;NA;NA;NA;NA;NA;NA;NA;NA;NA;NA;NA;NA;NA;NA;NA;NA;NA;NA;NA;NA;NA;NA;NA;NA;NA;0;0;NA;0;NA;NA;0;NA;NA;0;NA;NA;NA;NA;NA;NA;1;1;NA;0;NA;0;NA;0;NA;0;NA;0;NA;NA;NA;NA;NA;NA;NA;NA;NA;NA;NA;NA;NA;NA;NA;NA;NA;NA;NA;NA;NA;NA;NA;NA;NA;NA
6430_hf - hft;470;0;0;NA;0;0;0;0;0;0;0;0;0;0;0;1;0;0;0;0;0;NA;NA;NA;0;0;0;0;0;0;0;1;NA;NA;1;NA;NA;NA;NA;NA;NA;NA;NA;NA;NA;NA;NA;NA;NA;NA;NA;NA;NA;NA;NA;NA;NA;NA;NA;NA;NA;0;0;NA;0;NA;NA;0;NA;NA;0;NA;NA;NA;NA;NA;NA;1;1;NA;0;NA;0;NA;0;NA;0;NA;0;NA;NA;NA;NA;NA;NA;NA;NA;NA;NA;NA;NA;NA;NA;NA;NA;NA;NA;NA;NA;NA;NA;NA;NA;NA;NA
6430_hf - hft;471;0;1;0;0;0;0;0;0;0;0;0;0;0;0;1;0;0;0;0;0;NA;NA;NA;0;0;0;0;0;0;0;1;NA;NA;1;NA;NA;NA;NA;NA;NA;NA;NA;NA;NA;NA;NA;NA;NA;NA;NA;NA;NA;NA;NA;NA;NA;NA;NA;NA;NA;0;0;NA;0;NA;NA;0;NA;NA;0;NA;NA;NA;NA;NA;NA;1;1;NA;0;NA;0;NA;0;NA;0;NA;0;NA;NA;NA;NA;NA;NA;NA;NA;NA;NA;NA;NA;NA;NA;NA;NA;NA;NA;NA;NA;NA;NA;NA;NA;NA;NA
6430_hf - hft;472;0;0;NA;0;0;0;0;0;0;0;0;0;0;0;0;NA;NA;NA;NA;NA;NA;NA;NA;NA;NA;NA;0;0;0;1;NA;NA;NA;1;NA;NA;NA;NA;NA;NA;0;0;NA;NA;NA;NA;NA;NA;0;1;NA;NA;NA;NA;NA;NA;NA;NA;NA;NA;0;0;NA;0;NA;NA;0;NA;NA;0;NA;NA;NA;NA;NA;NA;1;1;NA;0;NA;0;NA;0;NA;0;NA;0;NA;NA;NA;NA;NA;NA;NA;NA;NA;NA;NA;NA;NA;NA;NA;NA;NA;NA;NA;NA;NA;NA;NA;NA;NA;NA
6430_hf - hft;473;0;1;0;0;0;0;0;0;0;0;0;0;0;0;0;NA;NA;NA;NA;NA;NA;NA;NA;NA;NA;NA;0;0;0;1;NA;NA;NA;1;NA;NA;NA;NA;NA;NA;0;0;NA;NA;NA;NA;NA;NA;0;1;NA;NA;NA;NA;NA;NA;NA;NA;NA;NA;0;0;NA;0;NA;NA;0;NA;NA;0;NA;NA;NA;NA;NA;NA;1;1;NA;0;NA;0;NA;0;NA;0;NA;0;NA;NA;NA;NA;NA;NA;NA;NA;NA;NA;NA;NA;NA;NA;NA;NA;NA;NA;NA;NA;NA;NA;NA;NA;NA;NA
6430_hf - hft;474;0;0;NA;0;0;0;0;0;0;0;0;0;0;0;1;0;0;0;0;1;0;0;0;NA;NA;NA;0;0;0;1;NA;NA;NA;1;NA;NA;NA;NA;NA;NA;0;0;NA;NA;NA;NA;NA;NA;0;1;NA;NA;NA;NA;NA;NA;NA;NA;NA;NA;0;0;NA;0;NA;NA;0;NA;NA;0;NA;NA;NA;NA;NA;NA;1;1;NA;0;NA;0;NA;0;NA;0;NA;0;NA;NA;NA;NA;NA;NA;NA;NA;NA;NA;NA;NA;NA;NA;NA;NA;NA;NA;NA;NA;NA;NA;NA;NA;NA;NA
6430_hf - hft;475;0;1;0;0;0;0;0;0;0;0;0;0;0;0;1;0;0;0;0;1;0;0;0;NA;NA;NA;0;0;0;1;NA;NA;NA;1;NA;NA;NA;NA;NA;NA;0;0;NA;NA;NA;NA;NA;NA;0;1;NA;NA;NA;NA;NA;NA;NA;NA;NA;NA;0;0;NA;0;NA;NA;0;NA;NA;0;NA;NA;NA;NA;NA;NA;1;1;NA;0;NA;0;NA;0;NA;0;NA;0;NA;NA;NA;NA;NA;NA;NA;NA;NA;NA;NA;NA;NA;NA;NA;NA;NA;NA;NA;NA;NA;NA;NA;NA;NA;NA
6430_hf - hft;476;0;0;NA;0;0;0;0;0;0;0;0;0;0;0;1;0;0;0;0;0;NA;NA;NA;0;0;0;0;0;0;1;NA;NA;NA;1;NA;NA;NA;NA;NA;NA;0;0;NA;NA;NA;NA;NA;NA;0;1;NA;NA;NA;NA;NA;NA;NA;NA;NA;NA;0;0;NA;0;NA;NA;0;NA;NA;0;NA;NA;NA;NA;NA;NA;1;1;NA;0;NA;0;NA;0;NA;0;NA;0;NA;NA;NA;NA;NA;NA;NA;NA;NA;NA;NA;NA;NA;NA;NA;NA;NA;NA;NA;NA;NA;NA;NA;NA;NA;NA
6430_hf - hft;477;0;1;0;0;0;0;0;0;0;0;0;0;0;0;1;0;0;0;0;0;NA;NA;NA;0;0;0;0;0;0;1;NA;NA;NA;1;NA;NA;NA;NA;NA;NA;0;0;NA;NA;NA;NA;NA;NA;0;1;NA;NA;NA;NA;NA;NA;NA;NA;NA;NA;0;0;NA;0;NA;NA;0;NA;NA;0;NA;NA;NA;NA;NA;NA;1;1;NA;0;NA;0;NA;0;NA;0;NA;0;NA;NA;NA;NA;NA;NA;NA;NA;NA;NA;NA;NA;NA;NA;NA;NA;NA;NA;NA;NA;NA;NA;NA;NA;NA;NA
6430_hf - hft;478;0;0;NA;0;0;0;0;0;0;0;0;0;0;0;0;NA;NA;NA;NA;NA;NA;NA;NA;NA;NA;NA;0;0;0;1;NA;NA;NA;NA;NA;NA;NA;NA;NA;NA;0;0;NA;NA;NA;NA;NA;NA;0;0;1;NA;NA;NA;NA;NA;NA;NA;NA;NA;0;0;NA;0;NA;NA;0;NA;NA;0;NA;NA;NA;NA;NA;NA;1;1;NA;0;NA;0;NA;0;NA;0;NA;0;NA;NA;NA;NA;NA;NA;NA;NA;NA;NA;NA;NA;NA;NA;NA;NA;NA;NA;NA;NA;NA;NA;NA;NA;NA;NA
6430_hf - hft;479;0;1;0;0;0;0;0;0;0;0;0;0;0;0;0;NA;NA;NA;NA;NA;NA;NA;NA;NA;NA;NA;0;0;0;1;NA;NA;NA;NA;NA;NA;NA;NA;NA;NA;0;0;NA;NA;NA;NA;NA;NA;0;0;1;NA;NA;NA;NA;NA;NA;NA;NA;NA;0;0;NA;0;NA;NA;0;NA;NA;0;NA;NA;NA;NA;NA;NA;1;1;NA;0;NA;0;NA;0;NA;0;NA;0;NA;NA;NA;NA;NA;NA;NA;NA;NA;NA;NA;NA;NA;NA;NA;NA;NA;NA;NA;NA;NA;NA;NA;NA;NA;NA
6430_hf - hft;480;0;0;NA;0;0;0;0;0;0;0;0;0;0;0;1;0;0;0;0;1;0;0;0;NA;NA;NA;0;0;0;1;NA;NA;NA;NA;NA;NA;NA;NA;NA;NA;0;0;NA;NA;NA;NA;NA;NA;0;0;1;NA;NA;NA;NA;NA;NA;NA;NA;NA;0;0;NA;0;NA;NA;0;NA;NA;0;NA;NA;NA;NA;NA;NA;1;1;NA;0;NA;0;NA;0;NA;0;NA;0;NA;NA;NA;NA;NA;NA;NA;NA;NA;NA;NA;NA;NA;NA;NA;NA;NA;NA;NA;NA;NA;NA;NA;NA;NA;NA
6430_hf - hft;481;0;1;0;0;0;0;0;0;0;0;0;0;0;0;1;0;0;0;0;1;0;0;0;NA;NA;NA;0;0;0;1;NA;NA;NA;NA;NA;NA;NA;NA;NA;NA;0;0;NA;NA;NA;NA;NA;NA;0;0;1;NA;NA;NA;NA;NA;NA;NA;NA;NA;0;0;NA;0;NA;NA;0;NA;NA;0;NA;NA;NA;NA;NA;NA;1;1;NA;0;NA;0;NA;0;NA;0;NA;0;NA;NA;NA;NA;NA;NA;NA;NA;NA;NA;NA;NA;NA;NA;NA;NA;NA;NA;NA;NA;NA;NA;NA;NA;NA;NA
6430_hf - hft;482;0;0;NA;0;0;0;0;0;0;0;0;0;0;0;1;0;0;0;0;0;NA;NA;NA;0;0;0;0;0;0;1;NA;NA;NA;NA;NA;NA;NA;NA;NA;NA;0;0;NA;NA;NA;NA;NA;NA;0;0;1;NA;NA;NA;NA;NA;NA;NA;NA;NA;0;0;NA;0;NA;NA;0;NA;NA;0;NA;NA;NA;NA;NA;NA;1;1;NA;0;NA;0;NA;0;NA;0;NA;0;NA;NA;NA;NA;NA;NA;NA;NA;NA;NA;NA;NA;NA;NA;NA;NA;NA;NA;NA;NA;NA;NA;NA;NA;NA;NA
6430_hf - hft;483;0;1;0;0;0;0;0;0;0;0;0;0;0;0;1;0;0;0;0;0;NA;NA;NA;0;0;0;0;0;0;1;NA;NA;NA;NA;NA;NA;NA;NA;NA;NA;0;0;NA;NA;NA;NA;NA;NA;0;0;1;NA;NA;NA;NA;NA;NA;NA;NA;NA;0;0;NA;0;NA;NA;0;NA;NA;0;NA;NA;NA;NA;NA;NA;1;1;NA;0;NA;0;NA;0;NA;0;NA;0;NA;NA;NA;NA;NA;NA;NA;NA;NA;NA;NA;NA;NA;NA;NA;NA;NA;NA;NA;NA;NA;NA;NA;NA;NA;NA
6430_hf - hft;484;0;0;NA;0;0;0;0;0;0;0;0;0;0;0;0;NA;NA;NA;NA;NA;NA;NA;NA;NA;NA;NA;0;0;0;0;NA;1;NA;NA;NA;NA;NA;NA;NA;NA;NA;NA;NA;NA;NA;NA;NA;NA;NA;NA;NA;NA;NA;NA;NA;NA;NA;NA;NA;NA;0;0;NA;0;NA;NA;0;NA;NA;1;0;NA;NA;NA;NA;NA;1;1;NA;0;NA;0;NA;0;NA;0;NA;0;NA;NA;NA;NA;NA;NA;NA;NA;NA;NA;NA;NA;NA;NA;NA;NA;NA;NA;NA;NA;NA;NA;NA;NA;NA;NA
6430_hf - hft;485;0;1;0;0;0;0;0;0;0;0;0;0;0;0;0;NA;NA;NA;NA;NA;NA;NA;NA;NA;NA;NA;0;0;0;0;NA;1;NA;NA;NA;NA;NA;NA;NA;NA;NA;NA;NA;NA;NA;NA;NA;NA;NA;NA;NA;NA;NA;NA;NA;NA;NA;NA;NA;NA;0;0;NA;0;NA;NA;0;NA;NA;1;0;NA;NA;NA;NA;NA;1;1;NA;0;NA;0;NA;0;NA;0;NA;0;NA;NA;NA;NA;NA;NA;NA;NA;NA;NA;NA;NA;NA;NA;NA;NA;NA;NA;NA;NA;NA;NA;NA;NA;NA;NA
6430_hf - hft;486;0;0;NA;0;0;0;0;0;0;0;0;0;0;0;1;0;0;0;0;1;0;0;0;NA;NA;NA;0;0;0;0;NA;1;NA;NA;NA;NA;NA;NA;NA;NA;NA;NA;NA;NA;NA;NA;NA;NA;NA;NA;NA;NA;NA;NA;NA;NA;NA;NA;NA;NA;0;0;NA;0;NA;NA;0;NA;NA;1;0;NA;NA;NA;NA;NA;1;1;NA;0;NA;0;NA;0;NA;0;NA;0;NA;NA;NA;NA;NA;NA;NA;NA;NA;NA;NA;NA;NA;NA;NA;NA;NA;NA;NA;NA;NA;NA;NA;NA;NA;NA
6430_hf - hft;487;0;1;0;0;0;0;0;0;0;0;0;0;0;0;1;0;0;0;0;1;0;0;0;NA;NA;NA;0;0;0;0;NA;1;NA;NA;NA;NA;NA;NA;NA;NA;NA;NA;NA;NA;NA;NA;NA;NA;NA;NA;NA;NA;NA;NA;NA;NA;NA;NA;NA;NA;0;0;NA;0;NA;NA;0;NA;NA;1;0;NA;NA;NA;NA;NA;1;1;NA;0;NA;0;NA;0;NA;0;NA;0;NA;NA;NA;NA;NA;NA;NA;NA;NA;NA;NA;NA;NA;NA;NA;NA;NA;NA;NA;NA;NA;NA;NA;NA;NA;NA
6430_hf - hft;488;0;0;NA;0;0;0;0;0;0;0;0;0;0;0;1;0;0;0;0;0;NA;NA;NA;0;0;0;0;0;0;0;NA;1;NA;NA;NA;NA;NA;NA;NA;NA;NA;NA;NA;NA;NA;NA;NA;NA;NA;NA;NA;NA;NA;NA;NA;NA;NA;NA;NA;NA;0;0;NA;0;NA;NA;0;NA;NA;1;0;NA;NA;NA;NA;NA;1;1;NA;0;NA;0;NA;0;NA;0;NA;0;NA;NA;NA;NA;NA;NA;NA;NA;NA;NA;NA;NA;NA;NA;NA;NA;NA;NA;NA;NA;NA;NA;NA;NA;NA;NA
6430_hf - hft;489;0;1;0;0;0;0;0;0;0;0;0;0;0;0;1;0;0;0;0;0;NA;NA;NA;0;0;0;0;0;0;0;NA;1;NA;NA;NA;NA;NA;NA;NA;NA;NA;NA;NA;NA;NA;NA;NA;NA;NA;NA;NA;NA;NA;NA;NA;NA;NA;NA;NA;NA;0;0;NA;0;NA;NA;0;NA;NA;1;0;NA;NA;NA;NA;NA;1;1;NA;0;NA;0;NA;0;NA;0;NA;0;NA;NA;NA;NA;NA;NA;NA;NA;NA;NA;NA;NA;NA;NA;NA;NA;NA;NA;NA;NA;NA;NA;NA;NA;NA;NA
6430_hf - hft;490;0;0;NA;0;0;0;0;0;0;0;0;0;0;0;0;NA;NA;NA;NA;NA;NA;NA;NA;NA;NA;NA;0;0;0;0;1;NA;NA;1;NA;NA;NA;NA;NA;NA;NA;NA;NA;NA;NA;NA;NA;NA;NA;NA;NA;NA;NA;NA;NA;NA;NA;NA;NA;NA;0;0;NA;0;NA;NA;0;NA;NA;1;0;NA;NA;NA;NA;NA;1;1;NA;0;NA;0;NA;0;NA;0;NA;0;NA;NA;NA;NA;NA;NA;NA;NA;NA;NA;NA;NA;NA;NA;NA;NA;NA;NA;NA;NA;NA;NA;NA;NA;NA;NA
6430_hf - hft;491;0;1;0;0;0;0;0;0;0;0;0;0;0;0;0;NA;NA;NA;NA;NA;NA;NA;NA;NA;NA;NA;0;0;0;0;1;NA;NA;1;NA;NA;NA;NA;NA;NA;NA;NA;NA;NA;NA;NA;NA;NA;NA;NA;NA;NA;NA;NA;NA;NA;NA;NA;NA;NA;0;0;NA;0;NA;NA;0;NA;NA;1;0;NA;NA;NA;NA;NA;1;1;NA;0;NA;0;NA;0;NA;0;NA;0;NA;NA;NA;NA;NA;NA;NA;NA;NA;NA;NA;NA;NA;NA;NA;NA;NA;NA;NA;NA;NA;NA;NA;NA;NA;NA
6430_hf - hft;492;0;0;NA;0;0;0;0;0;0;0;0;0;0;0;1;0;0;0;0;1;0;0;0;NA;NA;NA;0;0;0;0;1;NA;NA;1;NA;NA;NA;NA;NA;NA;NA;NA;NA;NA;NA;NA;NA;NA;NA;NA;NA;NA;NA;NA;NA;NA;NA;NA;NA;NA;0;0;NA;0;NA;NA;0;NA;NA;1;0;NA;NA;NA;NA;NA;1;1;NA;0;NA;0;NA;0;NA;0;NA;0;NA;NA;NA;NA;NA;NA;NA;NA;NA;NA;NA;NA;NA;NA;NA;NA;NA;NA;NA;NA;NA;NA;NA;NA;NA;NA
6430_hf - hft;493;0;1;0;0;0;0;0;0;0;0;0;0;0;0;1;0;0;0;0;1;0;0;0;NA;NA;NA;0;0;0;0;1;NA;NA;1;NA;NA;NA;NA;NA;NA;NA;NA;NA;NA;NA;NA;NA;NA;NA;NA;NA;NA;NA;NA;NA;NA;NA;NA;NA;NA;0;0;NA;0;NA;NA;0;NA;NA;1;0;NA;NA;NA;NA;NA;1;1;NA;0;NA;0;NA;0;NA;0;NA;0;NA;NA;NA;NA;NA;NA;NA;NA;NA;NA;NA;NA;NA;NA;NA;NA;NA;NA;NA;NA;NA;NA;NA;NA;NA;NA
6430_hf - hft;494;0;0;NA;0;0;0;0;0;0;0;0;0;0;0;1;0;0;0;0;0;NA;NA;NA;0;0;0;0;0;0;0;1;NA;NA;1;NA;NA;NA;NA;NA;NA;NA;NA;NA;NA;NA;NA;NA;NA;NA;NA;NA;NA;NA;NA;NA;NA;NA;NA;NA;NA;0;0;NA;0;NA;NA;0;NA;NA;1;0;NA;NA;NA;NA;NA;1;1;NA;0;NA;0;NA;0;NA;0;NA;0;NA;NA;NA;NA;NA;NA;NA;NA;NA;NA;NA;NA;NA;NA;NA;NA;NA;NA;NA;NA;NA;NA;NA;NA;NA;NA
6430_hf - hft;495;0;1;0;0;0;0;0;0;0;0;0;0;0;0;1;0;0;0;0;0;NA;NA;NA;0;0;0;0;0;0;0;1;NA;NA;1;NA;NA;NA;NA;NA;NA;NA;NA;NA;NA;NA;NA;NA;NA;NA;NA;NA;NA;NA;NA;NA;NA;NA;NA;NA;NA;0;0;NA;0;NA;NA;0;NA;NA;1;0;NA;NA;NA;NA;NA;1;1;NA;0;NA;0;NA;0;NA;0;NA;0;NA;NA;NA;NA;NA;NA;NA;NA;NA;NA;NA;NA;NA;NA;NA;NA;NA;NA;NA;NA;NA;NA;NA;NA;NA;NA
6430_hf - hft;496;0;0;NA;0;0;0;0;0;0;0;0;0;0;0;0;NA;NA;NA;NA;NA;NA;NA;NA;NA;NA;NA;0;0;0;1;NA;NA;NA;1;NA;NA;NA;NA;NA;NA;0;0;NA;NA;NA;NA;NA;NA;0;1;NA;NA;NA;NA;NA;NA;NA;NA;NA;NA;0;0;NA;0;NA;NA;0;NA;NA;1;0;NA;NA;NA;NA;NA;1;1;NA;0;NA;0;NA;0;NA;0;NA;0;NA;NA;NA;NA;NA;NA;NA;NA;NA;NA;NA;NA;NA;NA;NA;NA;NA;NA;NA;NA;NA;NA;NA;NA;NA;NA
6430_hf - hft;497;0;1;0;0;0;0;0;0;0;0;0;0;0;0;0;NA;NA;NA;NA;NA;NA;NA;NA;NA;NA;NA;0;0;0;1;NA;NA;NA;1;NA;NA;NA;NA;NA;NA;0;0;NA;NA;NA;NA;NA;NA;0;1;NA;NA;NA;NA;NA;NA;NA;NA;NA;NA;0;0;NA;0;NA;NA;0;NA;NA;1;0;NA;NA;NA;NA;NA;1;1;NA;0;NA;0;NA;0;NA;0;NA;0;NA;NA;NA;NA;NA;NA;NA;NA;NA;NA;NA;NA;NA;NA;NA;NA;NA;NA;NA;NA;NA;NA;NA;NA;NA;NA
6430_hf - hft;498;0;0;NA;0;0;0;0;0;0;0;0;0;0;0;1;0;0;0;0;1;0;0;0;NA;NA;NA;0;0;0;1;NA;NA;NA;1;NA;NA;NA;NA;NA;NA;0;0;NA;NA;NA;NA;NA;NA;0;1;NA;NA;NA;NA;NA;NA;NA;NA;NA;NA;0;0;NA;0;NA;NA;0;NA;NA;1;0;NA;NA;NA;NA;NA;1;1;NA;0;NA;0;NA;0;NA;0;NA;0;NA;NA;NA;NA;NA;NA;NA;NA;NA;NA;NA;NA;NA;NA;NA;NA;NA;NA;NA;NA;NA;NA;NA;NA;NA;NA
6430_hf - hft;499;0;1;0;0;0;0;0;0;0;0;0;0;0;0;1;0;0;0;0;1;0;0;0;NA;NA;NA;0;0;0;1;NA;NA;NA;1;NA;NA;NA;NA;NA;NA;0;0;NA;NA;NA;NA;NA;NA;0;1;NA;NA;NA;NA;NA;NA;NA;NA;NA;NA;0;0;NA;0;NA;NA;0;NA;NA;1;0;NA;NA;NA;NA;NA;1;1;NA;0;NA;0;NA;0;NA;0;NA;0;NA;NA;NA;NA;NA;NA;NA;NA;NA;NA;NA;NA;NA;NA;NA;NA;NA;NA;NA;NA;NA;NA;NA;NA;NA;NA
6430_hf - hft;500;0;0;NA;0;0;0;0;0;0;0;0;0;0;0;1;0;0;0;0;0;NA;NA;NA;0;0;0;0;0;0;1;NA;NA;NA;1;NA;NA;NA;NA;NA;NA;0;0;NA;NA;NA;NA;NA;NA;0;1;NA;NA;NA;NA;NA;NA;NA;NA;NA;NA;0;0;NA;0;NA;NA;0;NA;NA;1;0;NA;NA;NA;NA;NA;1;1;NA;0;NA;0;NA;0;NA;0;NA;0;NA;NA;NA;NA;NA;NA;NA;NA;NA;NA;NA;NA;NA;NA;NA;NA;NA;NA;NA;NA;NA;NA;NA;NA;NA;NA
6430_hf - hft;501;0;1;0;0;0;0;0;0;0;0;0;0;0;0;1;0;0;0;0;0;NA;NA;NA;0;0;0;0;0;0;1;NA;NA;NA;1;NA;NA;NA;NA;NA;NA;0;0;NA;NA;NA;NA;NA;NA;0;1;NA;NA;NA;NA;NA;NA;NA;NA;NA;NA;0;0;NA;0;NA;NA;0;NA;NA;1;0;NA;NA;NA;NA;NA;1;1;NA;0;NA;0;NA;0;NA;0;NA;0;NA;NA;NA;NA;NA;NA;NA;NA;NA;NA;NA;NA;NA;NA;NA;NA;NA;NA;NA;NA;NA;NA;NA;NA;NA;NA
6430_hf - hft;502;0;0;NA;0;0;0;0;0;0;0;0;0;0;0;0;NA;NA;NA;NA;NA;NA;NA;NA;NA;NA;NA;0;0;0;1;NA;NA;NA;NA;NA;NA;NA;NA;NA;NA;0;0;NA;NA;NA;NA;NA;NA;0;0;1;NA;NA;NA;NA;NA;NA;NA;NA;NA;0;0;NA;0;NA;NA;0;NA;NA;1;0;NA;NA;NA;NA;NA;1;1;NA;0;NA;0;NA;0;NA;0;NA;0;NA;NA;NA;NA;NA;NA;NA;NA;NA;NA;NA;NA;NA;NA;NA;NA;NA;NA;NA;NA;NA;NA;NA;NA;NA;NA
6430_hf - hft;503;0;1;0;0;0;0;0;0;0;0;0;0;0;0;0;NA;NA;NA;NA;NA;NA;NA;NA;NA;NA;NA;0;0;0;1;NA;NA;NA;NA;NA;NA;NA;NA;NA;NA;0;0;NA;NA;NA;NA;NA;NA;0;0;1;NA;NA;NA;NA;NA;NA;NA;NA;NA;0;0;NA;0;NA;NA;0;NA;NA;1;0;NA;NA;NA;NA;NA;1;1;NA;0;NA;0;NA;0;NA;0;NA;0;NA;NA;NA;NA;NA;NA;NA;NA;NA;NA;NA;NA;NA;NA;NA;NA;NA;NA;NA;NA;NA;NA;NA;NA;NA;NA
6430_hf - hft;504;0;0;NA;0;0;0;0;0;0;0;0;0;0;0;1;0;0;0;0;1;0;0;0;NA;NA;NA;0;0;0;1;NA;NA;NA;NA;NA;NA;NA;NA;NA;NA;0;0;NA;NA;NA;NA;NA;NA;0;0;1;NA;NA;NA;NA;NA;NA;NA;NA;NA;0;0;NA;0;NA;NA;0;NA;NA;1;0;NA;NA;NA;NA;NA;1;1;NA;0;NA;0;NA;0;NA;0;NA;0;NA;NA;NA;NA;NA;NA;NA;NA;NA;NA;NA;NA;NA;NA;NA;NA;NA;NA;NA;NA;NA;NA;NA;NA;NA;NA
6430_hf - hft;505;0;1;0;0;0;0;0;0;0;0;0;0;0;0;1;0;0;0;0;1;0;0;0;NA;NA;NA;0;0;0;1;NA;NA;NA;NA;NA;NA;NA;NA;NA;NA;0;0;NA;NA;NA;NA;NA;NA;0;0;1;NA;NA;NA;NA;NA;NA;NA;NA;NA;0;0;NA;0;NA;NA;0;NA;NA;1;0;NA;NA;NA;NA;NA;1;1;NA;0;NA;0;NA;0;NA;0;NA;0;NA;NA;NA;NA;NA;NA;NA;NA;NA;NA;NA;NA;NA;NA;NA;NA;NA;NA;NA;NA;NA;NA;NA;NA;NA;NA
6430_hf - hft;506;0;0;NA;0;0;0;0;0;0;0;0;0;0;0;1;0;0;0;0;0;NA;NA;NA;0;0;0;0;0;0;1;NA;NA;NA;NA;NA;NA;NA;NA;NA;NA;0;0;NA;NA;NA;NA;NA;NA;0;0;1;NA;NA;NA;NA;NA;NA;NA;NA;NA;0;0;NA;0;NA;NA;0;NA;NA;1;0;NA;NA;NA;NA;NA;1;1;NA;0;NA;0;NA;0;NA;0;NA;0;NA;NA;NA;NA;NA;NA;NA;NA;NA;NA;NA;NA;NA;NA;NA;NA;NA;NA;NA;NA;NA;NA;NA;NA;NA;NA
6430_hf - hft;507;0;1;0;0;0;0;0;0;0;0;0;0;0;0;1;0;0;0;0;0;NA;NA;NA;0;0;0;0;0;0;1;NA;NA;NA;NA;NA;NA;NA;NA;NA;NA;0;0;NA;NA;NA;NA;NA;NA;0;0;1;NA;NA;NA;NA;NA;NA;NA;NA;NA;0;0;NA;0;NA;NA;0;NA;NA;1;0;NA;NA;NA;NA;NA;1;1;NA;0;NA;0;NA;0;NA;0;NA;0;NA;NA;NA;NA;NA;NA;NA;NA;NA;NA;NA;NA;NA;NA;NA;NA;NA;NA;NA;NA;NA;NA;NA;NA;NA;NA
6430_hf - hft_min;508;0;0;NA;0;0;0;0;0;0;0;0;0;0;0;0;NA;NA;NA;NA;NA;NA;NA;NA;NA;NA;NA;0;0;0;0;NA;1;NA;NA;NA;NA;NA;NA;NA;NA;NA;NA;NA;NA;NA;NA;NA;NA;NA;NA;NA;NA;NA;NA;NA;NA;NA;NA;NA;NA;0;0;NA;0;NA;NA;0;NA;NA;1;1;1;NA;NA;NA;NA;NA;NA;NA;NA;NA;NA;NA;NA;NA;NA;NA;NA;NA;NA;NA;NA;NA;NA;NA;NA;NA;NA;NA;NA;NA;NA;NA;NA;NA;NA;NA;NA;NA;NA;NA;NA;NA;NA
6430_hf - hft_min;509;0;1;0;0;0;0;0;0;0;0;0;0;0;0;0;NA;NA;NA;NA;NA;NA;NA;NA;NA;NA;NA;0;0;0;0;NA;1;NA;NA;NA;NA;NA;NA;NA;NA;NA;NA;NA;NA;NA;NA;NA;NA;NA;NA;NA;NA;NA;NA;NA;NA;NA;NA;NA;NA;0;0;NA;0;NA;NA;0;NA;NA;1;1;1;NA;NA;NA;NA;NA;NA;NA;NA;NA;NA;NA;NA;NA;NA;NA;NA;NA;NA;NA;NA;NA;NA;NA;NA;NA;NA;NA;NA;NA;NA;NA;NA;NA;NA;NA;NA;NA;NA;NA;NA;NA;NA
6430_hf - hft_min;510;0;0;NA;0;0;0;0;0;0;0;0;0;0;0;1;0;0;0;0;1;0;0;0;NA;NA;NA;0;0;0;0;NA;1;NA;NA;NA;NA;NA;NA;NA;NA;NA;NA;NA;NA;NA;NA;NA;NA;NA;NA;NA;NA;NA;NA;NA;NA;NA;NA;NA;NA;0;0;NA;0;NA;NA;0;NA;NA;1;1;1;NA;NA;NA;NA;NA;NA;NA;NA;NA;NA;NA;NA;NA;NA;NA;NA;NA;NA;NA;NA;NA;NA;NA;NA;NA;NA;NA;NA;NA;NA;NA;NA;NA;NA;NA;NA;NA;NA;NA;NA;NA;NA
6430_hf - hft_min;511;0;1;0;0;0;0;0;0;0;0;0;0;0;0;1;0;0;0;0;1;0;0;0;NA;NA;NA;0;0;0;0;NA;1;NA;NA;NA;NA;NA;NA;NA;NA;NA;NA;NA;NA;NA;NA;NA;NA;NA;NA;NA;NA;NA;NA;NA;NA;NA;NA;NA;NA;0;0;NA;0;NA;NA;0;NA;NA;1;1;1;NA;NA;NA;NA;NA;NA;NA;NA;NA;NA;NA;NA;NA;NA;NA;NA;NA;NA;NA;NA;NA;NA;NA;NA;NA;NA;NA;NA;NA;NA;NA;NA;NA;NA;NA;NA;NA;NA;NA;NA;NA;NA
6430_hf - hft_min;512;0;0;NA;0;0;0;0;0;0;0;0;0;0;0;1;0;0;0;0;0;NA;NA;NA;0;0;0;0;0;0;0;NA;1;NA;NA;NA;NA;NA;NA;NA;NA;NA;NA;NA;NA;NA;NA;NA;NA;NA;NA;NA;NA;NA;NA;NA;NA;NA;NA;NA;NA;0;0;NA;0;NA;NA;0;NA;NA;1;1;1;NA;NA;NA;NA;NA;NA;NA;NA;NA;NA;NA;NA;NA;NA;NA;NA;NA;NA;NA;NA;NA;NA;NA;NA;NA;NA;NA;NA;NA;NA;NA;NA;NA;NA;NA;NA;NA;NA;NA;NA;NA;NA
6430_hf - hft_min;513;0;1;0;0;0;0;0;0;0;0;0;0;0;0;1;0;0;0;0;0;NA;NA;NA;0;0;0;0;0;0;0;NA;1;NA;NA;NA;NA;NA;NA;NA;NA;NA;NA;NA;NA;NA;NA;NA;NA;NA;NA;NA;NA;NA;NA;NA;NA;NA;NA;NA;NA;0;0;NA;0;NA;NA;0;NA;NA;1;1;1;NA;NA;NA;NA;NA;NA;NA;NA;NA;NA;NA;NA;NA;NA;NA;NA;NA;NA;NA;NA;NA;NA;NA;NA;NA;NA;NA;NA;NA;NA;NA;NA;NA;NA;NA;NA;NA;NA;NA;NA;NA;NA
6430_hf - hft_min;514;0;0;NA;0;0;0;0;0;0;0;0;0;0;0;0;NA;NA;NA;NA;NA;NA;NA;NA;NA;NA;NA;0;0;0;0;1;NA;NA;1;NA;NA;NA;NA;NA;NA;NA;NA;NA;NA;NA;NA;NA;NA;NA;NA;NA;NA;NA;NA;NA;NA;NA;NA;NA;NA;0;0;NA;0;NA;NA;0;NA;NA;1;1;1;NA;NA;NA;NA;NA;NA;NA;NA;NA;NA;NA;NA;NA;NA;NA;NA;NA;NA;NA;NA;NA;NA;NA;NA;NA;NA;NA;NA;NA;NA;NA;NA;NA;NA;NA;NA;NA;NA;NA;NA;NA;NA
6430_hf - hft_min;515;0;1;0;0;0;0;0;0;0;0;0;0;0;0;0;NA;NA;NA;NA;NA;NA;NA;NA;NA;NA;NA;0;0;0;0;1;NA;NA;1;NA;NA;NA;NA;NA;NA;NA;NA;NA;NA;NA;NA;NA;NA;NA;NA;NA;NA;NA;NA;NA;NA;NA;NA;NA;NA;0;0;NA;0;NA;NA;0;NA;NA;1;1;1;NA;NA;NA;NA;NA;NA;NA;NA;NA;NA;NA;NA;NA;NA;NA;NA;NA;NA;NA;NA;NA;NA;NA;NA;NA;NA;NA;NA;NA;NA;NA;NA;NA;NA;NA;NA;NA;NA;NA;NA;NA;NA
6430_hf - hft_min;516;0;0;NA;0;0;0;0;0;0;0;0;0;0;0;1;0;0;0;0;1;0;0;0;NA;NA;NA;0;0;0;0;1;NA;NA;1;NA;NA;NA;NA;NA;NA;NA;NA;NA;NA;NA;NA;NA;NA;NA;NA;NA;NA;NA;NA;NA;NA;NA;NA;NA;NA;0;0;NA;0;NA;NA;0;NA;NA;1;1;1;NA;NA;NA;NA;NA;NA;NA;NA;NA;NA;NA;NA;NA;NA;NA;NA;NA;NA;NA;NA;NA;NA;NA;NA;NA;NA;NA;NA;NA;NA;NA;NA;NA;NA;NA;NA;NA;NA;NA;NA;NA;NA
6430_hf - hft_min;517;0;1;0;0;0;0;0;0;0;0;0;0;0;0;1;0;0;0;0;1;0;0;0;NA;NA;NA;0;0;0;0;1;NA;NA;1;NA;NA;NA;NA;NA;NA;NA;NA;NA;NA;NA;NA;NA;NA;NA;NA;NA;NA;NA;NA;NA;NA;NA;NA;NA;NA;0;0;NA;0;NA;NA;0;NA;NA;1;1;1;NA;NA;NA;NA;NA;NA;NA;NA;NA;NA;NA;NA;NA;NA;NA;NA;NA;NA;NA;NA;NA;NA;NA;NA;NA;NA;NA;NA;NA;NA;NA;NA;NA;NA;NA;NA;NA;NA;NA;NA;NA;NA
6430_hf - hft_min;518;0;0;NA;0;0;0;0;0;0;0;0;0;0;0;1;0;0;0;0;0;NA;NA;NA;0;0;0;0;0;0;0;1;NA;NA;1;NA;NA;NA;NA;NA;NA;NA;NA;NA;NA;NA;NA;NA;NA;NA;NA;NA;NA;NA;NA;NA;NA;NA;NA;NA;NA;0;0;NA;0;NA;NA;0;NA;NA;1;1;1;NA;NA;NA;NA;NA;NA;NA;NA;NA;NA;NA;NA;NA;NA;NA;NA;NA;NA;NA;NA;NA;NA;NA;NA;NA;NA;NA;NA;NA;NA;NA;NA;NA;NA;NA;NA;NA;NA;NA;NA;NA;NA
6430_hf - hft_min;519;0;1;0;0;0;0;0;0;0;0;0;0;0;0;1;0;0;0;0;0;NA;NA;NA;0;0;0;0;0;0;0;1;NA;NA;1;NA;NA;NA;NA;NA;NA;NA;NA;NA;NA;NA;NA;NA;NA;NA;NA;NA;NA;NA;NA;NA;NA;NA;NA;NA;NA;0;0;NA;0;NA;NA;0;NA;NA;1;1;1;NA;NA;NA;NA;NA;NA;NA;NA;NA;NA;NA;NA;NA;NA;NA;NA;NA;NA;NA;NA;NA;NA;NA;NA;NA;NA;NA;NA;NA;NA;NA;NA;NA;NA;NA;NA;NA;NA;NA;NA;NA;NA
6430_hf - hft_min;520;0;0;NA;0;0;0;0;0;0;0;0;0;0;0;0;NA;NA;NA;NA;NA;NA;NA;NA;NA;NA;NA;0;0;0;1;NA;NA;NA;1;NA;NA;NA;NA;NA;NA;0;0;NA;NA;NA;NA;NA;NA;0;1;NA;NA;NA;NA;NA;NA;NA;NA;NA;NA;0;0;NA;0;NA;NA;0;NA;NA;1;1;1;NA;NA;NA;NA;NA;NA;NA;NA;NA;NA;NA;NA;NA;NA;NA;NA;NA;NA;NA;NA;NA;NA;NA;NA;NA;NA;NA;NA;NA;NA;NA;NA;NA;NA;NA;NA;NA;NA;NA;NA;NA;NA
6430_hf - hft_min;521;0;1;0;0;0;0;0;0;0;0;0;0;0;0;0;NA;NA;NA;NA;NA;NA;NA;NA;NA;NA;NA;0;0;0;1;NA;NA;NA;1;NA;NA;NA;NA;NA;NA;0;0;NA;NA;NA;NA;NA;NA;0;1;NA;NA;NA;NA;NA;NA;NA;NA;NA;NA;0;0;NA;0;NA;NA;0;NA;NA;1;1;1;NA;NA;NA;NA;NA;NA;NA;NA;NA;NA;NA;NA;NA;NA;NA;NA;NA;NA;NA;NA;NA;NA;NA;NA;NA;NA;NA;NA;NA;NA;NA;NA;NA;NA;NA;NA;NA;NA;NA;NA;NA;NA
6430_hf - hft_min;522;0;0;NA;0;0;0;0;0;0;0;0;0;0;0;1;0;0;0;0;1;0;0;0;NA;NA;NA;0;0;0;1;NA;NA;NA;1;NA;NA;NA;NA;NA;NA;0;0;NA;NA;NA;NA;NA;NA;0;1;NA;NA;NA;NA;NA;NA;NA;NA;NA;NA;0;0;NA;0;NA;NA;0;NA;NA;1;1;1;NA;NA;NA;NA;NA;NA;NA;NA;NA;NA;NA;NA;NA;NA;NA;NA;NA;NA;NA;NA;NA;NA;NA;NA;NA;NA;NA;NA;NA;NA;NA;NA;NA;NA;NA;NA;NA;NA;NA;NA;NA;NA
6430_hf - hft_min;523;0;1;0;0;0;0;0;0;0;0;0;0;0;0;1;0;0;0;0;1;0;0;0;NA;NA;NA;0;0;0;1;NA;NA;NA;1;NA;NA;NA;NA;NA;NA;0;0;NA;NA;NA;NA;NA;NA;0;1;NA;NA;NA;NA;NA;NA;NA;NA;NA;NA;0;0;NA;0;NA;NA;0;NA;NA;1;1;1;NA;NA;NA;NA;NA;NA;NA;NA;NA;NA;NA;NA;NA;NA;NA;NA;NA;NA;NA;NA;NA;NA;NA;NA;NA;NA;NA;NA;NA;NA;NA;NA;NA;NA;NA;NA;NA;NA;NA;NA;NA;NA
6430_hf - hft_min;524;0;0;NA;0;0;0;0;0;0;0;0;0;0;0;1;0;0;0;0;0;NA;NA;NA;0;0;0;0;0;0;1;NA;NA;NA;1;NA;NA;NA;NA;NA;NA;0;0;NA;NA;NA;NA;NA;NA;0;1;NA;NA;NA;NA;NA;NA;NA;NA;NA;NA;0;0;NA;0;NA;NA;0;NA;NA;1;1;1;NA;NA;NA;NA;NA;NA;NA;NA;NA;NA;NA;NA;NA;NA;NA;NA;NA;NA;NA;NA;NA;NA;NA;NA;NA;NA;NA;NA;NA;NA;NA;NA;NA;NA;NA;NA;NA;NA;NA;NA;NA;NA
6430_hf - hft_min;525;0;1;0;0;0;0;0;0;0;0;0;0;0;0;1;0;0;0;0;0;NA;NA;NA;0;0;0;0;0;0;1;NA;NA;NA;1;NA;NA;NA;NA;NA;NA;0;0;NA;NA;NA;NA;NA;NA;0;1;NA;NA;NA;NA;NA;NA;NA;NA;NA;NA;0;0;NA;0;NA;NA;0;NA;NA;1;1;1;NA;NA;NA;NA;NA;NA;NA;NA;NA;NA;NA;NA;NA;NA;NA;NA;NA;NA;NA;NA;NA;NA;NA;NA;NA;NA;NA;NA;NA;NA;NA;NA;NA;NA;NA;NA;NA;NA;NA;NA;NA;NA
6430_hf - hft_min;526;0;0;NA;0;0;0;0;0;0;0;0;0;0;0;0;NA;NA;NA;NA;NA;NA;NA;NA;NA;NA;NA;0;0;0;1;NA;NA;NA;NA;NA;NA;NA;NA;NA;NA;0;0;NA;NA;NA;NA;NA;NA;0;0;1;NA;NA;NA;NA;NA;NA;NA;NA;NA;0;0;NA;0;NA;NA;0;NA;NA;1;1;1;NA;NA;NA;NA;NA;NA;NA;NA;NA;NA;NA;NA;NA;NA;NA;NA;NA;NA;NA;NA;NA;NA;NA;NA;NA;NA;NA;NA;NA;NA;NA;NA;NA;NA;NA;NA;NA;NA;NA;NA;NA;NA
6430_hf - hft_min;527;0;1;0;0;0;0;0;0;0;0;0;0;0;0;0;NA;NA;NA;NA;NA;NA;NA;NA;NA;NA;NA;0;0;0;1;NA;NA;NA;NA;NA;NA;NA;NA;NA;NA;0;0;NA;NA;NA;NA;NA;NA;0;0;1;NA;NA;NA;NA;NA;NA;NA;NA;NA;0;0;NA;0;NA;NA;0;NA;NA;1;1;1;NA;NA;NA;NA;NA;NA;NA;NA;NA;NA;NA;NA;NA;NA;NA;NA;NA;NA;NA;NA;NA;NA;NA;NA;NA;NA;NA;NA;NA;NA;NA;NA;NA;NA;NA;NA;NA;NA;NA;NA;NA;NA
6430_hf - hft_min;528;0;0;NA;0;0;0;0;0;0;0;0;0;0;0;1;0;0;0;0;1;0;0;0;NA;NA;NA;0;0;0;1;NA;NA;NA;NA;NA;NA;NA;NA;NA;NA;0;0;NA;NA;NA;NA;NA;NA;0;0;1;NA;NA;NA;NA;NA;NA;NA;NA;NA;0;0;NA;0;NA;NA;0;NA;NA;1;1;1;NA;NA;NA;NA;NA;NA;NA;NA;NA;NA;NA;NA;NA;NA;NA;NA;NA;NA;NA;NA;NA;NA;NA;NA;NA;NA;NA;NA;NA;NA;NA;NA;NA;NA;NA;NA;NA;NA;NA;NA;NA;NA
6430_hf - hft_min;529;0;1;0;0;0;0;0;0;0;0;0;0;0;0;1;0;0;0;0;1;0;0;0;NA;NA;NA;0;0;0;1;NA;NA;NA;NA;NA;NA;NA;NA;NA;NA;0;0;NA;NA;NA;NA;NA;NA;0;0;1;NA;NA;NA;NA;NA;NA;NA;NA;NA;0;0;NA;0;NA;NA;0;NA;NA;1;1;1;NA;NA;NA;NA;NA;NA;NA;NA;NA;NA;NA;NA;NA;NA;NA;NA;NA;NA;NA;NA;NA;NA;NA;NA;NA;NA;NA;NA;NA;NA;NA;NA;NA;NA;NA;NA;NA;NA;NA;NA;NA;NA
6430_hf - hft_min;530;0;0;NA;0;0;0;0;0;0;0;0;0;0;0;1;0;0;0;0;0;NA;NA;NA;0;0;0;0;0;0;1;NA;NA;NA;NA;NA;NA;NA;NA;NA;NA;0;0;NA;NA;NA;NA;NA;NA;0;0;1;NA;NA;NA;NA;NA;NA;NA;NA;NA;0;0;NA;0;NA;NA;0;NA;NA;1;1;1;NA;NA;NA;NA;NA;NA;NA;NA;NA;NA;NA;NA;NA;NA;NA;NA;NA;NA;NA;NA;NA;NA;NA;NA;NA;NA;NA;NA;NA;NA;NA;NA;NA;NA;NA;NA;NA;NA;NA;NA;NA;NA
6430_hf - hft_min;531;0;1;0;0;0;0;0;0;0;0;0;0;0;0;1;0;0;0;0;0;NA;NA;NA;0;0;0;0;0;0;1;NA;NA;NA;NA;NA;NA;NA;NA;NA;NA;0;0;NA;NA;NA;NA;NA;NA;0;0;1;NA;NA;NA;NA;NA;NA;NA;NA;NA;0;0;NA;0;NA;NA;0;NA;NA;1;1;1;NA;NA;NA;NA;NA;NA;NA;NA;NA;NA;NA;NA;NA;NA;NA;NA;NA;NA;NA;NA;NA;NA;NA;NA;NA;NA;NA;NA;NA;NA;NA;NA;NA;NA;NA;NA;NA;NA;NA;NA;NA;NA
6430_hf - hft_min;532;0;0;NA;0;0;0;0;0;0;0;0;0;0;0;0;NA;NA;NA;NA;NA;NA;NA;NA;NA;NA;NA;0;0;0;0;NA;1;NA;NA;NA;NA;NA;NA;NA;NA;NA;NA;NA;NA;NA;NA;NA;NA;NA;NA;NA;NA;NA;NA;NA;NA;NA;NA;NA;NA;0;0;NA;0;NA;NA;0;NA;NA;1;1;NA;1;NA;NA;NA;NA;NA;NA;NA;NA;NA;NA;NA;NA;NA;NA;NA;NA;NA;NA;NA;NA;NA;NA;NA;NA;NA;NA;NA;NA;NA;NA;NA;NA;NA;NA;NA;NA;NA;NA;NA;NA;NA
6430_hf - hft_min;533;0;1;0;0;0;0;0;0;0;0;0;0;0;0;0;NA;NA;NA;NA;NA;NA;NA;NA;NA;NA;NA;0;0;0;0;NA;1;NA;NA;NA;NA;NA;NA;NA;NA;NA;NA;NA;NA;NA;NA;NA;NA;NA;NA;NA;NA;NA;NA;NA;NA;NA;NA;NA;NA;0;0;NA;0;NA;NA;0;NA;NA;1;1;NA;1;NA;NA;NA;NA;NA;NA;NA;NA;NA;NA;NA;NA;NA;NA;NA;NA;NA;NA;NA;NA;NA;NA;NA;NA;NA;NA;NA;NA;NA;NA;NA;NA;NA;NA;NA;NA;NA;NA;NA;NA;NA
6430_hf - hft_min;534;0;0;NA;0;0;0;0;0;0;0;0;0;0;0;1;0;0;0;0;1;0;0;0;NA;NA;NA;0;0;0;0;NA;1;NA;NA;NA;NA;NA;NA;NA;NA;NA;NA;NA;NA;NA;NA;NA;NA;NA;NA;NA;NA;NA;NA;NA;NA;NA;NA;NA;NA;0;0;NA;0;NA;NA;0;NA;NA;1;1;NA;1;NA;NA;NA;NA;NA;NA;NA;NA;NA;NA;NA;NA;NA;NA;NA;NA;NA;NA;NA;NA;NA;NA;NA;NA;NA;NA;NA;NA;NA;NA;NA;NA;NA;NA;NA;NA;NA;NA;NA;NA;NA
6430_hf - hft_min;535;0;1;0;0;0;0;0;0;0;0;0;0;0;0;1;0;0;0;0;1;0;0;0;NA;NA;NA;0;0;0;0;NA;1;NA;NA;NA;NA;NA;NA;NA;NA;NA;NA;NA;NA;NA;NA;NA;NA;NA;NA;NA;NA;NA;NA;NA;NA;NA;NA;NA;NA;0;0;NA;0;NA;NA;0;NA;NA;1;1;NA;1;NA;NA;NA;NA;NA;NA;NA;NA;NA;NA;NA;NA;NA;NA;NA;NA;NA;NA;NA;NA;NA;NA;NA;NA;NA;NA;NA;NA;NA;NA;NA;NA;NA;NA;NA;NA;NA;NA;NA;NA;NA
6430_hf - hft_min;536;0;0;NA;0;0;0;0;0;0;0;0;0;0;0;1;0;0;0;0;0;NA;NA;NA;0;0;0;0;0;0;0;NA;1;NA;NA;NA;NA;NA;NA;NA;NA;NA;NA;NA;NA;NA;NA;NA;NA;NA;NA;NA;NA;NA;NA;NA;NA;NA;NA;NA;NA;0;0;NA;0;NA;NA;0;NA;NA;1;1;NA;1;NA;NA;NA;NA;NA;NA;NA;NA;NA;NA;NA;NA;NA;NA;NA;NA;NA;NA;NA;NA;NA;NA;NA;NA;NA;NA;NA;NA;NA;NA;NA;NA;NA;NA;NA;NA;NA;NA;NA;NA;NA
6430_hf - hft_min;537;0;1;0;0;0;0;0;0;0;0;0;0;0;0;1;0;0;0;0;0;NA;NA;NA;0;0;0;0;0;0;0;NA;1;NA;NA;NA;NA;NA;NA;NA;NA;NA;NA;NA;NA;NA;NA;NA;NA;NA;NA;NA;NA;NA;NA;NA;NA;NA;NA;NA;NA;0;0;NA;0;NA;NA;0;NA;NA;1;1;NA;1;NA;NA;NA;NA;NA;NA;NA;NA;NA;NA;NA;NA;NA;NA;NA;NA;NA;NA;NA;NA;NA;NA;NA;NA;NA;NA;NA;NA;NA;NA;NA;NA;NA;NA;NA;NA;NA;NA;NA;NA;NA
6430_hf - hft_min;538;0;0;NA;0;0;0;0;0;0;0;0;0;0;0;0;NA;NA;NA;NA;NA;NA;NA;NA;NA;NA;NA;0;0;0;0;1;NA;NA;1;NA;NA;NA;NA;NA;NA;NA;NA;NA;NA;NA;NA;NA;NA;NA;NA;NA;NA;NA;NA;NA;NA;NA;NA;NA;NA;0;0;NA;0;NA;NA;0;NA;NA;1;1;NA;1;NA;NA;NA;NA;NA;NA;NA;NA;NA;NA;NA;NA;NA;NA;NA;NA;NA;NA;NA;NA;NA;NA;NA;NA;NA;NA;NA;NA;NA;NA;NA;NA;NA;NA;NA;NA;NA;NA;NA;NA;NA
6430_hf - hft_min;539;0;1;0;0;0;0;0;0;0;0;0;0;0;0;0;NA;NA;NA;NA;NA;NA;NA;NA;NA;NA;NA;0;0;0;0;1;NA;NA;1;NA;NA;NA;NA;NA;NA;NA;NA;NA;NA;NA;NA;NA;NA;NA;NA;NA;NA;NA;NA;NA;NA;NA;NA;NA;NA;0;0;NA;0;NA;NA;0;NA;NA;1;1;NA;1;NA;NA;NA;NA;NA;NA;NA;NA;NA;NA;NA;NA;NA;NA;NA;NA;NA;NA;NA;NA;NA;NA;NA;NA;NA;NA;NA;NA;NA;NA;NA;NA;NA;NA;NA;NA;NA;NA;NA;NA;NA
6430_hf - hft_min;540;0;0;NA;0;0;0;0;0;0;0;0;0;0;0;1;0;0;0;0;1;0;0;0;NA;NA;NA;0;0;0;0;1;NA;NA;1;NA;NA;NA;NA;NA;NA;NA;NA;NA;NA;NA;NA;NA;NA;NA;NA;NA;NA;NA;NA;NA;NA;NA;NA;NA;NA;0;0;NA;0;NA;NA;0;NA;NA;1;1;NA;1;NA;NA;NA;NA;NA;NA;NA;NA;NA;NA;NA;NA;NA;NA;NA;NA;NA;NA;NA;NA;NA;NA;NA;NA;NA;NA;NA;NA;NA;NA;NA;NA;NA;NA;NA;NA;NA;NA;NA;NA;NA
6430_hf - hft_min;541;0;1;0;0;0;0;0;0;0;0;0;0;0;0;1;0;0;0;0;1;0;0;0;NA;NA;NA;0;0;0;0;1;NA;NA;1;NA;NA;NA;NA;NA;NA;NA;NA;NA;NA;NA;NA;NA;NA;NA;NA;NA;NA;NA;NA;NA;NA;NA;NA;NA;NA;0;0;NA;0;NA;NA;0;NA;NA;1;1;NA;1;NA;NA;NA;NA;NA;NA;NA;NA;NA;NA;NA;NA;NA;NA;NA;NA;NA;NA;NA;NA;NA;NA;NA;NA;NA;NA;NA;NA;NA;NA;NA;NA;NA;NA;NA;NA;NA;NA;NA;NA;NA
6430_hf - hft_min;542;0;0;NA;0;0;0;0;0;0;0;0;0;0;0;1;0;0;0;0;0;NA;NA;NA;0;0;0;0;0;0;0;1;NA;NA;1;NA;NA;NA;NA;NA;NA;NA;NA;NA;NA;NA;NA;NA;NA;NA;NA;NA;NA;NA;NA;NA;NA;NA;NA;NA;NA;0;0;NA;0;NA;NA;0;NA;NA;1;1;NA;1;NA;NA;NA;NA;NA;NA;NA;NA;NA;NA;NA;NA;NA;NA;NA;NA;NA;NA;NA;NA;NA;NA;NA;NA;NA;NA;NA;NA;NA;NA;NA;NA;NA;NA;NA;NA;NA;NA;NA;NA;NA
6430_hf - hft_min;543;0;1;0;0;0;0;0;0;0;0;0;0;0;0;1;0;0;0;0;0;NA;NA;NA;0;0;0;0;0;0;0;1;NA;NA;1;NA;NA;NA;NA;NA;NA;NA;NA;NA;NA;NA;NA;NA;NA;NA;NA;NA;NA;NA;NA;NA;NA;NA;NA;NA;NA;0;0;NA;0;NA;NA;0;NA;NA;1;1;NA;1;NA;NA;NA;NA;NA;NA;NA;NA;NA;NA;NA;NA;NA;NA;NA;NA;NA;NA;NA;NA;NA;NA;NA;NA;NA;NA;NA;NA;NA;NA;NA;NA;NA;NA;NA;NA;NA;NA;NA;NA;NA
6430_hf - hft_min;544;0;0;NA;0;0;0;0;0;0;0;0;0;0;0;0;NA;NA;NA;NA;NA;NA;NA;NA;NA;NA;NA;0;0;0;1;NA;NA;NA;1;NA;NA;NA;NA;NA;NA;0;0;NA;NA;NA;NA;NA;NA;0;1;NA;NA;NA;NA;NA;NA;NA;NA;NA;NA;0;0;NA;0;NA;NA;0;NA;NA;1;1;NA;1;NA;NA;NA;NA;NA;NA;NA;NA;NA;NA;NA;NA;NA;NA;NA;NA;NA;NA;NA;NA;NA;NA;NA;NA;NA;NA;NA;NA;NA;NA;NA;NA;NA;NA;NA;NA;NA;NA;NA;NA;NA
6430_hf - hft_min;545;0;1;0;0;0;0;0;0;0;0;0;0;0;0;0;NA;NA;NA;NA;NA;NA;NA;NA;NA;NA;NA;0;0;0;1;NA;NA;NA;1;NA;NA;NA;NA;NA;NA;0;0;NA;NA;NA;NA;NA;NA;0;1;NA;NA;NA;NA;NA;NA;NA;NA;NA;NA;0;0;NA;0;NA;NA;0;NA;NA;1;1;NA;1;NA;NA;NA;NA;NA;NA;NA;NA;NA;NA;NA;NA;NA;NA;NA;NA;NA;NA;NA;NA;NA;NA;NA;NA;NA;NA;NA;NA;NA;NA;NA;NA;NA;NA;NA;NA;NA;NA;NA;NA;NA
6430_hf - hft_min;546;0;0;NA;0;0;0;0;0;0;0;0;0;0;0;1;0;0;0;0;1;0;0;0;NA;NA;NA;0;0;0;1;NA;NA;NA;1;NA;NA;NA;NA;NA;NA;0;0;NA;NA;NA;NA;NA;NA;0;1;NA;NA;NA;NA;NA;NA;NA;NA;NA;NA;0;0;NA;0;NA;NA;0;NA;NA;1;1;NA;1;NA;NA;NA;NA;NA;NA;NA;NA;NA;NA;NA;NA;NA;NA;NA;NA;NA;NA;NA;NA;NA;NA;NA;NA;NA;NA;NA;NA;NA;NA;NA;NA;NA;NA;NA;NA;NA;NA;NA;NA;NA
6430_hf - hft_min;547;0;1;0;0;0;0;0;0;0;0;0;0;0;0;1;0;0;0;0;1;0;0;0;NA;NA;NA;0;0;0;1;NA;NA;NA;1;NA;NA;NA;NA;NA;NA;0;0;NA;NA;NA;NA;NA;NA;0;1;NA;NA;NA;NA;NA;NA;NA;NA;NA;NA;0;0;NA;0;NA;NA;0;NA;NA;1;1;NA;1;NA;NA;NA;NA;NA;NA;NA;NA;NA;NA;NA;NA;NA;NA;NA;NA;NA;NA;NA;NA;NA;NA;NA;NA;NA;NA;NA;NA;NA;NA;NA;NA;NA;NA;NA;NA;NA;NA;NA;NA;NA
6430_hf - hft_min;548;0;0;NA;0;0;0;0;0;0;0;0;0;0;0;1;0;0;0;0;0;NA;NA;NA;0;0;0;0;0;0;1;NA;NA;NA;1;NA;NA;NA;NA;NA;NA;0;0;NA;NA;NA;NA;NA;NA;0;1;NA;NA;NA;NA;NA;NA;NA;NA;NA;NA;0;0;NA;0;NA;NA;0;NA;NA;1;1;NA;1;NA;NA;NA;NA;NA;NA;NA;NA;NA;NA;NA;NA;NA;NA;NA;NA;NA;NA;NA;NA;NA;NA;NA;NA;NA;NA;NA;NA;NA;NA;NA;NA;NA;NA;NA;NA;NA;NA;NA;NA;NA
6430_hf - hft_min;549;0;1;0;0;0;0;0;0;0;0;0;0;0;0;1;0;0;0;0;0;NA;NA;NA;0;0;0;0;0;0;1;NA;NA;NA;1;NA;NA;NA;NA;NA;NA;0;0;NA;NA;NA;NA;NA;NA;0;1;NA;NA;NA;NA;NA;NA;NA;NA;NA;NA;0;0;NA;0;NA;NA;0;NA;NA;1;1;NA;1;NA;NA;NA;NA;NA;NA;NA;NA;NA;NA;NA;NA;NA;NA;NA;NA;NA;NA;NA;NA;NA;NA;NA;NA;NA;NA;NA;NA;NA;NA;NA;NA;NA;NA;NA;NA;NA;NA;NA;NA;NA
6430_hf - hft_min;550;0;0;NA;0;0;0;0;0;0;0;0;0;0;0;0;NA;NA;NA;NA;NA;NA;NA;NA;NA;NA;NA;0;0;0;1;NA;NA;NA;NA;NA;NA;NA;NA;NA;NA;0;0;NA;NA;NA;NA;NA;NA;0;0;1;NA;NA;NA;NA;NA;NA;NA;NA;NA;0;0;NA;0;NA;NA;0;NA;NA;1;1;NA;1;NA;NA;NA;NA;NA;NA;NA;NA;NA;NA;NA;NA;NA;NA;NA;NA;NA;NA;NA;NA;NA;NA;NA;NA;NA;NA;NA;NA;NA;NA;NA;NA;NA;NA;NA;NA;NA;NA;NA;NA;NA
6430_hf - hft_min;551;0;1;0;0;0;0;0;0;0;0;0;0;0;0;0;NA;NA;NA;NA;NA;NA;NA;NA;NA;NA;NA;0;0;0;1;NA;NA;NA;NA;NA;NA;NA;NA;NA;NA;0;0;NA;NA;NA;NA;NA;NA;0;0;1;NA;NA;NA;NA;NA;NA;NA;NA;NA;0;0;NA;0;NA;NA;0;NA;NA;1;1;NA;1;NA;NA;NA;NA;NA;NA;NA;NA;NA;NA;NA;NA;NA;NA;NA;NA;NA;NA;NA;NA;NA;NA;NA;NA;NA;NA;NA;NA;NA;NA;NA;NA;NA;NA;NA;NA;NA;NA;NA;NA;NA
6430_hf - hft_min;552;0;0;NA;0;0;0;0;0;0;0;0;0;0;0;1;0;0;0;0;1;0;0;0;NA;NA;NA;0;0;0;1;NA;NA;NA;NA;NA;NA;NA;NA;NA;NA;0;0;NA;NA;NA;NA;NA;NA;0;0;1;NA;NA;NA;NA;NA;NA;NA;NA;NA;0;0;NA;0;NA;NA;0;NA;NA;1;1;NA;1;NA;NA;NA;NA;NA;NA;NA;NA;NA;NA;NA;NA;NA;NA;NA;NA;NA;NA;NA;NA;NA;NA;NA;NA;NA;NA;NA;NA;NA;NA;NA;NA;NA;NA;NA;NA;NA;NA;NA;NA;NA
6430_hf - hft_min;553;0;1;0;0;0;0;0;0;0;0;0;0;0;0;1;0;0;0;0;1;0;0;0;NA;NA;NA;0;0;0;1;NA;NA;NA;NA;NA;NA;NA;NA;NA;NA;0;0;NA;NA;NA;NA;NA;NA;0;0;1;NA;NA;NA;NA;NA;NA;NA;NA;NA;0;0;NA;0;NA;NA;0;NA;NA;1;1;NA;1;NA;NA;NA;NA;NA;NA;NA;NA;NA;NA;NA;NA;NA;NA;NA;NA;NA;NA;NA;NA;NA;NA;NA;NA;NA;NA;NA;NA;NA;NA;NA;NA;NA;NA;NA;NA;NA;NA;NA;NA;NA
6430_hf - hft_min;554;0;0;NA;0;0;0;0;0;0;0;0;0;0;0;1;0;0;0;0;0;NA;NA;NA;0;0;0;0;0;0;1;NA;NA;NA;NA;NA;NA;NA;NA;NA;NA;0;0;NA;NA;NA;NA;NA;NA;0;0;1;NA;NA;NA;NA;NA;NA;NA;NA;NA;0;0;NA;0;NA;NA;0;NA;NA;1;1;NA;1;NA;NA;NA;NA;NA;NA;NA;NA;NA;NA;NA;NA;NA;NA;NA;NA;NA;NA;NA;NA;NA;NA;NA;NA;NA;NA;NA;NA;NA;NA;NA;NA;NA;NA;NA;NA;NA;NA;NA;NA;NA
6430_hf - hft_min;555;0;1;0;0;0;0;0;0;0;0;0;0;0;0;1;0;0;0;0;0;NA;NA;NA;0;0;0;0;0;0;1;NA;NA;NA;NA;NA;NA;NA;NA;NA;NA;0;0;NA;NA;NA;NA;NA;NA;0;0;1;NA;NA;NA;NA;NA;NA;NA;NA;NA;0;0;NA;0;NA;NA;0;NA;NA;1;1;NA;1;NA;NA;NA;NA;NA;NA;NA;NA;NA;NA;NA;NA;NA;NA;NA;NA;NA;NA;NA;NA;NA;NA;NA;NA;NA;NA;NA;NA;NA;NA;NA;NA;NA;NA;NA;NA;NA;NA;NA;NA;NA
6430_hf - hft_min;556;0;0;NA;0;0;0;0;0;0;0;0;0;0;0;0;NA;NA;NA;NA;NA;NA;NA;NA;NA;NA;NA;0;0;0;0;NA;1;NA;NA;NA;NA;NA;NA;NA;NA;NA;NA;NA;NA;NA;NA;NA;NA;NA;NA;NA;NA;NA;NA;NA;NA;NA;NA;NA;NA;0;0;NA;0;NA;NA;0;NA;NA;1;1;NA;NA;1;NA;NA;NA;NA;NA;NA;NA;NA;NA;NA;NA;NA;NA;NA;NA;NA;NA;NA;NA;NA;NA;NA;NA;NA;NA;NA;NA;NA;NA;NA;NA;NA;NA;NA;NA;NA;NA;NA;NA;NA
6430_hf - hft_min;557;0;1;0;0;0;0;0;0;0;0;0;0;0;0;0;NA;NA;NA;NA;NA;NA;NA;NA;NA;NA;NA;0;0;0;0;NA;1;NA;NA;NA;NA;NA;NA;NA;NA;NA;NA;NA;NA;NA;NA;NA;NA;NA;NA;NA;NA;NA;NA;NA;NA;NA;NA;NA;NA;0;0;NA;0;NA;NA;0;NA;NA;1;1;NA;NA;1;NA;NA;NA;NA;NA;NA;NA;NA;NA;NA;NA;NA;NA;NA;NA;NA;NA;NA;NA;NA;NA;NA;NA;NA;NA;NA;NA;NA;NA;NA;NA;NA;NA;NA;NA;NA;NA;NA;NA;NA
6430_hf - hft_min;558;0;0;NA;0;0;0;0;0;0;0;0;0;0;0;1;0;0;0;0;1;0;0;0;NA;NA;NA;0;0;0;0;NA;1;NA;NA;NA;NA;NA;NA;NA;NA;NA;NA;NA;NA;NA;NA;NA;NA;NA;NA;NA;NA;NA;NA;NA;NA;NA;NA;NA;NA;0;0;NA;0;NA;NA;0;NA;NA;1;1;NA;NA;1;NA;NA;NA;NA;NA;NA;NA;NA;NA;NA;NA;NA;NA;NA;NA;NA;NA;NA;NA;NA;NA;NA;NA;NA;NA;NA;NA;NA;NA;NA;NA;NA;NA;NA;NA;NA;NA;NA;NA;NA
6430_hf - hft_min;559;0;1;0;0;0;0;0;0;0;0;0;0;0;0;1;0;0;0;0;1;0;0;0;NA;NA;NA;0;0;0;0;NA;1;NA;NA;NA;NA;NA;NA;NA;NA;NA;NA;NA;NA;NA;NA;NA;NA;NA;NA;NA;NA;NA;NA;NA;NA;NA;NA;NA;NA;0;0;NA;0;NA;NA;0;NA;NA;1;1;NA;NA;1;NA;NA;NA;NA;NA;NA;NA;NA;NA;NA;NA;NA;NA;NA;NA;NA;NA;NA;NA;NA;NA;NA;NA;NA;NA;NA;NA;NA;NA;NA;NA;NA;NA;NA;NA;NA;NA;NA;NA;NA
6430_hf - hft_min;560;0;0;NA;0;0;0;0;0;0;0;0;0;0;0;1;0;0;0;0;0;NA;NA;NA;0;0;0;0;0;0;0;NA;1;NA;NA;NA;NA;NA;NA;NA;NA;NA;NA;NA;NA;NA;NA;NA;NA;NA;NA;NA;NA;NA;NA;NA;NA;NA;NA;NA;NA;0;0;NA;0;NA;NA;0;NA;NA;1;1;NA;NA;1;NA;NA;NA;NA;NA;NA;NA;NA;NA;NA;NA;NA;NA;NA;NA;NA;NA;NA;NA;NA;NA;NA;NA;NA;NA;NA;NA;NA;NA;NA;NA;NA;NA;NA;NA;NA;NA;NA;NA;NA
6430_hf - hft_min;561;0;1;0;0;0;0;0;0;0;0;0;0;0;0;1;0;0;0;0;0;NA;NA;NA;0;0;0;0;0;0;0;NA;1;NA;NA;NA;NA;NA;NA;NA;NA;NA;NA;NA;NA;NA;NA;NA;NA;NA;NA;NA;NA;NA;NA;NA;NA;NA;NA;NA;NA;0;0;NA;0;NA;NA;0;NA;NA;1;1;NA;NA;1;NA;NA;NA;NA;NA;NA;NA;NA;NA;NA;NA;NA;NA;NA;NA;NA;NA;NA;NA;NA;NA;NA;NA;NA;NA;NA;NA;NA;NA;NA;NA;NA;NA;NA;NA;NA;NA;NA;NA;NA
6430_hf - hft_min;562;0;0;NA;0;0;0;0;0;0;0;0;0;0;0;0;NA;NA;NA;NA;NA;NA;NA;NA;NA;NA;NA;0;0;0;0;1;NA;NA;1;NA;NA;NA;NA;NA;NA;NA;NA;NA;NA;NA;NA;NA;NA;NA;NA;NA;NA;NA;NA;NA;NA;NA;NA;NA;NA;0;0;NA;0;NA;NA;0;NA;NA;1;1;NA;NA;1;NA;NA;NA;NA;NA;NA;NA;NA;NA;NA;NA;NA;NA;NA;NA;NA;NA;NA;NA;NA;NA;NA;NA;NA;NA;NA;NA;NA;NA;NA;NA;NA;NA;NA;NA;NA;NA;NA;NA;NA
6430_hf - hft_min;563;0;1;0;0;0;0;0;0;0;0;0;0;0;0;0;NA;NA;NA;NA;NA;NA;NA;NA;NA;NA;NA;0;0;0;0;1;NA;NA;1;NA;NA;NA;NA;NA;NA;NA;NA;NA;NA;NA;NA;NA;NA;NA;NA;NA;NA;NA;NA;NA;NA;NA;NA;NA;NA;0;0;NA;0;NA;NA;0;NA;NA;1;1;NA;NA;1;NA;NA;NA;NA;NA;NA;NA;NA;NA;NA;NA;NA;NA;NA;NA;NA;NA;NA;NA;NA;NA;NA;NA;NA;NA;NA;NA;NA;NA;NA;NA;NA;NA;NA;NA;NA;NA;NA;NA;NA
6430_hf - hft_min;564;0;0;NA;0;0;0;0;0;0;0;0;0;0;0;1;0;0;0;0;1;0;0;0;NA;NA;NA;0;0;0;0;1;NA;NA;1;NA;NA;NA;NA;NA;NA;NA;NA;NA;NA;NA;NA;NA;NA;NA;NA;NA;NA;NA;NA;NA;NA;NA;NA;NA;NA;0;0;NA;0;NA;NA;0;NA;NA;1;1;NA;NA;1;NA;NA;NA;NA;NA;NA;NA;NA;NA;NA;NA;NA;NA;NA;NA;NA;NA;NA;NA;NA;NA;NA;NA;NA;NA;NA;NA;NA;NA;NA;NA;NA;NA;NA;NA;NA;NA;NA;NA;NA
6430_hf - hft_min;565;0;1;0;0;0;0;0;0;0;0;0;0;0;0;1;0;0;0;0;1;0;0;0;NA;NA;NA;0;0;0;0;1;NA;NA;1;NA;NA;NA;NA;NA;NA;NA;NA;NA;NA;NA;NA;NA;NA;NA;NA;NA;NA;NA;NA;NA;NA;NA;NA;NA;NA;0;0;NA;0;NA;NA;0;NA;NA;1;1;NA;NA;1;NA;NA;NA;NA;NA;NA;NA;NA;NA;NA;NA;NA;NA;NA;NA;NA;NA;NA;NA;NA;NA;NA;NA;NA;NA;NA;NA;NA;NA;NA;NA;NA;NA;NA;NA;NA;NA;NA;NA;NA
6430_hf - hft_min;566;0;0;NA;0;0;0;0;0;0;0;0;0;0;0;1;0;0;0;0;0;NA;NA;NA;0;0;0;0;0;0;0;1;NA;NA;1;NA;NA;NA;NA;NA;NA;NA;NA;NA;NA;NA;NA;NA;NA;NA;NA;NA;NA;NA;NA;NA;NA;NA;NA;NA;NA;0;0;NA;0;NA;NA;0;NA;NA;1;1;NA;NA;1;NA;NA;NA;NA;NA;NA;NA;NA;NA;NA;NA;NA;NA;NA;NA;NA;NA;NA;NA;NA;NA;NA;NA;NA;NA;NA;NA;NA;NA;NA;NA;NA;NA;NA;NA;NA;NA;NA;NA;NA
6430_hf - hft_min;567;0;1;0;0;0;0;0;0;0;0;0;0;0;0;1;0;0;0;0;0;NA;NA;NA;0;0;0;0;0;0;0;1;NA;NA;1;NA;NA;NA;NA;NA;NA;NA;NA;NA;NA;NA;NA;NA;NA;NA;NA;NA;NA;NA;NA;NA;NA;NA;NA;NA;NA;0;0;NA;0;NA;NA;0;NA;NA;1;1;NA;NA;1;NA;NA;NA;NA;NA;NA;NA;NA;NA;NA;NA;NA;NA;NA;NA;NA;NA;NA;NA;NA;NA;NA;NA;NA;NA;NA;NA;NA;NA;NA;NA;NA;NA;NA;NA;NA;NA;NA;NA;NA
6430_hf - hft_min;568;0;0;NA;0;0;0;0;0;0;0;0;0;0;0;0;NA;NA;NA;NA;NA;NA;NA;NA;NA;NA;NA;0;0;0;1;NA;NA;NA;1;NA;NA;NA;NA;NA;NA;0;0;NA;NA;NA;NA;NA;NA;0;1;NA;NA;NA;NA;NA;NA;NA;NA;NA;NA;0;0;NA;0;NA;NA;0;NA;NA;1;1;NA;NA;1;NA;NA;NA;NA;NA;NA;NA;NA;NA;NA;NA;NA;NA;NA;NA;NA;NA;NA;NA;NA;NA;NA;NA;NA;NA;NA;NA;NA;NA;NA;NA;NA;NA;NA;NA;NA;NA;NA;NA;NA
6430_hf - hft_min;569;0;1;0;0;0;0;0;0;0;0;0;0;0;0;0;NA;NA;NA;NA;NA;NA;NA;NA;NA;NA;NA;0;0;0;1;NA;NA;NA;1;NA;NA;NA;NA;NA;NA;0;0;NA;NA;NA;NA;NA;NA;0;1;NA;NA;NA;NA;NA;NA;NA;NA;NA;NA;0;0;NA;0;NA;NA;0;NA;NA;1;1;NA;NA;1;NA;NA;NA;NA;NA;NA;NA;NA;NA;NA;NA;NA;NA;NA;NA;NA;NA;NA;NA;NA;NA;NA;NA;NA;NA;NA;NA;NA;NA;NA;NA;NA;NA;NA;NA;NA;NA;NA;NA;NA
6430_hf - hft_min;570;0;0;NA;0;0;0;0;0;0;0;0;0;0;0;1;0;0;0;0;1;0;0;0;NA;NA;NA;0;0;0;1;NA;NA;NA;1;NA;NA;NA;NA;NA;NA;0;0;NA;NA;NA;NA;NA;NA;0;1;NA;NA;NA;NA;NA;NA;NA;NA;NA;NA;0;0;NA;0;NA;NA;0;NA;NA;1;1;NA;NA;1;NA;NA;NA;NA;NA;NA;NA;NA;NA;NA;NA;NA;NA;NA;NA;NA;NA;NA;NA;NA;NA;NA;NA;NA;NA;NA;NA;NA;NA;NA;NA;NA;NA;NA;NA;NA;NA;NA;NA;NA
6430_hf - hft_min;571;0;1;0;0;0;0;0;0;0;0;0;0;0;0;1;0;0;0;0;1;0;0;0;NA;NA;NA;0;0;0;1;NA;NA;NA;1;NA;NA;NA;NA;NA;NA;0;0;NA;NA;NA;NA;NA;NA;0;1;NA;NA;NA;NA;NA;NA;NA;NA;NA;NA;0;0;NA;0;NA;NA;0;NA;NA;1;1;NA;NA;1;NA;NA;NA;NA;NA;NA;NA;NA;NA;NA;NA;NA;NA;NA;NA;NA;NA;NA;NA;NA;NA;NA;NA;NA;NA;NA;NA;NA;NA;NA;NA;NA;NA;NA;NA;NA;NA;NA;NA;NA
6430_hf - hft_min;572;0;0;NA;0;0;0;0;0;0;0;0;0;0;0;1;0;0;0;0;0;NA;NA;NA;0;0;0;0;0;0;1;NA;NA;NA;1;NA;NA;NA;NA;NA;NA;0;0;NA;NA;NA;NA;NA;NA;0;1;NA;NA;NA;NA;NA;NA;NA;NA;NA;NA;0;0;NA;0;NA;NA;0;NA;NA;1;1;NA;NA;1;NA;NA;NA;NA;NA;NA;NA;NA;NA;NA;NA;NA;NA;NA;NA;NA;NA;NA;NA;NA;NA;NA;NA;NA;NA;NA;NA;NA;NA;NA;NA;NA;NA;NA;NA;NA;NA;NA;NA;NA
6430_hf - hft_min;573;0;1;0;0;0;0;0;0;0;0;0;0;0;0;1;0;0;0;0;0;NA;NA;NA;0;0;0;0;0;0;1;NA;NA;NA;1;NA;NA;NA;NA;NA;NA;0;0;NA;NA;NA;NA;NA;NA;0;1;NA;NA;NA;NA;NA;NA;NA;NA;NA;NA;0;0;NA;0;NA;NA;0;NA;NA;1;1;NA;NA;1;NA;NA;NA;NA;NA;NA;NA;NA;NA;NA;NA;NA;NA;NA;NA;NA;NA;NA;NA;NA;NA;NA;NA;NA;NA;NA;NA;NA;NA;NA;NA;NA;NA;NA;NA;NA;NA;NA;NA;NA
6430_hf - hft_min;574;0;0;NA;0;0;0;0;0;0;0;0;0;0;0;0;NA;NA;NA;NA;NA;NA;NA;NA;NA;NA;NA;0;0;0;1;NA;NA;NA;NA;NA;NA;NA;NA;NA;NA;0;0;NA;NA;NA;NA;NA;NA;0;0;1;NA;NA;NA;NA;NA;NA;NA;NA;NA;0;0;NA;0;NA;NA;0;NA;NA;1;1;NA;NA;1;NA;NA;NA;NA;NA;NA;NA;NA;NA;NA;NA;NA;NA;NA;NA;NA;NA;NA;NA;NA;NA;NA;NA;NA;NA;NA;NA;NA;NA;NA;NA;NA;NA;NA;NA;NA;NA;NA;NA;NA
6430_hf - hft_min;575;0;1;0;0;0;0;0;0;0;0;0;0;0;0;0;NA;NA;NA;NA;NA;NA;NA;NA;NA;NA;NA;0;0;0;1;NA;NA;NA;NA;NA;NA;NA;NA;NA;NA;0;0;NA;NA;NA;NA;NA;NA;0;0;1;NA;NA;NA;NA;NA;NA;NA;NA;NA;0;0;NA;0;NA;NA;0;NA;NA;1;1;NA;NA;1;NA;NA;NA;NA;NA;NA;NA;NA;NA;NA;NA;NA;NA;NA;NA;NA;NA;NA;NA;NA;NA;NA;NA;NA;NA;NA;NA;NA;NA;NA;NA;NA;NA;NA;NA;NA;NA;NA;NA;NA
6430_hf - hft_min;576;0;0;NA;0;0;0;0;0;0;0;0;0;0;0;1;0;0;0;0;1;0;0;0;NA;NA;NA;0;0;0;1;NA;NA;NA;NA;NA;NA;NA;NA;NA;NA;0;0;NA;NA;NA;NA;NA;NA;0;0;1;NA;NA;NA;NA;NA;NA;NA;NA;NA;0;0;NA;0;NA;NA;0;NA;NA;1;1;NA;NA;1;NA;NA;NA;NA;NA;NA;NA;NA;NA;NA;NA;NA;NA;NA;NA;NA;NA;NA;NA;NA;NA;NA;NA;NA;NA;NA;NA;NA;NA;NA;NA;NA;NA;NA;NA;NA;NA;NA;NA;NA
6430_hf - hft_min;577;0;1;0;0;0;0;0;0;0;0;0;0;0;0;1;0;0;0;0;1;0;0;0;NA;NA;NA;0;0;0;1;NA;NA;NA;NA;NA;NA;NA;NA;NA;NA;0;0;NA;NA;NA;NA;NA;NA;0;0;1;NA;NA;NA;NA;NA;NA;NA;NA;NA;0;0;NA;0;NA;NA;0;NA;NA;1;1;NA;NA;1;NA;NA;NA;NA;NA;NA;NA;NA;NA;NA;NA;NA;NA;NA;NA;NA;NA;NA;NA;NA;NA;NA;NA;NA;NA;NA;NA;NA;NA;NA;NA;NA;NA;NA;NA;NA;NA;NA;NA;NA
6430_hf - hft_min;578;0;0;NA;0;0;0;0;0;0;0;0;0;0;0;1;0;0;0;0;0;NA;NA;NA;0;0;0;0;0;0;1;NA;NA;NA;NA;NA;NA;NA;NA;NA;NA;0;0;NA;NA;NA;NA;NA;NA;0;0;1;NA;NA;NA;NA;NA;NA;NA;NA;NA;0;0;NA;0;NA;NA;0;NA;NA;1;1;NA;NA;1;NA;NA;NA;NA;NA;NA;NA;NA;NA;NA;NA;NA;NA;NA;NA;NA;NA;NA;NA;NA;NA;NA;NA;NA;NA;NA;NA;NA;NA;NA;NA;NA;NA;NA;NA;NA;NA;NA;NA;NA
6430_hf - hft_min;579;0;1;0;0;0;0;0;0;0;0;0;0;0;0;1;0;0;0;0;0;NA;NA;NA;0;0;0;0;0;0;1;NA;NA;NA;NA;NA;NA;NA;NA;NA;NA;0;0;NA;NA;NA;NA;NA;NA;0;0;1;NA;NA;NA;NA;NA;NA;NA;NA;NA;0;0;NA;0;NA;NA;0;NA;NA;1;1;NA;NA;1;NA;NA;NA;NA;NA;NA;NA;NA;NA;NA;NA;NA;NA;NA;NA;NA;NA;NA;NA;NA;NA;NA;NA;NA;NA;NA;NA;NA;NA;NA;NA;NA;NA;NA;NA;NA;NA;NA;NA;NA
6430_hf - hft_min;580;0;0;NA;0;0;0;0;0;0;0;0;0;0;0;0;NA;NA;NA;NA;NA;NA;NA;NA;NA;NA;NA;0;0;0;0;NA;1;NA;NA;NA;NA;NA;NA;NA;NA;NA;NA;NA;NA;NA;NA;NA;NA;NA;NA;NA;NA;NA;NA;NA;NA;NA;NA;NA;NA;0;0;NA;0;NA;NA;0;NA;NA;1;1;NA;NA;NA;1;NA;NA;NA;NA;NA;NA;NA;NA;NA;NA;NA;NA;NA;NA;NA;NA;NA;NA;NA;NA;NA;NA;NA;NA;NA;NA;NA;NA;NA;NA;NA;NA;NA;NA;NA;NA;NA;NA;NA
6430_hf - hft_min;581;0;1;0;0;0;0;0;0;0;0;0;0;0;0;0;NA;NA;NA;NA;NA;NA;NA;NA;NA;NA;NA;0;0;0;0;NA;1;NA;NA;NA;NA;NA;NA;NA;NA;NA;NA;NA;NA;NA;NA;NA;NA;NA;NA;NA;NA;NA;NA;NA;NA;NA;NA;NA;NA;0;0;NA;0;NA;NA;0;NA;NA;1;1;NA;NA;NA;1;NA;NA;NA;NA;NA;NA;NA;NA;NA;NA;NA;NA;NA;NA;NA;NA;NA;NA;NA;NA;NA;NA;NA;NA;NA;NA;NA;NA;NA;NA;NA;NA;NA;NA;NA;NA;NA;NA;NA
6430_hf - hft_min;582;0;0;NA;0;0;0;0;0;0;0;0;0;0;0;1;0;0;0;0;1;0;0;0;NA;NA;NA;0;0;0;0;NA;1;NA;NA;NA;NA;NA;NA;NA;NA;NA;NA;NA;NA;NA;NA;NA;NA;NA;NA;NA;NA;NA;NA;NA;NA;NA;NA;NA;NA;0;0;NA;0;NA;NA;0;NA;NA;1;1;NA;NA;NA;1;NA;NA;NA;NA;NA;NA;NA;NA;NA;NA;NA;NA;NA;NA;NA;NA;NA;NA;NA;NA;NA;NA;NA;NA;NA;NA;NA;NA;NA;NA;NA;NA;NA;NA;NA;NA;NA;NA;NA
6430_hf - hft_min;583;0;1;0;0;0;0;0;0;0;0;0;0;0;0;1;0;0;0;0;1;0;0;0;NA;NA;NA;0;0;0;0;NA;1;NA;NA;NA;NA;NA;NA;NA;NA;NA;NA;NA;NA;NA;NA;NA;NA;NA;NA;NA;NA;NA;NA;NA;NA;NA;NA;NA;NA;0;0;NA;0;NA;NA;0;NA;NA;1;1;NA;NA;NA;1;NA;NA;NA;NA;NA;NA;NA;NA;NA;NA;NA;NA;NA;NA;NA;NA;NA;NA;NA;NA;NA;NA;NA;NA;NA;NA;NA;NA;NA;NA;NA;NA;NA;NA;NA;NA;NA;NA;NA
6430_hf - hft_min;584;0;0;NA;0;0;0;0;0;0;0;0;0;0;0;1;0;0;0;0;0;NA;NA;NA;0;0;0;0;0;0;0;NA;1;NA;NA;NA;NA;NA;NA;NA;NA;NA;NA;NA;NA;NA;NA;NA;NA;NA;NA;NA;NA;NA;NA;NA;NA;NA;NA;NA;NA;0;0;NA;0;NA;NA;0;NA;NA;1;1;NA;NA;NA;1;NA;NA;NA;NA;NA;NA;NA;NA;NA;NA;NA;NA;NA;NA;NA;NA;NA;NA;NA;NA;NA;NA;NA;NA;NA;NA;NA;NA;NA;NA;NA;NA;NA;NA;NA;NA;NA;NA;NA
6430_hf - hft_min;585;0;1;0;0;0;0;0;0;0;0;0;0;0;0;1;0;0;0;0;0;NA;NA;NA;0;0;0;0;0;0;0;NA;1;NA;NA;NA;NA;NA;NA;NA;NA;NA;NA;NA;NA;NA;NA;NA;NA;NA;NA;NA;NA;NA;NA;NA;NA;NA;NA;NA;NA;0;0;NA;0;NA;NA;0;NA;NA;1;1;NA;NA;NA;1;NA;NA;NA;NA;NA;NA;NA;NA;NA;NA;NA;NA;NA;NA;NA;NA;NA;NA;NA;NA;NA;NA;NA;NA;NA;NA;NA;NA;NA;NA;NA;NA;NA;NA;NA;NA;NA;NA;NA
6430_hf - hft_min;586;0;0;NA;0;0;0;0;0;0;0;0;0;0;0;0;NA;NA;NA;NA;NA;NA;NA;NA;NA;NA;NA;0;0;0;0;1;NA;NA;1;NA;NA;NA;NA;NA;NA;NA;NA;NA;NA;NA;NA;NA;NA;NA;NA;NA;NA;NA;NA;NA;NA;NA;NA;NA;NA;0;0;NA;0;NA;NA;0;NA;NA;1;1;NA;NA;NA;1;NA;NA;NA;NA;NA;NA;NA;NA;NA;NA;NA;NA;NA;NA;NA;NA;NA;NA;NA;NA;NA;NA;NA;NA;NA;NA;NA;NA;NA;NA;NA;NA;NA;NA;NA;NA;NA;NA;NA
6430_hf - hft_min;587;0;1;0;0;0;0;0;0;0;0;0;0;0;0;0;NA;NA;NA;NA;NA;NA;NA;NA;NA;NA;NA;0;0;0;0;1;NA;NA;1;NA;NA;NA;NA;NA;NA;NA;NA;NA;NA;NA;NA;NA;NA;NA;NA;NA;NA;NA;NA;NA;NA;NA;NA;NA;NA;0;0;NA;0;NA;NA;0;NA;NA;1;1;NA;NA;NA;1;NA;NA;NA;NA;NA;NA;NA;NA;NA;NA;NA;NA;NA;NA;NA;NA;NA;NA;NA;NA;NA;NA;NA;NA;NA;NA;NA;NA;NA;NA;NA;NA;NA;NA;NA;NA;NA;NA;NA
6430_hf - hft_min;588;0;0;NA;0;0;0;0;0;0;0;0;0;0;0;1;0;0;0;0;1;0;0;0;NA;NA;NA;0;0;0;0;1;NA;NA;1;NA;NA;NA;NA;NA;NA;NA;NA;NA;NA;NA;NA;NA;NA;NA;NA;NA;NA;NA;NA;NA;NA;NA;NA;NA;NA;0;0;NA;0;NA;NA;0;NA;NA;1;1;NA;NA;NA;1;NA;NA;NA;NA;NA;NA;NA;NA;NA;NA;NA;NA;NA;NA;NA;NA;NA;NA;NA;NA;NA;NA;NA;NA;NA;NA;NA;NA;NA;NA;NA;NA;NA;NA;NA;NA;NA;NA;NA
6430_hf - hft_min;589;0;1;0;0;0;0;0;0;0;0;0;0;0;0;1;0;0;0;0;1;0;0;0;NA;NA;NA;0;0;0;0;1;NA;NA;1;NA;NA;NA;NA;NA;NA;NA;NA;NA;NA;NA;NA;NA;NA;NA;NA;NA;NA;NA;NA;NA;NA;NA;NA;NA;NA;0;0;NA;0;NA;NA;0;NA;NA;1;1;NA;NA;NA;1;NA;NA;NA;NA;NA;NA;NA;NA;NA;NA;NA;NA;NA;NA;NA;NA;NA;NA;NA;NA;NA;NA;NA;NA;NA;NA;NA;NA;NA;NA;NA;NA;NA;NA;NA;NA;NA;NA;NA
6430_hf - hft_min;590;0;0;NA;0;0;0;0;0;0;0;0;0;0;0;1;0;0;0;0;0;NA;NA;NA;0;0;0;0;0;0;0;1;NA;NA;1;NA;NA;NA;NA;NA;NA;NA;NA;NA;NA;NA;NA;NA;NA;NA;NA;NA;NA;NA;NA;NA;NA;NA;NA;NA;NA;0;0;NA;0;NA;NA;0;NA;NA;1;1;NA;NA;NA;1;NA;NA;NA;NA;NA;NA;NA;NA;NA;NA;NA;NA;NA;NA;NA;NA;NA;NA;NA;NA;NA;NA;NA;NA;NA;NA;NA;NA;NA;NA;NA;NA;NA;NA;NA;NA;NA;NA;NA
6430_hf - hft_min;591;0;1;0;0;0;0;0;0;0;0;0;0;0;0;1;0;0;0;0;0;NA;NA;NA;0;0;0;0;0;0;0;1;NA;NA;1;NA;NA;NA;NA;NA;NA;NA;NA;NA;NA;NA;NA;NA;NA;NA;NA;NA;NA;NA;NA;NA;NA;NA;NA;NA;NA;0;0;NA;0;NA;NA;0;NA;NA;1;1;NA;NA;NA;1;NA;NA;NA;NA;NA;NA;NA;NA;NA;NA;NA;NA;NA;NA;NA;NA;NA;NA;NA;NA;NA;NA;NA;NA;NA;NA;NA;NA;NA;NA;NA;NA;NA;NA;NA;NA;NA;NA;NA
6430_hf - hft_min;592;0;0;NA;0;0;0;0;0;0;0;0;0;0;0;0;NA;NA;NA;NA;NA;NA;NA;NA;NA;NA;NA;0;0;0;1;NA;NA;NA;1;NA;NA;NA;NA;NA;NA;0;0;NA;NA;NA;NA;NA;NA;0;1;NA;NA;NA;NA;NA;NA;NA;NA;NA;NA;0;0;NA;0;NA;NA;0;NA;NA;1;1;NA;NA;NA;1;NA;NA;NA;NA;NA;NA;NA;NA;NA;NA;NA;NA;NA;NA;NA;NA;NA;NA;NA;NA;NA;NA;NA;NA;NA;NA;NA;NA;NA;NA;NA;NA;NA;NA;NA;NA;NA;NA;NA
6430_hf - hft_min;593;0;1;0;0;0;0;0;0;0;0;0;0;0;0;0;NA;NA;NA;NA;NA;NA;NA;NA;NA;NA;NA;0;0;0;1;NA;NA;NA;1;NA;NA;NA;NA;NA;NA;0;0;NA;NA;NA;NA;NA;NA;0;1;NA;NA;NA;NA;NA;NA;NA;NA;NA;NA;0;0;NA;0;NA;NA;0;NA;NA;1;1;NA;NA;NA;1;NA;NA;NA;NA;NA;NA;NA;NA;NA;NA;NA;NA;NA;NA;NA;NA;NA;NA;NA;NA;NA;NA;NA;NA;NA;NA;NA;NA;NA;NA;NA;NA;NA;NA;NA;NA;NA;NA;NA
6430_hf - hft_min;594;0;0;NA;0;0;0;0;0;0;0;0;0;0;0;1;0;0;0;0;1;0;0;0;NA;NA;NA;0;0;0;1;NA;NA;NA;1;NA;NA;NA;NA;NA;NA;0;0;NA;NA;NA;NA;NA;NA;0;1;NA;NA;NA;NA;NA;NA;NA;NA;NA;NA;0;0;NA;0;NA;NA;0;NA;NA;1;1;NA;NA;NA;1;NA;NA;NA;NA;NA;NA;NA;NA;NA;NA;NA;NA;NA;NA;NA;NA;NA;NA;NA;NA;NA;NA;NA;NA;NA;NA;NA;NA;NA;NA;NA;NA;NA;NA;NA;NA;NA;NA;NA
6430_hf - hft_min;595;0;1;0;0;0;0;0;0;0;0;0;0;0;0;1;0;0;0;0;1;0;0;0;NA;NA;NA;0;0;0;1;NA;NA;NA;1;NA;NA;NA;NA;NA;NA;0;0;NA;NA;NA;NA;NA;NA;0;1;NA;NA;NA;NA;NA;NA;NA;NA;NA;NA;0;0;NA;0;NA;NA;0;NA;NA;1;1;NA;NA;NA;1;NA;NA;NA;NA;NA;NA;NA;NA;NA;NA;NA;NA;NA;NA;NA;NA;NA;NA;NA;NA;NA;NA;NA;NA;NA;NA;NA;NA;NA;NA;NA;NA;NA;NA;NA;NA;NA;NA;NA
6430_hf - hft_min;596;0;0;NA;0;0;0;0;0;0;0;0;0;0;0;1;0;0;0;0;0;NA;NA;NA;0;0;0;0;0;0;1;NA;NA;NA;1;NA;NA;NA;NA;NA;NA;0;0;NA;NA;NA;NA;NA;NA;0;1;NA;NA;NA;NA;NA;NA;NA;NA;NA;NA;0;0;NA;0;NA;NA;0;NA;NA;1;1;NA;NA;NA;1;NA;NA;NA;NA;NA;NA;NA;NA;NA;NA;NA;NA;NA;NA;NA;NA;NA;NA;NA;NA;NA;NA;NA;NA;NA;NA;NA;NA;NA;NA;NA;NA;NA;NA;NA;NA;NA;NA;NA
6430_hf - hft_min;597;0;1;0;0;0;0;0;0;0;0;0;0;0;0;1;0;0;0;0;0;NA;NA;NA;0;0;0;0;0;0;1;NA;NA;NA;1;NA;NA;NA;NA;NA;NA;0;0;NA;NA;NA;NA;NA;NA;0;1;NA;NA;NA;NA;NA;NA;NA;NA;NA;NA;0;0;NA;0;NA;NA;0;NA;NA;1;1;NA;NA;NA;1;NA;NA;NA;NA;NA;NA;NA;NA;NA;NA;NA;NA;NA;NA;NA;NA;NA;NA;NA;NA;NA;NA;NA;NA;NA;NA;NA;NA;NA;NA;NA;NA;NA;NA;NA;NA;NA;NA;NA
6430_hf - hft_min;598;0;0;NA;0;0;0;0;0;0;0;0;0;0;0;0;NA;NA;NA;NA;NA;NA;NA;NA;NA;NA;NA;0;0;0;1;NA;NA;NA;NA;NA;NA;NA;NA;NA;NA;0;0;NA;NA;NA;NA;NA;NA;0;0;1;NA;NA;NA;NA;NA;NA;NA;NA;NA;0;0;NA;0;NA;NA;0;NA;NA;1;1;NA;NA;NA;1;NA;NA;NA;NA;NA;NA;NA;NA;NA;NA;NA;NA;NA;NA;NA;NA;NA;NA;NA;NA;NA;NA;NA;NA;NA;NA;NA;NA;NA;NA;NA;NA;NA;NA;NA;NA;NA;NA;NA
6430_hf - hft_min;599;0;1;0;0;0;0;0;0;0;0;0;0;0;0;0;NA;NA;NA;NA;NA;NA;NA;NA;NA;NA;NA;0;0;0;1;NA;NA;NA;NA;NA;NA;NA;NA;NA;NA;0;0;NA;NA;NA;NA;NA;NA;0;0;1;NA;NA;NA;NA;NA;NA;NA;NA;NA;0;0;NA;0;NA;NA;0;NA;NA;1;1;NA;NA;NA;1;NA;NA;NA;NA;NA;NA;NA;NA;NA;NA;NA;NA;NA;NA;NA;NA;NA;NA;NA;NA;NA;NA;NA;NA;NA;NA;NA;NA;NA;NA;NA;NA;NA;NA;NA;NA;NA;NA;NA
6430_hf - hft_min;600;0;0;NA;0;0;0;0;0;0;0;0;0;0;0;1;0;0;0;0;1;0;0;0;NA;NA;NA;0;0;0;1;NA;NA;NA;NA;NA;NA;NA;NA;NA;NA;0;0;NA;NA;NA;NA;NA;NA;0;0;1;NA;NA;NA;NA;NA;NA;NA;NA;NA;0;0;NA;0;NA;NA;0;NA;NA;1;1;NA;NA;NA;1;NA;NA;NA;NA;NA;NA;NA;NA;NA;NA;NA;NA;NA;NA;NA;NA;NA;NA;NA;NA;NA;NA;NA;NA;NA;NA;NA;NA;NA;NA;NA;NA;NA;NA;NA;NA;NA;NA;NA
6430_hf - hft_min;601;0;1;0;0;0;0;0;0;0;0;0;0;0;0;1;0;0;0;0;1;0;0;0;NA;NA;NA;0;0;0;1;NA;NA;NA;NA;NA;NA;NA;NA;NA;NA;0;0;NA;NA;NA;NA;NA;NA;0;0;1;NA;NA;NA;NA;NA;NA;NA;NA;NA;0;0;NA;0;NA;NA;0;NA;NA;1;1;NA;NA;NA;1;NA;NA;NA;NA;NA;NA;NA;NA;NA;NA;NA;NA;NA;NA;NA;NA;NA;NA;NA;NA;NA;NA;NA;NA;NA;NA;NA;NA;NA;NA;NA;NA;NA;NA;NA;NA;NA;NA;NA
6430_hf - hft_min;602;0;0;NA;0;0;0;0;0;0;0;0;0;0;0;1;0;0;0;0;0;NA;NA;NA;0;0;0;0;0;0;1;NA;NA;NA;NA;NA;NA;NA;NA;NA;NA;0;0;NA;NA;NA;NA;NA;NA;0;0;1;NA;NA;NA;NA;NA;NA;NA;NA;NA;0;0;NA;0;NA;NA;0;NA;NA;1;1;NA;NA;NA;1;NA;NA;NA;NA;NA;NA;NA;NA;NA;NA;NA;NA;NA;NA;NA;NA;NA;NA;NA;NA;NA;NA;NA;NA;NA;NA;NA;NA;NA;NA;NA;NA;NA;NA;NA;NA;NA;NA;NA
6430_hf - hft_min;603;0;1;0;0;0;0;0;0;0;0;0;0;0;0;1;0;0;0;0;0;NA;NA;NA;0;0;0;0;0;0;1;NA;NA;NA;NA;NA;NA;NA;NA;NA;NA;0;0;NA;NA;NA;NA;NA;NA;0;0;1;NA;NA;NA;NA;NA;NA;NA;NA;NA;0;0;NA;0;NA;NA;0;NA;NA;1;1;NA;NA;NA;1;NA;NA;NA;NA;NA;NA;NA;NA;NA;NA;NA;NA;NA;NA;NA;NA;NA;NA;NA;NA;NA;NA;NA;NA;NA;NA;NA;NA;NA;NA;NA;NA;NA;NA;NA;NA;NA;NA;NA
6430_hf - hft_min;604;0;0;NA;0;0;0;0;0;0;0;0;0;0;0;0;NA;NA;NA;NA;NA;NA;NA;NA;NA;NA;NA;0;0;0;0;NA;1;NA;NA;NA;NA;NA;NA;NA;NA;NA;NA;NA;NA;NA;NA;NA;NA;NA;NA;NA;NA;NA;NA;NA;NA;NA;NA;NA;NA;0;0;NA;0;NA;NA;0;NA;NA;1;1;NA;NA;NA;NA;1;NA;NA;NA;NA;NA;NA;NA;NA;NA;NA;NA;NA;NA;NA;NA;NA;NA;NA;NA;NA;NA;NA;NA;NA;NA;NA;NA;NA;NA;NA;NA;NA;NA;NA;NA;NA;NA;NA
6430_hf - hft_min;605;0;1;0;0;0;0;0;0;0;0;0;0;0;0;0;NA;NA;NA;NA;NA;NA;NA;NA;NA;NA;NA;0;0;0;0;NA;1;NA;NA;NA;NA;NA;NA;NA;NA;NA;NA;NA;NA;NA;NA;NA;NA;NA;NA;NA;NA;NA;NA;NA;NA;NA;NA;NA;NA;0;0;NA;0;NA;NA;0;NA;NA;1;1;NA;NA;NA;NA;1;NA;NA;NA;NA;NA;NA;NA;NA;NA;NA;NA;NA;NA;NA;NA;NA;NA;NA;NA;NA;NA;NA;NA;NA;NA;NA;NA;NA;NA;NA;NA;NA;NA;NA;NA;NA;NA;NA
6430_hf - hft_min;606;0;0;NA;0;0;0;0;0;0;0;0;0;0;0;1;0;0;0;0;1;0;0;0;NA;NA;NA;0;0;0;0;NA;1;NA;NA;NA;NA;NA;NA;NA;NA;NA;NA;NA;NA;NA;NA;NA;NA;NA;NA;NA;NA;NA;NA;NA;NA;NA;NA;NA;NA;0;0;NA;0;NA;NA;0;NA;NA;1;1;NA;NA;NA;NA;1;NA;NA;NA;NA;NA;NA;NA;NA;NA;NA;NA;NA;NA;NA;NA;NA;NA;NA;NA;NA;NA;NA;NA;NA;NA;NA;NA;NA;NA;NA;NA;NA;NA;NA;NA;NA;NA;NA
6430_hf - hft_min;607;0;1;0;0;0;0;0;0;0;0;0;0;0;0;1;0;0;0;0;1;0;0;0;NA;NA;NA;0;0;0;0;NA;1;NA;NA;NA;NA;NA;NA;NA;NA;NA;NA;NA;NA;NA;NA;NA;NA;NA;NA;NA;NA;NA;NA;NA;NA;NA;NA;NA;NA;0;0;NA;0;NA;NA;0;NA;NA;1;1;NA;NA;NA;NA;1;NA;NA;NA;NA;NA;NA;NA;NA;NA;NA;NA;NA;NA;NA;NA;NA;NA;NA;NA;NA;NA;NA;NA;NA;NA;NA;NA;NA;NA;NA;NA;NA;NA;NA;NA;NA;NA;NA
6430_hf - hft_min;608;0;0;NA;0;0;0;0;0;0;0;0;0;0;0;1;0;0;0;0;0;NA;NA;NA;0;0;0;0;0;0;0;NA;1;NA;NA;NA;NA;NA;NA;NA;NA;NA;NA;NA;NA;NA;NA;NA;NA;NA;NA;NA;NA;NA;NA;NA;NA;NA;NA;NA;NA;0;0;NA;0;NA;NA;0;NA;NA;1;1;NA;NA;NA;NA;1;NA;NA;NA;NA;NA;NA;NA;NA;NA;NA;NA;NA;NA;NA;NA;NA;NA;NA;NA;NA;NA;NA;NA;NA;NA;NA;NA;NA;NA;NA;NA;NA;NA;NA;NA;NA;NA;NA
6430_hf - hft_min;609;0;1;0;0;0;0;0;0;0;0;0;0;0;0;1;0;0;0;0;0;NA;NA;NA;0;0;0;0;0;0;0;NA;1;NA;NA;NA;NA;NA;NA;NA;NA;NA;NA;NA;NA;NA;NA;NA;NA;NA;NA;NA;NA;NA;NA;NA;NA;NA;NA;NA;NA;0;0;NA;0;NA;NA;0;NA;NA;1;1;NA;NA;NA;NA;1;NA;NA;NA;NA;NA;NA;NA;NA;NA;NA;NA;NA;NA;NA;NA;NA;NA;NA;NA;NA;NA;NA;NA;NA;NA;NA;NA;NA;NA;NA;NA;NA;NA;NA;NA;NA;NA;NA
6430_hf - hft_min;610;0;0;NA;0;0;0;0;0;0;0;0;0;0;0;0;NA;NA;NA;NA;NA;NA;NA;NA;NA;NA;NA;0;0;0;0;1;NA;NA;1;NA;NA;NA;NA;NA;NA;NA;NA;NA;NA;NA;NA;NA;NA;NA;NA;NA;NA;NA;NA;NA;NA;NA;NA;NA;NA;0;0;NA;0;NA;NA;0;NA;NA;1;1;NA;NA;NA;NA;1;NA;NA;NA;NA;NA;NA;NA;NA;NA;NA;NA;NA;NA;NA;NA;NA;NA;NA;NA;NA;NA;NA;NA;NA;NA;NA;NA;NA;NA;NA;NA;NA;NA;NA;NA;NA;NA;NA
6430_hf - hft_min;611;0;1;0;0;0;0;0;0;0;0;0;0;0;0;0;NA;NA;NA;NA;NA;NA;NA;NA;NA;NA;NA;0;0;0;0;1;NA;NA;1;NA;NA;NA;NA;NA;NA;NA;NA;NA;NA;NA;NA;NA;NA;NA;NA;NA;NA;NA;NA;NA;NA;NA;NA;NA;NA;0;0;NA;0;NA;NA;0;NA;NA;1;1;NA;NA;NA;NA;1;NA;NA;NA;NA;NA;NA;NA;NA;NA;NA;NA;NA;NA;NA;NA;NA;NA;NA;NA;NA;NA;NA;NA;NA;NA;NA;NA;NA;NA;NA;NA;NA;NA;NA;NA;NA;NA;NA
6430_hf - hft_min;612;0;0;NA;0;0;0;0;0;0;0;0;0;0;0;1;0;0;0;0;1;0;0;0;NA;NA;NA;0;0;0;0;1;NA;NA;1;NA;NA;NA;NA;NA;NA;NA;NA;NA;NA;NA;NA;NA;NA;NA;NA;NA;NA;NA;NA;NA;NA;NA;NA;NA;NA;0;0;NA;0;NA;NA;0;NA;NA;1;1;NA;NA;NA;NA;1;NA;NA;NA;NA;NA;NA;NA;NA;NA;NA;NA;NA;NA;NA;NA;NA;NA;NA;NA;NA;NA;NA;NA;NA;NA;NA;NA;NA;NA;NA;NA;NA;NA;NA;NA;NA;NA;NA
6430_hf - hft_min;613;0;1;0;0;0;0;0;0;0;0;0;0;0;0;1;0;0;0;0;1;0;0;0;NA;NA;NA;0;0;0;0;1;NA;NA;1;NA;NA;NA;NA;NA;NA;NA;NA;NA;NA;NA;NA;NA;NA;NA;NA;NA;NA;NA;NA;NA;NA;NA;NA;NA;NA;0;0;NA;0;NA;NA;0;NA;NA;1;1;NA;NA;NA;NA;1;NA;NA;NA;NA;NA;NA;NA;NA;NA;NA;NA;NA;NA;NA;NA;NA;NA;NA;NA;NA;NA;NA;NA;NA;NA;NA;NA;NA;NA;NA;NA;NA;NA;NA;NA;NA;NA;NA
6430_hf - hft_min;614;0;0;NA;0;0;0;0;0;0;0;0;0;0;0;1;0;0;0;0;0;NA;NA;NA;0;0;0;0;0;0;0;1;NA;NA;1;NA;NA;NA;NA;NA;NA;NA;NA;NA;NA;NA;NA;NA;NA;NA;NA;NA;NA;NA;NA;NA;NA;NA;NA;NA;NA;0;0;NA;0;NA;NA;0;NA;NA;1;1;NA;NA;NA;NA;1;NA;NA;NA;NA;NA;NA;NA;NA;NA;NA;NA;NA;NA;NA;NA;NA;NA;NA;NA;NA;NA;NA;NA;NA;NA;NA;NA;NA;NA;NA;NA;NA;NA;NA;NA;NA;NA;NA
6430_hf - hft_min;615;0;1;0;0;0;0;0;0;0;0;0;0;0;0;1;0;0;0;0;0;NA;NA;NA;0;0;0;0;0;0;0;1;NA;NA;1;NA;NA;NA;NA;NA;NA;NA;NA;NA;NA;NA;NA;NA;NA;NA;NA;NA;NA;NA;NA;NA;NA;NA;NA;NA;NA;0;0;NA;0;NA;NA;0;NA;NA;1;1;NA;NA;NA;NA;1;NA;NA;NA;NA;NA;NA;NA;NA;NA;NA;NA;NA;NA;NA;NA;NA;NA;NA;NA;NA;NA;NA;NA;NA;NA;NA;NA;NA;NA;NA;NA;NA;NA;NA;NA;NA;NA;NA
6430_hf - hft_min;616;0;0;NA;0;0;0;0;0;0;0;0;0;0;0;0;NA;NA;NA;NA;NA;NA;NA;NA;NA;NA;NA;0;0;0;1;NA;NA;NA;1;NA;NA;NA;NA;NA;NA;0;0;NA;NA;NA;NA;NA;NA;0;1;NA;NA;NA;NA;NA;NA;NA;NA;NA;NA;0;0;NA;0;NA;NA;0;NA;NA;1;1;NA;NA;NA;NA;1;NA;NA;NA;NA;NA;NA;NA;NA;NA;NA;NA;NA;NA;NA;NA;NA;NA;NA;NA;NA;NA;NA;NA;NA;NA;NA;NA;NA;NA;NA;NA;NA;NA;NA;NA;NA;NA;NA
6430_hf - hft_min;617;0;1;0;0;0;0;0;0;0;0;0;0;0;0;0;NA;NA;NA;NA;NA;NA;NA;NA;NA;NA;NA;0;0;0;1;NA;NA;NA;1;NA;NA;NA;NA;NA;NA;0;0;NA;NA;NA;NA;NA;NA;0;1;NA;NA;NA;NA;NA;NA;NA;NA;NA;NA;0;0;NA;0;NA;NA;0;NA;NA;1;1;NA;NA;NA;NA;1;NA;NA;NA;NA;NA;NA;NA;NA;NA;NA;NA;NA;NA;NA;NA;NA;NA;NA;NA;NA;NA;NA;NA;NA;NA;NA;NA;NA;NA;NA;NA;NA;NA;NA;NA;NA;NA;NA
6430_hf - hft_min;618;0;0;NA;0;0;0;0;0;0;0;0;0;0;0;1;0;0;0;0;1;0;0;0;NA;NA;NA;0;0;0;1;NA;NA;NA;1;NA;NA;NA;NA;NA;NA;0;0;NA;NA;NA;NA;NA;NA;0;1;NA;NA;NA;NA;NA;NA;NA;NA;NA;NA;0;0;NA;0;NA;NA;0;NA;NA;1;1;NA;NA;NA;NA;1;NA;NA;NA;NA;NA;NA;NA;NA;NA;NA;NA;NA;NA;NA;NA;NA;NA;NA;NA;NA;NA;NA;NA;NA;NA;NA;NA;NA;NA;NA;NA;NA;NA;NA;NA;NA;NA;NA
6430_hf - hft_min;619;0;1;0;0;0;0;0;0;0;0;0;0;0;0;1;0;0;0;0;1;0;0;0;NA;NA;NA;0;0;0;1;NA;NA;NA;1;NA;NA;NA;NA;NA;NA;0;0;NA;NA;NA;NA;NA;NA;0;1;NA;NA;NA;NA;NA;NA;NA;NA;NA;NA;0;0;NA;0;NA;NA;0;NA;NA;1;1;NA;NA;NA;NA;1;NA;NA;NA;NA;NA;NA;NA;NA;NA;NA;NA;NA;NA;NA;NA;NA;NA;NA;NA;NA;NA;NA;NA;NA;NA;NA;NA;NA;NA;NA;NA;NA;NA;NA;NA;NA;NA;NA
6430_hf - hft_min;620;0;0;NA;0;0;0;0;0;0;0;0;0;0;0;1;0;0;0;0;0;NA;NA;NA;0;0;0;0;0;0;1;NA;NA;NA;1;NA;NA;NA;NA;NA;NA;0;0;NA;NA;NA;NA;NA;NA;0;1;NA;NA;NA;NA;NA;NA;NA;NA;NA;NA;0;0;NA;0;NA;NA;0;NA;NA;1;1;NA;NA;NA;NA;1;NA;NA;NA;NA;NA;NA;NA;NA;NA;NA;NA;NA;NA;NA;NA;NA;NA;NA;NA;NA;NA;NA;NA;NA;NA;NA;NA;NA;NA;NA;NA;NA;NA;NA;NA;NA;NA;NA
6430_hf - hft_min;621;0;1;0;0;0;0;0;0;0;0;0;0;0;0;1;0;0;0;0;0;NA;NA;NA;0;0;0;0;0;0;1;NA;NA;NA;1;NA;NA;NA;NA;NA;NA;0;0;NA;NA;NA;NA;NA;NA;0;1;NA;NA;NA;NA;NA;NA;NA;NA;NA;NA;0;0;NA;0;NA;NA;0;NA;NA;1;1;NA;NA;NA;NA;1;NA;NA;NA;NA;NA;NA;NA;NA;NA;NA;NA;NA;NA;NA;NA;NA;NA;NA;NA;NA;NA;NA;NA;NA;NA;NA;NA;NA;NA;NA;NA;NA;NA;NA;NA;NA;NA;NA
6430_hf - hft_min;622;0;0;NA;0;0;0;0;0;0;0;0;0;0;0;0;NA;NA;NA;NA;NA;NA;NA;NA;NA;NA;NA;0;0;0;1;NA;NA;NA;NA;NA;NA;NA;NA;NA;NA;0;0;NA;NA;NA;NA;NA;NA;0;0;1;NA;NA;NA;NA;NA;NA;NA;NA;NA;0;0;NA;0;NA;NA;0;NA;NA;1;1;NA;NA;NA;NA;1;NA;NA;NA;NA;NA;NA;NA;NA;NA;NA;NA;NA;NA;NA;NA;NA;NA;NA;NA;NA;NA;NA;NA;NA;NA;NA;NA;NA;NA;NA;NA;NA;NA;NA;NA;NA;NA;NA
6430_hf - hft_min;623;0;1;0;0;0;0;0;0;0;0;0;0;0;0;0;NA;NA;NA;NA;NA;NA;NA;NA;NA;NA;NA;0;0;0;1;NA;NA;NA;NA;NA;NA;NA;NA;NA;NA;0;0;NA;NA;NA;NA;NA;NA;0;0;1;NA;NA;NA;NA;NA;NA;NA;NA;NA;0;0;NA;0;NA;NA;0;NA;NA;1;1;NA;NA;NA;NA;1;NA;NA;NA;NA;NA;NA;NA;NA;NA;NA;NA;NA;NA;NA;NA;NA;NA;NA;NA;NA;NA;NA;NA;NA;NA;NA;NA;NA;NA;NA;NA;NA;NA;NA;NA;NA;NA;NA
6430_hf - hft_min;624;0;0;NA;0;0;0;0;0;0;0;0;0;0;0;1;0;0;0;0;1;0;0;0;NA;NA;NA;0;0;0;1;NA;NA;NA;NA;NA;NA;NA;NA;NA;NA;0;0;NA;NA;NA;NA;NA;NA;0;0;1;NA;NA;NA;NA;NA;NA;NA;NA;NA;0;0;NA;0;NA;NA;0;NA;NA;1;1;NA;NA;NA;NA;1;NA;NA;NA;NA;NA;NA;NA;NA;NA;NA;NA;NA;NA;NA;NA;NA;NA;NA;NA;NA;NA;NA;NA;NA;NA;NA;NA;NA;NA;NA;NA;NA;NA;NA;NA;NA;NA;NA
6430_hf - hft_min;625;0;1;0;0;0;0;0;0;0;0;0;0;0;0;1;0;0;0;0;1;0;0;0;NA;NA;NA;0;0;0;1;NA;NA;NA;NA;NA;NA;NA;NA;NA;NA;0;0;NA;NA;NA;NA;NA;NA;0;0;1;NA;NA;NA;NA;NA;NA;NA;NA;NA;0;0;NA;0;NA;NA;0;NA;NA;1;1;NA;NA;NA;NA;1;NA;NA;NA;NA;NA;NA;NA;NA;NA;NA;NA;NA;NA;NA;NA;NA;NA;NA;NA;NA;NA;NA;NA;NA;NA;NA;NA;NA;NA;NA;NA;NA;NA;NA;NA;NA;NA;NA
6430_hf - hft_min;626;0;0;NA;0;0;0;0;0;0;0;0;0;0;0;1;0;0;0;0;0;NA;NA;NA;0;0;0;0;0;0;1;NA;NA;NA;NA;NA;NA;NA;NA;NA;NA;0;0;NA;NA;NA;NA;NA;NA;0;0;1;NA;NA;NA;NA;NA;NA;NA;NA;NA;0;0;NA;0;NA;NA;0;NA;NA;1;1;NA;NA;NA;NA;1;NA;NA;NA;NA;NA;NA;NA;NA;NA;NA;NA;NA;NA;NA;NA;NA;NA;NA;NA;NA;NA;NA;NA;NA;NA;NA;NA;NA;NA;NA;NA;NA;NA;NA;NA;NA;NA;NA
6430_hf - hft_min;627;0;1;0;0;0;0;0;0;0;0;0;0;0;0;1;0;0;0;0;0;NA;NA;NA;0;0;0;0;0;0;1;NA;NA;NA;NA;NA;NA;NA;NA;NA;NA;0;0;NA;NA;NA;NA;NA;NA;0;0;1;NA;NA;NA;NA;NA;NA;NA;NA;NA;0;0;NA;0;NA;NA;0;NA;NA;1;1;NA;NA;NA;NA;1;NA;NA;NA;NA;NA;NA;NA;NA;NA;NA;NA;NA;NA;NA;NA;NA;NA;NA;NA;NA;NA;NA;NA;NA;NA;NA;NA;NA;NA;NA;NA;NA;NA;NA;NA;NA;NA;NA
6430_hf - hft_min;628;0;0;NA;0;0;0;0;0;0;0;0;0;0;0;0;NA;NA;NA;NA;NA;NA;NA;NA;NA;NA;NA;0;0;0;0;NA;1;NA;NA;NA;NA;NA;NA;NA;NA;NA;NA;NA;NA;NA;NA;NA;NA;NA;NA;NA;NA;NA;NA;NA;NA;NA;NA;NA;NA;0;0;NA;0;NA;NA;0;NA;NA;0;NA;NA;NA;NA;NA;NA;1;1;NA;1;NA;NA;NA;NA;NA;NA;NA;NA;NA;NA;NA;NA;NA;NA;NA;NA;NA;NA;NA;NA;NA;NA;NA;NA;NA;NA;NA;NA;NA;NA;NA;NA;NA;NA
6430_hf - hft_min;629;0;1;0;0;0;0;0;0;0;0;0;0;0;0;0;NA;NA;NA;NA;NA;NA;NA;NA;NA;NA;NA;0;0;0;0;NA;1;NA;NA;NA;NA;NA;NA;NA;NA;NA;NA;NA;NA;NA;NA;NA;NA;NA;NA;NA;NA;NA;NA;NA;NA;NA;NA;NA;NA;0;0;NA;0;NA;NA;0;NA;NA;0;NA;NA;NA;NA;NA;NA;1;1;NA;1;NA;NA;NA;NA;NA;NA;NA;NA;NA;NA;NA;NA;NA;NA;NA;NA;NA;NA;NA;NA;NA;NA;NA;NA;NA;NA;NA;NA;NA;NA;NA;NA;NA;NA
6430_hf - hft_min;630;0;0;NA;0;0;0;0;0;0;0;0;0;0;0;1;0;0;0;0;1;0;0;0;NA;NA;NA;0;0;0;0;NA;1;NA;NA;NA;NA;NA;NA;NA;NA;NA;NA;NA;NA;NA;NA;NA;NA;NA;NA;NA;NA;NA;NA;NA;NA;NA;NA;NA;NA;0;0;NA;0;NA;NA;0;NA;NA;0;NA;NA;NA;NA;NA;NA;1;1;NA;1;NA;NA;NA;NA;NA;NA;NA;NA;NA;NA;NA;NA;NA;NA;NA;NA;NA;NA;NA;NA;NA;NA;NA;NA;NA;NA;NA;NA;NA;NA;NA;NA;NA;NA
6430_hf - hft_min;631;0;1;0;0;0;0;0;0;0;0;0;0;0;0;1;0;0;0;0;1;0;0;0;NA;NA;NA;0;0;0;0;NA;1;NA;NA;NA;NA;NA;NA;NA;NA;NA;NA;NA;NA;NA;NA;NA;NA;NA;NA;NA;NA;NA;NA;NA;NA;NA;NA;NA;NA;0;0;NA;0;NA;NA;0;NA;NA;0;NA;NA;NA;NA;NA;NA;1;1;NA;1;NA;NA;NA;NA;NA;NA;NA;NA;NA;NA;NA;NA;NA;NA;NA;NA;NA;NA;NA;NA;NA;NA;NA;NA;NA;NA;NA;NA;NA;NA;NA;NA;NA;NA
6430_hf - hft_min;632;0;0;NA;0;0;0;0;0;0;0;0;0;0;0;1;0;0;0;0;0;NA;NA;NA;0;0;0;0;0;0;0;NA;1;NA;NA;NA;NA;NA;NA;NA;NA;NA;NA;NA;NA;NA;NA;NA;NA;NA;NA;NA;NA;NA;NA;NA;NA;NA;NA;NA;NA;0;0;NA;0;NA;NA;0;NA;NA;0;NA;NA;NA;NA;NA;NA;1;1;NA;1;NA;NA;NA;NA;NA;NA;NA;NA;NA;NA;NA;NA;NA;NA;NA;NA;NA;NA;NA;NA;NA;NA;NA;NA;NA;NA;NA;NA;NA;NA;NA;NA;NA;NA
6430_hf - hft_min;633;0;1;0;0;0;0;0;0;0;0;0;0;0;0;1;0;0;0;0;0;NA;NA;NA;0;0;0;0;0;0;0;NA;1;NA;NA;NA;NA;NA;NA;NA;NA;NA;NA;NA;NA;NA;NA;NA;NA;NA;NA;NA;NA;NA;NA;NA;NA;NA;NA;NA;NA;0;0;NA;0;NA;NA;0;NA;NA;0;NA;NA;NA;NA;NA;NA;1;1;NA;1;NA;NA;NA;NA;NA;NA;NA;NA;NA;NA;NA;NA;NA;NA;NA;NA;NA;NA;NA;NA;NA;NA;NA;NA;NA;NA;NA;NA;NA;NA;NA;NA;NA;NA
6430_hf - hft_min;634;0;0;NA;0;0;0;0;0;0;0;0;0;0;0;0;NA;NA;NA;NA;NA;NA;NA;NA;NA;NA;NA;0;0;0;0;1;NA;NA;1;NA;NA;NA;NA;NA;NA;NA;NA;NA;NA;NA;NA;NA;NA;NA;NA;NA;NA;NA;NA;NA;NA;NA;NA;NA;NA;0;0;NA;0;NA;NA;0;NA;NA;0;NA;NA;NA;NA;NA;NA;1;1;NA;1;NA;NA;NA;NA;NA;NA;NA;NA;NA;NA;NA;NA;NA;NA;NA;NA;NA;NA;NA;NA;NA;NA;NA;NA;NA;NA;NA;NA;NA;NA;NA;NA;NA;NA
6430_hf - hft_min;635;0;1;0;0;0;0;0;0;0;0;0;0;0;0;0;NA;NA;NA;NA;NA;NA;NA;NA;NA;NA;NA;0;0;0;0;1;NA;NA;1;NA;NA;NA;NA;NA;NA;NA;NA;NA;NA;NA;NA;NA;NA;NA;NA;NA;NA;NA;NA;NA;NA;NA;NA;NA;NA;0;0;NA;0;NA;NA;0;NA;NA;0;NA;NA;NA;NA;NA;NA;1;1;NA;1;NA;NA;NA;NA;NA;NA;NA;NA;NA;NA;NA;NA;NA;NA;NA;NA;NA;NA;NA;NA;NA;NA;NA;NA;NA;NA;NA;NA;NA;NA;NA;NA;NA;NA
6430_hf - hft_min;636;0;0;NA;0;0;0;0;0;0;0;0;0;0;0;1;0;0;0;0;1;0;0;0;NA;NA;NA;0;0;0;0;1;NA;NA;1;NA;NA;NA;NA;NA;NA;NA;NA;NA;NA;NA;NA;NA;NA;NA;NA;NA;NA;NA;NA;NA;NA;NA;NA;NA;NA;0;0;NA;0;NA;NA;0;NA;NA;0;NA;NA;NA;NA;NA;NA;1;1;NA;1;NA;NA;NA;NA;NA;NA;NA;NA;NA;NA;NA;NA;NA;NA;NA;NA;NA;NA;NA;NA;NA;NA;NA;NA;NA;NA;NA;NA;NA;NA;NA;NA;NA;NA
6430_hf - hft_min;637;0;1;0;0;0;0;0;0;0;0;0;0;0;0;1;0;0;0;0;1;0;0;0;NA;NA;NA;0;0;0;0;1;NA;NA;1;NA;NA;NA;NA;NA;NA;NA;NA;NA;NA;NA;NA;NA;NA;NA;NA;NA;NA;NA;NA;NA;NA;NA;NA;NA;NA;0;0;NA;0;NA;NA;0;NA;NA;0;NA;NA;NA;NA;NA;NA;1;1;NA;1;NA;NA;NA;NA;NA;NA;NA;NA;NA;NA;NA;NA;NA;NA;NA;NA;NA;NA;NA;NA;NA;NA;NA;NA;NA;NA;NA;NA;NA;NA;NA;NA;NA;NA
6430_hf - hft_min;638;0;0;NA;0;0;0;0;0;0;0;0;0;0;0;1;0;0;0;0;0;NA;NA;NA;0;0;0;0;0;0;0;1;NA;NA;1;NA;NA;NA;NA;NA;NA;NA;NA;NA;NA;NA;NA;NA;NA;NA;NA;NA;NA;NA;NA;NA;NA;NA;NA;NA;NA;0;0;NA;0;NA;NA;0;NA;NA;0;NA;NA;NA;NA;NA;NA;1;1;NA;1;NA;NA;NA;NA;NA;NA;NA;NA;NA;NA;NA;NA;NA;NA;NA;NA;NA;NA;NA;NA;NA;NA;NA;NA;NA;NA;NA;NA;NA;NA;NA;NA;NA;NA
6430_hf - hft_min;639;0;1;0;0;0;0;0;0;0;0;0;0;0;0;1;0;0;0;0;0;NA;NA;NA;0;0;0;0;0;0;0;1;NA;NA;1;NA;NA;NA;NA;NA;NA;NA;NA;NA;NA;NA;NA;NA;NA;NA;NA;NA;NA;NA;NA;NA;NA;NA;NA;NA;NA;0;0;NA;0;NA;NA;0;NA;NA;0;NA;NA;NA;NA;NA;NA;1;1;NA;1;NA;NA;NA;NA;NA;NA;NA;NA;NA;NA;NA;NA;NA;NA;NA;NA;NA;NA;NA;NA;NA;NA;NA;NA;NA;NA;NA;NA;NA;NA;NA;NA;NA;NA
6430_hf - hft_min;640;0;0;NA;0;0;0;0;0;0;0;0;0;0;0;0;NA;NA;NA;NA;NA;NA;NA;NA;NA;NA;NA;0;0;0;1;NA;NA;NA;1;NA;NA;NA;NA;NA;NA;0;0;NA;NA;NA;NA;NA;NA;0;1;NA;NA;NA;NA;NA;NA;NA;NA;NA;NA;0;0;NA;0;NA;NA;0;NA;NA;0;NA;NA;NA;NA;NA;NA;1;1;NA;1;NA;NA;NA;NA;NA;NA;NA;NA;NA;NA;NA;NA;NA;NA;NA;NA;NA;NA;NA;NA;NA;NA;NA;NA;NA;NA;NA;NA;NA;NA;NA;NA;NA;NA
6430_hf - hft_min;641;0;1;0;0;0;0;0;0;0;0;0;0;0;0;0;NA;NA;NA;NA;NA;NA;NA;NA;NA;NA;NA;0;0;0;1;NA;NA;NA;1;NA;NA;NA;NA;NA;NA;0;0;NA;NA;NA;NA;NA;NA;0;1;NA;NA;NA;NA;NA;NA;NA;NA;NA;NA;0;0;NA;0;NA;NA;0;NA;NA;0;NA;NA;NA;NA;NA;NA;1;1;NA;1;NA;NA;NA;NA;NA;NA;NA;NA;NA;NA;NA;NA;NA;NA;NA;NA;NA;NA;NA;NA;NA;NA;NA;NA;NA;NA;NA;NA;NA;NA;NA;NA;NA;NA
6430_hf - hft_min;642;0;0;NA;0;0;0;0;0;0;0;0;0;0;0;1;0;0;0;0;1;0;0;0;NA;NA;NA;0;0;0;1;NA;NA;NA;1;NA;NA;NA;NA;NA;NA;0;0;NA;NA;NA;NA;NA;NA;0;1;NA;NA;NA;NA;NA;NA;NA;NA;NA;NA;0;0;NA;0;NA;NA;0;NA;NA;0;NA;NA;NA;NA;NA;NA;1;1;NA;1;NA;NA;NA;NA;NA;NA;NA;NA;NA;NA;NA;NA;NA;NA;NA;NA;NA;NA;NA;NA;NA;NA;NA;NA;NA;NA;NA;NA;NA;NA;NA;NA;NA;NA
6430_hf - hft_min;643;0;1;0;0;0;0;0;0;0;0;0;0;0;0;1;0;0;0;0;1;0;0;0;NA;NA;NA;0;0;0;1;NA;NA;NA;1;NA;NA;NA;NA;NA;NA;0;0;NA;NA;NA;NA;NA;NA;0;1;NA;NA;NA;NA;NA;NA;NA;NA;NA;NA;0;0;NA;0;NA;NA;0;NA;NA;0;NA;NA;NA;NA;NA;NA;1;1;NA;1;NA;NA;NA;NA;NA;NA;NA;NA;NA;NA;NA;NA;NA;NA;NA;NA;NA;NA;NA;NA;NA;NA;NA;NA;NA;NA;NA;NA;NA;NA;NA;NA;NA;NA
6430_hf - hft_min;644;0;0;NA;0;0;0;0;0;0;0;0;0;0;0;1;0;0;0;0;0;NA;NA;NA;0;0;0;0;0;0;1;NA;NA;NA;1;NA;NA;NA;NA;NA;NA;0;0;NA;NA;NA;NA;NA;NA;0;1;NA;NA;NA;NA;NA;NA;NA;NA;NA;NA;0;0;NA;0;NA;NA;0;NA;NA;0;NA;NA;NA;NA;NA;NA;1;1;NA;1;NA;NA;NA;NA;NA;NA;NA;NA;NA;NA;NA;NA;NA;NA;NA;NA;NA;NA;NA;NA;NA;NA;NA;NA;NA;NA;NA;NA;NA;NA;NA;NA;NA;NA
6430_hf - hft_min;645;0;1;0;0;0;0;0;0;0;0;0;0;0;0;1;0;0;0;0;0;NA;NA;NA;0;0;0;0;0;0;1;NA;NA;NA;1;NA;NA;NA;NA;NA;NA;0;0;NA;NA;NA;NA;NA;NA;0;1;NA;NA;NA;NA;NA;NA;NA;NA;NA;NA;0;0;NA;0;NA;NA;0;NA;NA;0;NA;NA;NA;NA;NA;NA;1;1;NA;1;NA;NA;NA;NA;NA;NA;NA;NA;NA;NA;NA;NA;NA;NA;NA;NA;NA;NA;NA;NA;NA;NA;NA;NA;NA;NA;NA;NA;NA;NA;NA;NA;NA;NA
6430_hf - hft_min;646;0;0;NA;0;0;0;0;0;0;0;0;0;0;0;0;NA;NA;NA;NA;NA;NA;NA;NA;NA;NA;NA;0;0;0;1;NA;NA;NA;NA;NA;NA;NA;NA;NA;NA;0;0;NA;NA;NA;NA;NA;NA;0;0;1;NA;NA;NA;NA;NA;NA;NA;NA;NA;0;0;NA;0;NA;NA;0;NA;NA;0;NA;NA;NA;NA;NA;NA;1;1;NA;1;NA;NA;NA;NA;NA;NA;NA;NA;NA;NA;NA;NA;NA;NA;NA;NA;NA;NA;NA;NA;NA;NA;NA;NA;NA;NA;NA;NA;NA;NA;NA;NA;NA;NA
6430_hf - hft_min;647;0;1;0;0;0;0;0;0;0;0;0;0;0;0;0;NA;NA;NA;NA;NA;NA;NA;NA;NA;NA;NA;0;0;0;1;NA;NA;NA;NA;NA;NA;NA;NA;NA;NA;0;0;NA;NA;NA;NA;NA;NA;0;0;1;NA;NA;NA;NA;NA;NA;NA;NA;NA;0;0;NA;0;NA;NA;0;NA;NA;0;NA;NA;NA;NA;NA;NA;1;1;NA;1;NA;NA;NA;NA;NA;NA;NA;NA;NA;NA;NA;NA;NA;NA;NA;NA;NA;NA;NA;NA;NA;NA;NA;NA;NA;NA;NA;NA;NA;NA;NA;NA;NA;NA
6430_hf - hft_min;648;0;0;NA;0;0;0;0;0;0;0;0;0;0;0;1;0;0;0;0;1;0;0;0;NA;NA;NA;0;0;0;1;NA;NA;NA;NA;NA;NA;NA;NA;NA;NA;0;0;NA;NA;NA;NA;NA;NA;0;0;1;NA;NA;NA;NA;NA;NA;NA;NA;NA;0;0;NA;0;NA;NA;0;NA;NA;0;NA;NA;NA;NA;NA;NA;1;1;NA;1;NA;NA;NA;NA;NA;NA;NA;NA;NA;NA;NA;NA;NA;NA;NA;NA;NA;NA;NA;NA;NA;NA;NA;NA;NA;NA;NA;NA;NA;NA;NA;NA;NA;NA
6430_hf - hft_min;649;0;1;0;0;0;0;0;0;0;0;0;0;0;0;1;0;0;0;0;1;0;0;0;NA;NA;NA;0;0;0;1;NA;NA;NA;NA;NA;NA;NA;NA;NA;NA;0;0;NA;NA;NA;NA;NA;NA;0;0;1;NA;NA;NA;NA;NA;NA;NA;NA;NA;0;0;NA;0;NA;NA;0;NA;NA;0;NA;NA;NA;NA;NA;NA;1;1;NA;1;NA;NA;NA;NA;NA;NA;NA;NA;NA;NA;NA;NA;NA;NA;NA;NA;NA;NA;NA;NA;NA;NA;NA;NA;NA;NA;NA;NA;NA;NA;NA;NA;NA;NA
6430_hf - hft_min;650;0;0;NA;0;0;0;0;0;0;0;0;0;0;0;1;0;0;0;0;0;NA;NA;NA;0;0;0;0;0;0;1;NA;NA;NA;NA;NA;NA;NA;NA;NA;NA;0;0;NA;NA;NA;NA;NA;NA;0;0;1;NA;NA;NA;NA;NA;NA;NA;NA;NA;0;0;NA;0;NA;NA;0;NA;NA;0;NA;NA;NA;NA;NA;NA;1;1;NA;1;NA;NA;NA;NA;NA;NA;NA;NA;NA;NA;NA;NA;NA;NA;NA;NA;NA;NA;NA;NA;NA;NA;NA;NA;NA;NA;NA;NA;NA;NA;NA;NA;NA;NA
6430_hf - hft_min;651;0;1;0;0;0;0;0;0;0;0;0;0;0;0;1;0;0;0;0;0;NA;NA;NA;0;0;0;0;0;0;1;NA;NA;NA;NA;NA;NA;NA;NA;NA;NA;0;0;NA;NA;NA;NA;NA;NA;0;0;1;NA;NA;NA;NA;NA;NA;NA;NA;NA;0;0;NA;0;NA;NA;0;NA;NA;0;NA;NA;NA;NA;NA;NA;1;1;NA;1;NA;NA;NA;NA;NA;NA;NA;NA;NA;NA;NA;NA;NA;NA;NA;NA;NA;NA;NA;NA;NA;NA;NA;NA;NA;NA;NA;NA;NA;NA;NA;NA;NA;NA
6430_hf - hft_min;652;0;0;NA;0;0;0;0;0;0;0;0;0;0;0;0;NA;NA;NA;NA;NA;NA;NA;NA;NA;NA;NA;0;0;0;0;NA;1;NA;NA;NA;NA;NA;NA;NA;NA;NA;NA;NA;NA;NA;NA;NA;NA;NA;NA;NA;NA;NA;NA;NA;NA;NA;NA;NA;NA;0;0;NA;0;NA;NA;0;NA;NA;1;0;NA;NA;NA;NA;NA;1;1;NA;1;NA;NA;NA;NA;NA;NA;NA;NA;NA;NA;NA;NA;NA;NA;NA;NA;NA;NA;NA;NA;NA;NA;NA;NA;NA;NA;NA;NA;NA;NA;NA;NA;NA;NA
6430_hf - hft_min;653;0;1;0;0;0;0;0;0;0;0;0;0;0;0;0;NA;NA;NA;NA;NA;NA;NA;NA;NA;NA;NA;0;0;0;0;NA;1;NA;NA;NA;NA;NA;NA;NA;NA;NA;NA;NA;NA;NA;NA;NA;NA;NA;NA;NA;NA;NA;NA;NA;NA;NA;NA;NA;NA;0;0;NA;0;NA;NA;0;NA;NA;1;0;NA;NA;NA;NA;NA;1;1;NA;1;NA;NA;NA;NA;NA;NA;NA;NA;NA;NA;NA;NA;NA;NA;NA;NA;NA;NA;NA;NA;NA;NA;NA;NA;NA;NA;NA;NA;NA;NA;NA;NA;NA;NA
6430_hf - hft_min;654;0;0;NA;0;0;0;0;0;0;0;0;0;0;0;1;0;0;0;0;1;0;0;0;NA;NA;NA;0;0;0;0;NA;1;NA;NA;NA;NA;NA;NA;NA;NA;NA;NA;NA;NA;NA;NA;NA;NA;NA;NA;NA;NA;NA;NA;NA;NA;NA;NA;NA;NA;0;0;NA;0;NA;NA;0;NA;NA;1;0;NA;NA;NA;NA;NA;1;1;NA;1;NA;NA;NA;NA;NA;NA;NA;NA;NA;NA;NA;NA;NA;NA;NA;NA;NA;NA;NA;NA;NA;NA;NA;NA;NA;NA;NA;NA;NA;NA;NA;NA;NA;NA
6430_hf - hft_min;655;0;1;0;0;0;0;0;0;0;0;0;0;0;0;1;0;0;0;0;1;0;0;0;NA;NA;NA;0;0;0;0;NA;1;NA;NA;NA;NA;NA;NA;NA;NA;NA;NA;NA;NA;NA;NA;NA;NA;NA;NA;NA;NA;NA;NA;NA;NA;NA;NA;NA;NA;0;0;NA;0;NA;NA;0;NA;NA;1;0;NA;NA;NA;NA;NA;1;1;NA;1;NA;NA;NA;NA;NA;NA;NA;NA;NA;NA;NA;NA;NA;NA;NA;NA;NA;NA;NA;NA;NA;NA;NA;NA;NA;NA;NA;NA;NA;NA;NA;NA;NA;NA
6430_hf - hft_min;656;0;0;NA;0;0;0;0;0;0;0;0;0;0;0;1;0;0;0;0;0;NA;NA;NA;0;0;0;0;0;0;0;NA;1;NA;NA;NA;NA;NA;NA;NA;NA;NA;NA;NA;NA;NA;NA;NA;NA;NA;NA;NA;NA;NA;NA;NA;NA;NA;NA;NA;NA;0;0;NA;0;NA;NA;0;NA;NA;1;0;NA;NA;NA;NA;NA;1;1;NA;1;NA;NA;NA;NA;NA;NA;NA;NA;NA;NA;NA;NA;NA;NA;NA;NA;NA;NA;NA;NA;NA;NA;NA;NA;NA;NA;NA;NA;NA;NA;NA;NA;NA;NA
6430_hf - hft_min;657;0;1;0;0;0;0;0;0;0;0;0;0;0;0;1;0;0;0;0;0;NA;NA;NA;0;0;0;0;0;0;0;NA;1;NA;NA;NA;NA;NA;NA;NA;NA;NA;NA;NA;NA;NA;NA;NA;NA;NA;NA;NA;NA;NA;NA;NA;NA;NA;NA;NA;NA;0;0;NA;0;NA;NA;0;NA;NA;1;0;NA;NA;NA;NA;NA;1;1;NA;1;NA;NA;NA;NA;NA;NA;NA;NA;NA;NA;NA;NA;NA;NA;NA;NA;NA;NA;NA;NA;NA;NA;NA;NA;NA;NA;NA;NA;NA;NA;NA;NA;NA;NA
6430_hf - hft_min;658;0;0;NA;0;0;0;0;0;0;0;0;0;0;0;0;NA;NA;NA;NA;NA;NA;NA;NA;NA;NA;NA;0;0;0;0;1;NA;NA;1;NA;NA;NA;NA;NA;NA;NA;NA;NA;NA;NA;NA;NA;NA;NA;NA;NA;NA;NA;NA;NA;NA;NA;NA;NA;NA;0;0;NA;0;NA;NA;0;NA;NA;1;0;NA;NA;NA;NA;NA;1;1;NA;1;NA;NA;NA;NA;NA;NA;NA;NA;NA;NA;NA;NA;NA;NA;NA;NA;NA;NA;NA;NA;NA;NA;NA;NA;NA;NA;NA;NA;NA;NA;NA;NA;NA;NA
6430_hf - hft_min;659;0;1;0;0;0;0;0;0;0;0;0;0;0;0;0;NA;NA;NA;NA;NA;NA;NA;NA;NA;NA;NA;0;0;0;0;1;NA;NA;1;NA;NA;NA;NA;NA;NA;NA;NA;NA;NA;NA;NA;NA;NA;NA;NA;NA;NA;NA;NA;NA;NA;NA;NA;NA;NA;0;0;NA;0;NA;NA;0;NA;NA;1;0;NA;NA;NA;NA;NA;1;1;NA;1;NA;NA;NA;NA;NA;NA;NA;NA;NA;NA;NA;NA;NA;NA;NA;NA;NA;NA;NA;NA;NA;NA;NA;NA;NA;NA;NA;NA;NA;NA;NA;NA;NA;NA
6430_hf - hft_min;660;0;0;NA;0;0;0;0;0;0;0;0;0;0;0;1;0;0;0;0;1;0;0;0;NA;NA;NA;0;0;0;0;1;NA;NA;1;NA;NA;NA;NA;NA;NA;NA;NA;NA;NA;NA;NA;NA;NA;NA;NA;NA;NA;NA;NA;NA;NA;NA;NA;NA;NA;0;0;NA;0;NA;NA;0;NA;NA;1;0;NA;NA;NA;NA;NA;1;1;NA;1;NA;NA;NA;NA;NA;NA;NA;NA;NA;NA;NA;NA;NA;NA;NA;NA;NA;NA;NA;NA;NA;NA;NA;NA;NA;NA;NA;NA;NA;NA;NA;NA;NA;NA
6430_hf - hft_min;661;0;1;0;0;0;0;0;0;0;0;0;0;0;0;1;0;0;0;0;1;0;0;0;NA;NA;NA;0;0;0;0;1;NA;NA;1;NA;NA;NA;NA;NA;NA;NA;NA;NA;NA;NA;NA;NA;NA;NA;NA;NA;NA;NA;NA;NA;NA;NA;NA;NA;NA;0;0;NA;0;NA;NA;0;NA;NA;1;0;NA;NA;NA;NA;NA;1;1;NA;1;NA;NA;NA;NA;NA;NA;NA;NA;NA;NA;NA;NA;NA;NA;NA;NA;NA;NA;NA;NA;NA;NA;NA;NA;NA;NA;NA;NA;NA;NA;NA;NA;NA;NA
6430_hf - hft_min;662;0;0;NA;0;0;0;0;0;0;0;0;0;0;0;1;0;0;0;0;0;NA;NA;NA;0;0;0;0;0;0;0;1;NA;NA;1;NA;NA;NA;NA;NA;NA;NA;NA;NA;NA;NA;NA;NA;NA;NA;NA;NA;NA;NA;NA;NA;NA;NA;NA;NA;NA;0;0;NA;0;NA;NA;0;NA;NA;1;0;NA;NA;NA;NA;NA;1;1;NA;1;NA;NA;NA;NA;NA;NA;NA;NA;NA;NA;NA;NA;NA;NA;NA;NA;NA;NA;NA;NA;NA;NA;NA;NA;NA;NA;NA;NA;NA;NA;NA;NA;NA;NA
6430_hf - hft_min;663;0;1;0;0;0;0;0;0;0;0;0;0;0;0;1;0;0;0;0;0;NA;NA;NA;0;0;0;0;0;0;0;1;NA;NA;1;NA;NA;NA;NA;NA;NA;NA;NA;NA;NA;NA;NA;NA;NA;NA;NA;NA;NA;NA;NA;NA;NA;NA;NA;NA;NA;0;0;NA;0;NA;NA;0;NA;NA;1;0;NA;NA;NA;NA;NA;1;1;NA;1;NA;NA;NA;NA;NA;NA;NA;NA;NA;NA;NA;NA;NA;NA;NA;NA;NA;NA;NA;NA;NA;NA;NA;NA;NA;NA;NA;NA;NA;NA;NA;NA;NA;NA
6430_hf - hft_min;664;0;0;NA;0;0;0;0;0;0;0;0;0;0;0;0;NA;NA;NA;NA;NA;NA;NA;NA;NA;NA;NA;0;0;0;1;NA;NA;NA;1;NA;NA;NA;NA;NA;NA;0;0;NA;NA;NA;NA;NA;NA;0;1;NA;NA;NA;NA;NA;NA;NA;NA;NA;NA;0;0;NA;0;NA;NA;0;NA;NA;1;0;NA;NA;NA;NA;NA;1;1;NA;1;NA;NA;NA;NA;NA;NA;NA;NA;NA;NA;NA;NA;NA;NA;NA;NA;NA;NA;NA;NA;NA;NA;NA;NA;NA;NA;NA;NA;NA;NA;NA;NA;NA;NA
6430_hf - hft_min;665;0;1;0;0;0;0;0;0;0;0;0;0;0;0;0;NA;NA;NA;NA;NA;NA;NA;NA;NA;NA;NA;0;0;0;1;NA;NA;NA;1;NA;NA;NA;NA;NA;NA;0;0;NA;NA;NA;NA;NA;NA;0;1;NA;NA;NA;NA;NA;NA;NA;NA;NA;NA;0;0;NA;0;NA;NA;0;NA;NA;1;0;NA;NA;NA;NA;NA;1;1;NA;1;NA;NA;NA;NA;NA;NA;NA;NA;NA;NA;NA;NA;NA;NA;NA;NA;NA;NA;NA;NA;NA;NA;NA;NA;NA;NA;NA;NA;NA;NA;NA;NA;NA;NA
6430_hf - hft_min;666;0;0;NA;0;0;0;0;0;0;0;0;0;0;0;1;0;0;0;0;1;0;0;0;NA;NA;NA;0;0;0;1;NA;NA;NA;1;NA;NA;NA;NA;NA;NA;0;0;NA;NA;NA;NA;NA;NA;0;1;NA;NA;NA;NA;NA;NA;NA;NA;NA;NA;0;0;NA;0;NA;NA;0;NA;NA;1;0;NA;NA;NA;NA;NA;1;1;NA;1;NA;NA;NA;NA;NA;NA;NA;NA;NA;NA;NA;NA;NA;NA;NA;NA;NA;NA;NA;NA;NA;NA;NA;NA;NA;NA;NA;NA;NA;NA;NA;NA;NA;NA
6430_hf - hft_min;667;0;1;0;0;0;0;0;0;0;0;0;0;0;0;1;0;0;0;0;1;0;0;0;NA;NA;NA;0;0;0;1;NA;NA;NA;1;NA;NA;NA;NA;NA;NA;0;0;NA;NA;NA;NA;NA;NA;0;1;NA;NA;NA;NA;NA;NA;NA;NA;NA;NA;0;0;NA;0;NA;NA;0;NA;NA;1;0;NA;NA;NA;NA;NA;1;1;NA;1;NA;NA;NA;NA;NA;NA;NA;NA;NA;NA;NA;NA;NA;NA;NA;NA;NA;NA;NA;NA;NA;NA;NA;NA;NA;NA;NA;NA;NA;NA;NA;NA;NA;NA
6430_hf - hft_min;668;0;0;NA;0;0;0;0;0;0;0;0;0;0;0;1;0;0;0;0;0;NA;NA;NA;0;0;0;0;0;0;1;NA;NA;NA;1;NA;NA;NA;NA;NA;NA;0;0;NA;NA;NA;NA;NA;NA;0;1;NA;NA;NA;NA;NA;NA;NA;NA;NA;NA;0;0;NA;0;NA;NA;0;NA;NA;1;0;NA;NA;NA;NA;NA;1;1;NA;1;NA;NA;NA;NA;NA;NA;NA;NA;NA;NA;NA;NA;NA;NA;NA;NA;NA;NA;NA;NA;NA;NA;NA;NA;NA;NA;NA;NA;NA;NA;NA;NA;NA;NA
6430_hf - hft_min;669;0;1;0;0;0;0;0;0;0;0;0;0;0;0;1;0;0;0;0;0;NA;NA;NA;0;0;0;0;0;0;1;NA;NA;NA;1;NA;NA;NA;NA;NA;NA;0;0;NA;NA;NA;NA;NA;NA;0;1;NA;NA;NA;NA;NA;NA;NA;NA;NA;NA;0;0;NA;0;NA;NA;0;NA;NA;1;0;NA;NA;NA;NA;NA;1;1;NA;1;NA;NA;NA;NA;NA;NA;NA;NA;NA;NA;NA;NA;NA;NA;NA;NA;NA;NA;NA;NA;NA;NA;NA;NA;NA;NA;NA;NA;NA;NA;NA;NA;NA;NA
6430_hf - hft_min;670;0;0;NA;0;0;0;0;0;0;0;0;0;0;0;0;NA;NA;NA;NA;NA;NA;NA;NA;NA;NA;NA;0;0;0;1;NA;NA;NA;NA;NA;NA;NA;NA;NA;NA;0;0;NA;NA;NA;NA;NA;NA;0;0;1;NA;NA;NA;NA;NA;NA;NA;NA;NA;0;0;NA;0;NA;NA;0;NA;NA;1;0;NA;NA;NA;NA;NA;1;1;NA;1;NA;NA;NA;NA;NA;NA;NA;NA;NA;NA;NA;NA;NA;NA;NA;NA;NA;NA;NA;NA;NA;NA;NA;NA;NA;NA;NA;NA;NA;NA;NA;NA;NA;NA
6430_hf - hft_min;671;0;1;0;0;0;0;0;0;0;0;0;0;0;0;0;NA;NA;NA;NA;NA;NA;NA;NA;NA;NA;NA;0;0;0;1;NA;NA;NA;NA;NA;NA;NA;NA;NA;NA;0;0;NA;NA;NA;NA;NA;NA;0;0;1;NA;NA;NA;NA;NA;NA;NA;NA;NA;0;0;NA;0;NA;NA;0;NA;NA;1;0;NA;NA;NA;NA;NA;1;1;NA;1;NA;NA;NA;NA;NA;NA;NA;NA;NA;NA;NA;NA;NA;NA;NA;NA;NA;NA;NA;NA;NA;NA;NA;NA;NA;NA;NA;NA;NA;NA;NA;NA;NA;NA
6430_hf - hft_min;672;0;0;NA;0;0;0;0;0;0;0;0;0;0;0;1;0;0;0;0;1;0;0;0;NA;NA;NA;0;0;0;1;NA;NA;NA;NA;NA;NA;NA;NA;NA;NA;0;0;NA;NA;NA;NA;NA;NA;0;0;1;NA;NA;NA;NA;NA;NA;NA;NA;NA;0;0;NA;0;NA;NA;0;NA;NA;1;0;NA;NA;NA;NA;NA;1;1;NA;1;NA;NA;NA;NA;NA;NA;NA;NA;NA;NA;NA;NA;NA;NA;NA;NA;NA;NA;NA;NA;NA;NA;NA;NA;NA;NA;NA;NA;NA;NA;NA;NA;NA;NA
6430_hf - hft_min;673;0;1;0;0;0;0;0;0;0;0;0;0;0;0;1;0;0;0;0;1;0;0;0;NA;NA;NA;0;0;0;1;NA;NA;NA;NA;NA;NA;NA;NA;NA;NA;0;0;NA;NA;NA;NA;NA;NA;0;0;1;NA;NA;NA;NA;NA;NA;NA;NA;NA;0;0;NA;0;NA;NA;0;NA;NA;1;0;NA;NA;NA;NA;NA;1;1;NA;1;NA;NA;NA;NA;NA;NA;NA;NA;NA;NA;NA;NA;NA;NA;NA;NA;NA;NA;NA;NA;NA;NA;NA;NA;NA;NA;NA;NA;NA;NA;NA;NA;NA;NA
6430_hf - hft_min;674;0;0;NA;0;0;0;0;0;0;0;0;0;0;0;1;0;0;0;0;0;NA;NA;NA;0;0;0;0;0;0;1;NA;NA;NA;NA;NA;NA;NA;NA;NA;NA;0;0;NA;NA;NA;NA;NA;NA;0;0;1;NA;NA;NA;NA;NA;NA;NA;NA;NA;0;0;NA;0;NA;NA;0;NA;NA;1;0;NA;NA;NA;NA;NA;1;1;NA;1;NA;NA;NA;NA;NA;NA;NA;NA;NA;NA;NA;NA;NA;NA;NA;NA;NA;NA;NA;NA;NA;NA;NA;NA;NA;NA;NA;NA;NA;NA;NA;NA;NA;NA
6430_hf - hft_min;675;0;1;0;0;0;0;0;0;0;0;0;0;0;0;1;0;0;0;0;0;NA;NA;NA;0;0;0;0;0;0;1;NA;NA;NA;NA;NA;NA;NA;NA;NA;NA;0;0;NA;NA;NA;NA;NA;NA;0;0;1;NA;NA;NA;NA;NA;NA;NA;NA;NA;0;0;NA;0;NA;NA;0;NA;NA;1;0;NA;NA;NA;NA;NA;1;1;NA;1;NA;NA;NA;NA;NA;NA;NA;NA;NA;NA;NA;NA;NA;NA;NA;NA;NA;NA;NA;NA;NA;NA;NA;NA;NA;NA;NA;NA;NA;NA;NA;NA;NA;NA
6430_hf - hft_min;676;0;0;NA;0;0;0;0;0;0;0;0;0;0;0;0;NA;NA;NA;NA;NA;NA;NA;NA;NA;NA;NA;0;0;0;0;NA;1;NA;NA;NA;NA;NA;NA;NA;NA;NA;NA;NA;NA;NA;NA;NA;NA;NA;NA;NA;NA;NA;NA;NA;NA;NA;NA;NA;NA;0;0;NA;0;NA;NA;0;NA;NA;0;NA;NA;NA;NA;NA;NA;1;1;NA;NA;NA;1;NA;NA;NA;NA;NA;NA;NA;NA;NA;NA;NA;NA;NA;NA;NA;NA;NA;NA;NA;NA;NA;NA;NA;NA;NA;NA;NA;NA;NA;NA;NA;NA
6430_hf - hft_min;677;0;1;0;0;0;0;0;0;0;0;0;0;0;0;0;NA;NA;NA;NA;NA;NA;NA;NA;NA;NA;NA;0;0;0;0;NA;1;NA;NA;NA;NA;NA;NA;NA;NA;NA;NA;NA;NA;NA;NA;NA;NA;NA;NA;NA;NA;NA;NA;NA;NA;NA;NA;NA;NA;0;0;NA;0;NA;NA;0;NA;NA;0;NA;NA;NA;NA;NA;NA;1;1;NA;NA;NA;1;NA;NA;NA;NA;NA;NA;NA;NA;NA;NA;NA;NA;NA;NA;NA;NA;NA;NA;NA;NA;NA;NA;NA;NA;NA;NA;NA;NA;NA;NA;NA;NA
6430_hf - hft_min;678;0;0;NA;0;0;0;0;0;0;0;0;0;0;0;1;0;0;0;0;1;0;0;0;NA;NA;NA;0;0;0;0;NA;1;NA;NA;NA;NA;NA;NA;NA;NA;NA;NA;NA;NA;NA;NA;NA;NA;NA;NA;NA;NA;NA;NA;NA;NA;NA;NA;NA;NA;0;0;NA;0;NA;NA;0;NA;NA;0;NA;NA;NA;NA;NA;NA;1;1;NA;NA;NA;1;NA;NA;NA;NA;NA;NA;NA;NA;NA;NA;NA;NA;NA;NA;NA;NA;NA;NA;NA;NA;NA;NA;NA;NA;NA;NA;NA;NA;NA;NA;NA;NA
6430_hf - hft_min;679;0;1;0;0;0;0;0;0;0;0;0;0;0;0;1;0;0;0;0;1;0;0;0;NA;NA;NA;0;0;0;0;NA;1;NA;NA;NA;NA;NA;NA;NA;NA;NA;NA;NA;NA;NA;NA;NA;NA;NA;NA;NA;NA;NA;NA;NA;NA;NA;NA;NA;NA;0;0;NA;0;NA;NA;0;NA;NA;0;NA;NA;NA;NA;NA;NA;1;1;NA;NA;NA;1;NA;NA;NA;NA;NA;NA;NA;NA;NA;NA;NA;NA;NA;NA;NA;NA;NA;NA;NA;NA;NA;NA;NA;NA;NA;NA;NA;NA;NA;NA;NA;NA
6430_hf - hft_min;680;0;0;NA;0;0;0;0;0;0;0;0;0;0;0;1;0;0;0;0;0;NA;NA;NA;0;0;0;0;0;0;0;NA;1;NA;NA;NA;NA;NA;NA;NA;NA;NA;NA;NA;NA;NA;NA;NA;NA;NA;NA;NA;NA;NA;NA;NA;NA;NA;NA;NA;NA;0;0;NA;0;NA;NA;0;NA;NA;0;NA;NA;NA;NA;NA;NA;1;1;NA;NA;NA;1;NA;NA;NA;NA;NA;NA;NA;NA;NA;NA;NA;NA;NA;NA;NA;NA;NA;NA;NA;NA;NA;NA;NA;NA;NA;NA;NA;NA;NA;NA;NA;NA
6430_hf - hft_min;681;0;1;0;0;0;0;0;0;0;0;0;0;0;0;1;0;0;0;0;0;NA;NA;NA;0;0;0;0;0;0;0;NA;1;NA;NA;NA;NA;NA;NA;NA;NA;NA;NA;NA;NA;NA;NA;NA;NA;NA;NA;NA;NA;NA;NA;NA;NA;NA;NA;NA;NA;0;0;NA;0;NA;NA;0;NA;NA;0;NA;NA;NA;NA;NA;NA;1;1;NA;NA;NA;1;NA;NA;NA;NA;NA;NA;NA;NA;NA;NA;NA;NA;NA;NA;NA;NA;NA;NA;NA;NA;NA;NA;NA;NA;NA;NA;NA;NA;NA;NA;NA;NA
6430_hf - hft_min;682;0;0;NA;0;0;0;0;0;0;0;0;0;0;0;0;NA;NA;NA;NA;NA;NA;NA;NA;NA;NA;NA;0;0;0;0;1;NA;NA;1;NA;NA;NA;NA;NA;NA;NA;NA;NA;NA;NA;NA;NA;NA;NA;NA;NA;NA;NA;NA;NA;NA;NA;NA;NA;NA;0;0;NA;0;NA;NA;0;NA;NA;0;NA;NA;NA;NA;NA;NA;1;1;NA;NA;NA;1;NA;NA;NA;NA;NA;NA;NA;NA;NA;NA;NA;NA;NA;NA;NA;NA;NA;NA;NA;NA;NA;NA;NA;NA;NA;NA;NA;NA;NA;NA;NA;NA
6430_hf - hft_min;683;0;1;0;0;0;0;0;0;0;0;0;0;0;0;0;NA;NA;NA;NA;NA;NA;NA;NA;NA;NA;NA;0;0;0;0;1;NA;NA;1;NA;NA;NA;NA;NA;NA;NA;NA;NA;NA;NA;NA;NA;NA;NA;NA;NA;NA;NA;NA;NA;NA;NA;NA;NA;NA;0;0;NA;0;NA;NA;0;NA;NA;0;NA;NA;NA;NA;NA;NA;1;1;NA;NA;NA;1;NA;NA;NA;NA;NA;NA;NA;NA;NA;NA;NA;NA;NA;NA;NA;NA;NA;NA;NA;NA;NA;NA;NA;NA;NA;NA;NA;NA;NA;NA;NA;NA
6430_hf - hft_min;684;0;0;NA;0;0;0;0;0;0;0;0;0;0;0;1;0;0;0;0;1;0;0;0;NA;NA;NA;0;0;0;0;1;NA;NA;1;NA;NA;NA;NA;NA;NA;NA;NA;NA;NA;NA;NA;NA;NA;NA;NA;NA;NA;NA;NA;NA;NA;NA;NA;NA;NA;0;0;NA;0;NA;NA;0;NA;NA;0;NA;NA;NA;NA;NA;NA;1;1;NA;NA;NA;1;NA;NA;NA;NA;NA;NA;NA;NA;NA;NA;NA;NA;NA;NA;NA;NA;NA;NA;NA;NA;NA;NA;NA;NA;NA;NA;NA;NA;NA;NA;NA;NA
6430_hf - hft_min;685;0;1;0;0;0;0;0;0;0;0;0;0;0;0;1;0;0;0;0;1;0;0;0;NA;NA;NA;0;0;0;0;1;NA;NA;1;NA;NA;NA;NA;NA;NA;NA;NA;NA;NA;NA;NA;NA;NA;NA;NA;NA;NA;NA;NA;NA;NA;NA;NA;NA;NA;0;0;NA;0;NA;NA;0;NA;NA;0;NA;NA;NA;NA;NA;NA;1;1;NA;NA;NA;1;NA;NA;NA;NA;NA;NA;NA;NA;NA;NA;NA;NA;NA;NA;NA;NA;NA;NA;NA;NA;NA;NA;NA;NA;NA;NA;NA;NA;NA;NA;NA;NA
6430_hf - hft_min;686;0;0;NA;0;0;0;0;0;0;0;0;0;0;0;1;0;0;0;0;0;NA;NA;NA;0;0;0;0;0;0;0;1;NA;NA;1;NA;NA;NA;NA;NA;NA;NA;NA;NA;NA;NA;NA;NA;NA;NA;NA;NA;NA;NA;NA;NA;NA;NA;NA;NA;NA;0;0;NA;0;NA;NA;0;NA;NA;0;NA;NA;NA;NA;NA;NA;1;1;NA;NA;NA;1;NA;NA;NA;NA;NA;NA;NA;NA;NA;NA;NA;NA;NA;NA;NA;NA;NA;NA;NA;NA;NA;NA;NA;NA;NA;NA;NA;NA;NA;NA;NA;NA
6430_hf - hft_min;687;0;1;0;0;0;0;0;0;0;0;0;0;0;0;1;0;0;0;0;0;NA;NA;NA;0;0;0;0;0;0;0;1;NA;NA;1;NA;NA;NA;NA;NA;NA;NA;NA;NA;NA;NA;NA;NA;NA;NA;NA;NA;NA;NA;NA;NA;NA;NA;NA;NA;NA;0;0;NA;0;NA;NA;0;NA;NA;0;NA;NA;NA;NA;NA;NA;1;1;NA;NA;NA;1;NA;NA;NA;NA;NA;NA;NA;NA;NA;NA;NA;NA;NA;NA;NA;NA;NA;NA;NA;NA;NA;NA;NA;NA;NA;NA;NA;NA;NA;NA;NA;NA
6430_hf - hft_min;688;0;0;NA;0;0;0;0;0;0;0;0;0;0;0;0;NA;NA;NA;NA;NA;NA;NA;NA;NA;NA;NA;0;0;0;1;NA;NA;NA;1;NA;NA;NA;NA;NA;NA;0;0;NA;NA;NA;NA;NA;NA;0;1;NA;NA;NA;NA;NA;NA;NA;NA;NA;NA;0;0;NA;0;NA;NA;0;NA;NA;0;NA;NA;NA;NA;NA;NA;1;1;NA;NA;NA;1;NA;NA;NA;NA;NA;NA;NA;NA;NA;NA;NA;NA;NA;NA;NA;NA;NA;NA;NA;NA;NA;NA;NA;NA;NA;NA;NA;NA;NA;NA;NA;NA
6430_hf - hft_min;689;0;1;0;0;0;0;0;0;0;0;0;0;0;0;0;NA;NA;NA;NA;NA;NA;NA;NA;NA;NA;NA;0;0;0;1;NA;NA;NA;1;NA;NA;NA;NA;NA;NA;0;0;NA;NA;NA;NA;NA;NA;0;1;NA;NA;NA;NA;NA;NA;NA;NA;NA;NA;0;0;NA;0;NA;NA;0;NA;NA;0;NA;NA;NA;NA;NA;NA;1;1;NA;NA;NA;1;NA;NA;NA;NA;NA;NA;NA;NA;NA;NA;NA;NA;NA;NA;NA;NA;NA;NA;NA;NA;NA;NA;NA;NA;NA;NA;NA;NA;NA;NA;NA;NA
6430_hf - hft_min;690;0;0;NA;0;0;0;0;0;0;0;0;0;0;0;1;0;0;0;0;1;0;0;0;NA;NA;NA;0;0;0;1;NA;NA;NA;1;NA;NA;NA;NA;NA;NA;0;0;NA;NA;NA;NA;NA;NA;0;1;NA;NA;NA;NA;NA;NA;NA;NA;NA;NA;0;0;NA;0;NA;NA;0;NA;NA;0;NA;NA;NA;NA;NA;NA;1;1;NA;NA;NA;1;NA;NA;NA;NA;NA;NA;NA;NA;NA;NA;NA;NA;NA;NA;NA;NA;NA;NA;NA;NA;NA;NA;NA;NA;NA;NA;NA;NA;NA;NA;NA;NA
6430_hf - hft_min;691;0;1;0;0;0;0;0;0;0;0;0;0;0;0;1;0;0;0;0;1;0;0;0;NA;NA;NA;0;0;0;1;NA;NA;NA;1;NA;NA;NA;NA;NA;NA;0;0;NA;NA;NA;NA;NA;NA;0;1;NA;NA;NA;NA;NA;NA;NA;NA;NA;NA;0;0;NA;0;NA;NA;0;NA;NA;0;NA;NA;NA;NA;NA;NA;1;1;NA;NA;NA;1;NA;NA;NA;NA;NA;NA;NA;NA;NA;NA;NA;NA;NA;NA;NA;NA;NA;NA;NA;NA;NA;NA;NA;NA;NA;NA;NA;NA;NA;NA;NA;NA
6430_hf - hft_min;692;0;0;NA;0;0;0;0;0;0;0;0;0;0;0;1;0;0;0;0;0;NA;NA;NA;0;0;0;0;0;0;1;NA;NA;NA;1;NA;NA;NA;NA;NA;NA;0;0;NA;NA;NA;NA;NA;NA;0;1;NA;NA;NA;NA;NA;NA;NA;NA;NA;NA;0;0;NA;0;NA;NA;0;NA;NA;0;NA;NA;NA;NA;NA;NA;1;1;NA;NA;NA;1;NA;NA;NA;NA;NA;NA;NA;NA;NA;NA;NA;NA;NA;NA;NA;NA;NA;NA;NA;NA;NA;NA;NA;NA;NA;NA;NA;NA;NA;NA;NA;NA
6430_hf - hft_min;693;0;1;0;0;0;0;0;0;0;0;0;0;0;0;1;0;0;0;0;0;NA;NA;NA;0;0;0;0;0;0;1;NA;NA;NA;1;NA;NA;NA;NA;NA;NA;0;0;NA;NA;NA;NA;NA;NA;0;1;NA;NA;NA;NA;NA;NA;NA;NA;NA;NA;0;0;NA;0;NA;NA;0;NA;NA;0;NA;NA;NA;NA;NA;NA;1;1;NA;NA;NA;1;NA;NA;NA;NA;NA;NA;NA;NA;NA;NA;NA;NA;NA;NA;NA;NA;NA;NA;NA;NA;NA;NA;NA;NA;NA;NA;NA;NA;NA;NA;NA;NA
6430_hf - hft_min;694;0;0;NA;0;0;0;0;0;0;0;0;0;0;0;0;NA;NA;NA;NA;NA;NA;NA;NA;NA;NA;NA;0;0;0;1;NA;NA;NA;NA;NA;NA;NA;NA;NA;NA;0;0;NA;NA;NA;NA;NA;NA;0;0;1;NA;NA;NA;NA;NA;NA;NA;NA;NA;0;0;NA;0;NA;NA;0;NA;NA;0;NA;NA;NA;NA;NA;NA;1;1;NA;NA;NA;1;NA;NA;NA;NA;NA;NA;NA;NA;NA;NA;NA;NA;NA;NA;NA;NA;NA;NA;NA;NA;NA;NA;NA;NA;NA;NA;NA;NA;NA;NA;NA;NA
6430_hf - hft_min;695;0;1;0;0;0;0;0;0;0;0;0;0;0;0;0;NA;NA;NA;NA;NA;NA;NA;NA;NA;NA;NA;0;0;0;1;NA;NA;NA;NA;NA;NA;NA;NA;NA;NA;0;0;NA;NA;NA;NA;NA;NA;0;0;1;NA;NA;NA;NA;NA;NA;NA;NA;NA;0;0;NA;0;NA;NA;0;NA;NA;0;NA;NA;NA;NA;NA;NA;1;1;NA;NA;NA;1;NA;NA;NA;NA;NA;NA;NA;NA;NA;NA;NA;NA;NA;NA;NA;NA;NA;NA;NA;NA;NA;NA;NA;NA;NA;NA;NA;NA;NA;NA;NA;NA
6430_hf - hft_min;696;0;0;NA;0;0;0;0;0;0;0;0;0;0;0;1;0;0;0;0;1;0;0;0;NA;NA;NA;0;0;0;1;NA;NA;NA;NA;NA;NA;NA;NA;NA;NA;0;0;NA;NA;NA;NA;NA;NA;0;0;1;NA;NA;NA;NA;NA;NA;NA;NA;NA;0;0;NA;0;NA;NA;0;NA;NA;0;NA;NA;NA;NA;NA;NA;1;1;NA;NA;NA;1;NA;NA;NA;NA;NA;NA;NA;NA;NA;NA;NA;NA;NA;NA;NA;NA;NA;NA;NA;NA;NA;NA;NA;NA;NA;NA;NA;NA;NA;NA;NA;NA
6430_hf - hft_min;697;0;1;0;0;0;0;0;0;0;0;0;0;0;0;1;0;0;0;0;1;0;0;0;NA;NA;NA;0;0;0;1;NA;NA;NA;NA;NA;NA;NA;NA;NA;NA;0;0;NA;NA;NA;NA;NA;NA;0;0;1;NA;NA;NA;NA;NA;NA;NA;NA;NA;0;0;NA;0;NA;NA;0;NA;NA;0;NA;NA;NA;NA;NA;NA;1;1;NA;NA;NA;1;NA;NA;NA;NA;NA;NA;NA;NA;NA;NA;NA;NA;NA;NA;NA;NA;NA;NA;NA;NA;NA;NA;NA;NA;NA;NA;NA;NA;NA;NA;NA;NA
6430_hf - hft_min;698;0;0;NA;0;0;0;0;0;0;0;0;0;0;0;1;0;0;0;0;0;NA;NA;NA;0;0;0;0;0;0;1;NA;NA;NA;NA;NA;NA;NA;NA;NA;NA;0;0;NA;NA;NA;NA;NA;NA;0;0;1;NA;NA;NA;NA;NA;NA;NA;NA;NA;0;0;NA;0;NA;NA;0;NA;NA;0;NA;NA;NA;NA;NA;NA;1;1;NA;NA;NA;1;NA;NA;NA;NA;NA;NA;NA;NA;NA;NA;NA;NA;NA;NA;NA;NA;NA;NA;NA;NA;NA;NA;NA;NA;NA;NA;NA;NA;NA;NA;NA;NA
6430_hf - hft_min;699;0;1;0;0;0;0;0;0;0;0;0;0;0;0;1;0;0;0;0;0;NA;NA;NA;0;0;0;0;0;0;1;NA;NA;NA;NA;NA;NA;NA;NA;NA;NA;0;0;NA;NA;NA;NA;NA;NA;0;0;1;NA;NA;NA;NA;NA;NA;NA;NA;NA;0;0;NA;0;NA;NA;0;NA;NA;0;NA;NA;NA;NA;NA;NA;1;1;NA;NA;NA;1;NA;NA;NA;NA;NA;NA;NA;NA;NA;NA;NA;NA;NA;NA;NA;NA;NA;NA;NA;NA;NA;NA;NA;NA;NA;NA;NA;NA;NA;NA;NA;NA
6430_hf - hft_min;700;0;0;NA;0;0;0;0;0;0;0;0;0;0;0;0;NA;NA;NA;NA;NA;NA;NA;NA;NA;NA;NA;0;0;0;0;NA;1;NA;NA;NA;NA;NA;NA;NA;NA;NA;NA;NA;NA;NA;NA;NA;NA;NA;NA;NA;NA;NA;NA;NA;NA;NA;NA;NA;NA;0;0;NA;0;NA;NA;0;NA;NA;1;0;NA;NA;NA;NA;NA;1;1;NA;NA;NA;1;NA;NA;NA;NA;NA;NA;NA;NA;NA;NA;NA;NA;NA;NA;NA;NA;NA;NA;NA;NA;NA;NA;NA;NA;NA;NA;NA;NA;NA;NA;NA;NA
6430_hf - hft_min;701;0;1;0;0;0;0;0;0;0;0;0;0;0;0;0;NA;NA;NA;NA;NA;NA;NA;NA;NA;NA;NA;0;0;0;0;NA;1;NA;NA;NA;NA;NA;NA;NA;NA;NA;NA;NA;NA;NA;NA;NA;NA;NA;NA;NA;NA;NA;NA;NA;NA;NA;NA;NA;NA;0;0;NA;0;NA;NA;0;NA;NA;1;0;NA;NA;NA;NA;NA;1;1;NA;NA;NA;1;NA;NA;NA;NA;NA;NA;NA;NA;NA;NA;NA;NA;NA;NA;NA;NA;NA;NA;NA;NA;NA;NA;NA;NA;NA;NA;NA;NA;NA;NA;NA;NA
6430_hf - hft_min;702;0;0;NA;0;0;0;0;0;0;0;0;0;0;0;1;0;0;0;0;1;0;0;0;NA;NA;NA;0;0;0;0;NA;1;NA;NA;NA;NA;NA;NA;NA;NA;NA;NA;NA;NA;NA;NA;NA;NA;NA;NA;NA;NA;NA;NA;NA;NA;NA;NA;NA;NA;0;0;NA;0;NA;NA;0;NA;NA;1;0;NA;NA;NA;NA;NA;1;1;NA;NA;NA;1;NA;NA;NA;NA;NA;NA;NA;NA;NA;NA;NA;NA;NA;NA;NA;NA;NA;NA;NA;NA;NA;NA;NA;NA;NA;NA;NA;NA;NA;NA;NA;NA
6430_hf - hft_min;703;0;1;0;0;0;0;0;0;0;0;0;0;0;0;1;0;0;0;0;1;0;0;0;NA;NA;NA;0;0;0;0;NA;1;NA;NA;NA;NA;NA;NA;NA;NA;NA;NA;NA;NA;NA;NA;NA;NA;NA;NA;NA;NA;NA;NA;NA;NA;NA;NA;NA;NA;0;0;NA;0;NA;NA;0;NA;NA;1;0;NA;NA;NA;NA;NA;1;1;NA;NA;NA;1;NA;NA;NA;NA;NA;NA;NA;NA;NA;NA;NA;NA;NA;NA;NA;NA;NA;NA;NA;NA;NA;NA;NA;NA;NA;NA;NA;NA;NA;NA;NA;NA
6430_hf - hft_min;704;0;0;NA;0;0;0;0;0;0;0;0;0;0;0;1;0;0;0;0;0;NA;NA;NA;0;0;0;0;0;0;0;NA;1;NA;NA;NA;NA;NA;NA;NA;NA;NA;NA;NA;NA;NA;NA;NA;NA;NA;NA;NA;NA;NA;NA;NA;NA;NA;NA;NA;NA;0;0;NA;0;NA;NA;0;NA;NA;1;0;NA;NA;NA;NA;NA;1;1;NA;NA;NA;1;NA;NA;NA;NA;NA;NA;NA;NA;NA;NA;NA;NA;NA;NA;NA;NA;NA;NA;NA;NA;NA;NA;NA;NA;NA;NA;NA;NA;NA;NA;NA;NA
6430_hf - hft_min;705;0;1;0;0;0;0;0;0;0;0;0;0;0;0;1;0;0;0;0;0;NA;NA;NA;0;0;0;0;0;0;0;NA;1;NA;NA;NA;NA;NA;NA;NA;NA;NA;NA;NA;NA;NA;NA;NA;NA;NA;NA;NA;NA;NA;NA;NA;NA;NA;NA;NA;NA;0;0;NA;0;NA;NA;0;NA;NA;1;0;NA;NA;NA;NA;NA;1;1;NA;NA;NA;1;NA;NA;NA;NA;NA;NA;NA;NA;NA;NA;NA;NA;NA;NA;NA;NA;NA;NA;NA;NA;NA;NA;NA;NA;NA;NA;NA;NA;NA;NA;NA;NA
6430_hf - hft_min;706;0;0;NA;0;0;0;0;0;0;0;0;0;0;0;0;NA;NA;NA;NA;NA;NA;NA;NA;NA;NA;NA;0;0;0;0;1;NA;NA;1;NA;NA;NA;NA;NA;NA;NA;NA;NA;NA;NA;NA;NA;NA;NA;NA;NA;NA;NA;NA;NA;NA;NA;NA;NA;NA;0;0;NA;0;NA;NA;0;NA;NA;1;0;NA;NA;NA;NA;NA;1;1;NA;NA;NA;1;NA;NA;NA;NA;NA;NA;NA;NA;NA;NA;NA;NA;NA;NA;NA;NA;NA;NA;NA;NA;NA;NA;NA;NA;NA;NA;NA;NA;NA;NA;NA;NA
6430_hf - hft_min;707;0;1;0;0;0;0;0;0;0;0;0;0;0;0;0;NA;NA;NA;NA;NA;NA;NA;NA;NA;NA;NA;0;0;0;0;1;NA;NA;1;NA;NA;NA;NA;NA;NA;NA;NA;NA;NA;NA;NA;NA;NA;NA;NA;NA;NA;NA;NA;NA;NA;NA;NA;NA;NA;0;0;NA;0;NA;NA;0;NA;NA;1;0;NA;NA;NA;NA;NA;1;1;NA;NA;NA;1;NA;NA;NA;NA;NA;NA;NA;NA;NA;NA;NA;NA;NA;NA;NA;NA;NA;NA;NA;NA;NA;NA;NA;NA;NA;NA;NA;NA;NA;NA;NA;NA
6430_hf - hft_min;708;0;0;NA;0;0;0;0;0;0;0;0;0;0;0;1;0;0;0;0;1;0;0;0;NA;NA;NA;0;0;0;0;1;NA;NA;1;NA;NA;NA;NA;NA;NA;NA;NA;NA;NA;NA;NA;NA;NA;NA;NA;NA;NA;NA;NA;NA;NA;NA;NA;NA;NA;0;0;NA;0;NA;NA;0;NA;NA;1;0;NA;NA;NA;NA;NA;1;1;NA;NA;NA;1;NA;NA;NA;NA;NA;NA;NA;NA;NA;NA;NA;NA;NA;NA;NA;NA;NA;NA;NA;NA;NA;NA;NA;NA;NA;NA;NA;NA;NA;NA;NA;NA
6430_hf - hft_min;709;0;1;0;0;0;0;0;0;0;0;0;0;0;0;1;0;0;0;0;1;0;0;0;NA;NA;NA;0;0;0;0;1;NA;NA;1;NA;NA;NA;NA;NA;NA;NA;NA;NA;NA;NA;NA;NA;NA;NA;NA;NA;NA;NA;NA;NA;NA;NA;NA;NA;NA;0;0;NA;0;NA;NA;0;NA;NA;1;0;NA;NA;NA;NA;NA;1;1;NA;NA;NA;1;NA;NA;NA;NA;NA;NA;NA;NA;NA;NA;NA;NA;NA;NA;NA;NA;NA;NA;NA;NA;NA;NA;NA;NA;NA;NA;NA;NA;NA;NA;NA;NA
6430_hf - hft_min;710;0;0;NA;0;0;0;0;0;0;0;0;0;0;0;1;0;0;0;0;0;NA;NA;NA;0;0;0;0;0;0;0;1;NA;NA;1;NA;NA;NA;NA;NA;NA;NA;NA;NA;NA;NA;NA;NA;NA;NA;NA;NA;NA;NA;NA;NA;NA;NA;NA;NA;NA;0;0;NA;0;NA;NA;0;NA;NA;1;0;NA;NA;NA;NA;NA;1;1;NA;NA;NA;1;NA;NA;NA;NA;NA;NA;NA;NA;NA;NA;NA;NA;NA;NA;NA;NA;NA;NA;NA;NA;NA;NA;NA;NA;NA;NA;NA;NA;NA;NA;NA;NA
6430_hf - hft_min;711;0;1;0;0;0;0;0;0;0;0;0;0;0;0;1;0;0;0;0;0;NA;NA;NA;0;0;0;0;0;0;0;1;NA;NA;1;NA;NA;NA;NA;NA;NA;NA;NA;NA;NA;NA;NA;NA;NA;NA;NA;NA;NA;NA;NA;NA;NA;NA;NA;NA;NA;0;0;NA;0;NA;NA;0;NA;NA;1;0;NA;NA;NA;NA;NA;1;1;NA;NA;NA;1;NA;NA;NA;NA;NA;NA;NA;NA;NA;NA;NA;NA;NA;NA;NA;NA;NA;NA;NA;NA;NA;NA;NA;NA;NA;NA;NA;NA;NA;NA;NA;NA
6430_hf - hft_min;712;0;0;NA;0;0;0;0;0;0;0;0;0;0;0;0;NA;NA;NA;NA;NA;NA;NA;NA;NA;NA;NA;0;0;0;1;NA;NA;NA;1;NA;NA;NA;NA;NA;NA;0;0;NA;NA;NA;NA;NA;NA;0;1;NA;NA;NA;NA;NA;NA;NA;NA;NA;NA;0;0;NA;0;NA;NA;0;NA;NA;1;0;NA;NA;NA;NA;NA;1;1;NA;NA;NA;1;NA;NA;NA;NA;NA;NA;NA;NA;NA;NA;NA;NA;NA;NA;NA;NA;NA;NA;NA;NA;NA;NA;NA;NA;NA;NA;NA;NA;NA;NA;NA;NA
6430_hf - hft_min;713;0;1;0;0;0;0;0;0;0;0;0;0;0;0;0;NA;NA;NA;NA;NA;NA;NA;NA;NA;NA;NA;0;0;0;1;NA;NA;NA;1;NA;NA;NA;NA;NA;NA;0;0;NA;NA;NA;NA;NA;NA;0;1;NA;NA;NA;NA;NA;NA;NA;NA;NA;NA;0;0;NA;0;NA;NA;0;NA;NA;1;0;NA;NA;NA;NA;NA;1;1;NA;NA;NA;1;NA;NA;NA;NA;NA;NA;NA;NA;NA;NA;NA;NA;NA;NA;NA;NA;NA;NA;NA;NA;NA;NA;NA;NA;NA;NA;NA;NA;NA;NA;NA;NA
6430_hf - hft_min;714;0;0;NA;0;0;0;0;0;0;0;0;0;0;0;1;0;0;0;0;1;0;0;0;NA;NA;NA;0;0;0;1;NA;NA;NA;1;NA;NA;NA;NA;NA;NA;0;0;NA;NA;NA;NA;NA;NA;0;1;NA;NA;NA;NA;NA;NA;NA;NA;NA;NA;0;0;NA;0;NA;NA;0;NA;NA;1;0;NA;NA;NA;NA;NA;1;1;NA;NA;NA;1;NA;NA;NA;NA;NA;NA;NA;NA;NA;NA;NA;NA;NA;NA;NA;NA;NA;NA;NA;NA;NA;NA;NA;NA;NA;NA;NA;NA;NA;NA;NA;NA
6430_hf - hft_min;715;0;1;0;0;0;0;0;0;0;0;0;0;0;0;1;0;0;0;0;1;0;0;0;NA;NA;NA;0;0;0;1;NA;NA;NA;1;NA;NA;NA;NA;NA;NA;0;0;NA;NA;NA;NA;NA;NA;0;1;NA;NA;NA;NA;NA;NA;NA;NA;NA;NA;0;0;NA;0;NA;NA;0;NA;NA;1;0;NA;NA;NA;NA;NA;1;1;NA;NA;NA;1;NA;NA;NA;NA;NA;NA;NA;NA;NA;NA;NA;NA;NA;NA;NA;NA;NA;NA;NA;NA;NA;NA;NA;NA;NA;NA;NA;NA;NA;NA;NA;NA
6430_hf - hft_min;716;0;0;NA;0;0;0;0;0;0;0;0;0;0;0;1;0;0;0;0;0;NA;NA;NA;0;0;0;0;0;0;1;NA;NA;NA;1;NA;NA;NA;NA;NA;NA;0;0;NA;NA;NA;NA;NA;NA;0;1;NA;NA;NA;NA;NA;NA;NA;NA;NA;NA;0;0;NA;0;NA;NA;0;NA;NA;1;0;NA;NA;NA;NA;NA;1;1;NA;NA;NA;1;NA;NA;NA;NA;NA;NA;NA;NA;NA;NA;NA;NA;NA;NA;NA;NA;NA;NA;NA;NA;NA;NA;NA;NA;NA;NA;NA;NA;NA;NA;NA;NA
6430_hf - hft_min;717;0;1;0;0;0;0;0;0;0;0;0;0;0;0;1;0;0;0;0;0;NA;NA;NA;0;0;0;0;0;0;1;NA;NA;NA;1;NA;NA;NA;NA;NA;NA;0;0;NA;NA;NA;NA;NA;NA;0;1;NA;NA;NA;NA;NA;NA;NA;NA;NA;NA;0;0;NA;0;NA;NA;0;NA;NA;1;0;NA;NA;NA;NA;NA;1;1;NA;NA;NA;1;NA;NA;NA;NA;NA;NA;NA;NA;NA;NA;NA;NA;NA;NA;NA;NA;NA;NA;NA;NA;NA;NA;NA;NA;NA;NA;NA;NA;NA;NA;NA;NA
6430_hf - hft_min;718;0;0;NA;0;0;0;0;0;0;0;0;0;0;0;0;NA;NA;NA;NA;NA;NA;NA;NA;NA;NA;NA;0;0;0;1;NA;NA;NA;NA;NA;NA;NA;NA;NA;NA;0;0;NA;NA;NA;NA;NA;NA;0;0;1;NA;NA;NA;NA;NA;NA;NA;NA;NA;0;0;NA;0;NA;NA;0;NA;NA;1;0;NA;NA;NA;NA;NA;1;1;NA;NA;NA;1;NA;NA;NA;NA;NA;NA;NA;NA;NA;NA;NA;NA;NA;NA;NA;NA;NA;NA;NA;NA;NA;NA;NA;NA;NA;NA;NA;NA;NA;NA;NA;NA
6430_hf - hft_min;719;0;1;0;0;0;0;0;0;0;0;0;0;0;0;0;NA;NA;NA;NA;NA;NA;NA;NA;NA;NA;NA;0;0;0;1;NA;NA;NA;NA;NA;NA;NA;NA;NA;NA;0;0;NA;NA;NA;NA;NA;NA;0;0;1;NA;NA;NA;NA;NA;NA;NA;NA;NA;0;0;NA;0;NA;NA;0;NA;NA;1;0;NA;NA;NA;NA;NA;1;1;NA;NA;NA;1;NA;NA;NA;NA;NA;NA;NA;NA;NA;NA;NA;NA;NA;NA;NA;NA;NA;NA;NA;NA;NA;NA;NA;NA;NA;NA;NA;NA;NA;NA;NA;NA
6430_hf - hft_min;720;0;0;NA;0;0;0;0;0;0;0;0;0;0;0;1;0;0;0;0;1;0;0;0;NA;NA;NA;0;0;0;1;NA;NA;NA;NA;NA;NA;NA;NA;NA;NA;0;0;NA;NA;NA;NA;NA;NA;0;0;1;NA;NA;NA;NA;NA;NA;NA;NA;NA;0;0;NA;0;NA;NA;0;NA;NA;1;0;NA;NA;NA;NA;NA;1;1;NA;NA;NA;1;NA;NA;NA;NA;NA;NA;NA;NA;NA;NA;NA;NA;NA;NA;NA;NA;NA;NA;NA;NA;NA;NA;NA;NA;NA;NA;NA;NA;NA;NA;NA;NA
6430_hf - hft_min;721;0;1;0;0;0;0;0;0;0;0;0;0;0;0;1;0;0;0;0;1;0;0;0;NA;NA;NA;0;0;0;1;NA;NA;NA;NA;NA;NA;NA;NA;NA;NA;0;0;NA;NA;NA;NA;NA;NA;0;0;1;NA;NA;NA;NA;NA;NA;NA;NA;NA;0;0;NA;0;NA;NA;0;NA;NA;1;0;NA;NA;NA;NA;NA;1;1;NA;NA;NA;1;NA;NA;NA;NA;NA;NA;NA;NA;NA;NA;NA;NA;NA;NA;NA;NA;NA;NA;NA;NA;NA;NA;NA;NA;NA;NA;NA;NA;NA;NA;NA;NA
6430_hf - hft_min;722;0;0;NA;0;0;0;0;0;0;0;0;0;0;0;1;0;0;0;0;0;NA;NA;NA;0;0;0;0;0;0;1;NA;NA;NA;NA;NA;NA;NA;NA;NA;NA;0;0;NA;NA;NA;NA;NA;NA;0;0;1;NA;NA;NA;NA;NA;NA;NA;NA;NA;0;0;NA;0;NA;NA;0;NA;NA;1;0;NA;NA;NA;NA;NA;1;1;NA;NA;NA;1;NA;NA;NA;NA;NA;NA;NA;NA;NA;NA;NA;NA;NA;NA;NA;NA;NA;NA;NA;NA;NA;NA;NA;NA;NA;NA;NA;NA;NA;NA;NA;NA
6430_hf - hft_min;723;0;1;0;0;0;0;0;0;0;0;0;0;0;0;1;0;0;0;0;0;NA;NA;NA;0;0;0;0;0;0;1;NA;NA;NA;NA;NA;NA;NA;NA;NA;NA;0;0;NA;NA;NA;NA;NA;NA;0;0;1;NA;NA;NA;NA;NA;NA;NA;NA;NA;0;0;NA;0;NA;NA;0;NA;NA;1;0;NA;NA;NA;NA;NA;1;1;NA;NA;NA;1;NA;NA;NA;NA;NA;NA;NA;NA;NA;NA;NA;NA;NA;NA;NA;NA;NA;NA;NA;NA;NA;NA;NA;NA;NA;NA;NA;NA;NA;NA;NA;NA
6430_hf - hft_min;724;0;0;NA;0;0;0;0;0;0;0;0;0;0;0;0;NA;NA;NA;NA;NA;NA;NA;NA;NA;NA;NA;0;0;0;0;NA;1;NA;NA;NA;NA;NA;NA;NA;NA;NA;NA;NA;NA;NA;NA;NA;NA;NA;NA;NA;NA;NA;NA;NA;NA;NA;NA;NA;NA;0;0;NA;0;NA;NA;0;NA;NA;0;NA;NA;NA;NA;NA;NA;1;1;NA;NA;NA;NA;NA;1;NA;NA;NA;NA;NA;NA;NA;NA;NA;NA;NA;NA;NA;NA;NA;NA;NA;NA;NA;NA;NA;NA;NA;NA;NA;NA;NA;NA;NA;NA
6430_hf - hft_min;725;0;1;0;0;0;0;0;0;0;0;0;0;0;0;0;NA;NA;NA;NA;NA;NA;NA;NA;NA;NA;NA;0;0;0;0;NA;1;NA;NA;NA;NA;NA;NA;NA;NA;NA;NA;NA;NA;NA;NA;NA;NA;NA;NA;NA;NA;NA;NA;NA;NA;NA;NA;NA;NA;0;0;NA;0;NA;NA;0;NA;NA;0;NA;NA;NA;NA;NA;NA;1;1;NA;NA;NA;NA;NA;1;NA;NA;NA;NA;NA;NA;NA;NA;NA;NA;NA;NA;NA;NA;NA;NA;NA;NA;NA;NA;NA;NA;NA;NA;NA;NA;NA;NA;NA;NA
6430_hf - hft_min;726;0;0;NA;0;0;0;0;0;0;0;0;0;0;0;1;0;0;0;0;1;0;0;0;NA;NA;NA;0;0;0;0;NA;1;NA;NA;NA;NA;NA;NA;NA;NA;NA;NA;NA;NA;NA;NA;NA;NA;NA;NA;NA;NA;NA;NA;NA;NA;NA;NA;NA;NA;0;0;NA;0;NA;NA;0;NA;NA;0;NA;NA;NA;NA;NA;NA;1;1;NA;NA;NA;NA;NA;1;NA;NA;NA;NA;NA;NA;NA;NA;NA;NA;NA;NA;NA;NA;NA;NA;NA;NA;NA;NA;NA;NA;NA;NA;NA;NA;NA;NA;NA;NA
6430_hf - hft_min;727;0;1;0;0;0;0;0;0;0;0;0;0;0;0;1;0;0;0;0;1;0;0;0;NA;NA;NA;0;0;0;0;NA;1;NA;NA;NA;NA;NA;NA;NA;NA;NA;NA;NA;NA;NA;NA;NA;NA;NA;NA;NA;NA;NA;NA;NA;NA;NA;NA;NA;NA;0;0;NA;0;NA;NA;0;NA;NA;0;NA;NA;NA;NA;NA;NA;1;1;NA;NA;NA;NA;NA;1;NA;NA;NA;NA;NA;NA;NA;NA;NA;NA;NA;NA;NA;NA;NA;NA;NA;NA;NA;NA;NA;NA;NA;NA;NA;NA;NA;NA;NA;NA
6430_hf - hft_min;728;0;0;NA;0;0;0;0;0;0;0;0;0;0;0;1;0;0;0;0;0;NA;NA;NA;0;0;0;0;0;0;0;NA;1;NA;NA;NA;NA;NA;NA;NA;NA;NA;NA;NA;NA;NA;NA;NA;NA;NA;NA;NA;NA;NA;NA;NA;NA;NA;NA;NA;NA;0;0;NA;0;NA;NA;0;NA;NA;0;NA;NA;NA;NA;NA;NA;1;1;NA;NA;NA;NA;NA;1;NA;NA;NA;NA;NA;NA;NA;NA;NA;NA;NA;NA;NA;NA;NA;NA;NA;NA;NA;NA;NA;NA;NA;NA;NA;NA;NA;NA;NA;NA
6430_hf - hft_min;729;0;1;0;0;0;0;0;0;0;0;0;0;0;0;1;0;0;0;0;0;NA;NA;NA;0;0;0;0;0;0;0;NA;1;NA;NA;NA;NA;NA;NA;NA;NA;NA;NA;NA;NA;NA;NA;NA;NA;NA;NA;NA;NA;NA;NA;NA;NA;NA;NA;NA;NA;0;0;NA;0;NA;NA;0;NA;NA;0;NA;NA;NA;NA;NA;NA;1;1;NA;NA;NA;NA;NA;1;NA;NA;NA;NA;NA;NA;NA;NA;NA;NA;NA;NA;NA;NA;NA;NA;NA;NA;NA;NA;NA;NA;NA;NA;NA;NA;NA;NA;NA;NA
6430_hf - hft_min;730;0;0;NA;0;0;0;0;0;0;0;0;0;0;0;0;NA;NA;NA;NA;NA;NA;NA;NA;NA;NA;NA;0;0;0;0;1;NA;NA;1;NA;NA;NA;NA;NA;NA;NA;NA;NA;NA;NA;NA;NA;NA;NA;NA;NA;NA;NA;NA;NA;NA;NA;NA;NA;NA;0;0;NA;0;NA;NA;0;NA;NA;0;NA;NA;NA;NA;NA;NA;1;1;NA;NA;NA;NA;NA;1;NA;NA;NA;NA;NA;NA;NA;NA;NA;NA;NA;NA;NA;NA;NA;NA;NA;NA;NA;NA;NA;NA;NA;NA;NA;NA;NA;NA;NA;NA
6430_hf - hft_min;731;0;1;0;0;0;0;0;0;0;0;0;0;0;0;0;NA;NA;NA;NA;NA;NA;NA;NA;NA;NA;NA;0;0;0;0;1;NA;NA;1;NA;NA;NA;NA;NA;NA;NA;NA;NA;NA;NA;NA;NA;NA;NA;NA;NA;NA;NA;NA;NA;NA;NA;NA;NA;NA;0;0;NA;0;NA;NA;0;NA;NA;0;NA;NA;NA;NA;NA;NA;1;1;NA;NA;NA;NA;NA;1;NA;NA;NA;NA;NA;NA;NA;NA;NA;NA;NA;NA;NA;NA;NA;NA;NA;NA;NA;NA;NA;NA;NA;NA;NA;NA;NA;NA;NA;NA
6430_hf - hft_min;732;0;0;NA;0;0;0;0;0;0;0;0;0;0;0;1;0;0;0;0;1;0;0;0;NA;NA;NA;0;0;0;0;1;NA;NA;1;NA;NA;NA;NA;NA;NA;NA;NA;NA;NA;NA;NA;NA;NA;NA;NA;NA;NA;NA;NA;NA;NA;NA;NA;NA;NA;0;0;NA;0;NA;NA;0;NA;NA;0;NA;NA;NA;NA;NA;NA;1;1;NA;NA;NA;NA;NA;1;NA;NA;NA;NA;NA;NA;NA;NA;NA;NA;NA;NA;NA;NA;NA;NA;NA;NA;NA;NA;NA;NA;NA;NA;NA;NA;NA;NA;NA;NA
6430_hf - hft_min;733;0;1;0;0;0;0;0;0;0;0;0;0;0;0;1;0;0;0;0;1;0;0;0;NA;NA;NA;0;0;0;0;1;NA;NA;1;NA;NA;NA;NA;NA;NA;NA;NA;NA;NA;NA;NA;NA;NA;NA;NA;NA;NA;NA;NA;NA;NA;NA;NA;NA;NA;0;0;NA;0;NA;NA;0;NA;NA;0;NA;NA;NA;NA;NA;NA;1;1;NA;NA;NA;NA;NA;1;NA;NA;NA;NA;NA;NA;NA;NA;NA;NA;NA;NA;NA;NA;NA;NA;NA;NA;NA;NA;NA;NA;NA;NA;NA;NA;NA;NA;NA;NA
6430_hf - hft_min;734;0;0;NA;0;0;0;0;0;0;0;0;0;0;0;1;0;0;0;0;0;NA;NA;NA;0;0;0;0;0;0;0;1;NA;NA;1;NA;NA;NA;NA;NA;NA;NA;NA;NA;NA;NA;NA;NA;NA;NA;NA;NA;NA;NA;NA;NA;NA;NA;NA;NA;NA;0;0;NA;0;NA;NA;0;NA;NA;0;NA;NA;NA;NA;NA;NA;1;1;NA;NA;NA;NA;NA;1;NA;NA;NA;NA;NA;NA;NA;NA;NA;NA;NA;NA;NA;NA;NA;NA;NA;NA;NA;NA;NA;NA;NA;NA;NA;NA;NA;NA;NA;NA
6430_hf - hft_min;735;0;1;0;0;0;0;0;0;0;0;0;0;0;0;1;0;0;0;0;0;NA;NA;NA;0;0;0;0;0;0;0;1;NA;NA;1;NA;NA;NA;NA;NA;NA;NA;NA;NA;NA;NA;NA;NA;NA;NA;NA;NA;NA;NA;NA;NA;NA;NA;NA;NA;NA;0;0;NA;0;NA;NA;0;NA;NA;0;NA;NA;NA;NA;NA;NA;1;1;NA;NA;NA;NA;NA;1;NA;NA;NA;NA;NA;NA;NA;NA;NA;NA;NA;NA;NA;NA;NA;NA;NA;NA;NA;NA;NA;NA;NA;NA;NA;NA;NA;NA;NA;NA
6430_hf - hft_min;736;0;0;NA;0;0;0;0;0;0;0;0;0;0;0;0;NA;NA;NA;NA;NA;NA;NA;NA;NA;NA;NA;0;0;0;1;NA;NA;NA;1;NA;NA;NA;NA;NA;NA;0;0;NA;NA;NA;NA;NA;NA;0;1;NA;NA;NA;NA;NA;NA;NA;NA;NA;NA;0;0;NA;0;NA;NA;0;NA;NA;0;NA;NA;NA;NA;NA;NA;1;1;NA;NA;NA;NA;NA;1;NA;NA;NA;NA;NA;NA;NA;NA;NA;NA;NA;NA;NA;NA;NA;NA;NA;NA;NA;NA;NA;NA;NA;NA;NA;NA;NA;NA;NA;NA
6430_hf - hft_min;737;0;1;0;0;0;0;0;0;0;0;0;0;0;0;0;NA;NA;NA;NA;NA;NA;NA;NA;NA;NA;NA;0;0;0;1;NA;NA;NA;1;NA;NA;NA;NA;NA;NA;0;0;NA;NA;NA;NA;NA;NA;0;1;NA;NA;NA;NA;NA;NA;NA;NA;NA;NA;0;0;NA;0;NA;NA;0;NA;NA;0;NA;NA;NA;NA;NA;NA;1;1;NA;NA;NA;NA;NA;1;NA;NA;NA;NA;NA;NA;NA;NA;NA;NA;NA;NA;NA;NA;NA;NA;NA;NA;NA;NA;NA;NA;NA;NA;NA;NA;NA;NA;NA;NA
6430_hf - hft_min;738;0;0;NA;0;0;0;0;0;0;0;0;0;0;0;1;0;0;0;0;1;0;0;0;NA;NA;NA;0;0;0;1;NA;NA;NA;1;NA;NA;NA;NA;NA;NA;0;0;NA;NA;NA;NA;NA;NA;0;1;NA;NA;NA;NA;NA;NA;NA;NA;NA;NA;0;0;NA;0;NA;NA;0;NA;NA;0;NA;NA;NA;NA;NA;NA;1;1;NA;NA;NA;NA;NA;1;NA;NA;NA;NA;NA;NA;NA;NA;NA;NA;NA;NA;NA;NA;NA;NA;NA;NA;NA;NA;NA;NA;NA;NA;NA;NA;NA;NA;NA;NA
6430_hf - hft_min;739;0;1;0;0;0;0;0;0;0;0;0;0;0;0;1;0;0;0;0;1;0;0;0;NA;NA;NA;0;0;0;1;NA;NA;NA;1;NA;NA;NA;NA;NA;NA;0;0;NA;NA;NA;NA;NA;NA;0;1;NA;NA;NA;NA;NA;NA;NA;NA;NA;NA;0;0;NA;0;NA;NA;0;NA;NA;0;NA;NA;NA;NA;NA;NA;1;1;NA;NA;NA;NA;NA;1;NA;NA;NA;NA;NA;NA;NA;NA;NA;NA;NA;NA;NA;NA;NA;NA;NA;NA;NA;NA;NA;NA;NA;NA;NA;NA;NA;NA;NA;NA
6430_hf - hft_min;740;0;0;NA;0;0;0;0;0;0;0;0;0;0;0;1;0;0;0;0;0;NA;NA;NA;0;0;0;0;0;0;1;NA;NA;NA;1;NA;NA;NA;NA;NA;NA;0;0;NA;NA;NA;NA;NA;NA;0;1;NA;NA;NA;NA;NA;NA;NA;NA;NA;NA;0;0;NA;0;NA;NA;0;NA;NA;0;NA;NA;NA;NA;NA;NA;1;1;NA;NA;NA;NA;NA;1;NA;NA;NA;NA;NA;NA;NA;NA;NA;NA;NA;NA;NA;NA;NA;NA;NA;NA;NA;NA;NA;NA;NA;NA;NA;NA;NA;NA;NA;NA
6430_hf - hft_min;741;0;1;0;0;0;0;0;0;0;0;0;0;0;0;1;0;0;0;0;0;NA;NA;NA;0;0;0;0;0;0;1;NA;NA;NA;1;NA;NA;NA;NA;NA;NA;0;0;NA;NA;NA;NA;NA;NA;0;1;NA;NA;NA;NA;NA;NA;NA;NA;NA;NA;0;0;NA;0;NA;NA;0;NA;NA;0;NA;NA;NA;NA;NA;NA;1;1;NA;NA;NA;NA;NA;1;NA;NA;NA;NA;NA;NA;NA;NA;NA;NA;NA;NA;NA;NA;NA;NA;NA;NA;NA;NA;NA;NA;NA;NA;NA;NA;NA;NA;NA;NA
6430_hf - hft_min;742;0;0;NA;0;0;0;0;0;0;0;0;0;0;0;0;NA;NA;NA;NA;NA;NA;NA;NA;NA;NA;NA;0;0;0;1;NA;NA;NA;NA;NA;NA;NA;NA;NA;NA;0;0;NA;NA;NA;NA;NA;NA;0;0;1;NA;NA;NA;NA;NA;NA;NA;NA;NA;0;0;NA;0;NA;NA;0;NA;NA;0;NA;NA;NA;NA;NA;NA;1;1;NA;NA;NA;NA;NA;1;NA;NA;NA;NA;NA;NA;NA;NA;NA;NA;NA;NA;NA;NA;NA;NA;NA;NA;NA;NA;NA;NA;NA;NA;NA;NA;NA;NA;NA;NA
6430_hf - hft_min;743;0;1;0;0;0;0;0;0;0;0;0;0;0;0;0;NA;NA;NA;NA;NA;NA;NA;NA;NA;NA;NA;0;0;0;1;NA;NA;NA;NA;NA;NA;NA;NA;NA;NA;0;0;NA;NA;NA;NA;NA;NA;0;0;1;NA;NA;NA;NA;NA;NA;NA;NA;NA;0;0;NA;0;NA;NA;0;NA;NA;0;NA;NA;NA;NA;NA;NA;1;1;NA;NA;NA;NA;NA;1;NA;NA;NA;NA;NA;NA;NA;NA;NA;NA;NA;NA;NA;NA;NA;NA;NA;NA;NA;NA;NA;NA;NA;NA;NA;NA;NA;NA;NA;NA
6430_hf - hft_min;744;0;0;NA;0;0;0;0;0;0;0;0;0;0;0;1;0;0;0;0;1;0;0;0;NA;NA;NA;0;0;0;1;NA;NA;NA;NA;NA;NA;NA;NA;NA;NA;0;0;NA;NA;NA;NA;NA;NA;0;0;1;NA;NA;NA;NA;NA;NA;NA;NA;NA;0;0;NA;0;NA;NA;0;NA;NA;0;NA;NA;NA;NA;NA;NA;1;1;NA;NA;NA;NA;NA;1;NA;NA;NA;NA;NA;NA;NA;NA;NA;NA;NA;NA;NA;NA;NA;NA;NA;NA;NA;NA;NA;NA;NA;NA;NA;NA;NA;NA;NA;NA
6430_hf - hft_min;745;0;1;0;0;0;0;0;0;0;0;0;0;0;0;1;0;0;0;0;1;0;0;0;NA;NA;NA;0;0;0;1;NA;NA;NA;NA;NA;NA;NA;NA;NA;NA;0;0;NA;NA;NA;NA;NA;NA;0;0;1;NA;NA;NA;NA;NA;NA;NA;NA;NA;0;0;NA;0;NA;NA;0;NA;NA;0;NA;NA;NA;NA;NA;NA;1;1;NA;NA;NA;NA;NA;1;NA;NA;NA;NA;NA;NA;NA;NA;NA;NA;NA;NA;NA;NA;NA;NA;NA;NA;NA;NA;NA;NA;NA;NA;NA;NA;NA;NA;NA;NA
6430_hf - hft_min;746;0;0;NA;0;0;0;0;0;0;0;0;0;0;0;1;0;0;0;0;0;NA;NA;NA;0;0;0;0;0;0;1;NA;NA;NA;NA;NA;NA;NA;NA;NA;NA;0;0;NA;NA;NA;NA;NA;NA;0;0;1;NA;NA;NA;NA;NA;NA;NA;NA;NA;0;0;NA;0;NA;NA;0;NA;NA;0;NA;NA;NA;NA;NA;NA;1;1;NA;NA;NA;NA;NA;1;NA;NA;NA;NA;NA;NA;NA;NA;NA;NA;NA;NA;NA;NA;NA;NA;NA;NA;NA;NA;NA;NA;NA;NA;NA;NA;NA;NA;NA;NA
6430_hf - hft_min;747;0;1;0;0;0;0;0;0;0;0;0;0;0;0;1;0;0;0;0;0;NA;NA;NA;0;0;0;0;0;0;1;NA;NA;NA;NA;NA;NA;NA;NA;NA;NA;0;0;NA;NA;NA;NA;NA;NA;0;0;1;NA;NA;NA;NA;NA;NA;NA;NA;NA;0;0;NA;0;NA;NA;0;NA;NA;0;NA;NA;NA;NA;NA;NA;1;1;NA;NA;NA;NA;NA;1;NA;NA;NA;NA;NA;NA;NA;NA;NA;NA;NA;NA;NA;NA;NA;NA;NA;NA;NA;NA;NA;NA;NA;NA;NA;NA;NA;NA;NA;NA
6430_hf - hft_min;748;0;0;NA;0;0;0;0;0;0;0;0;0;0;0;0;NA;NA;NA;NA;NA;NA;NA;NA;NA;NA;NA;0;0;0;0;NA;1;NA;NA;NA;NA;NA;NA;NA;NA;NA;NA;NA;NA;NA;NA;NA;NA;NA;NA;NA;NA;NA;NA;NA;NA;NA;NA;NA;NA;0;0;NA;0;NA;NA;0;NA;NA;1;0;NA;NA;NA;NA;NA;1;1;NA;NA;NA;NA;NA;1;NA;NA;NA;NA;NA;NA;NA;NA;NA;NA;NA;NA;NA;NA;NA;NA;NA;NA;NA;NA;NA;NA;NA;NA;NA;NA;NA;NA;NA;NA
6430_hf - hft_min;749;0;1;0;0;0;0;0;0;0;0;0;0;0;0;0;NA;NA;NA;NA;NA;NA;NA;NA;NA;NA;NA;0;0;0;0;NA;1;NA;NA;NA;NA;NA;NA;NA;NA;NA;NA;NA;NA;NA;NA;NA;NA;NA;NA;NA;NA;NA;NA;NA;NA;NA;NA;NA;NA;0;0;NA;0;NA;NA;0;NA;NA;1;0;NA;NA;NA;NA;NA;1;1;NA;NA;NA;NA;NA;1;NA;NA;NA;NA;NA;NA;NA;NA;NA;NA;NA;NA;NA;NA;NA;NA;NA;NA;NA;NA;NA;NA;NA;NA;NA;NA;NA;NA;NA;NA
6430_hf - hft_min;750;0;0;NA;0;0;0;0;0;0;0;0;0;0;0;1;0;0;0;0;1;0;0;0;NA;NA;NA;0;0;0;0;NA;1;NA;NA;NA;NA;NA;NA;NA;NA;NA;NA;NA;NA;NA;NA;NA;NA;NA;NA;NA;NA;NA;NA;NA;NA;NA;NA;NA;NA;0;0;NA;0;NA;NA;0;NA;NA;1;0;NA;NA;NA;NA;NA;1;1;NA;NA;NA;NA;NA;1;NA;NA;NA;NA;NA;NA;NA;NA;NA;NA;NA;NA;NA;NA;NA;NA;NA;NA;NA;NA;NA;NA;NA;NA;NA;NA;NA;NA;NA;NA
6430_hf - hft_min;751;0;1;0;0;0;0;0;0;0;0;0;0;0;0;1;0;0;0;0;1;0;0;0;NA;NA;NA;0;0;0;0;NA;1;NA;NA;NA;NA;NA;NA;NA;NA;NA;NA;NA;NA;NA;NA;NA;NA;NA;NA;NA;NA;NA;NA;NA;NA;NA;NA;NA;NA;0;0;NA;0;NA;NA;0;NA;NA;1;0;NA;NA;NA;NA;NA;1;1;NA;NA;NA;NA;NA;1;NA;NA;NA;NA;NA;NA;NA;NA;NA;NA;NA;NA;NA;NA;NA;NA;NA;NA;NA;NA;NA;NA;NA;NA;NA;NA;NA;NA;NA;NA
6430_hf - hft_min;752;0;0;NA;0;0;0;0;0;0;0;0;0;0;0;1;0;0;0;0;0;NA;NA;NA;0;0;0;0;0;0;0;NA;1;NA;NA;NA;NA;NA;NA;NA;NA;NA;NA;NA;NA;NA;NA;NA;NA;NA;NA;NA;NA;NA;NA;NA;NA;NA;NA;NA;NA;0;0;NA;0;NA;NA;0;NA;NA;1;0;NA;NA;NA;NA;NA;1;1;NA;NA;NA;NA;NA;1;NA;NA;NA;NA;NA;NA;NA;NA;NA;NA;NA;NA;NA;NA;NA;NA;NA;NA;NA;NA;NA;NA;NA;NA;NA;NA;NA;NA;NA;NA
6430_hf - hft_min;753;0;1;0;0;0;0;0;0;0;0;0;0;0;0;1;0;0;0;0;0;NA;NA;NA;0;0;0;0;0;0;0;NA;1;NA;NA;NA;NA;NA;NA;NA;NA;NA;NA;NA;NA;NA;NA;NA;NA;NA;NA;NA;NA;NA;NA;NA;NA;NA;NA;NA;NA;0;0;NA;0;NA;NA;0;NA;NA;1;0;NA;NA;NA;NA;NA;1;1;NA;NA;NA;NA;NA;1;NA;NA;NA;NA;NA;NA;NA;NA;NA;NA;NA;NA;NA;NA;NA;NA;NA;NA;NA;NA;NA;NA;NA;NA;NA;NA;NA;NA;NA;NA
6430_hf - hft_min;754;0;0;NA;0;0;0;0;0;0;0;0;0;0;0;0;NA;NA;NA;NA;NA;NA;NA;NA;NA;NA;NA;0;0;0;0;1;NA;NA;1;NA;NA;NA;NA;NA;NA;NA;NA;NA;NA;NA;NA;NA;NA;NA;NA;NA;NA;NA;NA;NA;NA;NA;NA;NA;NA;0;0;NA;0;NA;NA;0;NA;NA;1;0;NA;NA;NA;NA;NA;1;1;NA;NA;NA;NA;NA;1;NA;NA;NA;NA;NA;NA;NA;NA;NA;NA;NA;NA;NA;NA;NA;NA;NA;NA;NA;NA;NA;NA;NA;NA;NA;NA;NA;NA;NA;NA
6430_hf - hft_min;755;0;1;0;0;0;0;0;0;0;0;0;0;0;0;0;NA;NA;NA;NA;NA;NA;NA;NA;NA;NA;NA;0;0;0;0;1;NA;NA;1;NA;NA;NA;NA;NA;NA;NA;NA;NA;NA;NA;NA;NA;NA;NA;NA;NA;NA;NA;NA;NA;NA;NA;NA;NA;NA;0;0;NA;0;NA;NA;0;NA;NA;1;0;NA;NA;NA;NA;NA;1;1;NA;NA;NA;NA;NA;1;NA;NA;NA;NA;NA;NA;NA;NA;NA;NA;NA;NA;NA;NA;NA;NA;NA;NA;NA;NA;NA;NA;NA;NA;NA;NA;NA;NA;NA;NA
6430_hf - hft_min;756;0;0;NA;0;0;0;0;0;0;0;0;0;0;0;1;0;0;0;0;1;0;0;0;NA;NA;NA;0;0;0;0;1;NA;NA;1;NA;NA;NA;NA;NA;NA;NA;NA;NA;NA;NA;NA;NA;NA;NA;NA;NA;NA;NA;NA;NA;NA;NA;NA;NA;NA;0;0;NA;0;NA;NA;0;NA;NA;1;0;NA;NA;NA;NA;NA;1;1;NA;NA;NA;NA;NA;1;NA;NA;NA;NA;NA;NA;NA;NA;NA;NA;NA;NA;NA;NA;NA;NA;NA;NA;NA;NA;NA;NA;NA;NA;NA;NA;NA;NA;NA;NA
6430_hf - hft_min;757;0;1;0;0;0;0;0;0;0;0;0;0;0;0;1;0;0;0;0;1;0;0;0;NA;NA;NA;0;0;0;0;1;NA;NA;1;NA;NA;NA;NA;NA;NA;NA;NA;NA;NA;NA;NA;NA;NA;NA;NA;NA;NA;NA;NA;NA;NA;NA;NA;NA;NA;0;0;NA;0;NA;NA;0;NA;NA;1;0;NA;NA;NA;NA;NA;1;1;NA;NA;NA;NA;NA;1;NA;NA;NA;NA;NA;NA;NA;NA;NA;NA;NA;NA;NA;NA;NA;NA;NA;NA;NA;NA;NA;NA;NA;NA;NA;NA;NA;NA;NA;NA
6430_hf - hft_min;758;0;0;NA;0;0;0;0;0;0;0;0;0;0;0;1;0;0;0;0;0;NA;NA;NA;0;0;0;0;0;0;0;1;NA;NA;1;NA;NA;NA;NA;NA;NA;NA;NA;NA;NA;NA;NA;NA;NA;NA;NA;NA;NA;NA;NA;NA;NA;NA;NA;NA;NA;0;0;NA;0;NA;NA;0;NA;NA;1;0;NA;NA;NA;NA;NA;1;1;NA;NA;NA;NA;NA;1;NA;NA;NA;NA;NA;NA;NA;NA;NA;NA;NA;NA;NA;NA;NA;NA;NA;NA;NA;NA;NA;NA;NA;NA;NA;NA;NA;NA;NA;NA
6430_hf - hft_min;759;0;1;0;0;0;0;0;0;0;0;0;0;0;0;1;0;0;0;0;0;NA;NA;NA;0;0;0;0;0;0;0;1;NA;NA;1;NA;NA;NA;NA;NA;NA;NA;NA;NA;NA;NA;NA;NA;NA;NA;NA;NA;NA;NA;NA;NA;NA;NA;NA;NA;NA;0;0;NA;0;NA;NA;0;NA;NA;1;0;NA;NA;NA;NA;NA;1;1;NA;NA;NA;NA;NA;1;NA;NA;NA;NA;NA;NA;NA;NA;NA;NA;NA;NA;NA;NA;NA;NA;NA;NA;NA;NA;NA;NA;NA;NA;NA;NA;NA;NA;NA;NA
6430_hf - hft_min;760;0;0;NA;0;0;0;0;0;0;0;0;0;0;0;0;NA;NA;NA;NA;NA;NA;NA;NA;NA;NA;NA;0;0;0;1;NA;NA;NA;1;NA;NA;NA;NA;NA;NA;0;0;NA;NA;NA;NA;NA;NA;0;1;NA;NA;NA;NA;NA;NA;NA;NA;NA;NA;0;0;NA;0;NA;NA;0;NA;NA;1;0;NA;NA;NA;NA;NA;1;1;NA;NA;NA;NA;NA;1;NA;NA;NA;NA;NA;NA;NA;NA;NA;NA;NA;NA;NA;NA;NA;NA;NA;NA;NA;NA;NA;NA;NA;NA;NA;NA;NA;NA;NA;NA
6430_hf - hft_min;761;0;1;0;0;0;0;0;0;0;0;0;0;0;0;0;NA;NA;NA;NA;NA;NA;NA;NA;NA;NA;NA;0;0;0;1;NA;NA;NA;1;NA;NA;NA;NA;NA;NA;0;0;NA;NA;NA;NA;NA;NA;0;1;NA;NA;NA;NA;NA;NA;NA;NA;NA;NA;0;0;NA;0;NA;NA;0;NA;NA;1;0;NA;NA;NA;NA;NA;1;1;NA;NA;NA;NA;NA;1;NA;NA;NA;NA;NA;NA;NA;NA;NA;NA;NA;NA;NA;NA;NA;NA;NA;NA;NA;NA;NA;NA;NA;NA;NA;NA;NA;NA;NA;NA
6430_hf - hft_min;762;0;0;NA;0;0;0;0;0;0;0;0;0;0;0;1;0;0;0;0;1;0;0;0;NA;NA;NA;0;0;0;1;NA;NA;NA;1;NA;NA;NA;NA;NA;NA;0;0;NA;NA;NA;NA;NA;NA;0;1;NA;NA;NA;NA;NA;NA;NA;NA;NA;NA;0;0;NA;0;NA;NA;0;NA;NA;1;0;NA;NA;NA;NA;NA;1;1;NA;NA;NA;NA;NA;1;NA;NA;NA;NA;NA;NA;NA;NA;NA;NA;NA;NA;NA;NA;NA;NA;NA;NA;NA;NA;NA;NA;NA;NA;NA;NA;NA;NA;NA;NA
6430_hf - hft_min;763;0;1;0;0;0;0;0;0;0;0;0;0;0;0;1;0;0;0;0;1;0;0;0;NA;NA;NA;0;0;0;1;NA;NA;NA;1;NA;NA;NA;NA;NA;NA;0;0;NA;NA;NA;NA;NA;NA;0;1;NA;NA;NA;NA;NA;NA;NA;NA;NA;NA;0;0;NA;0;NA;NA;0;NA;NA;1;0;NA;NA;NA;NA;NA;1;1;NA;NA;NA;NA;NA;1;NA;NA;NA;NA;NA;NA;NA;NA;NA;NA;NA;NA;NA;NA;NA;NA;NA;NA;NA;NA;NA;NA;NA;NA;NA;NA;NA;NA;NA;NA
6430_hf - hft_min;764;0;0;NA;0;0;0;0;0;0;0;0;0;0;0;1;0;0;0;0;0;NA;NA;NA;0;0;0;0;0;0;1;NA;NA;NA;1;NA;NA;NA;NA;NA;NA;0;0;NA;NA;NA;NA;NA;NA;0;1;NA;NA;NA;NA;NA;NA;NA;NA;NA;NA;0;0;NA;0;NA;NA;0;NA;NA;1;0;NA;NA;NA;NA;NA;1;1;NA;NA;NA;NA;NA;1;NA;NA;NA;NA;NA;NA;NA;NA;NA;NA;NA;NA;NA;NA;NA;NA;NA;NA;NA;NA;NA;NA;NA;NA;NA;NA;NA;NA;NA;NA
6430_hf - hft_min;765;0;1;0;0;0;0;0;0;0;0;0;0;0;0;1;0;0;0;0;0;NA;NA;NA;0;0;0;0;0;0;1;NA;NA;NA;1;NA;NA;NA;NA;NA;NA;0;0;NA;NA;NA;NA;NA;NA;0;1;NA;NA;NA;NA;NA;NA;NA;NA;NA;NA;0;0;NA;0;NA;NA;0;NA;NA;1;0;NA;NA;NA;NA;NA;1;1;NA;NA;NA;NA;NA;1;NA;NA;NA;NA;NA;NA;NA;NA;NA;NA;NA;NA;NA;NA;NA;NA;NA;NA;NA;NA;NA;NA;NA;NA;NA;NA;NA;NA;NA;NA
6430_hf - hft_min;766;0;0;NA;0;0;0;0;0;0;0;0;0;0;0;0;NA;NA;NA;NA;NA;NA;NA;NA;NA;NA;NA;0;0;0;1;NA;NA;NA;NA;NA;NA;NA;NA;NA;NA;0;0;NA;NA;NA;NA;NA;NA;0;0;1;NA;NA;NA;NA;NA;NA;NA;NA;NA;0;0;NA;0;NA;NA;0;NA;NA;1;0;NA;NA;NA;NA;NA;1;1;NA;NA;NA;NA;NA;1;NA;NA;NA;NA;NA;NA;NA;NA;NA;NA;NA;NA;NA;NA;NA;NA;NA;NA;NA;NA;NA;NA;NA;NA;NA;NA;NA;NA;NA;NA
6430_hf - hft_min;767;0;1;0;0;0;0;0;0;0;0;0;0;0;0;0;NA;NA;NA;NA;NA;NA;NA;NA;NA;NA;NA;0;0;0;1;NA;NA;NA;NA;NA;NA;NA;NA;NA;NA;0;0;NA;NA;NA;NA;NA;NA;0;0;1;NA;NA;NA;NA;NA;NA;NA;NA;NA;0;0;NA;0;NA;NA;0;NA;NA;1;0;NA;NA;NA;NA;NA;1;1;NA;NA;NA;NA;NA;1;NA;NA;NA;NA;NA;NA;NA;NA;NA;NA;NA;NA;NA;NA;NA;NA;NA;NA;NA;NA;NA;NA;NA;NA;NA;NA;NA;NA;NA;NA
6430_hf - hft_min;768;0;0;NA;0;0;0;0;0;0;0;0;0;0;0;1;0;0;0;0;1;0;0;0;NA;NA;NA;0;0;0;1;NA;NA;NA;NA;NA;NA;NA;NA;NA;NA;0;0;NA;NA;NA;NA;NA;NA;0;0;1;NA;NA;NA;NA;NA;NA;NA;NA;NA;0;0;NA;0;NA;NA;0;NA;NA;1;0;NA;NA;NA;NA;NA;1;1;NA;NA;NA;NA;NA;1;NA;NA;NA;NA;NA;NA;NA;NA;NA;NA;NA;NA;NA;NA;NA;NA;NA;NA;NA;NA;NA;NA;NA;NA;NA;NA;NA;NA;NA;NA
6430_hf - hft_min;769;0;1;0;0;0;0;0;0;0;0;0;0;0;0;1;0;0;0;0;1;0;0;0;NA;NA;NA;0;0;0;1;NA;NA;NA;NA;NA;NA;NA;NA;NA;NA;0;0;NA;NA;NA;NA;NA;NA;0;0;1;NA;NA;NA;NA;NA;NA;NA;NA;NA;0;0;NA;0;NA;NA;0;NA;NA;1;0;NA;NA;NA;NA;NA;1;1;NA;NA;NA;NA;NA;1;NA;NA;NA;NA;NA;NA;NA;NA;NA;NA;NA;NA;NA;NA;NA;NA;NA;NA;NA;NA;NA;NA;NA;NA;NA;NA;NA;NA;NA;NA
6430_hf - hft_min;770;0;0;NA;0;0;0;0;0;0;0;0;0;0;0;1;0;0;0;0;0;NA;NA;NA;0;0;0;0;0;0;1;NA;NA;NA;NA;NA;NA;NA;NA;NA;NA;0;0;NA;NA;NA;NA;NA;NA;0;0;1;NA;NA;NA;NA;NA;NA;NA;NA;NA;0;0;NA;0;NA;NA;0;NA;NA;1;0;NA;NA;NA;NA;NA;1;1;NA;NA;NA;NA;NA;1;NA;NA;NA;NA;NA;NA;NA;NA;NA;NA;NA;NA;NA;NA;NA;NA;NA;NA;NA;NA;NA;NA;NA;NA;NA;NA;NA;NA;NA;NA
6430_hf - hft_min;771;0;1;0;0;0;0;0;0;0;0;0;0;0;0;1;0;0;0;0;0;NA;NA;NA;0;0;0;0;0;0;1;NA;NA;NA;NA;NA;NA;NA;NA;NA;NA;0;0;NA;NA;NA;NA;NA;NA;0;0;1;NA;NA;NA;NA;NA;NA;NA;NA;NA;0;0;NA;0;NA;NA;0;NA;NA;1;0;NA;NA;NA;NA;NA;1;1;NA;NA;NA;NA;NA;1;NA;NA;NA;NA;NA;NA;NA;NA;NA;NA;NA;NA;NA;NA;NA;NA;NA;NA;NA;NA;NA;NA;NA;NA;NA;NA;NA;NA;NA;NA
6430_hf - hft_min;772;0;0;NA;0;0;0;0;0;0;0;0;0;0;0;0;NA;NA;NA;NA;NA;NA;NA;NA;NA;NA;NA;0;0;0;0;NA;1;NA;NA;NA;NA;NA;NA;NA;NA;NA;NA;NA;NA;NA;NA;NA;NA;NA;NA;NA;NA;NA;NA;NA;NA;NA;NA;NA;NA;0;0;NA;0;NA;NA;0;NA;NA;0;NA;NA;NA;NA;NA;NA;1;1;NA;NA;NA;NA;NA;NA;NA;1;NA;NA;NA;NA;NA;NA;NA;NA;NA;NA;NA;NA;NA;NA;NA;NA;NA;NA;NA;NA;NA;NA;NA;NA;NA;NA;NA;NA
6430_hf - hft_min;773;0;1;0;0;0;0;0;0;0;0;0;0;0;0;0;NA;NA;NA;NA;NA;NA;NA;NA;NA;NA;NA;0;0;0;0;NA;1;NA;NA;NA;NA;NA;NA;NA;NA;NA;NA;NA;NA;NA;NA;NA;NA;NA;NA;NA;NA;NA;NA;NA;NA;NA;NA;NA;NA;0;0;NA;0;NA;NA;0;NA;NA;0;NA;NA;NA;NA;NA;NA;1;1;NA;NA;NA;NA;NA;NA;NA;1;NA;NA;NA;NA;NA;NA;NA;NA;NA;NA;NA;NA;NA;NA;NA;NA;NA;NA;NA;NA;NA;NA;NA;NA;NA;NA;NA;NA
6430_hf - hft_min;774;0;0;NA;0;0;0;0;0;0;0;0;0;0;0;1;0;0;0;0;1;0;0;0;NA;NA;NA;0;0;0;0;NA;1;NA;NA;NA;NA;NA;NA;NA;NA;NA;NA;NA;NA;NA;NA;NA;NA;NA;NA;NA;NA;NA;NA;NA;NA;NA;NA;NA;NA;0;0;NA;0;NA;NA;0;NA;NA;0;NA;NA;NA;NA;NA;NA;1;1;NA;NA;NA;NA;NA;NA;NA;1;NA;NA;NA;NA;NA;NA;NA;NA;NA;NA;NA;NA;NA;NA;NA;NA;NA;NA;NA;NA;NA;NA;NA;NA;NA;NA;NA;NA
6430_hf - hft_min;775;0;1;0;0;0;0;0;0;0;0;0;0;0;0;1;0;0;0;0;1;0;0;0;NA;NA;NA;0;0;0;0;NA;1;NA;NA;NA;NA;NA;NA;NA;NA;NA;NA;NA;NA;NA;NA;NA;NA;NA;NA;NA;NA;NA;NA;NA;NA;NA;NA;NA;NA;0;0;NA;0;NA;NA;0;NA;NA;0;NA;NA;NA;NA;NA;NA;1;1;NA;NA;NA;NA;NA;NA;NA;1;NA;NA;NA;NA;NA;NA;NA;NA;NA;NA;NA;NA;NA;NA;NA;NA;NA;NA;NA;NA;NA;NA;NA;NA;NA;NA;NA;NA
6430_hf - hft_min;776;0;0;NA;0;0;0;0;0;0;0;0;0;0;0;1;0;0;0;0;0;NA;NA;NA;0;0;0;0;0;0;0;NA;1;NA;NA;NA;NA;NA;NA;NA;NA;NA;NA;NA;NA;NA;NA;NA;NA;NA;NA;NA;NA;NA;NA;NA;NA;NA;NA;NA;NA;0;0;NA;0;NA;NA;0;NA;NA;0;NA;NA;NA;NA;NA;NA;1;1;NA;NA;NA;NA;NA;NA;NA;1;NA;NA;NA;NA;NA;NA;NA;NA;NA;NA;NA;NA;NA;NA;NA;NA;NA;NA;NA;NA;NA;NA;NA;NA;NA;NA;NA;NA
6430_hf - hft_min;777;0;1;0;0;0;0;0;0;0;0;0;0;0;0;1;0;0;0;0;0;NA;NA;NA;0;0;0;0;0;0;0;NA;1;NA;NA;NA;NA;NA;NA;NA;NA;NA;NA;NA;NA;NA;NA;NA;NA;NA;NA;NA;NA;NA;NA;NA;NA;NA;NA;NA;NA;0;0;NA;0;NA;NA;0;NA;NA;0;NA;NA;NA;NA;NA;NA;1;1;NA;NA;NA;NA;NA;NA;NA;1;NA;NA;NA;NA;NA;NA;NA;NA;NA;NA;NA;NA;NA;NA;NA;NA;NA;NA;NA;NA;NA;NA;NA;NA;NA;NA;NA;NA
6430_hf - hft_min;778;0;0;NA;0;0;0;0;0;0;0;0;0;0;0;0;NA;NA;NA;NA;NA;NA;NA;NA;NA;NA;NA;0;0;0;0;1;NA;NA;1;NA;NA;NA;NA;NA;NA;NA;NA;NA;NA;NA;NA;NA;NA;NA;NA;NA;NA;NA;NA;NA;NA;NA;NA;NA;NA;0;0;NA;0;NA;NA;0;NA;NA;0;NA;NA;NA;NA;NA;NA;1;1;NA;NA;NA;NA;NA;NA;NA;1;NA;NA;NA;NA;NA;NA;NA;NA;NA;NA;NA;NA;NA;NA;NA;NA;NA;NA;NA;NA;NA;NA;NA;NA;NA;NA;NA;NA
6430_hf - hft_min;779;0;1;0;0;0;0;0;0;0;0;0;0;0;0;0;NA;NA;NA;NA;NA;NA;NA;NA;NA;NA;NA;0;0;0;0;1;NA;NA;1;NA;NA;NA;NA;NA;NA;NA;NA;NA;NA;NA;NA;NA;NA;NA;NA;NA;NA;NA;NA;NA;NA;NA;NA;NA;NA;0;0;NA;0;NA;NA;0;NA;NA;0;NA;NA;NA;NA;NA;NA;1;1;NA;NA;NA;NA;NA;NA;NA;1;NA;NA;NA;NA;NA;NA;NA;NA;NA;NA;NA;NA;NA;NA;NA;NA;NA;NA;NA;NA;NA;NA;NA;NA;NA;NA;NA;NA
6430_hf - hft_min;780;0;0;NA;0;0;0;0;0;0;0;0;0;0;0;1;0;0;0;0;1;0;0;0;NA;NA;NA;0;0;0;0;1;NA;NA;1;NA;NA;NA;NA;NA;NA;NA;NA;NA;NA;NA;NA;NA;NA;NA;NA;NA;NA;NA;NA;NA;NA;NA;NA;NA;NA;0;0;NA;0;NA;NA;0;NA;NA;0;NA;NA;NA;NA;NA;NA;1;1;NA;NA;NA;NA;NA;NA;NA;1;NA;NA;NA;NA;NA;NA;NA;NA;NA;NA;NA;NA;NA;NA;NA;NA;NA;NA;NA;NA;NA;NA;NA;NA;NA;NA;NA;NA
6430_hf - hft_min;781;0;1;0;0;0;0;0;0;0;0;0;0;0;0;1;0;0;0;0;1;0;0;0;NA;NA;NA;0;0;0;0;1;NA;NA;1;NA;NA;NA;NA;NA;NA;NA;NA;NA;NA;NA;NA;NA;NA;NA;NA;NA;NA;NA;NA;NA;NA;NA;NA;NA;NA;0;0;NA;0;NA;NA;0;NA;NA;0;NA;NA;NA;NA;NA;NA;1;1;NA;NA;NA;NA;NA;NA;NA;1;NA;NA;NA;NA;NA;NA;NA;NA;NA;NA;NA;NA;NA;NA;NA;NA;NA;NA;NA;NA;NA;NA;NA;NA;NA;NA;NA;NA
6430_hf - hft_min;782;0;0;NA;0;0;0;0;0;0;0;0;0;0;0;1;0;0;0;0;0;NA;NA;NA;0;0;0;0;0;0;0;1;NA;NA;1;NA;NA;NA;NA;NA;NA;NA;NA;NA;NA;NA;NA;NA;NA;NA;NA;NA;NA;NA;NA;NA;NA;NA;NA;NA;NA;0;0;NA;0;NA;NA;0;NA;NA;0;NA;NA;NA;NA;NA;NA;1;1;NA;NA;NA;NA;NA;NA;NA;1;NA;NA;NA;NA;NA;NA;NA;NA;NA;NA;NA;NA;NA;NA;NA;NA;NA;NA;NA;NA;NA;NA;NA;NA;NA;NA;NA;NA
6430_hf - hft_min;783;0;1;0;0;0;0;0;0;0;0;0;0;0;0;1;0;0;0;0;0;NA;NA;NA;0;0;0;0;0;0;0;1;NA;NA;1;NA;NA;NA;NA;NA;NA;NA;NA;NA;NA;NA;NA;NA;NA;NA;NA;NA;NA;NA;NA;NA;NA;NA;NA;NA;NA;0;0;NA;0;NA;NA;0;NA;NA;0;NA;NA;NA;NA;NA;NA;1;1;NA;NA;NA;NA;NA;NA;NA;1;NA;NA;NA;NA;NA;NA;NA;NA;NA;NA;NA;NA;NA;NA;NA;NA;NA;NA;NA;NA;NA;NA;NA;NA;NA;NA;NA;NA
6430_hf - hft_min;784;0;0;NA;0;0;0;0;0;0;0;0;0;0;0;0;NA;NA;NA;NA;NA;NA;NA;NA;NA;NA;NA;0;0;0;1;NA;NA;NA;1;NA;NA;NA;NA;NA;NA;0;0;NA;NA;NA;NA;NA;NA;0;1;NA;NA;NA;NA;NA;NA;NA;NA;NA;NA;0;0;NA;0;NA;NA;0;NA;NA;0;NA;NA;NA;NA;NA;NA;1;1;NA;NA;NA;NA;NA;NA;NA;1;NA;NA;NA;NA;NA;NA;NA;NA;NA;NA;NA;NA;NA;NA;NA;NA;NA;NA;NA;NA;NA;NA;NA;NA;NA;NA;NA;NA
6430_hf - hft_min;785;0;1;0;0;0;0;0;0;0;0;0;0;0;0;0;NA;NA;NA;NA;NA;NA;NA;NA;NA;NA;NA;0;0;0;1;NA;NA;NA;1;NA;NA;NA;NA;NA;NA;0;0;NA;NA;NA;NA;NA;NA;0;1;NA;NA;NA;NA;NA;NA;NA;NA;NA;NA;0;0;NA;0;NA;NA;0;NA;NA;0;NA;NA;NA;NA;NA;NA;1;1;NA;NA;NA;NA;NA;NA;NA;1;NA;NA;NA;NA;NA;NA;NA;NA;NA;NA;NA;NA;NA;NA;NA;NA;NA;NA;NA;NA;NA;NA;NA;NA;NA;NA;NA;NA
6430_hf - hft_min;786;0;0;NA;0;0;0;0;0;0;0;0;0;0;0;1;0;0;0;0;1;0;0;0;NA;NA;NA;0;0;0;1;NA;NA;NA;1;NA;NA;NA;NA;NA;NA;0;0;NA;NA;NA;NA;NA;NA;0;1;NA;NA;NA;NA;NA;NA;NA;NA;NA;NA;0;0;NA;0;NA;NA;0;NA;NA;0;NA;NA;NA;NA;NA;NA;1;1;NA;NA;NA;NA;NA;NA;NA;1;NA;NA;NA;NA;NA;NA;NA;NA;NA;NA;NA;NA;NA;NA;NA;NA;NA;NA;NA;NA;NA;NA;NA;NA;NA;NA;NA;NA
6430_hf - hft_min;787;0;1;0;0;0;0;0;0;0;0;0;0;0;0;1;0;0;0;0;1;0;0;0;NA;NA;NA;0;0;0;1;NA;NA;NA;1;NA;NA;NA;NA;NA;NA;0;0;NA;NA;NA;NA;NA;NA;0;1;NA;NA;NA;NA;NA;NA;NA;NA;NA;NA;0;0;NA;0;NA;NA;0;NA;NA;0;NA;NA;NA;NA;NA;NA;1;1;NA;NA;NA;NA;NA;NA;NA;1;NA;NA;NA;NA;NA;NA;NA;NA;NA;NA;NA;NA;NA;NA;NA;NA;NA;NA;NA;NA;NA;NA;NA;NA;NA;NA;NA;NA
6430_hf - hft_min;788;0;0;NA;0;0;0;0;0;0;0;0;0;0;0;1;0;0;0;0;0;NA;NA;NA;0;0;0;0;0;0;1;NA;NA;NA;1;NA;NA;NA;NA;NA;NA;0;0;NA;NA;NA;NA;NA;NA;0;1;NA;NA;NA;NA;NA;NA;NA;NA;NA;NA;0;0;NA;0;NA;NA;0;NA;NA;0;NA;NA;NA;NA;NA;NA;1;1;NA;NA;NA;NA;NA;NA;NA;1;NA;NA;NA;NA;NA;NA;NA;NA;NA;NA;NA;NA;NA;NA;NA;NA;NA;NA;NA;NA;NA;NA;NA;NA;NA;NA;NA;NA
6430_hf - hft_min;789;0;1;0;0;0;0;0;0;0;0;0;0;0;0;1;0;0;0;0;0;NA;NA;NA;0;0;0;0;0;0;1;NA;NA;NA;1;NA;NA;NA;NA;NA;NA;0;0;NA;NA;NA;NA;NA;NA;0;1;NA;NA;NA;NA;NA;NA;NA;NA;NA;NA;0;0;NA;0;NA;NA;0;NA;NA;0;NA;NA;NA;NA;NA;NA;1;1;NA;NA;NA;NA;NA;NA;NA;1;NA;NA;NA;NA;NA;NA;NA;NA;NA;NA;NA;NA;NA;NA;NA;NA;NA;NA;NA;NA;NA;NA;NA;NA;NA;NA;NA;NA
6430_hf - hft_min;790;0;0;NA;0;0;0;0;0;0;0;0;0;0;0;0;NA;NA;NA;NA;NA;NA;NA;NA;NA;NA;NA;0;0;0;1;NA;NA;NA;NA;NA;NA;NA;NA;NA;NA;0;0;NA;NA;NA;NA;NA;NA;0;0;1;NA;NA;NA;NA;NA;NA;NA;NA;NA;0;0;NA;0;NA;NA;0;NA;NA;0;NA;NA;NA;NA;NA;NA;1;1;NA;NA;NA;NA;NA;NA;NA;1;NA;NA;NA;NA;NA;NA;NA;NA;NA;NA;NA;NA;NA;NA;NA;NA;NA;NA;NA;NA;NA;NA;NA;NA;NA;NA;NA;NA
6430_hf - hft_min;791;0;1;0;0;0;0;0;0;0;0;0;0;0;0;0;NA;NA;NA;NA;NA;NA;NA;NA;NA;NA;NA;0;0;0;1;NA;NA;NA;NA;NA;NA;NA;NA;NA;NA;0;0;NA;NA;NA;NA;NA;NA;0;0;1;NA;NA;NA;NA;NA;NA;NA;NA;NA;0;0;NA;0;NA;NA;0;NA;NA;0;NA;NA;NA;NA;NA;NA;1;1;NA;NA;NA;NA;NA;NA;NA;1;NA;NA;NA;NA;NA;NA;NA;NA;NA;NA;NA;NA;NA;NA;NA;NA;NA;NA;NA;NA;NA;NA;NA;NA;NA;NA;NA;NA
6430_hf - hft_min;792;0;0;NA;0;0;0;0;0;0;0;0;0;0;0;1;0;0;0;0;1;0;0;0;NA;NA;NA;0;0;0;1;NA;NA;NA;NA;NA;NA;NA;NA;NA;NA;0;0;NA;NA;NA;NA;NA;NA;0;0;1;NA;NA;NA;NA;NA;NA;NA;NA;NA;0;0;NA;0;NA;NA;0;NA;NA;0;NA;NA;NA;NA;NA;NA;1;1;NA;NA;NA;NA;NA;NA;NA;1;NA;NA;NA;NA;NA;NA;NA;NA;NA;NA;NA;NA;NA;NA;NA;NA;NA;NA;NA;NA;NA;NA;NA;NA;NA;NA;NA;NA
6430_hf - hft_min;793;0;1;0;0;0;0;0;0;0;0;0;0;0;0;1;0;0;0;0;1;0;0;0;NA;NA;NA;0;0;0;1;NA;NA;NA;NA;NA;NA;NA;NA;NA;NA;0;0;NA;NA;NA;NA;NA;NA;0;0;1;NA;NA;NA;NA;NA;NA;NA;NA;NA;0;0;NA;0;NA;NA;0;NA;NA;0;NA;NA;NA;NA;NA;NA;1;1;NA;NA;NA;NA;NA;NA;NA;1;NA;NA;NA;NA;NA;NA;NA;NA;NA;NA;NA;NA;NA;NA;NA;NA;NA;NA;NA;NA;NA;NA;NA;NA;NA;NA;NA;NA
6430_hf - hft_min;794;0;0;NA;0;0;0;0;0;0;0;0;0;0;0;1;0;0;0;0;0;NA;NA;NA;0;0;0;0;0;0;1;NA;NA;NA;NA;NA;NA;NA;NA;NA;NA;0;0;NA;NA;NA;NA;NA;NA;0;0;1;NA;NA;NA;NA;NA;NA;NA;NA;NA;0;0;NA;0;NA;NA;0;NA;NA;0;NA;NA;NA;NA;NA;NA;1;1;NA;NA;NA;NA;NA;NA;NA;1;NA;NA;NA;NA;NA;NA;NA;NA;NA;NA;NA;NA;NA;NA;NA;NA;NA;NA;NA;NA;NA;NA;NA;NA;NA;NA;NA;NA
6430_hf - hft_min;795;0;1;0;0;0;0;0;0;0;0;0;0;0;0;1;0;0;0;0;0;NA;NA;NA;0;0;0;0;0;0;1;NA;NA;NA;NA;NA;NA;NA;NA;NA;NA;0;0;NA;NA;NA;NA;NA;NA;0;0;1;NA;NA;NA;NA;NA;NA;NA;NA;NA;0;0;NA;0;NA;NA;0;NA;NA;0;NA;NA;NA;NA;NA;NA;1;1;NA;NA;NA;NA;NA;NA;NA;1;NA;NA;NA;NA;NA;NA;NA;NA;NA;NA;NA;NA;NA;NA;NA;NA;NA;NA;NA;NA;NA;NA;NA;NA;NA;NA;NA;NA
6430_hf - hft_min;796;0;0;NA;0;0;0;0;0;0;0;0;0;0;0;0;NA;NA;NA;NA;NA;NA;NA;NA;NA;NA;NA;0;0;0;0;NA;1;NA;NA;NA;NA;NA;NA;NA;NA;NA;NA;NA;NA;NA;NA;NA;NA;NA;NA;NA;NA;NA;NA;NA;NA;NA;NA;NA;NA;0;0;NA;0;NA;NA;0;NA;NA;1;0;NA;NA;NA;NA;NA;1;1;NA;NA;NA;NA;NA;NA;NA;1;NA;NA;NA;NA;NA;NA;NA;NA;NA;NA;NA;NA;NA;NA;NA;NA;NA;NA;NA;NA;NA;NA;NA;NA;NA;NA;NA;NA
6430_hf - hft_min;797;0;1;0;0;0;0;0;0;0;0;0;0;0;0;0;NA;NA;NA;NA;NA;NA;NA;NA;NA;NA;NA;0;0;0;0;NA;1;NA;NA;NA;NA;NA;NA;NA;NA;NA;NA;NA;NA;NA;NA;NA;NA;NA;NA;NA;NA;NA;NA;NA;NA;NA;NA;NA;NA;0;0;NA;0;NA;NA;0;NA;NA;1;0;NA;NA;NA;NA;NA;1;1;NA;NA;NA;NA;NA;NA;NA;1;NA;NA;NA;NA;NA;NA;NA;NA;NA;NA;NA;NA;NA;NA;NA;NA;NA;NA;NA;NA;NA;NA;NA;NA;NA;NA;NA;NA
6430_hf - hft_min;798;0;0;NA;0;0;0;0;0;0;0;0;0;0;0;1;0;0;0;0;1;0;0;0;NA;NA;NA;0;0;0;0;NA;1;NA;NA;NA;NA;NA;NA;NA;NA;NA;NA;NA;NA;NA;NA;NA;NA;NA;NA;NA;NA;NA;NA;NA;NA;NA;NA;NA;NA;0;0;NA;0;NA;NA;0;NA;NA;1;0;NA;NA;NA;NA;NA;1;1;NA;NA;NA;NA;NA;NA;NA;1;NA;NA;NA;NA;NA;NA;NA;NA;NA;NA;NA;NA;NA;NA;NA;NA;NA;NA;NA;NA;NA;NA;NA;NA;NA;NA;NA;NA
6430_hf - hft_min;799;0;1;0;0;0;0;0;0;0;0;0;0;0;0;1;0;0;0;0;1;0;0;0;NA;NA;NA;0;0;0;0;NA;1;NA;NA;NA;NA;NA;NA;NA;NA;NA;NA;NA;NA;NA;NA;NA;NA;NA;NA;NA;NA;NA;NA;NA;NA;NA;NA;NA;NA;0;0;NA;0;NA;NA;0;NA;NA;1;0;NA;NA;NA;NA;NA;1;1;NA;NA;NA;NA;NA;NA;NA;1;NA;NA;NA;NA;NA;NA;NA;NA;NA;NA;NA;NA;NA;NA;NA;NA;NA;NA;NA;NA;NA;NA;NA;NA;NA;NA;NA;NA
6430_hf - hft_min;800;0;0;NA;0;0;0;0;0;0;0;0;0;0;0;1;0;0;0;0;0;NA;NA;NA;0;0;0;0;0;0;0;NA;1;NA;NA;NA;NA;NA;NA;NA;NA;NA;NA;NA;NA;NA;NA;NA;NA;NA;NA;NA;NA;NA;NA;NA;NA;NA;NA;NA;NA;0;0;NA;0;NA;NA;0;NA;NA;1;0;NA;NA;NA;NA;NA;1;1;NA;NA;NA;NA;NA;NA;NA;1;NA;NA;NA;NA;NA;NA;NA;NA;NA;NA;NA;NA;NA;NA;NA;NA;NA;NA;NA;NA;NA;NA;NA;NA;NA;NA;NA;NA
6430_hf - hft_min;801;0;1;0;0;0;0;0;0;0;0;0;0;0;0;1;0;0;0;0;0;NA;NA;NA;0;0;0;0;0;0;0;NA;1;NA;NA;NA;NA;NA;NA;NA;NA;NA;NA;NA;NA;NA;NA;NA;NA;NA;NA;NA;NA;NA;NA;NA;NA;NA;NA;NA;NA;0;0;NA;0;NA;NA;0;NA;NA;1;0;NA;NA;NA;NA;NA;1;1;NA;NA;NA;NA;NA;NA;NA;1;NA;NA;NA;NA;NA;NA;NA;NA;NA;NA;NA;NA;NA;NA;NA;NA;NA;NA;NA;NA;NA;NA;NA;NA;NA;NA;NA;NA
6430_hf - hft_min;802;0;0;NA;0;0;0;0;0;0;0;0;0;0;0;0;NA;NA;NA;NA;NA;NA;NA;NA;NA;NA;NA;0;0;0;0;1;NA;NA;1;NA;NA;NA;NA;NA;NA;NA;NA;NA;NA;NA;NA;NA;NA;NA;NA;NA;NA;NA;NA;NA;NA;NA;NA;NA;NA;0;0;NA;0;NA;NA;0;NA;NA;1;0;NA;NA;NA;NA;NA;1;1;NA;NA;NA;NA;NA;NA;NA;1;NA;NA;NA;NA;NA;NA;NA;NA;NA;NA;NA;NA;NA;NA;NA;NA;NA;NA;NA;NA;NA;NA;NA;NA;NA;NA;NA;NA
6430_hf - hft_min;803;0;1;0;0;0;0;0;0;0;0;0;0;0;0;0;NA;NA;NA;NA;NA;NA;NA;NA;NA;NA;NA;0;0;0;0;1;NA;NA;1;NA;NA;NA;NA;NA;NA;NA;NA;NA;NA;NA;NA;NA;NA;NA;NA;NA;NA;NA;NA;NA;NA;NA;NA;NA;NA;0;0;NA;0;NA;NA;0;NA;NA;1;0;NA;NA;NA;NA;NA;1;1;NA;NA;NA;NA;NA;NA;NA;1;NA;NA;NA;NA;NA;NA;NA;NA;NA;NA;NA;NA;NA;NA;NA;NA;NA;NA;NA;NA;NA;NA;NA;NA;NA;NA;NA;NA
6430_hf - hft_min;804;0;0;NA;0;0;0;0;0;0;0;0;0;0;0;1;0;0;0;0;1;0;0;0;NA;NA;NA;0;0;0;0;1;NA;NA;1;NA;NA;NA;NA;NA;NA;NA;NA;NA;NA;NA;NA;NA;NA;NA;NA;NA;NA;NA;NA;NA;NA;NA;NA;NA;NA;0;0;NA;0;NA;NA;0;NA;NA;1;0;NA;NA;NA;NA;NA;1;1;NA;NA;NA;NA;NA;NA;NA;1;NA;NA;NA;NA;NA;NA;NA;NA;NA;NA;NA;NA;NA;NA;NA;NA;NA;NA;NA;NA;NA;NA;NA;NA;NA;NA;NA;NA
6430_hf - hft_min;805;0;1;0;0;0;0;0;0;0;0;0;0;0;0;1;0;0;0;0;1;0;0;0;NA;NA;NA;0;0;0;0;1;NA;NA;1;NA;NA;NA;NA;NA;NA;NA;NA;NA;NA;NA;NA;NA;NA;NA;NA;NA;NA;NA;NA;NA;NA;NA;NA;NA;NA;0;0;NA;0;NA;NA;0;NA;NA;1;0;NA;NA;NA;NA;NA;1;1;NA;NA;NA;NA;NA;NA;NA;1;NA;NA;NA;NA;NA;NA;NA;NA;NA;NA;NA;NA;NA;NA;NA;NA;NA;NA;NA;NA;NA;NA;NA;NA;NA;NA;NA;NA
6430_hf - hft_min;806;0;0;NA;0;0;0;0;0;0;0;0;0;0;0;1;0;0;0;0;0;NA;NA;NA;0;0;0;0;0;0;0;1;NA;NA;1;NA;NA;NA;NA;NA;NA;NA;NA;NA;NA;NA;NA;NA;NA;NA;NA;NA;NA;NA;NA;NA;NA;NA;NA;NA;NA;0;0;NA;0;NA;NA;0;NA;NA;1;0;NA;NA;NA;NA;NA;1;1;NA;NA;NA;NA;NA;NA;NA;1;NA;NA;NA;NA;NA;NA;NA;NA;NA;NA;NA;NA;NA;NA;NA;NA;NA;NA;NA;NA;NA;NA;NA;NA;NA;NA;NA;NA
6430_hf - hft_min;807;0;1;0;0;0;0;0;0;0;0;0;0;0;0;1;0;0;0;0;0;NA;NA;NA;0;0;0;0;0;0;0;1;NA;NA;1;NA;NA;NA;NA;NA;NA;NA;NA;NA;NA;NA;NA;NA;NA;NA;NA;NA;NA;NA;NA;NA;NA;NA;NA;NA;NA;0;0;NA;0;NA;NA;0;NA;NA;1;0;NA;NA;NA;NA;NA;1;1;NA;NA;NA;NA;NA;NA;NA;1;NA;NA;NA;NA;NA;NA;NA;NA;NA;NA;NA;NA;NA;NA;NA;NA;NA;NA;NA;NA;NA;NA;NA;NA;NA;NA;NA;NA
6430_hf - hft_min;808;0;0;NA;0;0;0;0;0;0;0;0;0;0;0;0;NA;NA;NA;NA;NA;NA;NA;NA;NA;NA;NA;0;0;0;1;NA;NA;NA;1;NA;NA;NA;NA;NA;NA;0;0;NA;NA;NA;NA;NA;NA;0;1;NA;NA;NA;NA;NA;NA;NA;NA;NA;NA;0;0;NA;0;NA;NA;0;NA;NA;1;0;NA;NA;NA;NA;NA;1;1;NA;NA;NA;NA;NA;NA;NA;1;NA;NA;NA;NA;NA;NA;NA;NA;NA;NA;NA;NA;NA;NA;NA;NA;NA;NA;NA;NA;NA;NA;NA;NA;NA;NA;NA;NA
6430_hf - hft_min;809;0;1;0;0;0;0;0;0;0;0;0;0;0;0;0;NA;NA;NA;NA;NA;NA;NA;NA;NA;NA;NA;0;0;0;1;NA;NA;NA;1;NA;NA;NA;NA;NA;NA;0;0;NA;NA;NA;NA;NA;NA;0;1;NA;NA;NA;NA;NA;NA;NA;NA;NA;NA;0;0;NA;0;NA;NA;0;NA;NA;1;0;NA;NA;NA;NA;NA;1;1;NA;NA;NA;NA;NA;NA;NA;1;NA;NA;NA;NA;NA;NA;NA;NA;NA;NA;NA;NA;NA;NA;NA;NA;NA;NA;NA;NA;NA;NA;NA;NA;NA;NA;NA;NA
6430_hf - hft_min;810;0;0;NA;0;0;0;0;0;0;0;0;0;0;0;1;0;0;0;0;1;0;0;0;NA;NA;NA;0;0;0;1;NA;NA;NA;1;NA;NA;NA;NA;NA;NA;0;0;NA;NA;NA;NA;NA;NA;0;1;NA;NA;NA;NA;NA;NA;NA;NA;NA;NA;0;0;NA;0;NA;NA;0;NA;NA;1;0;NA;NA;NA;NA;NA;1;1;NA;NA;NA;NA;NA;NA;NA;1;NA;NA;NA;NA;NA;NA;NA;NA;NA;NA;NA;NA;NA;NA;NA;NA;NA;NA;NA;NA;NA;NA;NA;NA;NA;NA;NA;NA
6430_hf - hft_min;811;0;1;0;0;0;0;0;0;0;0;0;0;0;0;1;0;0;0;0;1;0;0;0;NA;NA;NA;0;0;0;1;NA;NA;NA;1;NA;NA;NA;NA;NA;NA;0;0;NA;NA;NA;NA;NA;NA;0;1;NA;NA;NA;NA;NA;NA;NA;NA;NA;NA;0;0;NA;0;NA;NA;0;NA;NA;1;0;NA;NA;NA;NA;NA;1;1;NA;NA;NA;NA;NA;NA;NA;1;NA;NA;NA;NA;NA;NA;NA;NA;NA;NA;NA;NA;NA;NA;NA;NA;NA;NA;NA;NA;NA;NA;NA;NA;NA;NA;NA;NA
6430_hf - hft_min;812;0;0;NA;0;0;0;0;0;0;0;0;0;0;0;1;0;0;0;0;0;NA;NA;NA;0;0;0;0;0;0;1;NA;NA;NA;1;NA;NA;NA;NA;NA;NA;0;0;NA;NA;NA;NA;NA;NA;0;1;NA;NA;NA;NA;NA;NA;NA;NA;NA;NA;0;0;NA;0;NA;NA;0;NA;NA;1;0;NA;NA;NA;NA;NA;1;1;NA;NA;NA;NA;NA;NA;NA;1;NA;NA;NA;NA;NA;NA;NA;NA;NA;NA;NA;NA;NA;NA;NA;NA;NA;NA;NA;NA;NA;NA;NA;NA;NA;NA;NA;NA
6430_hf - hft_min;813;0;1;0;0;0;0;0;0;0;0;0;0;0;0;1;0;0;0;0;0;NA;NA;NA;0;0;0;0;0;0;1;NA;NA;NA;1;NA;NA;NA;NA;NA;NA;0;0;NA;NA;NA;NA;NA;NA;0;1;NA;NA;NA;NA;NA;NA;NA;NA;NA;NA;0;0;NA;0;NA;NA;0;NA;NA;1;0;NA;NA;NA;NA;NA;1;1;NA;NA;NA;NA;NA;NA;NA;1;NA;NA;NA;NA;NA;NA;NA;NA;NA;NA;NA;NA;NA;NA;NA;NA;NA;NA;NA;NA;NA;NA;NA;NA;NA;NA;NA;NA
6430_hf - hft_min;814;0;0;NA;0;0;0;0;0;0;0;0;0;0;0;0;NA;NA;NA;NA;NA;NA;NA;NA;NA;NA;NA;0;0;0;1;NA;NA;NA;NA;NA;NA;NA;NA;NA;NA;0;0;NA;NA;NA;NA;NA;NA;0;0;1;NA;NA;NA;NA;NA;NA;NA;NA;NA;0;0;NA;0;NA;NA;0;NA;NA;1;0;NA;NA;NA;NA;NA;1;1;NA;NA;NA;NA;NA;NA;NA;1;NA;NA;NA;NA;NA;NA;NA;NA;NA;NA;NA;NA;NA;NA;NA;NA;NA;NA;NA;NA;NA;NA;NA;NA;NA;NA;NA;NA
6430_hf - hft_min;815;0;1;0;0;0;0;0;0;0;0;0;0;0;0;0;NA;NA;NA;NA;NA;NA;NA;NA;NA;NA;NA;0;0;0;1;NA;NA;NA;NA;NA;NA;NA;NA;NA;NA;0;0;NA;NA;NA;NA;NA;NA;0;0;1;NA;NA;NA;NA;NA;NA;NA;NA;NA;0;0;NA;0;NA;NA;0;NA;NA;1;0;NA;NA;NA;NA;NA;1;1;NA;NA;NA;NA;NA;NA;NA;1;NA;NA;NA;NA;NA;NA;NA;NA;NA;NA;NA;NA;NA;NA;NA;NA;NA;NA;NA;NA;NA;NA;NA;NA;NA;NA;NA;NA
6430_hf - hft_min;816;0;0;NA;0;0;0;0;0;0;0;0;0;0;0;1;0;0;0;0;1;0;0;0;NA;NA;NA;0;0;0;1;NA;NA;NA;NA;NA;NA;NA;NA;NA;NA;0;0;NA;NA;NA;NA;NA;NA;0;0;1;NA;NA;NA;NA;NA;NA;NA;NA;NA;0;0;NA;0;NA;NA;0;NA;NA;1;0;NA;NA;NA;NA;NA;1;1;NA;NA;NA;NA;NA;NA;NA;1;NA;NA;NA;NA;NA;NA;NA;NA;NA;NA;NA;NA;NA;NA;NA;NA;NA;NA;NA;NA;NA;NA;NA;NA;NA;NA;NA;NA
6430_hf - hft_min;817;0;1;0;0;0;0;0;0;0;0;0;0;0;0;1;0;0;0;0;1;0;0;0;NA;NA;NA;0;0;0;1;NA;NA;NA;NA;NA;NA;NA;NA;NA;NA;0;0;NA;NA;NA;NA;NA;NA;0;0;1;NA;NA;NA;NA;NA;NA;NA;NA;NA;0;0;NA;0;NA;NA;0;NA;NA;1;0;NA;NA;NA;NA;NA;1;1;NA;NA;NA;NA;NA;NA;NA;1;NA;NA;NA;NA;NA;NA;NA;NA;NA;NA;NA;NA;NA;NA;NA;NA;NA;NA;NA;NA;NA;NA;NA;NA;NA;NA;NA;NA
6430_hf - hft_min;818;0;0;NA;0;0;0;0;0;0;0;0;0;0;0;1;0;0;0;0;0;NA;NA;NA;0;0;0;0;0;0;1;NA;NA;NA;NA;NA;NA;NA;NA;NA;NA;0;0;NA;NA;NA;NA;NA;NA;0;0;1;NA;NA;NA;NA;NA;NA;NA;NA;NA;0;0;NA;0;NA;NA;0;NA;NA;1;0;NA;NA;NA;NA;NA;1;1;NA;NA;NA;NA;NA;NA;NA;1;NA;NA;NA;NA;NA;NA;NA;NA;NA;NA;NA;NA;NA;NA;NA;NA;NA;NA;NA;NA;NA;NA;NA;NA;NA;NA;NA;NA
6430_hf - hft_min;819;0;1;0;0;0;0;0;0;0;0;0;0;0;0;1;0;0;0;0;0;NA;NA;NA;0;0;0;0;0;0;1;NA;NA;NA;NA;NA;NA;NA;NA;NA;NA;0;0;NA;NA;NA;NA;NA;NA;0;0;1;NA;NA;NA;NA;NA;NA;NA;NA;NA;0;0;NA;0;NA;NA;0;NA;NA;1;0;NA;NA;NA;NA;NA;1;1;NA;NA;NA;NA;NA;NA;NA;1;NA;NA;NA;NA;NA;NA;NA;NA;NA;NA;NA;NA;NA;NA;NA;NA;NA;NA;NA;NA;NA;NA;NA;NA;NA;NA;NA;NA
6430_hf - hft_min;820;0;0;NA;0;0;0;0;0;0;0;0;0;0;0;0;NA;NA;NA;NA;NA;NA;NA;NA;NA;NA;NA;0;0;0;0;NA;1;NA;NA;NA;NA;NA;NA;NA;NA;NA;NA;NA;NA;NA;NA;NA;NA;NA;NA;NA;NA;NA;NA;NA;NA;NA;NA;NA;NA;0;0;NA;0;NA;NA;0;NA;NA;0;NA;NA;NA;NA;NA;NA;1;1;NA;NA;NA;NA;NA;NA;NA;NA;NA;1;NA;NA;NA;NA;NA;NA;NA;NA;NA;NA;NA;NA;NA;NA;NA;NA;NA;NA;NA;NA;NA;NA;NA;NA;NA;NA
6430_hf - hft_min;821;0;1;0;0;0;0;0;0;0;0;0;0;0;0;0;NA;NA;NA;NA;NA;NA;NA;NA;NA;NA;NA;0;0;0;0;NA;1;NA;NA;NA;NA;NA;NA;NA;NA;NA;NA;NA;NA;NA;NA;NA;NA;NA;NA;NA;NA;NA;NA;NA;NA;NA;NA;NA;NA;0;0;NA;0;NA;NA;0;NA;NA;0;NA;NA;NA;NA;NA;NA;1;1;NA;NA;NA;NA;NA;NA;NA;NA;NA;1;NA;NA;NA;NA;NA;NA;NA;NA;NA;NA;NA;NA;NA;NA;NA;NA;NA;NA;NA;NA;NA;NA;NA;NA;NA;NA
6430_hf - hft_min;822;0;0;NA;0;0;0;0;0;0;0;0;0;0;0;1;0;0;0;0;1;0;0;0;NA;NA;NA;0;0;0;0;NA;1;NA;NA;NA;NA;NA;NA;NA;NA;NA;NA;NA;NA;NA;NA;NA;NA;NA;NA;NA;NA;NA;NA;NA;NA;NA;NA;NA;NA;0;0;NA;0;NA;NA;0;NA;NA;0;NA;NA;NA;NA;NA;NA;1;1;NA;NA;NA;NA;NA;NA;NA;NA;NA;1;NA;NA;NA;NA;NA;NA;NA;NA;NA;NA;NA;NA;NA;NA;NA;NA;NA;NA;NA;NA;NA;NA;NA;NA;NA;NA
6430_hf - hft_min;823;0;1;0;0;0;0;0;0;0;0;0;0;0;0;1;0;0;0;0;1;0;0;0;NA;NA;NA;0;0;0;0;NA;1;NA;NA;NA;NA;NA;NA;NA;NA;NA;NA;NA;NA;NA;NA;NA;NA;NA;NA;NA;NA;NA;NA;NA;NA;NA;NA;NA;NA;0;0;NA;0;NA;NA;0;NA;NA;0;NA;NA;NA;NA;NA;NA;1;1;NA;NA;NA;NA;NA;NA;NA;NA;NA;1;NA;NA;NA;NA;NA;NA;NA;NA;NA;NA;NA;NA;NA;NA;NA;NA;NA;NA;NA;NA;NA;NA;NA;NA;NA;NA
6430_hf - hft_min;824;0;0;NA;0;0;0;0;0;0;0;0;0;0;0;1;0;0;0;0;0;NA;NA;NA;0;0;0;0;0;0;0;NA;1;NA;NA;NA;NA;NA;NA;NA;NA;NA;NA;NA;NA;NA;NA;NA;NA;NA;NA;NA;NA;NA;NA;NA;NA;NA;NA;NA;NA;0;0;NA;0;NA;NA;0;NA;NA;0;NA;NA;NA;NA;NA;NA;1;1;NA;NA;NA;NA;NA;NA;NA;NA;NA;1;NA;NA;NA;NA;NA;NA;NA;NA;NA;NA;NA;NA;NA;NA;NA;NA;NA;NA;NA;NA;NA;NA;NA;NA;NA;NA
6430_hf - hft_min;825;0;1;0;0;0;0;0;0;0;0;0;0;0;0;1;0;0;0;0;0;NA;NA;NA;0;0;0;0;0;0;0;NA;1;NA;NA;NA;NA;NA;NA;NA;NA;NA;NA;NA;NA;NA;NA;NA;NA;NA;NA;NA;NA;NA;NA;NA;NA;NA;NA;NA;NA;0;0;NA;0;NA;NA;0;NA;NA;0;NA;NA;NA;NA;NA;NA;1;1;NA;NA;NA;NA;NA;NA;NA;NA;NA;1;NA;NA;NA;NA;NA;NA;NA;NA;NA;NA;NA;NA;NA;NA;NA;NA;NA;NA;NA;NA;NA;NA;NA;NA;NA;NA
6430_hf - hft_min;826;0;0;NA;0;0;0;0;0;0;0;0;0;0;0;0;NA;NA;NA;NA;NA;NA;NA;NA;NA;NA;NA;0;0;0;0;1;NA;NA;1;NA;NA;NA;NA;NA;NA;NA;NA;NA;NA;NA;NA;NA;NA;NA;NA;NA;NA;NA;NA;NA;NA;NA;NA;NA;NA;0;0;NA;0;NA;NA;0;NA;NA;0;NA;NA;NA;NA;NA;NA;1;1;NA;NA;NA;NA;NA;NA;NA;NA;NA;1;NA;NA;NA;NA;NA;NA;NA;NA;NA;NA;NA;NA;NA;NA;NA;NA;NA;NA;NA;NA;NA;NA;NA;NA;NA;NA
6430_hf - hft_min;827;0;1;0;0;0;0;0;0;0;0;0;0;0;0;0;NA;NA;NA;NA;NA;NA;NA;NA;NA;NA;NA;0;0;0;0;1;NA;NA;1;NA;NA;NA;NA;NA;NA;NA;NA;NA;NA;NA;NA;NA;NA;NA;NA;NA;NA;NA;NA;NA;NA;NA;NA;NA;NA;0;0;NA;0;NA;NA;0;NA;NA;0;NA;NA;NA;NA;NA;NA;1;1;NA;NA;NA;NA;NA;NA;NA;NA;NA;1;NA;NA;NA;NA;NA;NA;NA;NA;NA;NA;NA;NA;NA;NA;NA;NA;NA;NA;NA;NA;NA;NA;NA;NA;NA;NA
6430_hf - hft_min;828;0;0;NA;0;0;0;0;0;0;0;0;0;0;0;1;0;0;0;0;1;0;0;0;NA;NA;NA;0;0;0;0;1;NA;NA;1;NA;NA;NA;NA;NA;NA;NA;NA;NA;NA;NA;NA;NA;NA;NA;NA;NA;NA;NA;NA;NA;NA;NA;NA;NA;NA;0;0;NA;0;NA;NA;0;NA;NA;0;NA;NA;NA;NA;NA;NA;1;1;NA;NA;NA;NA;NA;NA;NA;NA;NA;1;NA;NA;NA;NA;NA;NA;NA;NA;NA;NA;NA;NA;NA;NA;NA;NA;NA;NA;NA;NA;NA;NA;NA;NA;NA;NA
6430_hf - hft_min;829;0;1;0;0;0;0;0;0;0;0;0;0;0;0;1;0;0;0;0;1;0;0;0;NA;NA;NA;0;0;0;0;1;NA;NA;1;NA;NA;NA;NA;NA;NA;NA;NA;NA;NA;NA;NA;NA;NA;NA;NA;NA;NA;NA;NA;NA;NA;NA;NA;NA;NA;0;0;NA;0;NA;NA;0;NA;NA;0;NA;NA;NA;NA;NA;NA;1;1;NA;NA;NA;NA;NA;NA;NA;NA;NA;1;NA;NA;NA;NA;NA;NA;NA;NA;NA;NA;NA;NA;NA;NA;NA;NA;NA;NA;NA;NA;NA;NA;NA;NA;NA;NA
6430_hf - hft_min;830;0;0;NA;0;0;0;0;0;0;0;0;0;0;0;1;0;0;0;0;0;NA;NA;NA;0;0;0;0;0;0;0;1;NA;NA;1;NA;NA;NA;NA;NA;NA;NA;NA;NA;NA;NA;NA;NA;NA;NA;NA;NA;NA;NA;NA;NA;NA;NA;NA;NA;NA;0;0;NA;0;NA;NA;0;NA;NA;0;NA;NA;NA;NA;NA;NA;1;1;NA;NA;NA;NA;NA;NA;NA;NA;NA;1;NA;NA;NA;NA;NA;NA;NA;NA;NA;NA;NA;NA;NA;NA;NA;NA;NA;NA;NA;NA;NA;NA;NA;NA;NA;NA
6430_hf - hft_min;831;0;1;0;0;0;0;0;0;0;0;0;0;0;0;1;0;0;0;0;0;NA;NA;NA;0;0;0;0;0;0;0;1;NA;NA;1;NA;NA;NA;NA;NA;NA;NA;NA;NA;NA;NA;NA;NA;NA;NA;NA;NA;NA;NA;NA;NA;NA;NA;NA;NA;NA;0;0;NA;0;NA;NA;0;NA;NA;0;NA;NA;NA;NA;NA;NA;1;1;NA;NA;NA;NA;NA;NA;NA;NA;NA;1;NA;NA;NA;NA;NA;NA;NA;NA;NA;NA;NA;NA;NA;NA;NA;NA;NA;NA;NA;NA;NA;NA;NA;NA;NA;NA
6430_hf - hft_min;832;0;0;NA;0;0;0;0;0;0;0;0;0;0;0;0;NA;NA;NA;NA;NA;NA;NA;NA;NA;NA;NA;0;0;0;1;NA;NA;NA;1;NA;NA;NA;NA;NA;NA;0;0;NA;NA;NA;NA;NA;NA;0;1;NA;NA;NA;NA;NA;NA;NA;NA;NA;NA;0;0;NA;0;NA;NA;0;NA;NA;0;NA;NA;NA;NA;NA;NA;1;1;NA;NA;NA;NA;NA;NA;NA;NA;NA;1;NA;NA;NA;NA;NA;NA;NA;NA;NA;NA;NA;NA;NA;NA;NA;NA;NA;NA;NA;NA;NA;NA;NA;NA;NA;NA
6430_hf - hft_min;833;0;1;0;0;0;0;0;0;0;0;0;0;0;0;0;NA;NA;NA;NA;NA;NA;NA;NA;NA;NA;NA;0;0;0;1;NA;NA;NA;1;NA;NA;NA;NA;NA;NA;0;0;NA;NA;NA;NA;NA;NA;0;1;NA;NA;NA;NA;NA;NA;NA;NA;NA;NA;0;0;NA;0;NA;NA;0;NA;NA;0;NA;NA;NA;NA;NA;NA;1;1;NA;NA;NA;NA;NA;NA;NA;NA;NA;1;NA;NA;NA;NA;NA;NA;NA;NA;NA;NA;NA;NA;NA;NA;NA;NA;NA;NA;NA;NA;NA;NA;NA;NA;NA;NA
6430_hf - hft_min;834;0;0;NA;0;0;0;0;0;0;0;0;0;0;0;1;0;0;0;0;1;0;0;0;NA;NA;NA;0;0;0;1;NA;NA;NA;1;NA;NA;NA;NA;NA;NA;0;0;NA;NA;NA;NA;NA;NA;0;1;NA;NA;NA;NA;NA;NA;NA;NA;NA;NA;0;0;NA;0;NA;NA;0;NA;NA;0;NA;NA;NA;NA;NA;NA;1;1;NA;NA;NA;NA;NA;NA;NA;NA;NA;1;NA;NA;NA;NA;NA;NA;NA;NA;NA;NA;NA;NA;NA;NA;NA;NA;NA;NA;NA;NA;NA;NA;NA;NA;NA;NA
6430_hf - hft_min;835;0;1;0;0;0;0;0;0;0;0;0;0;0;0;1;0;0;0;0;1;0;0;0;NA;NA;NA;0;0;0;1;NA;NA;NA;1;NA;NA;NA;NA;NA;NA;0;0;NA;NA;NA;NA;NA;NA;0;1;NA;NA;NA;NA;NA;NA;NA;NA;NA;NA;0;0;NA;0;NA;NA;0;NA;NA;0;NA;NA;NA;NA;NA;NA;1;1;NA;NA;NA;NA;NA;NA;NA;NA;NA;1;NA;NA;NA;NA;NA;NA;NA;NA;NA;NA;NA;NA;NA;NA;NA;NA;NA;NA;NA;NA;NA;NA;NA;NA;NA;NA
6430_hf - hft_min;836;0;0;NA;0;0;0;0;0;0;0;0;0;0;0;1;0;0;0;0;0;NA;NA;NA;0;0;0;0;0;0;1;NA;NA;NA;1;NA;NA;NA;NA;NA;NA;0;0;NA;NA;NA;NA;NA;NA;0;1;NA;NA;NA;NA;NA;NA;NA;NA;NA;NA;0;0;NA;0;NA;NA;0;NA;NA;0;NA;NA;NA;NA;NA;NA;1;1;NA;NA;NA;NA;NA;NA;NA;NA;NA;1;NA;NA;NA;NA;NA;NA;NA;NA;NA;NA;NA;NA;NA;NA;NA;NA;NA;NA;NA;NA;NA;NA;NA;NA;NA;NA
6430_hf - hft_min;837;0;1;0;0;0;0;0;0;0;0;0;0;0;0;1;0;0;0;0;0;NA;NA;NA;0;0;0;0;0;0;1;NA;NA;NA;1;NA;NA;NA;NA;NA;NA;0;0;NA;NA;NA;NA;NA;NA;0;1;NA;NA;NA;NA;NA;NA;NA;NA;NA;NA;0;0;NA;0;NA;NA;0;NA;NA;0;NA;NA;NA;NA;NA;NA;1;1;NA;NA;NA;NA;NA;NA;NA;NA;NA;1;NA;NA;NA;NA;NA;NA;NA;NA;NA;NA;NA;NA;NA;NA;NA;NA;NA;NA;NA;NA;NA;NA;NA;NA;NA;NA
6430_hf - hft_min;838;0;0;NA;0;0;0;0;0;0;0;0;0;0;0;0;NA;NA;NA;NA;NA;NA;NA;NA;NA;NA;NA;0;0;0;1;NA;NA;NA;NA;NA;NA;NA;NA;NA;NA;0;0;NA;NA;NA;NA;NA;NA;0;0;1;NA;NA;NA;NA;NA;NA;NA;NA;NA;0;0;NA;0;NA;NA;0;NA;NA;0;NA;NA;NA;NA;NA;NA;1;1;NA;NA;NA;NA;NA;NA;NA;NA;NA;1;NA;NA;NA;NA;NA;NA;NA;NA;NA;NA;NA;NA;NA;NA;NA;NA;NA;NA;NA;NA;NA;NA;NA;NA;NA;NA
6430_hf - hft_min;839;0;1;0;0;0;0;0;0;0;0;0;0;0;0;0;NA;NA;NA;NA;NA;NA;NA;NA;NA;NA;NA;0;0;0;1;NA;NA;NA;NA;NA;NA;NA;NA;NA;NA;0;0;NA;NA;NA;NA;NA;NA;0;0;1;NA;NA;NA;NA;NA;NA;NA;NA;NA;0;0;NA;0;NA;NA;0;NA;NA;0;NA;NA;NA;NA;NA;NA;1;1;NA;NA;NA;NA;NA;NA;NA;NA;NA;1;NA;NA;NA;NA;NA;NA;NA;NA;NA;NA;NA;NA;NA;NA;NA;NA;NA;NA;NA;NA;NA;NA;NA;NA;NA;NA
6430_hf - hft_min;840;0;0;NA;0;0;0;0;0;0;0;0;0;0;0;1;0;0;0;0;1;0;0;0;NA;NA;NA;0;0;0;1;NA;NA;NA;NA;NA;NA;NA;NA;NA;NA;0;0;NA;NA;NA;NA;NA;NA;0;0;1;NA;NA;NA;NA;NA;NA;NA;NA;NA;0;0;NA;0;NA;NA;0;NA;NA;0;NA;NA;NA;NA;NA;NA;1;1;NA;NA;NA;NA;NA;NA;NA;NA;NA;1;NA;NA;NA;NA;NA;NA;NA;NA;NA;NA;NA;NA;NA;NA;NA;NA;NA;NA;NA;NA;NA;NA;NA;NA;NA;NA
6430_hf - hft_min;841;0;1;0;0;0;0;0;0;0;0;0;0;0;0;1;0;0;0;0;1;0;0;0;NA;NA;NA;0;0;0;1;NA;NA;NA;NA;NA;NA;NA;NA;NA;NA;0;0;NA;NA;NA;NA;NA;NA;0;0;1;NA;NA;NA;NA;NA;NA;NA;NA;NA;0;0;NA;0;NA;NA;0;NA;NA;0;NA;NA;NA;NA;NA;NA;1;1;NA;NA;NA;NA;NA;NA;NA;NA;NA;1;NA;NA;NA;NA;NA;NA;NA;NA;NA;NA;NA;NA;NA;NA;NA;NA;NA;NA;NA;NA;NA;NA;NA;NA;NA;NA
6430_hf - hft_min;842;0;0;NA;0;0;0;0;0;0;0;0;0;0;0;1;0;0;0;0;0;NA;NA;NA;0;0;0;0;0;0;1;NA;NA;NA;NA;NA;NA;NA;NA;NA;NA;0;0;NA;NA;NA;NA;NA;NA;0;0;1;NA;NA;NA;NA;NA;NA;NA;NA;NA;0;0;NA;0;NA;NA;0;NA;NA;0;NA;NA;NA;NA;NA;NA;1;1;NA;NA;NA;NA;NA;NA;NA;NA;NA;1;NA;NA;NA;NA;NA;NA;NA;NA;NA;NA;NA;NA;NA;NA;NA;NA;NA;NA;NA;NA;NA;NA;NA;NA;NA;NA
6430_hf - hft_min;843;0;1;0;0;0;0;0;0;0;0;0;0;0;0;1;0;0;0;0;0;NA;NA;NA;0;0;0;0;0;0;1;NA;NA;NA;NA;NA;NA;NA;NA;NA;NA;0;0;NA;NA;NA;NA;NA;NA;0;0;1;NA;NA;NA;NA;NA;NA;NA;NA;NA;0;0;NA;0;NA;NA;0;NA;NA;0;NA;NA;NA;NA;NA;NA;1;1;NA;NA;NA;NA;NA;NA;NA;NA;NA;1;NA;NA;NA;NA;NA;NA;NA;NA;NA;NA;NA;NA;NA;NA;NA;NA;NA;NA;NA;NA;NA;NA;NA;NA;NA;NA
6430_hf - hft_min;844;0;0;NA;0;0;0;0;0;0;0;0;0;0;0;0;NA;NA;NA;NA;NA;NA;NA;NA;NA;NA;NA;0;0;0;0;NA;1;NA;NA;NA;NA;NA;NA;NA;NA;NA;NA;NA;NA;NA;NA;NA;NA;NA;NA;NA;NA;NA;NA;NA;NA;NA;NA;NA;NA;0;0;NA;0;NA;NA;0;NA;NA;1;0;NA;NA;NA;NA;NA;1;1;NA;NA;NA;NA;NA;NA;NA;NA;NA;1;NA;NA;NA;NA;NA;NA;NA;NA;NA;NA;NA;NA;NA;NA;NA;NA;NA;NA;NA;NA;NA;NA;NA;NA;NA;NA
6430_hf - hft_min;845;0;1;0;0;0;0;0;0;0;0;0;0;0;0;0;NA;NA;NA;NA;NA;NA;NA;NA;NA;NA;NA;0;0;0;0;NA;1;NA;NA;NA;NA;NA;NA;NA;NA;NA;NA;NA;NA;NA;NA;NA;NA;NA;NA;NA;NA;NA;NA;NA;NA;NA;NA;NA;NA;0;0;NA;0;NA;NA;0;NA;NA;1;0;NA;NA;NA;NA;NA;1;1;NA;NA;NA;NA;NA;NA;NA;NA;NA;1;NA;NA;NA;NA;NA;NA;NA;NA;NA;NA;NA;NA;NA;NA;NA;NA;NA;NA;NA;NA;NA;NA;NA;NA;NA;NA
6430_hf - hft_min;846;0;0;NA;0;0;0;0;0;0;0;0;0;0;0;1;0;0;0;0;1;0;0;0;NA;NA;NA;0;0;0;0;NA;1;NA;NA;NA;NA;NA;NA;NA;NA;NA;NA;NA;NA;NA;NA;NA;NA;NA;NA;NA;NA;NA;NA;NA;NA;NA;NA;NA;NA;0;0;NA;0;NA;NA;0;NA;NA;1;0;NA;NA;NA;NA;NA;1;1;NA;NA;NA;NA;NA;NA;NA;NA;NA;1;NA;NA;NA;NA;NA;NA;NA;NA;NA;NA;NA;NA;NA;NA;NA;NA;NA;NA;NA;NA;NA;NA;NA;NA;NA;NA
6430_hf - hft_min;847;0;1;0;0;0;0;0;0;0;0;0;0;0;0;1;0;0;0;0;1;0;0;0;NA;NA;NA;0;0;0;0;NA;1;NA;NA;NA;NA;NA;NA;NA;NA;NA;NA;NA;NA;NA;NA;NA;NA;NA;NA;NA;NA;NA;NA;NA;NA;NA;NA;NA;NA;0;0;NA;0;NA;NA;0;NA;NA;1;0;NA;NA;NA;NA;NA;1;1;NA;NA;NA;NA;NA;NA;NA;NA;NA;1;NA;NA;NA;NA;NA;NA;NA;NA;NA;NA;NA;NA;NA;NA;NA;NA;NA;NA;NA;NA;NA;NA;NA;NA;NA;NA
6430_hf - hft_min;848;0;0;NA;0;0;0;0;0;0;0;0;0;0;0;1;0;0;0;0;0;NA;NA;NA;0;0;0;0;0;0;0;NA;1;NA;NA;NA;NA;NA;NA;NA;NA;NA;NA;NA;NA;NA;NA;NA;NA;NA;NA;NA;NA;NA;NA;NA;NA;NA;NA;NA;NA;0;0;NA;0;NA;NA;0;NA;NA;1;0;NA;NA;NA;NA;NA;1;1;NA;NA;NA;NA;NA;NA;NA;NA;NA;1;NA;NA;NA;NA;NA;NA;NA;NA;NA;NA;NA;NA;NA;NA;NA;NA;NA;NA;NA;NA;NA;NA;NA;NA;NA;NA
6430_hf - hft_min;849;0;1;0;0;0;0;0;0;0;0;0;0;0;0;1;0;0;0;0;0;NA;NA;NA;0;0;0;0;0;0;0;NA;1;NA;NA;NA;NA;NA;NA;NA;NA;NA;NA;NA;NA;NA;NA;NA;NA;NA;NA;NA;NA;NA;NA;NA;NA;NA;NA;NA;NA;0;0;NA;0;NA;NA;0;NA;NA;1;0;NA;NA;NA;NA;NA;1;1;NA;NA;NA;NA;NA;NA;NA;NA;NA;1;NA;NA;NA;NA;NA;NA;NA;NA;NA;NA;NA;NA;NA;NA;NA;NA;NA;NA;NA;NA;NA;NA;NA;NA;NA;NA
6430_hf - hft_min;850;0;0;NA;0;0;0;0;0;0;0;0;0;0;0;0;NA;NA;NA;NA;NA;NA;NA;NA;NA;NA;NA;0;0;0;0;1;NA;NA;1;NA;NA;NA;NA;NA;NA;NA;NA;NA;NA;NA;NA;NA;NA;NA;NA;NA;NA;NA;NA;NA;NA;NA;NA;NA;NA;0;0;NA;0;NA;NA;0;NA;NA;1;0;NA;NA;NA;NA;NA;1;1;NA;NA;NA;NA;NA;NA;NA;NA;NA;1;NA;NA;NA;NA;NA;NA;NA;NA;NA;NA;NA;NA;NA;NA;NA;NA;NA;NA;NA;NA;NA;NA;NA;NA;NA;NA
6430_hf - hft_min;851;0;1;0;0;0;0;0;0;0;0;0;0;0;0;0;NA;NA;NA;NA;NA;NA;NA;NA;NA;NA;NA;0;0;0;0;1;NA;NA;1;NA;NA;NA;NA;NA;NA;NA;NA;NA;NA;NA;NA;NA;NA;NA;NA;NA;NA;NA;NA;NA;NA;NA;NA;NA;NA;0;0;NA;0;NA;NA;0;NA;NA;1;0;NA;NA;NA;NA;NA;1;1;NA;NA;NA;NA;NA;NA;NA;NA;NA;1;NA;NA;NA;NA;NA;NA;NA;NA;NA;NA;NA;NA;NA;NA;NA;NA;NA;NA;NA;NA;NA;NA;NA;NA;NA;NA
6430_hf - hft_min;852;0;0;NA;0;0;0;0;0;0;0;0;0;0;0;1;0;0;0;0;1;0;0;0;NA;NA;NA;0;0;0;0;1;NA;NA;1;NA;NA;NA;NA;NA;NA;NA;NA;NA;NA;NA;NA;NA;NA;NA;NA;NA;NA;NA;NA;NA;NA;NA;NA;NA;NA;0;0;NA;0;NA;NA;0;NA;NA;1;0;NA;NA;NA;NA;NA;1;1;NA;NA;NA;NA;NA;NA;NA;NA;NA;1;NA;NA;NA;NA;NA;NA;NA;NA;NA;NA;NA;NA;NA;NA;NA;NA;NA;NA;NA;NA;NA;NA;NA;NA;NA;NA
6430_hf - hft_min;853;0;1;0;0;0;0;0;0;0;0;0;0;0;0;1;0;0;0;0;1;0;0;0;NA;NA;NA;0;0;0;0;1;NA;NA;1;NA;NA;NA;NA;NA;NA;NA;NA;NA;NA;NA;NA;NA;NA;NA;NA;NA;NA;NA;NA;NA;NA;NA;NA;NA;NA;0;0;NA;0;NA;NA;0;NA;NA;1;0;NA;NA;NA;NA;NA;1;1;NA;NA;NA;NA;NA;NA;NA;NA;NA;1;NA;NA;NA;NA;NA;NA;NA;NA;NA;NA;NA;NA;NA;NA;NA;NA;NA;NA;NA;NA;NA;NA;NA;NA;NA;NA
6430_hf - hft_min;854;0;0;NA;0;0;0;0;0;0;0;0;0;0;0;1;0;0;0;0;0;NA;NA;NA;0;0;0;0;0;0;0;1;NA;NA;1;NA;NA;NA;NA;NA;NA;NA;NA;NA;NA;NA;NA;NA;NA;NA;NA;NA;NA;NA;NA;NA;NA;NA;NA;NA;NA;0;0;NA;0;NA;NA;0;NA;NA;1;0;NA;NA;NA;NA;NA;1;1;NA;NA;NA;NA;NA;NA;NA;NA;NA;1;NA;NA;NA;NA;NA;NA;NA;NA;NA;NA;NA;NA;NA;NA;NA;NA;NA;NA;NA;NA;NA;NA;NA;NA;NA;NA
6430_hf - hft_min;855;0;1;0;0;0;0;0;0;0;0;0;0;0;0;1;0;0;0;0;0;NA;NA;NA;0;0;0;0;0;0;0;1;NA;NA;1;NA;NA;NA;NA;NA;NA;NA;NA;NA;NA;NA;NA;NA;NA;NA;NA;NA;NA;NA;NA;NA;NA;NA;NA;NA;NA;0;0;NA;0;NA;NA;0;NA;NA;1;0;NA;NA;NA;NA;NA;1;1;NA;NA;NA;NA;NA;NA;NA;NA;NA;1;NA;NA;NA;NA;NA;NA;NA;NA;NA;NA;NA;NA;NA;NA;NA;NA;NA;NA;NA;NA;NA;NA;NA;NA;NA;NA
6430_hf - hft_min;856;0;0;NA;0;0;0;0;0;0;0;0;0;0;0;0;NA;NA;NA;NA;NA;NA;NA;NA;NA;NA;NA;0;0;0;1;NA;NA;NA;1;NA;NA;NA;NA;NA;NA;0;0;NA;NA;NA;NA;NA;NA;0;1;NA;NA;NA;NA;NA;NA;NA;NA;NA;NA;0;0;NA;0;NA;NA;0;NA;NA;1;0;NA;NA;NA;NA;NA;1;1;NA;NA;NA;NA;NA;NA;NA;NA;NA;1;NA;NA;NA;NA;NA;NA;NA;NA;NA;NA;NA;NA;NA;NA;NA;NA;NA;NA;NA;NA;NA;NA;NA;NA;NA;NA
6430_hf - hft_min;857;0;1;0;0;0;0;0;0;0;0;0;0;0;0;0;NA;NA;NA;NA;NA;NA;NA;NA;NA;NA;NA;0;0;0;1;NA;NA;NA;1;NA;NA;NA;NA;NA;NA;0;0;NA;NA;NA;NA;NA;NA;0;1;NA;NA;NA;NA;NA;NA;NA;NA;NA;NA;0;0;NA;0;NA;NA;0;NA;NA;1;0;NA;NA;NA;NA;NA;1;1;NA;NA;NA;NA;NA;NA;NA;NA;NA;1;NA;NA;NA;NA;NA;NA;NA;NA;NA;NA;NA;NA;NA;NA;NA;NA;NA;NA;NA;NA;NA;NA;NA;NA;NA;NA
6430_hf - hft_min;858;0;0;NA;0;0;0;0;0;0;0;0;0;0;0;1;0;0;0;0;1;0;0;0;NA;NA;NA;0;0;0;1;NA;NA;NA;1;NA;NA;NA;NA;NA;NA;0;0;NA;NA;NA;NA;NA;NA;0;1;NA;NA;NA;NA;NA;NA;NA;NA;NA;NA;0;0;NA;0;NA;NA;0;NA;NA;1;0;NA;NA;NA;NA;NA;1;1;NA;NA;NA;NA;NA;NA;NA;NA;NA;1;NA;NA;NA;NA;NA;NA;NA;NA;NA;NA;NA;NA;NA;NA;NA;NA;NA;NA;NA;NA;NA;NA;NA;NA;NA;NA
6430_hf - hft_min;859;0;1;0;0;0;0;0;0;0;0;0;0;0;0;1;0;0;0;0;1;0;0;0;NA;NA;NA;0;0;0;1;NA;NA;NA;1;NA;NA;NA;NA;NA;NA;0;0;NA;NA;NA;NA;NA;NA;0;1;NA;NA;NA;NA;NA;NA;NA;NA;NA;NA;0;0;NA;0;NA;NA;0;NA;NA;1;0;NA;NA;NA;NA;NA;1;1;NA;NA;NA;NA;NA;NA;NA;NA;NA;1;NA;NA;NA;NA;NA;NA;NA;NA;NA;NA;NA;NA;NA;NA;NA;NA;NA;NA;NA;NA;NA;NA;NA;NA;NA;NA
6430_hf - hft_min;860;0;0;NA;0;0;0;0;0;0;0;0;0;0;0;1;0;0;0;0;0;NA;NA;NA;0;0;0;0;0;0;1;NA;NA;NA;1;NA;NA;NA;NA;NA;NA;0;0;NA;NA;NA;NA;NA;NA;0;1;NA;NA;NA;NA;NA;NA;NA;NA;NA;NA;0;0;NA;0;NA;NA;0;NA;NA;1;0;NA;NA;NA;NA;NA;1;1;NA;NA;NA;NA;NA;NA;NA;NA;NA;1;NA;NA;NA;NA;NA;NA;NA;NA;NA;NA;NA;NA;NA;NA;NA;NA;NA;NA;NA;NA;NA;NA;NA;NA;NA;NA
6430_hf - hft_min;861;0;1;0;0;0;0;0;0;0;0;0;0;0;0;1;0;0;0;0;0;NA;NA;NA;0;0;0;0;0;0;1;NA;NA;NA;1;NA;NA;NA;NA;NA;NA;0;0;NA;NA;NA;NA;NA;NA;0;1;NA;NA;NA;NA;NA;NA;NA;NA;NA;NA;0;0;NA;0;NA;NA;0;NA;NA;1;0;NA;NA;NA;NA;NA;1;1;NA;NA;NA;NA;NA;NA;NA;NA;NA;1;NA;NA;NA;NA;NA;NA;NA;NA;NA;NA;NA;NA;NA;NA;NA;NA;NA;NA;NA;NA;NA;NA;NA;NA;NA;NA
6430_hf - hft_min;862;0;0;NA;0;0;0;0;0;0;0;0;0;0;0;0;NA;NA;NA;NA;NA;NA;NA;NA;NA;NA;NA;0;0;0;1;NA;NA;NA;NA;NA;NA;NA;NA;NA;NA;0;0;NA;NA;NA;NA;NA;NA;0;0;1;NA;NA;NA;NA;NA;NA;NA;NA;NA;0;0;NA;0;NA;NA;0;NA;NA;1;0;NA;NA;NA;NA;NA;1;1;NA;NA;NA;NA;NA;NA;NA;NA;NA;1;NA;NA;NA;NA;NA;NA;NA;NA;NA;NA;NA;NA;NA;NA;NA;NA;NA;NA;NA;NA;NA;NA;NA;NA;NA;NA
6430_hf - hft_min;863;0;1;0;0;0;0;0;0;0;0;0;0;0;0;0;NA;NA;NA;NA;NA;NA;NA;NA;NA;NA;NA;0;0;0;1;NA;NA;NA;NA;NA;NA;NA;NA;NA;NA;0;0;NA;NA;NA;NA;NA;NA;0;0;1;NA;NA;NA;NA;NA;NA;NA;NA;NA;0;0;NA;0;NA;NA;0;NA;NA;1;0;NA;NA;NA;NA;NA;1;1;NA;NA;NA;NA;NA;NA;NA;NA;NA;1;NA;NA;NA;NA;NA;NA;NA;NA;NA;NA;NA;NA;NA;NA;NA;NA;NA;NA;NA;NA;NA;NA;NA;NA;NA;NA
6430_hf - hft_min;864;0;0;NA;0;0;0;0;0;0;0;0;0;0;0;1;0;0;0;0;1;0;0;0;NA;NA;NA;0;0;0;1;NA;NA;NA;NA;NA;NA;NA;NA;NA;NA;0;0;NA;NA;NA;NA;NA;NA;0;0;1;NA;NA;NA;NA;NA;NA;NA;NA;NA;0;0;NA;0;NA;NA;0;NA;NA;1;0;NA;NA;NA;NA;NA;1;1;NA;NA;NA;NA;NA;NA;NA;NA;NA;1;NA;NA;NA;NA;NA;NA;NA;NA;NA;NA;NA;NA;NA;NA;NA;NA;NA;NA;NA;NA;NA;NA;NA;NA;NA;NA
6430_hf - hft_min;865;0;1;0;0;0;0;0;0;0;0;0;0;0;0;1;0;0;0;0;1;0;0;0;NA;NA;NA;0;0;0;1;NA;NA;NA;NA;NA;NA;NA;NA;NA;NA;0;0;NA;NA;NA;NA;NA;NA;0;0;1;NA;NA;NA;NA;NA;NA;NA;NA;NA;0;0;NA;0;NA;NA;0;NA;NA;1;0;NA;NA;NA;NA;NA;1;1;NA;NA;NA;NA;NA;NA;NA;NA;NA;1;NA;NA;NA;NA;NA;NA;NA;NA;NA;NA;NA;NA;NA;NA;NA;NA;NA;NA;NA;NA;NA;NA;NA;NA;NA;NA
6430_hf - hft_min;866;0;0;NA;0;0;0;0;0;0;0;0;0;0;0;1;0;0;0;0;0;NA;NA;NA;0;0;0;0;0;0;1;NA;NA;NA;NA;NA;NA;NA;NA;NA;NA;0;0;NA;NA;NA;NA;NA;NA;0;0;1;NA;NA;NA;NA;NA;NA;NA;NA;NA;0;0;NA;0;NA;NA;0;NA;NA;1;0;NA;NA;NA;NA;NA;1;1;NA;NA;NA;NA;NA;NA;NA;NA;NA;1;NA;NA;NA;NA;NA;NA;NA;NA;NA;NA;NA;NA;NA;NA;NA;NA;NA;NA;NA;NA;NA;NA;NA;NA;NA;NA
6430_hf - hft_min;867;0;1;0;0;0;0;0;0;0;0;0;0;0;0;1;0;0;0;0;0;NA;NA;NA;0;0;0;0;0;0;1;NA;NA;NA;NA;NA;NA;NA;NA;NA;NA;0;0;NA;NA;NA;NA;NA;NA;0;0;1;NA;NA;NA;NA;NA;NA;NA;NA;NA;0;0;NA;0;NA;NA;0;NA;NA;1;0;NA;NA;NA;NA;NA;1;1;NA;NA;NA;NA;NA;NA;NA;NA;NA;1;NA;NA;NA;NA;NA;NA;NA;NA;NA;NA;NA;NA;NA;NA;NA;NA;NA;NA;NA;NA;NA;NA;NA;NA;NA;NA
6430_hw - hfe;868;0;0;NA;0;0;0;0;0;0;0;0;0;0;0;0;NA;NA;NA;NA;NA;NA;NA;NA;NA;NA;NA;0;0;0;0;NA;1;NA;NA;NA;NA;NA;NA;NA;NA;NA;NA;NA;NA;NA;NA;NA;NA;NA;NA;NA;NA;NA;NA;NA;NA;NA;NA;NA;NA;0;0;NA;0;NA;NA;1;0;0;NA;NA;NA;NA;NA;NA;NA;NA;NA;NA;NA;NA;NA;NA;NA;NA;NA;NA;NA;NA;NA;NA;NA;NA;NA;NA;NA;NA;NA;NA;NA;NA;NA;NA;NA;NA;NA;NA;NA;NA;NA;NA;NA;NA;NA
6430_hw - hfe;869;0;1;0;0;0;0;0;0;0;0;0;0;0;0;0;NA;NA;NA;NA;NA;NA;NA;NA;NA;NA;NA;0;0;0;0;NA;1;NA;NA;NA;NA;NA;NA;NA;NA;NA;NA;NA;NA;NA;NA;NA;NA;NA;NA;NA;NA;NA;NA;NA;NA;NA;NA;NA;NA;0;0;NA;0;NA;NA;1;0;0;NA;NA;NA;NA;NA;NA;NA;NA;NA;NA;NA;NA;NA;NA;NA;NA;NA;NA;NA;NA;NA;NA;NA;NA;NA;NA;NA;NA;NA;NA;NA;NA;NA;NA;NA;NA;NA;NA;NA;NA;NA;NA;NA;NA;NA
6430_hw - hfe;870;0;0;NA;0;0;0;0;0;0;0;0;0;0;0;1;0;0;0;0;1;0;0;0;NA;NA;NA;0;0;0;0;NA;1;NA;NA;NA;NA;NA;NA;NA;NA;NA;NA;NA;NA;NA;NA;NA;NA;NA;NA;NA;NA;NA;NA;NA;NA;NA;NA;NA;NA;0;0;NA;0;NA;NA;1;0;0;NA;NA;NA;NA;NA;NA;NA;NA;NA;NA;NA;NA;NA;NA;NA;NA;NA;NA;NA;NA;NA;NA;NA;NA;NA;NA;NA;NA;NA;NA;NA;NA;NA;NA;NA;NA;NA;NA;NA;NA;NA;NA;NA;NA;NA
6430_hw - hfe;871;0;1;0;0;0;0;0;0;0;0;0;0;0;0;1;0;0;0;0;1;0;0;0;NA;NA;NA;0;0;0;0;NA;1;NA;NA;NA;NA;NA;NA;NA;NA;NA;NA;NA;NA;NA;NA;NA;NA;NA;NA;NA;NA;NA;NA;NA;NA;NA;NA;NA;NA;0;0;NA;0;NA;NA;1;0;0;NA;NA;NA;NA;NA;NA;NA;NA;NA;NA;NA;NA;NA;NA;NA;NA;NA;NA;NA;NA;NA;NA;NA;NA;NA;NA;NA;NA;NA;NA;NA;NA;NA;NA;NA;NA;NA;NA;NA;NA;NA;NA;NA;NA;NA
6430_hw - hfe;872;0;0;NA;0;0;0;0;0;0;0;0;0;0;0;1;0;0;0;0;0;NA;NA;NA;0;0;0;0;0;0;0;NA;1;NA;NA;NA;NA;NA;NA;NA;NA;NA;NA;NA;NA;NA;NA;NA;NA;NA;NA;NA;NA;NA;NA;NA;NA;NA;NA;NA;NA;0;0;NA;0;NA;NA;1;0;0;NA;NA;NA;NA;NA;NA;NA;NA;NA;NA;NA;NA;NA;NA;NA;NA;NA;NA;NA;NA;NA;NA;NA;NA;NA;NA;NA;NA;NA;NA;NA;NA;NA;NA;NA;NA;NA;NA;NA;NA;NA;NA;NA;NA;NA
6430_hw - hfe;873;0;1;0;0;0;0;0;0;0;0;0;0;0;0;1;0;0;0;0;0;NA;NA;NA;0;0;0;0;0;0;0;NA;1;NA;NA;NA;NA;NA;NA;NA;NA;NA;NA;NA;NA;NA;NA;NA;NA;NA;NA;NA;NA;NA;NA;NA;NA;NA;NA;NA;NA;0;0;NA;0;NA;NA;1;0;0;NA;NA;NA;NA;NA;NA;NA;NA;NA;NA;NA;NA;NA;NA;NA;NA;NA;NA;NA;NA;NA;NA;NA;NA;NA;NA;NA;NA;NA;NA;NA;NA;NA;NA;NA;NA;NA;NA;NA;NA;NA;NA;NA;NA;NA
6430_hw - hfe;874;0;0;NA;0;0;0;0;0;0;0;0;0;0;0;0;NA;NA;NA;NA;NA;NA;NA;NA;NA;NA;NA;0;0;0;0;1;NA;NA;1;NA;NA;NA;NA;NA;NA;NA;NA;NA;NA;NA;NA;NA;NA;NA;NA;NA;NA;NA;NA;NA;NA;NA;NA;NA;NA;0;0;NA;0;NA;NA;1;0;0;NA;NA;NA;NA;NA;NA;NA;NA;NA;NA;NA;NA;NA;NA;NA;NA;NA;NA;NA;NA;NA;NA;NA;NA;NA;NA;NA;NA;NA;NA;NA;NA;NA;NA;NA;NA;NA;NA;NA;NA;NA;NA;NA;NA;NA
6430_hw - hfe;875;0;1;0;0;0;0;0;0;0;0;0;0;0;0;0;NA;NA;NA;NA;NA;NA;NA;NA;NA;NA;NA;0;0;0;0;1;NA;NA;1;NA;NA;NA;NA;NA;NA;NA;NA;NA;NA;NA;NA;NA;NA;NA;NA;NA;NA;NA;NA;NA;NA;NA;NA;NA;NA;0;0;NA;0;NA;NA;1;0;0;NA;NA;NA;NA;NA;NA;NA;NA;NA;NA;NA;NA;NA;NA;NA;NA;NA;NA;NA;NA;NA;NA;NA;NA;NA;NA;NA;NA;NA;NA;NA;NA;NA;NA;NA;NA;NA;NA;NA;NA;NA;NA;NA;NA;NA
6430_hw - hfe;876;0;0;NA;0;0;0;0;0;0;0;0;0;0;0;1;0;0;0;0;1;0;0;0;NA;NA;NA;0;0;0;0;1;NA;NA;1;NA;NA;NA;NA;NA;NA;NA;NA;NA;NA;NA;NA;NA;NA;NA;NA;NA;NA;NA;NA;NA;NA;NA;NA;NA;NA;0;0;NA;0;NA;NA;1;0;0;NA;NA;NA;NA;NA;NA;NA;NA;NA;NA;NA;NA;NA;NA;NA;NA;NA;NA;NA;NA;NA;NA;NA;NA;NA;NA;NA;NA;NA;NA;NA;NA;NA;NA;NA;NA;NA;NA;NA;NA;NA;NA;NA;NA;NA
6430_hw - hfe;877;0;1;0;0;0;0;0;0;0;0;0;0;0;0;1;0;0;0;0;1;0;0;0;NA;NA;NA;0;0;0;0;1;NA;NA;1;NA;NA;NA;NA;NA;NA;NA;NA;NA;NA;NA;NA;NA;NA;NA;NA;NA;NA;NA;NA;NA;NA;NA;NA;NA;NA;0;0;NA;0;NA;NA;1;0;0;NA;NA;NA;NA;NA;NA;NA;NA;NA;NA;NA;NA;NA;NA;NA;NA;NA;NA;NA;NA;NA;NA;NA;NA;NA;NA;NA;NA;NA;NA;NA;NA;NA;NA;NA;NA;NA;NA;NA;NA;NA;NA;NA;NA;NA
6430_hw - hfe;878;0;0;NA;0;0;0;0;0;0;0;0;0;0;0;1;0;0;0;0;0;NA;NA;NA;0;0;0;0;0;0;0;1;NA;NA;1;NA;NA;NA;NA;NA;NA;NA;NA;NA;NA;NA;NA;NA;NA;NA;NA;NA;NA;NA;NA;NA;NA;NA;NA;NA;NA;0;0;NA;0;NA;NA;1;0;0;NA;NA;NA;NA;NA;NA;NA;NA;NA;NA;NA;NA;NA;NA;NA;NA;NA;NA;NA;NA;NA;NA;NA;NA;NA;NA;NA;NA;NA;NA;NA;NA;NA;NA;NA;NA;NA;NA;NA;NA;NA;NA;NA;NA;NA
6430_hw - hfe;879;0;1;0;0;0;0;0;0;0;0;0;0;0;0;1;0;0;0;0;0;NA;NA;NA;0;0;0;0;0;0;0;1;NA;NA;1;NA;NA;NA;NA;NA;NA;NA;NA;NA;NA;NA;NA;NA;NA;NA;NA;NA;NA;NA;NA;NA;NA;NA;NA;NA;NA;0;0;NA;0;NA;NA;1;0;0;NA;NA;NA;NA;NA;NA;NA;NA;NA;NA;NA;NA;NA;NA;NA;NA;NA;NA;NA;NA;NA;NA;NA;NA;NA;NA;NA;NA;NA;NA;NA;NA;NA;NA;NA;NA;NA;NA;NA;NA;NA;NA;NA;NA;NA
6430_hw - hfe;880;0;0;NA;0;0;0;0;0;0;0;0;0;0;0;0;NA;NA;NA;NA;NA;NA;NA;NA;NA;NA;NA;0;0;0;1;NA;NA;NA;1;NA;NA;NA;NA;NA;NA;0;0;NA;NA;NA;NA;NA;NA;0;1;NA;NA;NA;NA;NA;NA;NA;NA;NA;NA;0;0;NA;0;NA;NA;1;0;0;NA;NA;NA;NA;NA;NA;NA;NA;NA;NA;NA;NA;NA;NA;NA;NA;NA;NA;NA;NA;NA;NA;NA;NA;NA;NA;NA;NA;NA;NA;NA;NA;NA;NA;NA;NA;NA;NA;NA;NA;NA;NA;NA;NA;NA
6430_hw - hfe;881;0;1;0;0;0;0;0;0;0;0;0;0;0;0;0;NA;NA;NA;NA;NA;NA;NA;NA;NA;NA;NA;0;0;0;1;NA;NA;NA;1;NA;NA;NA;NA;NA;NA;0;0;NA;NA;NA;NA;NA;NA;0;1;NA;NA;NA;NA;NA;NA;NA;NA;NA;NA;0;0;NA;0;NA;NA;1;0;0;NA;NA;NA;NA;NA;NA;NA;NA;NA;NA;NA;NA;NA;NA;NA;NA;NA;NA;NA;NA;NA;NA;NA;NA;NA;NA;NA;NA;NA;NA;NA;NA;NA;NA;NA;NA;NA;NA;NA;NA;NA;NA;NA;NA;NA
6430_hw - hfe;882;0;0;NA;0;0;0;0;0;0;0;0;0;0;0;1;0;0;0;0;1;0;0;0;NA;NA;NA;0;0;0;1;NA;NA;NA;1;NA;NA;NA;NA;NA;NA;0;0;NA;NA;NA;NA;NA;NA;0;1;NA;NA;NA;NA;NA;NA;NA;NA;NA;NA;0;0;NA;0;NA;NA;1;0;0;NA;NA;NA;NA;NA;NA;NA;NA;NA;NA;NA;NA;NA;NA;NA;NA;NA;NA;NA;NA;NA;NA;NA;NA;NA;NA;NA;NA;NA;NA;NA;NA;NA;NA;NA;NA;NA;NA;NA;NA;NA;NA;NA;NA;NA
6430_hw - hfe;883;0;1;0;0;0;0;0;0;0;0;0;0;0;0;1;0;0;0;0;1;0;0;0;NA;NA;NA;0;0;0;1;NA;NA;NA;1;NA;NA;NA;NA;NA;NA;0;0;NA;NA;NA;NA;NA;NA;0;1;NA;NA;NA;NA;NA;NA;NA;NA;NA;NA;0;0;NA;0;NA;NA;1;0;0;NA;NA;NA;NA;NA;NA;NA;NA;NA;NA;NA;NA;NA;NA;NA;NA;NA;NA;NA;NA;NA;NA;NA;NA;NA;NA;NA;NA;NA;NA;NA;NA;NA;NA;NA;NA;NA;NA;NA;NA;NA;NA;NA;NA;NA
6430_hw - hfe;884;0;0;NA;0;0;0;0;0;0;0;0;0;0;0;1;0;0;0;0;0;NA;NA;NA;0;0;0;0;0;0;1;NA;NA;NA;1;NA;NA;NA;NA;NA;NA;0;0;NA;NA;NA;NA;NA;NA;0;1;NA;NA;NA;NA;NA;NA;NA;NA;NA;NA;0;0;NA;0;NA;NA;1;0;0;NA;NA;NA;NA;NA;NA;NA;NA;NA;NA;NA;NA;NA;NA;NA;NA;NA;NA;NA;NA;NA;NA;NA;NA;NA;NA;NA;NA;NA;NA;NA;NA;NA;NA;NA;NA;NA;NA;NA;NA;NA;NA;NA;NA;NA
6430_hw - hfe;885;0;1;0;0;0;0;0;0;0;0;0;0;0;0;1;0;0;0;0;0;NA;NA;NA;0;0;0;0;0;0;1;NA;NA;NA;1;NA;NA;NA;NA;NA;NA;0;0;NA;NA;NA;NA;NA;NA;0;1;NA;NA;NA;NA;NA;NA;NA;NA;NA;NA;0;0;NA;0;NA;NA;1;0;0;NA;NA;NA;NA;NA;NA;NA;NA;NA;NA;NA;NA;NA;NA;NA;NA;NA;NA;NA;NA;NA;NA;NA;NA;NA;NA;NA;NA;NA;NA;NA;NA;NA;NA;NA;NA;NA;NA;NA;NA;NA;NA;NA;NA;NA
6430_hw - hfe;886;0;0;NA;0;0;0;0;0;0;0;0;0;0;0;0;NA;NA;NA;NA;NA;NA;NA;NA;NA;NA;NA;0;0;0;1;NA;NA;NA;NA;NA;NA;NA;NA;NA;NA;0;0;NA;NA;NA;NA;NA;NA;0;0;1;NA;NA;NA;NA;NA;NA;NA;NA;NA;0;0;NA;0;NA;NA;1;0;0;NA;NA;NA;NA;NA;NA;NA;NA;NA;NA;NA;NA;NA;NA;NA;NA;NA;NA;NA;NA;NA;NA;NA;NA;NA;NA;NA;NA;NA;NA;NA;NA;NA;NA;NA;NA;NA;NA;NA;NA;NA;NA;NA;NA;NA
6430_hw - hfe;887;0;1;0;0;0;0;0;0;0;0;0;0;0;0;0;NA;NA;NA;NA;NA;NA;NA;NA;NA;NA;NA;0;0;0;1;NA;NA;NA;NA;NA;NA;NA;NA;NA;NA;0;0;NA;NA;NA;NA;NA;NA;0;0;1;NA;NA;NA;NA;NA;NA;NA;NA;NA;0;0;NA;0;NA;NA;1;0;0;NA;NA;NA;NA;NA;NA;NA;NA;NA;NA;NA;NA;NA;NA;NA;NA;NA;NA;NA;NA;NA;NA;NA;NA;NA;NA;NA;NA;NA;NA;NA;NA;NA;NA;NA;NA;NA;NA;NA;NA;NA;NA;NA;NA;NA
6430_hw - hfe;888;0;0;NA;0;0;0;0;0;0;0;0;0;0;0;1;0;0;0;0;1;0;0;0;NA;NA;NA;0;0;0;1;NA;NA;NA;NA;NA;NA;NA;NA;NA;NA;0;0;NA;NA;NA;NA;NA;NA;0;0;1;NA;NA;NA;NA;NA;NA;NA;NA;NA;0;0;NA;0;NA;NA;1;0;0;NA;NA;NA;NA;NA;NA;NA;NA;NA;NA;NA;NA;NA;NA;NA;NA;NA;NA;NA;NA;NA;NA;NA;NA;NA;NA;NA;NA;NA;NA;NA;NA;NA;NA;NA;NA;NA;NA;NA;NA;NA;NA;NA;NA;NA
6430_hw - hfe;889;0;1;0;0;0;0;0;0;0;0;0;0;0;0;1;0;0;0;0;1;0;0;0;NA;NA;NA;0;0;0;1;NA;NA;NA;NA;NA;NA;NA;NA;NA;NA;0;0;NA;NA;NA;NA;NA;NA;0;0;1;NA;NA;NA;NA;NA;NA;NA;NA;NA;0;0;NA;0;NA;NA;1;0;0;NA;NA;NA;NA;NA;NA;NA;NA;NA;NA;NA;NA;NA;NA;NA;NA;NA;NA;NA;NA;NA;NA;NA;NA;NA;NA;NA;NA;NA;NA;NA;NA;NA;NA;NA;NA;NA;NA;NA;NA;NA;NA;NA;NA;NA
6430_hw - hfe;890;0;0;NA;0;0;0;0;0;0;0;0;0;0;0;1;0;0;0;0;0;NA;NA;NA;0;0;0;0;0;0;1;NA;NA;NA;NA;NA;NA;NA;NA;NA;NA;0;0;NA;NA;NA;NA;NA;NA;0;0;1;NA;NA;NA;NA;NA;NA;NA;NA;NA;0;0;NA;0;NA;NA;1;0;0;NA;NA;NA;NA;NA;NA;NA;NA;NA;NA;NA;NA;NA;NA;NA;NA;NA;NA;NA;NA;NA;NA;NA;NA;NA;NA;NA;NA;NA;NA;NA;NA;NA;NA;NA;NA;NA;NA;NA;NA;NA;NA;NA;NA;NA
6430_hw - hfe;891;0;1;0;0;0;0;0;0;0;0;0;0;0;0;1;0;0;0;0;0;NA;NA;NA;0;0;0;0;0;0;1;NA;NA;NA;NA;NA;NA;NA;NA;NA;NA;0;0;NA;NA;NA;NA;NA;NA;0;0;1;NA;NA;NA;NA;NA;NA;NA;NA;NA;0;0;NA;0;NA;NA;1;0;0;NA;NA;NA;NA;NA;NA;NA;NA;NA;NA;NA;NA;NA;NA;NA;NA;NA;NA;NA;NA;NA;NA;NA;NA;NA;NA;NA;NA;NA;NA;NA;NA;NA;NA;NA;NA;NA;NA;NA;NA;NA;NA;NA;NA;NA
6430_hw - hfe_min;892;0;0;NA;0;0;0;0;0;0;0;0;0;0;0;0;NA;NA;NA;NA;NA;NA;NA;NA;NA;NA;NA;0;0;0;0;NA;1;NA;NA;NA;NA;NA;NA;NA;NA;NA;NA;NA;NA;NA;NA;NA;NA;NA;NA;NA;NA;NA;NA;NA;NA;NA;NA;NA;NA;0;0;NA;0;NA;NA;1;1;NA;NA;NA;NA;NA;NA;NA;NA;NA;NA;NA;NA;NA;NA;NA;NA;NA;NA;NA;NA;NA;NA;NA;NA;NA;NA;NA;NA;NA;NA;NA;NA;NA;NA;NA;NA;NA;NA;NA;NA;NA;NA;NA;NA;NA;NA
6430_hw - hfe_min;893;0;1;0;0;0;0;0;0;0;0;0;0;0;0;0;NA;NA;NA;NA;NA;NA;NA;NA;NA;NA;NA;0;0;0;0;NA;1;NA;NA;NA;NA;NA;NA;NA;NA;NA;NA;NA;NA;NA;NA;NA;NA;NA;NA;NA;NA;NA;NA;NA;NA;NA;NA;NA;NA;0;0;NA;0;NA;NA;1;1;NA;NA;NA;NA;NA;NA;NA;NA;NA;NA;NA;NA;NA;NA;NA;NA;NA;NA;NA;NA;NA;NA;NA;NA;NA;NA;NA;NA;NA;NA;NA;NA;NA;NA;NA;NA;NA;NA;NA;NA;NA;NA;NA;NA;NA;NA
6430_hw - hfe_min;894;0;0;NA;0;0;0;0;0;0;0;0;0;0;0;1;0;0;0;0;1;0;0;0;NA;NA;NA;0;0;0;0;NA;1;NA;NA;NA;NA;NA;NA;NA;NA;NA;NA;NA;NA;NA;NA;NA;NA;NA;NA;NA;NA;NA;NA;NA;NA;NA;NA;NA;NA;0;0;NA;0;NA;NA;1;1;NA;NA;NA;NA;NA;NA;NA;NA;NA;NA;NA;NA;NA;NA;NA;NA;NA;NA;NA;NA;NA;NA;NA;NA;NA;NA;NA;NA;NA;NA;NA;NA;NA;NA;NA;NA;NA;NA;NA;NA;NA;NA;NA;NA;NA;NA
6430_hw - hfe_min;895;0;1;0;0;0;0;0;0;0;0;0;0;0;0;1;0;0;0;0;1;0;0;0;NA;NA;NA;0;0;0;0;NA;1;NA;NA;NA;NA;NA;NA;NA;NA;NA;NA;NA;NA;NA;NA;NA;NA;NA;NA;NA;NA;NA;NA;NA;NA;NA;NA;NA;NA;0;0;NA;0;NA;NA;1;1;NA;NA;NA;NA;NA;NA;NA;NA;NA;NA;NA;NA;NA;NA;NA;NA;NA;NA;NA;NA;NA;NA;NA;NA;NA;NA;NA;NA;NA;NA;NA;NA;NA;NA;NA;NA;NA;NA;NA;NA;NA;NA;NA;NA;NA;NA
6430_hw - hfe_min;896;0;0;NA;0;0;0;0;0;0;0;0;0;0;0;1;0;0;0;0;0;NA;NA;NA;0;0;0;0;0;0;0;NA;1;NA;NA;NA;NA;NA;NA;NA;NA;NA;NA;NA;NA;NA;NA;NA;NA;NA;NA;NA;NA;NA;NA;NA;NA;NA;NA;NA;NA;0;0;NA;0;NA;NA;1;1;NA;NA;NA;NA;NA;NA;NA;NA;NA;NA;NA;NA;NA;NA;NA;NA;NA;NA;NA;NA;NA;NA;NA;NA;NA;NA;NA;NA;NA;NA;NA;NA;NA;NA;NA;NA;NA;NA;NA;NA;NA;NA;NA;NA;NA;NA
6430_hw - hfe_min;897;0;1;0;0;0;0;0;0;0;0;0;0;0;0;1;0;0;0;0;0;NA;NA;NA;0;0;0;0;0;0;0;NA;1;NA;NA;NA;NA;NA;NA;NA;NA;NA;NA;NA;NA;NA;NA;NA;NA;NA;NA;NA;NA;NA;NA;NA;NA;NA;NA;NA;NA;0;0;NA;0;NA;NA;1;1;NA;NA;NA;NA;NA;NA;NA;NA;NA;NA;NA;NA;NA;NA;NA;NA;NA;NA;NA;NA;NA;NA;NA;NA;NA;NA;NA;NA;NA;NA;NA;NA;NA;NA;NA;NA;NA;NA;NA;NA;NA;NA;NA;NA;NA;NA
6430_hw - hfe_min;898;0;0;NA;0;0;0;0;0;0;0;0;0;0;0;0;NA;NA;NA;NA;NA;NA;NA;NA;NA;NA;NA;0;0;0;0;1;NA;NA;1;NA;NA;NA;NA;NA;NA;NA;NA;NA;NA;NA;NA;NA;NA;NA;NA;NA;NA;NA;NA;NA;NA;NA;NA;NA;NA;0;0;NA;0;NA;NA;1;1;NA;NA;NA;NA;NA;NA;NA;NA;NA;NA;NA;NA;NA;NA;NA;NA;NA;NA;NA;NA;NA;NA;NA;NA;NA;NA;NA;NA;NA;NA;NA;NA;NA;NA;NA;NA;NA;NA;NA;NA;NA;NA;NA;NA;NA;NA
6430_hw - hfe_min;899;0;1;0;0;0;0;0;0;0;0;0;0;0;0;0;NA;NA;NA;NA;NA;NA;NA;NA;NA;NA;NA;0;0;0;0;1;NA;NA;1;NA;NA;NA;NA;NA;NA;NA;NA;NA;NA;NA;NA;NA;NA;NA;NA;NA;NA;NA;NA;NA;NA;NA;NA;NA;NA;0;0;NA;0;NA;NA;1;1;NA;NA;NA;NA;NA;NA;NA;NA;NA;NA;NA;NA;NA;NA;NA;NA;NA;NA;NA;NA;NA;NA;NA;NA;NA;NA;NA;NA;NA;NA;NA;NA;NA;NA;NA;NA;NA;NA;NA;NA;NA;NA;NA;NA;NA;NA
6430_hw - hfe_min;900;0;0;NA;0;0;0;0;0;0;0;0;0;0;0;1;0;0;0;0;1;0;0;0;NA;NA;NA;0;0;0;0;1;NA;NA;1;NA;NA;NA;NA;NA;NA;NA;NA;NA;NA;NA;NA;NA;NA;NA;NA;NA;NA;NA;NA;NA;NA;NA;NA;NA;NA;0;0;NA;0;NA;NA;1;1;NA;NA;NA;NA;NA;NA;NA;NA;NA;NA;NA;NA;NA;NA;NA;NA;NA;NA;NA;NA;NA;NA;NA;NA;NA;NA;NA;NA;NA;NA;NA;NA;NA;NA;NA;NA;NA;NA;NA;NA;NA;NA;NA;NA;NA;NA
6430_hw - hfe_min;901;0;1;0;0;0;0;0;0;0;0;0;0;0;0;1;0;0;0;0;1;0;0;0;NA;NA;NA;0;0;0;0;1;NA;NA;1;NA;NA;NA;NA;NA;NA;NA;NA;NA;NA;NA;NA;NA;NA;NA;NA;NA;NA;NA;NA;NA;NA;NA;NA;NA;NA;0;0;NA;0;NA;NA;1;1;NA;NA;NA;NA;NA;NA;NA;NA;NA;NA;NA;NA;NA;NA;NA;NA;NA;NA;NA;NA;NA;NA;NA;NA;NA;NA;NA;NA;NA;NA;NA;NA;NA;NA;NA;NA;NA;NA;NA;NA;NA;NA;NA;NA;NA;NA
6430_hw - hfe_min;902;0;0;NA;0;0;0;0;0;0;0;0;0;0;0;1;0;0;0;0;0;NA;NA;NA;0;0;0;0;0;0;0;1;NA;NA;1;NA;NA;NA;NA;NA;NA;NA;NA;NA;NA;NA;NA;NA;NA;NA;NA;NA;NA;NA;NA;NA;NA;NA;NA;NA;NA;0;0;NA;0;NA;NA;1;1;NA;NA;NA;NA;NA;NA;NA;NA;NA;NA;NA;NA;NA;NA;NA;NA;NA;NA;NA;NA;NA;NA;NA;NA;NA;NA;NA;NA;NA;NA;NA;NA;NA;NA;NA;NA;NA;NA;NA;NA;NA;NA;NA;NA;NA;NA
6430_hw - hfe_min;903;0;1;0;0;0;0;0;0;0;0;0;0;0;0;1;0;0;0;0;0;NA;NA;NA;0;0;0;0;0;0;0;1;NA;NA;1;NA;NA;NA;NA;NA;NA;NA;NA;NA;NA;NA;NA;NA;NA;NA;NA;NA;NA;NA;NA;NA;NA;NA;NA;NA;NA;0;0;NA;0;NA;NA;1;1;NA;NA;NA;NA;NA;NA;NA;NA;NA;NA;NA;NA;NA;NA;NA;NA;NA;NA;NA;NA;NA;NA;NA;NA;NA;NA;NA;NA;NA;NA;NA;NA;NA;NA;NA;NA;NA;NA;NA;NA;NA;NA;NA;NA;NA;NA
6430_hw - hfe_min;904;0;0;NA;0;0;0;0;0;0;0;0;0;0;0;0;NA;NA;NA;NA;NA;NA;NA;NA;NA;NA;NA;0;0;0;1;NA;NA;NA;1;NA;NA;NA;NA;NA;NA;0;0;NA;NA;NA;NA;NA;NA;0;1;NA;NA;NA;NA;NA;NA;NA;NA;NA;NA;0;0;NA;0;NA;NA;1;1;NA;NA;NA;NA;NA;NA;NA;NA;NA;NA;NA;NA;NA;NA;NA;NA;NA;NA;NA;NA;NA;NA;NA;NA;NA;NA;NA;NA;NA;NA;NA;NA;NA;NA;NA;NA;NA;NA;NA;NA;NA;NA;NA;NA;NA;NA
6430_hw - hfe_min;905;0;1;0;0;0;0;0;0;0;0;0;0;0;0;0;NA;NA;NA;NA;NA;NA;NA;NA;NA;NA;NA;0;0;0;1;NA;NA;NA;1;NA;NA;NA;NA;NA;NA;0;0;NA;NA;NA;NA;NA;NA;0;1;NA;NA;NA;NA;NA;NA;NA;NA;NA;NA;0;0;NA;0;NA;NA;1;1;NA;NA;NA;NA;NA;NA;NA;NA;NA;NA;NA;NA;NA;NA;NA;NA;NA;NA;NA;NA;NA;NA;NA;NA;NA;NA;NA;NA;NA;NA;NA;NA;NA;NA;NA;NA;NA;NA;NA;NA;NA;NA;NA;NA;NA;NA
6430_hw - hfe_min;906;0;0;NA;0;0;0;0;0;0;0;0;0;0;0;1;0;0;0;0;1;0;0;0;NA;NA;NA;0;0;0;1;NA;NA;NA;1;NA;NA;NA;NA;NA;NA;0;0;NA;NA;NA;NA;NA;NA;0;1;NA;NA;NA;NA;NA;NA;NA;NA;NA;NA;0;0;NA;0;NA;NA;1;1;NA;NA;NA;NA;NA;NA;NA;NA;NA;NA;NA;NA;NA;NA;NA;NA;NA;NA;NA;NA;NA;NA;NA;NA;NA;NA;NA;NA;NA;NA;NA;NA;NA;NA;NA;NA;NA;NA;NA;NA;NA;NA;NA;NA;NA;NA
6430_hw - hfe_min;907;0;1;0;0;0;0;0;0;0;0;0;0;0;0;1;0;0;0;0;1;0;0;0;NA;NA;NA;0;0;0;1;NA;NA;NA;1;NA;NA;NA;NA;NA;NA;0;0;NA;NA;NA;NA;NA;NA;0;1;NA;NA;NA;NA;NA;NA;NA;NA;NA;NA;0;0;NA;0;NA;NA;1;1;NA;NA;NA;NA;NA;NA;NA;NA;NA;NA;NA;NA;NA;NA;NA;NA;NA;NA;NA;NA;NA;NA;NA;NA;NA;NA;NA;NA;NA;NA;NA;NA;NA;NA;NA;NA;NA;NA;NA;NA;NA;NA;NA;NA;NA;NA
6430_hw - hfe_min;908;0;0;NA;0;0;0;0;0;0;0;0;0;0;0;1;0;0;0;0;0;NA;NA;NA;0;0;0;0;0;0;1;NA;NA;NA;1;NA;NA;NA;NA;NA;NA;0;0;NA;NA;NA;NA;NA;NA;0;1;NA;NA;NA;NA;NA;NA;NA;NA;NA;NA;0;0;NA;0;NA;NA;1;1;NA;NA;NA;NA;NA;NA;NA;NA;NA;NA;NA;NA;NA;NA;NA;NA;NA;NA;NA;NA;NA;NA;NA;NA;NA;NA;NA;NA;NA;NA;NA;NA;NA;NA;NA;NA;NA;NA;NA;NA;NA;NA;NA;NA;NA;NA
6430_hw - hfe_min;909;0;1;0;0;0;0;0;0;0;0;0;0;0;0;1;0;0;0;0;0;NA;NA;NA;0;0;0;0;0;0;1;NA;NA;NA;1;NA;NA;NA;NA;NA;NA;0;0;NA;NA;NA;NA;NA;NA;0;1;NA;NA;NA;NA;NA;NA;NA;NA;NA;NA;0;0;NA;0;NA;NA;1;1;NA;NA;NA;NA;NA;NA;NA;NA;NA;NA;NA;NA;NA;NA;NA;NA;NA;NA;NA;NA;NA;NA;NA;NA;NA;NA;NA;NA;NA;NA;NA;NA;NA;NA;NA;NA;NA;NA;NA;NA;NA;NA;NA;NA;NA;NA
6430_hw - hfe_min;910;0;0;NA;0;0;0;0;0;0;0;0;0;0;0;0;NA;NA;NA;NA;NA;NA;NA;NA;NA;NA;NA;0;0;0;1;NA;NA;NA;NA;NA;NA;NA;NA;NA;NA;0;0;NA;NA;NA;NA;NA;NA;0;0;1;NA;NA;NA;NA;NA;NA;NA;NA;NA;0;0;NA;0;NA;NA;1;1;NA;NA;NA;NA;NA;NA;NA;NA;NA;NA;NA;NA;NA;NA;NA;NA;NA;NA;NA;NA;NA;NA;NA;NA;NA;NA;NA;NA;NA;NA;NA;NA;NA;NA;NA;NA;NA;NA;NA;NA;NA;NA;NA;NA;NA;NA
6430_hw - hfe_min;911;0;1;0;0;0;0;0;0;0;0;0;0;0;0;0;NA;NA;NA;NA;NA;NA;NA;NA;NA;NA;NA;0;0;0;1;NA;NA;NA;NA;NA;NA;NA;NA;NA;NA;0;0;NA;NA;NA;NA;NA;NA;0;0;1;NA;NA;NA;NA;NA;NA;NA;NA;NA;0;0;NA;0;NA;NA;1;1;NA;NA;NA;NA;NA;NA;NA;NA;NA;NA;NA;NA;NA;NA;NA;NA;NA;NA;NA;NA;NA;NA;NA;NA;NA;NA;NA;NA;NA;NA;NA;NA;NA;NA;NA;NA;NA;NA;NA;NA;NA;NA;NA;NA;NA;NA
6430_hw - hfe_min;912;0;0;NA;0;0;0;0;0;0;0;0;0;0;0;1;0;0;0;0;1;0;0;0;NA;NA;NA;0;0;0;1;NA;NA;NA;NA;NA;NA;NA;NA;NA;NA;0;0;NA;NA;NA;NA;NA;NA;0;0;1;NA;NA;NA;NA;NA;NA;NA;NA;NA;0;0;NA;0;NA;NA;1;1;NA;NA;NA;NA;NA;NA;NA;NA;NA;NA;NA;NA;NA;NA;NA;NA;NA;NA;NA;NA;NA;NA;NA;NA;NA;NA;NA;NA;NA;NA;NA;NA;NA;NA;NA;NA;NA;NA;NA;NA;NA;NA;NA;NA;NA;NA
6430_hw - hfe_min;913;0;1;0;0;0;0;0;0;0;0;0;0;0;0;1;0;0;0;0;1;0;0;0;NA;NA;NA;0;0;0;1;NA;NA;NA;NA;NA;NA;NA;NA;NA;NA;0;0;NA;NA;NA;NA;NA;NA;0;0;1;NA;NA;NA;NA;NA;NA;NA;NA;NA;0;0;NA;0;NA;NA;1;1;NA;NA;NA;NA;NA;NA;NA;NA;NA;NA;NA;NA;NA;NA;NA;NA;NA;NA;NA;NA;NA;NA;NA;NA;NA;NA;NA;NA;NA;NA;NA;NA;NA;NA;NA;NA;NA;NA;NA;NA;NA;NA;NA;NA;NA;NA
6430_hw - hfe_min;914;0;0;NA;0;0;0;0;0;0;0;0;0;0;0;1;0;0;0;0;0;NA;NA;NA;0;0;0;0;0;0;1;NA;NA;NA;NA;NA;NA;NA;NA;NA;NA;0;0;NA;NA;NA;NA;NA;NA;0;0;1;NA;NA;NA;NA;NA;NA;NA;NA;NA;0;0;NA;0;NA;NA;1;1;NA;NA;NA;NA;NA;NA;NA;NA;NA;NA;NA;NA;NA;NA;NA;NA;NA;NA;NA;NA;NA;NA;NA;NA;NA;NA;NA;NA;NA;NA;NA;NA;NA;NA;NA;NA;NA;NA;NA;NA;NA;NA;NA;NA;NA;NA
6430_hw - hfe_min;915;0;1;0;0;0;0;0;0;0;0;0;0;0;0;1;0;0;0;0;0;NA;NA;NA;0;0;0;0;0;0;1;NA;NA;NA;NA;NA;NA;NA;NA;NA;NA;0;0;NA;NA;NA;NA;NA;NA;0;0;1;NA;NA;NA;NA;NA;NA;NA;NA;NA;0;0;NA;0;NA;NA;1;1;NA;NA;NA;NA;NA;NA;NA;NA;NA;NA;NA;NA;NA;NA;NA;NA;NA;NA;NA;NA;NA;NA;NA;NA;NA;NA;NA;NA;NA;NA;NA;NA;NA;NA;NA;NA;NA;NA;NA;NA;NA;NA;NA;NA;NA;NA
6430_hw - hfe_min;916;0;0;NA;0;0;0;0;0;0;0;0;0;0;0;0;NA;NA;NA;NA;NA;NA;NA;NA;NA;NA;NA;0;0;0;0;NA;1;NA;NA;NA;NA;NA;NA;NA;NA;NA;NA;NA;NA;NA;NA;NA;NA;NA;NA;NA;NA;NA;NA;NA;NA;NA;NA;NA;NA;0;0;NA;0;NA;NA;1;NA;1;NA;NA;NA;NA;NA;NA;NA;NA;NA;NA;NA;NA;NA;NA;NA;NA;NA;NA;NA;NA;NA;NA;NA;NA;NA;NA;NA;NA;NA;NA;NA;NA;NA;NA;NA;NA;NA;NA;NA;NA;NA;NA;NA;NA;NA
6430_hw - hfe_min;917;0;1;0;0;0;0;0;0;0;0;0;0;0;0;0;NA;NA;NA;NA;NA;NA;NA;NA;NA;NA;NA;0;0;0;0;NA;1;NA;NA;NA;NA;NA;NA;NA;NA;NA;NA;NA;NA;NA;NA;NA;NA;NA;NA;NA;NA;NA;NA;NA;NA;NA;NA;NA;NA;0;0;NA;0;NA;NA;1;NA;1;NA;NA;NA;NA;NA;NA;NA;NA;NA;NA;NA;NA;NA;NA;NA;NA;NA;NA;NA;NA;NA;NA;NA;NA;NA;NA;NA;NA;NA;NA;NA;NA;NA;NA;NA;NA;NA;NA;NA;NA;NA;NA;NA;NA;NA
6430_hw - hfe_min;918;0;0;NA;0;0;0;0;0;0;0;0;0;0;0;1;0;0;0;0;1;0;0;0;NA;NA;NA;0;0;0;0;NA;1;NA;NA;NA;NA;NA;NA;NA;NA;NA;NA;NA;NA;NA;NA;NA;NA;NA;NA;NA;NA;NA;NA;NA;NA;NA;NA;NA;NA;0;0;NA;0;NA;NA;1;NA;1;NA;NA;NA;NA;NA;NA;NA;NA;NA;NA;NA;NA;NA;NA;NA;NA;NA;NA;NA;NA;NA;NA;NA;NA;NA;NA;NA;NA;NA;NA;NA;NA;NA;NA;NA;NA;NA;NA;NA;NA;NA;NA;NA;NA;NA
6430_hw - hfe_min;919;0;1;0;0;0;0;0;0;0;0;0;0;0;0;1;0;0;0;0;1;0;0;0;NA;NA;NA;0;0;0;0;NA;1;NA;NA;NA;NA;NA;NA;NA;NA;NA;NA;NA;NA;NA;NA;NA;NA;NA;NA;NA;NA;NA;NA;NA;NA;NA;NA;NA;NA;0;0;NA;0;NA;NA;1;NA;1;NA;NA;NA;NA;NA;NA;NA;NA;NA;NA;NA;NA;NA;NA;NA;NA;NA;NA;NA;NA;NA;NA;NA;NA;NA;NA;NA;NA;NA;NA;NA;NA;NA;NA;NA;NA;NA;NA;NA;NA;NA;NA;NA;NA;NA
6430_hw - hfe_min;920;0;0;NA;0;0;0;0;0;0;0;0;0;0;0;1;0;0;0;0;0;NA;NA;NA;0;0;0;0;0;0;0;NA;1;NA;NA;NA;NA;NA;NA;NA;NA;NA;NA;NA;NA;NA;NA;NA;NA;NA;NA;NA;NA;NA;NA;NA;NA;NA;NA;NA;NA;0;0;NA;0;NA;NA;1;NA;1;NA;NA;NA;NA;NA;NA;NA;NA;NA;NA;NA;NA;NA;NA;NA;NA;NA;NA;NA;NA;NA;NA;NA;NA;NA;NA;NA;NA;NA;NA;NA;NA;NA;NA;NA;NA;NA;NA;NA;NA;NA;NA;NA;NA;NA
6430_hw - hfe_min;921;0;1;0;0;0;0;0;0;0;0;0;0;0;0;1;0;0;0;0;0;NA;NA;NA;0;0;0;0;0;0;0;NA;1;NA;NA;NA;NA;NA;NA;NA;NA;NA;NA;NA;NA;NA;NA;NA;NA;NA;NA;NA;NA;NA;NA;NA;NA;NA;NA;NA;NA;0;0;NA;0;NA;NA;1;NA;1;NA;NA;NA;NA;NA;NA;NA;NA;NA;NA;NA;NA;NA;NA;NA;NA;NA;NA;NA;NA;NA;NA;NA;NA;NA;NA;NA;NA;NA;NA;NA;NA;NA;NA;NA;NA;NA;NA;NA;NA;NA;NA;NA;NA;NA
6430_hw - hfe_min;922;0;0;NA;0;0;0;0;0;0;0;0;0;0;0;0;NA;NA;NA;NA;NA;NA;NA;NA;NA;NA;NA;0;0;0;0;1;NA;NA;1;NA;NA;NA;NA;NA;NA;NA;NA;NA;NA;NA;NA;NA;NA;NA;NA;NA;NA;NA;NA;NA;NA;NA;NA;NA;NA;0;0;NA;0;NA;NA;1;NA;1;NA;NA;NA;NA;NA;NA;NA;NA;NA;NA;NA;NA;NA;NA;NA;NA;NA;NA;NA;NA;NA;NA;NA;NA;NA;NA;NA;NA;NA;NA;NA;NA;NA;NA;NA;NA;NA;NA;NA;NA;NA;NA;NA;NA;NA
6430_hw - hfe_min;923;0;1;0;0;0;0;0;0;0;0;0;0;0;0;0;NA;NA;NA;NA;NA;NA;NA;NA;NA;NA;NA;0;0;0;0;1;NA;NA;1;NA;NA;NA;NA;NA;NA;NA;NA;NA;NA;NA;NA;NA;NA;NA;NA;NA;NA;NA;NA;NA;NA;NA;NA;NA;NA;0;0;NA;0;NA;NA;1;NA;1;NA;NA;NA;NA;NA;NA;NA;NA;NA;NA;NA;NA;NA;NA;NA;NA;NA;NA;NA;NA;NA;NA;NA;NA;NA;NA;NA;NA;NA;NA;NA;NA;NA;NA;NA;NA;NA;NA;NA;NA;NA;NA;NA;NA;NA
6430_hw - hfe_min;924;0;0;NA;0;0;0;0;0;0;0;0;0;0;0;1;0;0;0;0;1;0;0;0;NA;NA;NA;0;0;0;0;1;NA;NA;1;NA;NA;NA;NA;NA;NA;NA;NA;NA;NA;NA;NA;NA;NA;NA;NA;NA;NA;NA;NA;NA;NA;NA;NA;NA;NA;0;0;NA;0;NA;NA;1;NA;1;NA;NA;NA;NA;NA;NA;NA;NA;NA;NA;NA;NA;NA;NA;NA;NA;NA;NA;NA;NA;NA;NA;NA;NA;NA;NA;NA;NA;NA;NA;NA;NA;NA;NA;NA;NA;NA;NA;NA;NA;NA;NA;NA;NA;NA
6430_hw - hfe_min;925;0;1;0;0;0;0;0;0;0;0;0;0;0;0;1;0;0;0;0;1;0;0;0;NA;NA;NA;0;0;0;0;1;NA;NA;1;NA;NA;NA;NA;NA;NA;NA;NA;NA;NA;NA;NA;NA;NA;NA;NA;NA;NA;NA;NA;NA;NA;NA;NA;NA;NA;0;0;NA;0;NA;NA;1;NA;1;NA;NA;NA;NA;NA;NA;NA;NA;NA;NA;NA;NA;NA;NA;NA;NA;NA;NA;NA;NA;NA;NA;NA;NA;NA;NA;NA;NA;NA;NA;NA;NA;NA;NA;NA;NA;NA;NA;NA;NA;NA;NA;NA;NA;NA
6430_hw - hfe_min;926;0;0;NA;0;0;0;0;0;0;0;0;0;0;0;1;0;0;0;0;0;NA;NA;NA;0;0;0;0;0;0;0;1;NA;NA;1;NA;NA;NA;NA;NA;NA;NA;NA;NA;NA;NA;NA;NA;NA;NA;NA;NA;NA;NA;NA;NA;NA;NA;NA;NA;NA;0;0;NA;0;NA;NA;1;NA;1;NA;NA;NA;NA;NA;NA;NA;NA;NA;NA;NA;NA;NA;NA;NA;NA;NA;NA;NA;NA;NA;NA;NA;NA;NA;NA;NA;NA;NA;NA;NA;NA;NA;NA;NA;NA;NA;NA;NA;NA;NA;NA;NA;NA;NA
6430_hw - hfe_min;927;0;1;0;0;0;0;0;0;0;0;0;0;0;0;1;0;0;0;0;0;NA;NA;NA;0;0;0;0;0;0;0;1;NA;NA;1;NA;NA;NA;NA;NA;NA;NA;NA;NA;NA;NA;NA;NA;NA;NA;NA;NA;NA;NA;NA;NA;NA;NA;NA;NA;NA;0;0;NA;0;NA;NA;1;NA;1;NA;NA;NA;NA;NA;NA;NA;NA;NA;NA;NA;NA;NA;NA;NA;NA;NA;NA;NA;NA;NA;NA;NA;NA;NA;NA;NA;NA;NA;NA;NA;NA;NA;NA;NA;NA;NA;NA;NA;NA;NA;NA;NA;NA;NA
6430_hw - hfe_min;928;0;0;NA;0;0;0;0;0;0;0;0;0;0;0;0;NA;NA;NA;NA;NA;NA;NA;NA;NA;NA;NA;0;0;0;1;NA;NA;NA;1;NA;NA;NA;NA;NA;NA;0;0;NA;NA;NA;NA;NA;NA;0;1;NA;NA;NA;NA;NA;NA;NA;NA;NA;NA;0;0;NA;0;NA;NA;1;NA;1;NA;NA;NA;NA;NA;NA;NA;NA;NA;NA;NA;NA;NA;NA;NA;NA;NA;NA;NA;NA;NA;NA;NA;NA;NA;NA;NA;NA;NA;NA;NA;NA;NA;NA;NA;NA;NA;NA;NA;NA;NA;NA;NA;NA;NA
6430_hw - hfe_min;929;0;1;0;0;0;0;0;0;0;0;0;0;0;0;0;NA;NA;NA;NA;NA;NA;NA;NA;NA;NA;NA;0;0;0;1;NA;NA;NA;1;NA;NA;NA;NA;NA;NA;0;0;NA;NA;NA;NA;NA;NA;0;1;NA;NA;NA;NA;NA;NA;NA;NA;NA;NA;0;0;NA;0;NA;NA;1;NA;1;NA;NA;NA;NA;NA;NA;NA;NA;NA;NA;NA;NA;NA;NA;NA;NA;NA;NA;NA;NA;NA;NA;NA;NA;NA;NA;NA;NA;NA;NA;NA;NA;NA;NA;NA;NA;NA;NA;NA;NA;NA;NA;NA;NA;NA
6430_hw - hfe_min;930;0;0;NA;0;0;0;0;0;0;0;0;0;0;0;1;0;0;0;0;1;0;0;0;NA;NA;NA;0;0;0;1;NA;NA;NA;1;NA;NA;NA;NA;NA;NA;0;0;NA;NA;NA;NA;NA;NA;0;1;NA;NA;NA;NA;NA;NA;NA;NA;NA;NA;0;0;NA;0;NA;NA;1;NA;1;NA;NA;NA;NA;NA;NA;NA;NA;NA;NA;NA;NA;NA;NA;NA;NA;NA;NA;NA;NA;NA;NA;NA;NA;NA;NA;NA;NA;NA;NA;NA;NA;NA;NA;NA;NA;NA;NA;NA;NA;NA;NA;NA;NA;NA
6430_hw - hfe_min;931;0;1;0;0;0;0;0;0;0;0;0;0;0;0;1;0;0;0;0;1;0;0;0;NA;NA;NA;0;0;0;1;NA;NA;NA;1;NA;NA;NA;NA;NA;NA;0;0;NA;NA;NA;NA;NA;NA;0;1;NA;NA;NA;NA;NA;NA;NA;NA;NA;NA;0;0;NA;0;NA;NA;1;NA;1;NA;NA;NA;NA;NA;NA;NA;NA;NA;NA;NA;NA;NA;NA;NA;NA;NA;NA;NA;NA;NA;NA;NA;NA;NA;NA;NA;NA;NA;NA;NA;NA;NA;NA;NA;NA;NA;NA;NA;NA;NA;NA;NA;NA;NA
6430_hw - hfe_min;932;0;0;NA;0;0;0;0;0;0;0;0;0;0;0;1;0;0;0;0;0;NA;NA;NA;0;0;0;0;0;0;1;NA;NA;NA;1;NA;NA;NA;NA;NA;NA;0;0;NA;NA;NA;NA;NA;NA;0;1;NA;NA;NA;NA;NA;NA;NA;NA;NA;NA;0;0;NA;0;NA;NA;1;NA;1;NA;NA;NA;NA;NA;NA;NA;NA;NA;NA;NA;NA;NA;NA;NA;NA;NA;NA;NA;NA;NA;NA;NA;NA;NA;NA;NA;NA;NA;NA;NA;NA;NA;NA;NA;NA;NA;NA;NA;NA;NA;NA;NA;NA;NA
6430_hw - hfe_min;933;0;1;0;0;0;0;0;0;0;0;0;0;0;0;1;0;0;0;0;0;NA;NA;NA;0;0;0;0;0;0;1;NA;NA;NA;1;NA;NA;NA;NA;NA;NA;0;0;NA;NA;NA;NA;NA;NA;0;1;NA;NA;NA;NA;NA;NA;NA;NA;NA;NA;0;0;NA;0;NA;NA;1;NA;1;NA;NA;NA;NA;NA;NA;NA;NA;NA;NA;NA;NA;NA;NA;NA;NA;NA;NA;NA;NA;NA;NA;NA;NA;NA;NA;NA;NA;NA;NA;NA;NA;NA;NA;NA;NA;NA;NA;NA;NA;NA;NA;NA;NA;NA
6430_hw - hfe_min;934;0;0;NA;0;0;0;0;0;0;0;0;0;0;0;0;NA;NA;NA;NA;NA;NA;NA;NA;NA;NA;NA;0;0;0;1;NA;NA;NA;NA;NA;NA;NA;NA;NA;NA;0;0;NA;NA;NA;NA;NA;NA;0;0;1;NA;NA;NA;NA;NA;NA;NA;NA;NA;0;0;NA;0;NA;NA;1;NA;1;NA;NA;NA;NA;NA;NA;NA;NA;NA;NA;NA;NA;NA;NA;NA;NA;NA;NA;NA;NA;NA;NA;NA;NA;NA;NA;NA;NA;NA;NA;NA;NA;NA;NA;NA;NA;NA;NA;NA;NA;NA;NA;NA;NA;NA
6430_hw - hfe_min;935;0;1;0;0;0;0;0;0;0;0;0;0;0;0;0;NA;NA;NA;NA;NA;NA;NA;NA;NA;NA;NA;0;0;0;1;NA;NA;NA;NA;NA;NA;NA;NA;NA;NA;0;0;NA;NA;NA;NA;NA;NA;0;0;1;NA;NA;NA;NA;NA;NA;NA;NA;NA;0;0;NA;0;NA;NA;1;NA;1;NA;NA;NA;NA;NA;NA;NA;NA;NA;NA;NA;NA;NA;NA;NA;NA;NA;NA;NA;NA;NA;NA;NA;NA;NA;NA;NA;NA;NA;NA;NA;NA;NA;NA;NA;NA;NA;NA;NA;NA;NA;NA;NA;NA;NA
6430_hw - hfe_min;936;0;0;NA;0;0;0;0;0;0;0;0;0;0;0;1;0;0;0;0;1;0;0;0;NA;NA;NA;0;0;0;1;NA;NA;NA;NA;NA;NA;NA;NA;NA;NA;0;0;NA;NA;NA;NA;NA;NA;0;0;1;NA;NA;NA;NA;NA;NA;NA;NA;NA;0;0;NA;0;NA;NA;1;NA;1;NA;NA;NA;NA;NA;NA;NA;NA;NA;NA;NA;NA;NA;NA;NA;NA;NA;NA;NA;NA;NA;NA;NA;NA;NA;NA;NA;NA;NA;NA;NA;NA;NA;NA;NA;NA;NA;NA;NA;NA;NA;NA;NA;NA;NA
6430_hw - hfe_min;937;0;1;0;0;0;0;0;0;0;0;0;0;0;0;1;0;0;0;0;1;0;0;0;NA;NA;NA;0;0;0;1;NA;NA;NA;NA;NA;NA;NA;NA;NA;NA;0;0;NA;NA;NA;NA;NA;NA;0;0;1;NA;NA;NA;NA;NA;NA;NA;NA;NA;0;0;NA;0;NA;NA;1;NA;1;NA;NA;NA;NA;NA;NA;NA;NA;NA;NA;NA;NA;NA;NA;NA;NA;NA;NA;NA;NA;NA;NA;NA;NA;NA;NA;NA;NA;NA;NA;NA;NA;NA;NA;NA;NA;NA;NA;NA;NA;NA;NA;NA;NA;NA
6430_hw - hfe_min;938;0;0;NA;0;0;0;0;0;0;0;0;0;0;0;1;0;0;0;0;0;NA;NA;NA;0;0;0;0;0;0;1;NA;NA;NA;NA;NA;NA;NA;NA;NA;NA;0;0;NA;NA;NA;NA;NA;NA;0;0;1;NA;NA;NA;NA;NA;NA;NA;NA;NA;0;0;NA;0;NA;NA;1;NA;1;NA;NA;NA;NA;NA;NA;NA;NA;NA;NA;NA;NA;NA;NA;NA;NA;NA;NA;NA;NA;NA;NA;NA;NA;NA;NA;NA;NA;NA;NA;NA;NA;NA;NA;NA;NA;NA;NA;NA;NA;NA;NA;NA;NA;NA
6430_hw - hfe_min;939;0;1;0;0;0;0;0;0;0;0;0;0;0;0;1;0;0;0;0;0;NA;NA;NA;0;0;0;0;0;0;1;NA;NA;NA;NA;NA;NA;NA;NA;NA;NA;0;0;NA;NA;NA;NA;NA;NA;0;0;1;NA;NA;NA;NA;NA;NA;NA;NA;NA;0;0;NA;0;NA;NA;1;NA;1;NA;NA;NA;NA;NA;NA;NA;NA;NA;NA;NA;NA;NA;NA;NA;NA;NA;NA;NA;NA;NA;NA;NA;NA;NA;NA;NA;NA;NA;NA;NA;NA;NA;NA;NA;NA;NA;NA;NA;NA;NA;NA;NA;NA;NA
6430_mr - mr;940;0;0;NA;0;0;0;0;0;0;0;0;0;0;0;0;NA;NA;NA;NA;NA;NA;NA;NA;NA;NA;NA;0;0;0;1;NA;NA;NA;NA;NA;NA;NA;NA;NA;NA;1;NA;0;0;NA;NA;NA;NA;NA;NA;NA;NA;NA;NA;NA;NA;NA;NA;NA;NA;NA;NA;NA;NA;NA;NA;NA;NA;NA;NA;NA;NA;NA;NA;NA;NA;NA;NA;NA;NA;NA;NA;NA;NA;NA;NA;NA;NA;NA;NA;NA;NA;NA;NA;NA;NA;NA;NA;NA;NA;NA;NA;NA;NA;NA;NA;NA;NA;NA;NA;NA;NA;NA;NA
6430_mr - mr;941;0;1;0;0;0;0;0;0;0;0;0;0;0;0;0;NA;NA;NA;NA;NA;NA;NA;NA;NA;NA;NA;0;0;0;1;NA;NA;NA;NA;NA;NA;NA;NA;NA;NA;1;NA;0;0;NA;NA;NA;NA;NA;NA;NA;NA;NA;NA;NA;NA;NA;NA;NA;NA;NA;NA;NA;NA;NA;NA;NA;NA;NA;NA;NA;NA;NA;NA;NA;NA;NA;NA;NA;NA;NA;NA;NA;NA;NA;NA;NA;NA;NA;NA;NA;NA;NA;NA;NA;NA;NA;NA;NA;NA;NA;NA;NA;NA;NA;NA;NA;NA;NA;NA;NA;NA;NA;NA
6430_mr - mr;942;0;0;NA;0;0;0;0;0;0;0;0;0;0;0;1;0;0;0;0;1;0;0;0;NA;NA;NA;0;0;0;1;NA;NA;NA;NA;NA;NA;NA;NA;NA;NA;1;NA;0;0;NA;NA;NA;NA;NA;NA;NA;NA;NA;NA;NA;NA;NA;NA;NA;NA;NA;NA;NA;NA;NA;NA;NA;NA;NA;NA;NA;NA;NA;NA;NA;NA;NA;NA;NA;NA;NA;NA;NA;NA;NA;NA;NA;NA;NA;NA;NA;NA;NA;NA;NA;NA;NA;NA;NA;NA;NA;NA;NA;NA;NA;NA;NA;NA;NA;NA;NA;NA;NA;NA
6430_mr - mr;943;0;1;0;0;0;0;0;0;0;0;0;0;0;0;1;0;0;0;0;1;0;0;0;NA;NA;NA;0;0;0;1;NA;NA;NA;NA;NA;NA;NA;NA;NA;NA;1;NA;0;0;NA;NA;NA;NA;NA;NA;NA;NA;NA;NA;NA;NA;NA;NA;NA;NA;NA;NA;NA;NA;NA;NA;NA;NA;NA;NA;NA;NA;NA;NA;NA;NA;NA;NA;NA;NA;NA;NA;NA;NA;NA;NA;NA;NA;NA;NA;NA;NA;NA;NA;NA;NA;NA;NA;NA;NA;NA;NA;NA;NA;NA;NA;NA;NA;NA;NA;NA;NA;NA;NA
6430_mr - mr;944;0;0;NA;0;0;0;0;0;0;0;0;0;0;0;1;0;0;0;0;0;NA;NA;NA;0;0;0;0;0;0;1;NA;NA;NA;NA;NA;NA;NA;NA;NA;NA;1;NA;0;0;NA;NA;NA;NA;NA;NA;NA;NA;NA;NA;NA;NA;NA;NA;NA;NA;NA;NA;NA;NA;NA;NA;NA;NA;NA;NA;NA;NA;NA;NA;NA;NA;NA;NA;NA;NA;NA;NA;NA;NA;NA;NA;NA;NA;NA;NA;NA;NA;NA;NA;NA;NA;NA;NA;NA;NA;NA;NA;NA;NA;NA;NA;NA;NA;NA;NA;NA;NA;NA;NA
6430_mr - mr;945;0;1;0;0;0;0;0;0;0;0;0;0;0;0;1;0;0;0;0;0;NA;NA;NA;0;0;0;0;0;0;1;NA;NA;NA;NA;NA;NA;NA;NA;NA;NA;1;NA;0;0;NA;NA;NA;NA;NA;NA;NA;NA;NA;NA;NA;NA;NA;NA;NA;NA;NA;NA;NA;NA;NA;NA;NA;NA;NA;NA;NA;NA;NA;NA;NA;NA;NA;NA;NA;NA;NA;NA;NA;NA;NA;NA;NA;NA;NA;NA;NA;NA;NA;NA;NA;NA;NA;NA;NA;NA;NA;NA;NA;NA;NA;NA;NA;NA;NA;NA;NA;NA;NA;NA
6430_mr - mr_min;946;0;0;NA;0;0;0;0;0;0;0;0;0;0;0;0;NA;NA;NA;NA;NA;NA;NA;NA;NA;NA;NA;0;0;0;1;NA;NA;NA;NA;NA;NA;NA;NA;NA;NA;1;NA;1;NA;NA;NA;NA;NA;NA;NA;NA;NA;NA;NA;NA;NA;NA;NA;NA;NA;NA;NA;NA;NA;NA;NA;NA;NA;NA;NA;NA;NA;NA;NA;NA;NA;NA;NA;NA;NA;NA;NA;NA;NA;NA;NA;NA;NA;NA;NA;NA;NA;NA;NA;NA;NA;NA;NA;NA;NA;NA;NA;NA;NA;NA;NA;NA;NA;NA;NA;NA;NA;NA;NA
6430_mr - mr_min;947;0;1;0;0;0;0;0;0;0;0;0;0;0;0;0;NA;NA;NA;NA;NA;NA;NA;NA;NA;NA;NA;0;0;0;1;NA;NA;NA;NA;NA;NA;NA;NA;NA;NA;1;NA;1;NA;NA;NA;NA;NA;NA;NA;NA;NA;NA;NA;NA;NA;NA;NA;NA;NA;NA;NA;NA;NA;NA;NA;NA;NA;NA;NA;NA;NA;NA;NA;NA;NA;NA;NA;NA;NA;NA;NA;NA;NA;NA;NA;NA;NA;NA;NA;NA;NA;NA;NA;NA;NA;NA;NA;NA;NA;NA;NA;NA;NA;NA;NA;NA;NA;NA;NA;NA;NA;NA;NA
6430_mr - mr_min;948;0;0;NA;0;0;0;0;0;0;0;0;0;0;0;1;0;0;0;0;1;0;0;0;NA;NA;NA;0;0;0;1;NA;NA;NA;NA;NA;NA;NA;NA;NA;NA;1;NA;1;NA;NA;NA;NA;NA;NA;NA;NA;NA;NA;NA;NA;NA;NA;NA;NA;NA;NA;NA;NA;NA;NA;NA;NA;NA;NA;NA;NA;NA;NA;NA;NA;NA;NA;NA;NA;NA;NA;NA;NA;NA;NA;NA;NA;NA;NA;NA;NA;NA;NA;NA;NA;NA;NA;NA;NA;NA;NA;NA;NA;NA;NA;NA;NA;NA;NA;NA;NA;NA;NA;NA
6430_mr - mr_min;949;0;1;0;0;0;0;0;0;0;0;0;0;0;0;1;0;0;0;0;1;0;0;0;NA;NA;NA;0;0;0;1;NA;NA;NA;NA;NA;NA;NA;NA;NA;NA;1;NA;1;NA;NA;NA;NA;NA;NA;NA;NA;NA;NA;NA;NA;NA;NA;NA;NA;NA;NA;NA;NA;NA;NA;NA;NA;NA;NA;NA;NA;NA;NA;NA;NA;NA;NA;NA;NA;NA;NA;NA;NA;NA;NA;NA;NA;NA;NA;NA;NA;NA;NA;NA;NA;NA;NA;NA;NA;NA;NA;NA;NA;NA;NA;NA;NA;NA;NA;NA;NA;NA;NA;NA
6430_mr - mr_min;950;0;0;NA;0;0;0;0;0;0;0;0;0;0;0;1;0;0;0;0;0;NA;NA;NA;0;0;0;0;0;0;1;NA;NA;NA;NA;NA;NA;NA;NA;NA;NA;1;NA;1;NA;NA;NA;NA;NA;NA;NA;NA;NA;NA;NA;NA;NA;NA;NA;NA;NA;NA;NA;NA;NA;NA;NA;NA;NA;NA;NA;NA;NA;NA;NA;NA;NA;NA;NA;NA;NA;NA;NA;NA;NA;NA;NA;NA;NA;NA;NA;NA;NA;NA;NA;NA;NA;NA;NA;NA;NA;NA;NA;NA;NA;NA;NA;NA;NA;NA;NA;NA;NA;NA;NA
6430_mr - mr_min;951;0;1;0;0;0;0;0;0;0;0;0;0;0;0;1;0;0;0;0;0;NA;NA;NA;0;0;0;0;0;0;1;NA;NA;NA;NA;NA;NA;NA;NA;NA;NA;1;NA;1;NA;NA;NA;NA;NA;NA;NA;NA;NA;NA;NA;NA;NA;NA;NA;NA;NA;NA;NA;NA;NA;NA;NA;NA;NA;NA;NA;NA;NA;NA;NA;NA;NA;NA;NA;NA;NA;NA;NA;NA;NA;NA;NA;NA;NA;NA;NA;NA;NA;NA;NA;NA;NA;NA;NA;NA;NA;NA;NA;NA;NA;NA;NA;NA;NA;NA;NA;NA;NA;NA;NA
6430_mr - mr_min;952;0;0;NA;0;0;0;0;0;0;0;0;0;0;0;0;NA;NA;NA;NA;NA;NA;NA;NA;NA;NA;NA;0;0;0;1;NA;NA;NA;NA;NA;NA;NA;NA;NA;NA;1;NA;NA;1;NA;NA;NA;NA;NA;NA;NA;NA;NA;NA;NA;NA;NA;NA;NA;NA;NA;NA;NA;NA;NA;NA;NA;NA;NA;NA;NA;NA;NA;NA;NA;NA;NA;NA;NA;NA;NA;NA;NA;NA;NA;NA;NA;NA;NA;NA;NA;NA;NA;NA;NA;NA;NA;NA;NA;NA;NA;NA;NA;NA;NA;NA;NA;NA;NA;NA;NA;NA;NA;NA
6430_mr - mr_min;953;0;1;0;0;0;0;0;0;0;0;0;0;0;0;0;NA;NA;NA;NA;NA;NA;NA;NA;NA;NA;NA;0;0;0;1;NA;NA;NA;NA;NA;NA;NA;NA;NA;NA;1;NA;NA;1;NA;NA;NA;NA;NA;NA;NA;NA;NA;NA;NA;NA;NA;NA;NA;NA;NA;NA;NA;NA;NA;NA;NA;NA;NA;NA;NA;NA;NA;NA;NA;NA;NA;NA;NA;NA;NA;NA;NA;NA;NA;NA;NA;NA;NA;NA;NA;NA;NA;NA;NA;NA;NA;NA;NA;NA;NA;NA;NA;NA;NA;NA;NA;NA;NA;NA;NA;NA;NA;NA
6430_mr - mr_min;954;0;0;NA;0;0;0;0;0;0;0;0;0;0;0;1;0;0;0;0;1;0;0;0;NA;NA;NA;0;0;0;1;NA;NA;NA;NA;NA;NA;NA;NA;NA;NA;1;NA;NA;1;NA;NA;NA;NA;NA;NA;NA;NA;NA;NA;NA;NA;NA;NA;NA;NA;NA;NA;NA;NA;NA;NA;NA;NA;NA;NA;NA;NA;NA;NA;NA;NA;NA;NA;NA;NA;NA;NA;NA;NA;NA;NA;NA;NA;NA;NA;NA;NA;NA;NA;NA;NA;NA;NA;NA;NA;NA;NA;NA;NA;NA;NA;NA;NA;NA;NA;NA;NA;NA;NA
6430_mr - mr_min;955;0;1;0;0;0;0;0;0;0;0;0;0;0;0;1;0;0;0;0;1;0;0;0;NA;NA;NA;0;0;0;1;NA;NA;NA;NA;NA;NA;NA;NA;NA;NA;1;NA;NA;1;NA;NA;NA;NA;NA;NA;NA;NA;NA;NA;NA;NA;NA;NA;NA;NA;NA;NA;NA;NA;NA;NA;NA;NA;NA;NA;NA;NA;NA;NA;NA;NA;NA;NA;NA;NA;NA;NA;NA;NA;NA;NA;NA;NA;NA;NA;NA;NA;NA;NA;NA;NA;NA;NA;NA;NA;NA;NA;NA;NA;NA;NA;NA;NA;NA;NA;NA;NA;NA;NA
6430_mr - mr_min;956;0;0;NA;0;0;0;0;0;0;0;0;0;0;0;1;0;0;0;0;0;NA;NA;NA;0;0;0;0;0;0;1;NA;NA;NA;NA;NA;NA;NA;NA;NA;NA;1;NA;NA;1;NA;NA;NA;NA;NA;NA;NA;NA;NA;NA;NA;NA;NA;NA;NA;NA;NA;NA;NA;NA;NA;NA;NA;NA;NA;NA;NA;NA;NA;NA;NA;NA;NA;NA;NA;NA;NA;NA;NA;NA;NA;NA;NA;NA;NA;NA;NA;NA;NA;NA;NA;NA;NA;NA;NA;NA;NA;NA;NA;NA;NA;NA;NA;NA;NA;NA;NA;NA;NA;NA
6430_mr - mr_min;957;0;1;0;0;0;0;0;0;0;0;0;0;0;0;1;0;0;0;0;0;NA;NA;NA;0;0;0;0;0;0;1;NA;NA;NA;NA;NA;NA;NA;NA;NA;NA;1;NA;NA;1;NA;NA;NA;NA;NA;NA;NA;NA;NA;NA;NA;NA;NA;NA;NA;NA;NA;NA;NA;NA;NA;NA;NA;NA;NA;NA;NA;NA;NA;NA;NA;NA;NA;NA;NA;NA;NA;NA;NA;NA;NA;NA;NA;NA;NA;NA;NA;NA;NA;NA;NA;NA;NA;NA;NA;NA;NA;NA;NA;NA;NA;NA;NA;NA;NA;NA;NA;NA;NA;NA
7140_base;958;0;0;NA;0;0;0;0;0;0;0;0;0;0;0;1;0;0;0;0;1;1;NA;NA;NA;NA;NA;NA;NA;NA;NA;NA;NA;NA;NA;NA;NA;NA;NA;NA;NA;NA;NA;NA;NA;NA;NA;NA;NA;NA;NA;NA;NA;NA;NA;NA;NA;NA;NA;NA;NA;NA;NA;NA;NA;NA;NA;NA;NA;NA;NA;NA;NA;NA;NA;NA;NA;NA;NA;NA;NA;NA;NA;NA;NA;NA;NA;NA;NA;NA;NA;NA;NA;NA;NA;NA;NA;NA;NA;NA;NA;NA;NA;NA;NA;NA;NA;NA;NA;NA;NA;NA;NA;NA;NA
7140_base;959;0;1;0;0;0;0;0;0;0;0;0;0;0;0;1;0;0;0;0;1;1;NA;NA;NA;NA;NA;NA;NA;NA;NA;NA;NA;NA;NA;NA;NA;NA;NA;NA;NA;NA;NA;NA;NA;NA;NA;NA;NA;NA;NA;NA;NA;NA;NA;NA;NA;NA;NA;NA;NA;NA;NA;NA;NA;NA;NA;NA;NA;NA;NA;NA;NA;NA;NA;NA;NA;NA;NA;NA;NA;NA;NA;NA;NA;NA;NA;NA;NA;NA;NA;NA;NA;NA;NA;NA;NA;NA;NA;NA;NA;NA;NA;NA;NA;NA;NA;NA;NA;NA;NA;NA;NA;NA;NA
7140_base;960;0;0;NA;0;0;0;0;0;0;0;0;0;0;0;1;0;0;0;0;1;NA;1;NA;NA;NA;NA;NA;NA;NA;NA;NA;NA;NA;NA;NA;NA;NA;NA;NA;NA;NA;NA;NA;NA;NA;NA;NA;NA;NA;NA;NA;NA;NA;NA;NA;NA;NA;NA;NA;NA;NA;NA;NA;NA;NA;NA;NA;NA;NA;NA;NA;NA;NA;NA;NA;NA;NA;NA;NA;NA;NA;NA;NA;NA;NA;NA;NA;NA;NA;NA;NA;NA;NA;NA;NA;NA;NA;NA;NA;NA;NA;NA;NA;NA;NA;NA;NA;NA;NA;NA;NA;NA;NA;NA
7140_base;961;0;1;0;0;0;0;0;0;0;0;0;0;0;0;1;0;0;0;0;1;NA;1;NA;NA;NA;NA;NA;NA;NA;NA;NA;NA;NA;NA;NA;NA;NA;NA;NA;NA;NA;NA;NA;NA;NA;NA;NA;NA;NA;NA;NA;NA;NA;NA;NA;NA;NA;NA;NA;NA;NA;NA;NA;NA;NA;NA;NA;NA;NA;NA;NA;NA;NA;NA;NA;NA;NA;NA;NA;NA;NA;NA;NA;NA;NA;NA;NA;NA;NA;NA;NA;NA;NA;NA;NA;NA;NA;NA;NA;NA;NA;NA;NA;NA;NA;NA;NA;NA;NA;NA;NA;NA;NA;NA
7140_base - mk_min;962;0;0;NA;0;0;0;0;0;0;0;0;0;0;0;1;0;0;0;0;1;NA;NA;1;NA;NA;NA;NA;NA;NA;NA;NA;NA;NA;NA;NA;NA;NA;NA;NA;NA;NA;NA;NA;NA;NA;NA;NA;NA;NA;NA;NA;NA;NA;NA;NA;NA;NA;NA;NA;NA;NA;NA;NA;NA;NA;NA;NA;NA;NA;NA;NA;NA;NA;NA;NA;NA;NA;NA;NA;NA;NA;NA;NA;NA;NA;NA;NA;NA;NA;NA;NA;NA;NA;NA;NA;NA;NA;NA;NA;NA;NA;NA;NA;NA;NA;NA;NA;NA;NA;NA;NA;NA;NA;NA
7140_base - mk_min;963;0;1;0;0;0;0;0;0;0;0;0;0;0;0;1;0;0;0;0;1;NA;NA;1;NA;NA;NA;NA;NA;NA;NA;NA;NA;NA;NA;NA;NA;NA;NA;NA;NA;NA;NA;NA;NA;NA;NA;NA;NA;NA;NA;NA;NA;NA;NA;NA;NA;NA;NA;NA;NA;NA;NA;NA;NA;NA;NA;NA;NA;NA;NA;NA;NA;NA;NA;NA;NA;NA;NA;NA;NA;NA;NA;NA;NA;NA;NA;NA;NA;NA;NA;NA;NA;NA;NA;NA;NA;NA;NA;NA;NA;NA;NA;NA;NA;NA;NA;NA;NA;NA;NA;NA;NA;NA;NA
7140_meso - ms;964;0;0;NA;0;0;0;0;0;0;0;0;0;0;0;0;NA;NA;NA;NA;NA;NA;NA;NA;NA;NA;NA;0;0;1;NA;NA;NA;NA;NA;NA;NA;NA;NA;NA;NA;NA;NA;NA;NA;NA;NA;NA;NA;NA;NA;NA;NA;NA;NA;NA;NA;NA;NA;NA;NA;NA;NA;NA;NA;NA;NA;NA;NA;NA;NA;NA;NA;NA;NA;NA;NA;NA;NA;NA;NA;NA;NA;NA;NA;NA;NA;NA;NA;NA;NA;NA;NA;NA;NA;NA;NA;NA;NA;1;0;0;0;0;NA;NA;NA;NA;NA;NA;NA;NA;NA;NA;NA
7140_meso - ms;965;0;1;0;0;0;0;0;0;0;0;0;0;0;0;0;NA;NA;NA;NA;NA;NA;NA;NA;NA;NA;NA;0;0;1;NA;NA;NA;NA;NA;NA;NA;NA;NA;NA;NA;NA;NA;NA;NA;NA;NA;NA;NA;NA;NA;NA;NA;NA;NA;NA;NA;NA;NA;NA;NA;NA;NA;NA;NA;NA;NA;NA;NA;NA;NA;NA;NA;NA;NA;NA;NA;NA;NA;NA;NA;NA;NA;NA;NA;NA;NA;NA;NA;NA;NA;NA;NA;NA;NA;NA;NA;NA;NA;1;0;0;0;0;NA;NA;NA;NA;NA;NA;NA;NA;NA;NA;NA
7140_meso - ms;966;0;0;NA;0;0;0;0;0;0;0;0;0;0;0;1;0;0;0;0;1;0;0;0;NA;NA;NA;0;0;1;NA;NA;NA;NA;NA;NA;NA;NA;NA;NA;NA;NA;NA;NA;NA;NA;NA;NA;NA;NA;NA;NA;NA;NA;NA;NA;NA;NA;NA;NA;NA;NA;NA;NA;NA;NA;NA;NA;NA;NA;NA;NA;NA;NA;NA;NA;NA;NA;NA;NA;NA;NA;NA;NA;NA;NA;NA;NA;NA;NA;NA;NA;NA;NA;NA;NA;NA;NA;NA;1;0;0;0;0;NA;NA;NA;NA;NA;NA;NA;NA;NA;NA;NA
7140_meso - ms;967;0;1;0;0;0;0;0;0;0;0;0;0;0;0;1;0;0;0;0;1;0;0;0;NA;NA;NA;0;0;1;NA;NA;NA;NA;NA;NA;NA;NA;NA;NA;NA;NA;NA;NA;NA;NA;NA;NA;NA;NA;NA;NA;NA;NA;NA;NA;NA;NA;NA;NA;NA;NA;NA;NA;NA;NA;NA;NA;NA;NA;NA;NA;NA;NA;NA;NA;NA;NA;NA;NA;NA;NA;NA;NA;NA;NA;NA;NA;NA;NA;NA;NA;NA;NA;NA;NA;NA;NA;NA;1;0;0;0;0;NA;NA;NA;NA;NA;NA;NA;NA;NA;NA;NA
7140_meso - ms;968;0;0;NA;0;0;0;0;0;0;0;0;0;0;0;1;0;0;0;0;0;NA;NA;NA;0;0;0;0;0;1;NA;NA;NA;NA;NA;NA;NA;NA;NA;NA;NA;NA;NA;NA;NA;NA;NA;NA;NA;NA;NA;NA;NA;NA;NA;NA;NA;NA;NA;NA;NA;NA;NA;NA;NA;NA;NA;NA;NA;NA;NA;NA;NA;NA;NA;NA;NA;NA;NA;NA;NA;NA;NA;NA;NA;NA;NA;NA;NA;NA;NA;NA;NA;NA;NA;NA;NA;NA;NA;1;0;0;0;0;NA;NA;NA;NA;NA;NA;NA;NA;NA;NA;NA
7140_meso - ms;969;0;1;0;0;0;0;0;0;0;0;0;0;0;0;1;0;0;0;0;0;NA;NA;NA;0;0;0;0;0;1;NA;NA;NA;NA;NA;NA;NA;NA;NA;NA;NA;NA;NA;NA;NA;NA;NA;NA;NA;NA;NA;NA;NA;NA;NA;NA;NA;NA;NA;NA;NA;NA;NA;NA;NA;NA;NA;NA;NA;NA;NA;NA;NA;NA;NA;NA;NA;NA;NA;NA;NA;NA;NA;NA;NA;NA;NA;NA;NA;NA;NA;NA;NA;NA;NA;NA;NA;NA;NA;1;0;0;0;0;NA;NA;NA;NA;NA;NA;NA;NA;NA;NA;NA
7140_meso - ms;970;0;0;NA;0;0;0;0;0;0;0;0;0;0;0;0;NA;NA;NA;NA;NA;NA;NA;NA;NA;NA;NA;0;0;0;0;NA;1;NA;NA;NA;NA;NA;NA;NA;NA;NA;NA;NA;NA;NA;NA;NA;NA;NA;NA;NA;NA;NA;NA;NA;NA;NA;NA;NA;NA;NA;1;NA;NA;NA;NA;NA;NA;NA;NA;NA;NA;NA;NA;NA;NA;NA;NA;NA;NA;NA;NA;NA;NA;NA;NA;NA;NA;NA;NA;NA;NA;NA;NA;NA;NA;NA;NA;1;0;0;0;0;NA;NA;NA;NA;NA;NA;NA;NA;NA;NA;NA
7140_meso - ms;971;0;1;0;0;0;0;0;0;0;0;0;0;0;0;0;NA;NA;NA;NA;NA;NA;NA;NA;NA;NA;NA;0;0;0;0;NA;1;NA;NA;NA;NA;NA;NA;NA;NA;NA;NA;NA;NA;NA;NA;NA;NA;NA;NA;NA;NA;NA;NA;NA;NA;NA;NA;NA;NA;NA;1;NA;NA;NA;NA;NA;NA;NA;NA;NA;NA;NA;NA;NA;NA;NA;NA;NA;NA;NA;NA;NA;NA;NA;NA;NA;NA;NA;NA;NA;NA;NA;NA;NA;NA;NA;NA;1;0;0;0;0;NA;NA;NA;NA;NA;NA;NA;NA;NA;NA;NA
7140_meso - ms;972;0;0;NA;0;0;0;0;0;0;0;0;0;0;0;1;0;0;0;0;1;0;0;0;NA;NA;NA;0;0;0;0;NA;1;NA;NA;NA;NA;NA;NA;NA;NA;NA;NA;NA;NA;NA;NA;NA;NA;NA;NA;NA;NA;NA;NA;NA;NA;NA;NA;NA;NA;NA;1;NA;NA;NA;NA;NA;NA;NA;NA;NA;NA;NA;NA;NA;NA;NA;NA;NA;NA;NA;NA;NA;NA;NA;NA;NA;NA;NA;NA;NA;NA;NA;NA;NA;NA;NA;NA;1;0;0;0;0;NA;NA;NA;NA;NA;NA;NA;NA;NA;NA;NA
7140_meso - ms;973;0;1;0;0;0;0;0;0;0;0;0;0;0;0;1;0;0;0;0;1;0;0;0;NA;NA;NA;0;0;0;0;NA;1;NA;NA;NA;NA;NA;NA;NA;NA;NA;NA;NA;NA;NA;NA;NA;NA;NA;NA;NA;NA;NA;NA;NA;NA;NA;NA;NA;NA;NA;1;NA;NA;NA;NA;NA;NA;NA;NA;NA;NA;NA;NA;NA;NA;NA;NA;NA;NA;NA;NA;NA;NA;NA;NA;NA;NA;NA;NA;NA;NA;NA;NA;NA;NA;NA;NA;1;0;0;0;0;NA;NA;NA;NA;NA;NA;NA;NA;NA;NA;NA
7140_meso - ms;974;0;0;NA;0;0;0;0;0;0;0;0;0;0;0;1;0;0;0;0;0;NA;NA;NA;0;0;0;0;0;0;0;NA;1;NA;NA;NA;NA;NA;NA;NA;NA;NA;NA;NA;NA;NA;NA;NA;NA;NA;NA;NA;NA;NA;NA;NA;NA;NA;NA;NA;NA;NA;1;NA;NA;NA;NA;NA;NA;NA;NA;NA;NA;NA;NA;NA;NA;NA;NA;NA;NA;NA;NA;NA;NA;NA;NA;NA;NA;NA;NA;NA;NA;NA;NA;NA;NA;NA;NA;1;0;0;0;0;NA;NA;NA;NA;NA;NA;NA;NA;NA;NA;NA
7140_meso - ms;975;0;1;0;0;0;0;0;0;0;0;0;0;0;0;1;0;0;0;0;0;NA;NA;NA;0;0;0;0;0;0;0;NA;1;NA;NA;NA;NA;NA;NA;NA;NA;NA;NA;NA;NA;NA;NA;NA;NA;NA;NA;NA;NA;NA;NA;NA;NA;NA;NA;NA;NA;NA;1;NA;NA;NA;NA;NA;NA;NA;NA;NA;NA;NA;NA;NA;NA;NA;NA;NA;NA;NA;NA;NA;NA;NA;NA;NA;NA;NA;NA;NA;NA;NA;NA;NA;NA;NA;NA;1;0;0;0;0;NA;NA;NA;NA;NA;NA;NA;NA;NA;NA;NA
7140_meso - ms;976;0;0;NA;0;0;0;0;0;0;0;0;0;0;0;0;NA;NA;NA;NA;NA;NA;NA;NA;NA;NA;NA;0;0;0;0;1;NA;NA;1;NA;NA;NA;NA;NA;NA;NA;NA;NA;NA;NA;NA;NA;NA;NA;NA;NA;NA;NA;NA;NA;NA;NA;NA;NA;NA;NA;1;NA;NA;NA;NA;NA;NA;NA;NA;NA;NA;NA;NA;NA;NA;NA;NA;NA;NA;NA;NA;NA;NA;NA;NA;NA;NA;NA;NA;NA;NA;NA;NA;NA;NA;NA;NA;1;0;0;0;0;NA;NA;NA;NA;NA;NA;NA;NA;NA;NA;NA
7140_meso - ms;977;0;1;0;0;0;0;0;0;0;0;0;0;0;0;0;NA;NA;NA;NA;NA;NA;NA;NA;NA;NA;NA;0;0;0;0;1;NA;NA;1;NA;NA;NA;NA;NA;NA;NA;NA;NA;NA;NA;NA;NA;NA;NA;NA;NA;NA;NA;NA;NA;NA;NA;NA;NA;NA;NA;1;NA;NA;NA;NA;NA;NA;NA;NA;NA;NA;NA;NA;NA;NA;NA;NA;NA;NA;NA;NA;NA;NA;NA;NA;NA;NA;NA;NA;NA;NA;NA;NA;NA;NA;NA;NA;1;0;0;0;0;NA;NA;NA;NA;NA;NA;NA;NA;NA;NA;NA
7140_meso - ms;978;0;0;NA;0;0;0;0;0;0;0;0;0;0;0;1;0;0;0;0;1;0;0;0;NA;NA;NA;0;0;0;0;1;NA;NA;1;NA;NA;NA;NA;NA;NA;NA;NA;NA;NA;NA;NA;NA;NA;NA;NA;NA;NA;NA;NA;NA;NA;NA;NA;NA;NA;NA;1;NA;NA;NA;NA;NA;NA;NA;NA;NA;NA;NA;NA;NA;NA;NA;NA;NA;NA;NA;NA;NA;NA;NA;NA;NA;NA;NA;NA;NA;NA;NA;NA;NA;NA;NA;NA;1;0;0;0;0;NA;NA;NA;NA;NA;NA;NA;NA;NA;NA;NA
7140_meso - ms;979;0;1;0;0;0;0;0;0;0;0;0;0;0;0;1;0;0;0;0;1;0;0;0;NA;NA;NA;0;0;0;0;1;NA;NA;1;NA;NA;NA;NA;NA;NA;NA;NA;NA;NA;NA;NA;NA;NA;NA;NA;NA;NA;NA;NA;NA;NA;NA;NA;NA;NA;NA;1;NA;NA;NA;NA;NA;NA;NA;NA;NA;NA;NA;NA;NA;NA;NA;NA;NA;NA;NA;NA;NA;NA;NA;NA;NA;NA;NA;NA;NA;NA;NA;NA;NA;NA;NA;NA;1;0;0;0;0;NA;NA;NA;NA;NA;NA;NA;NA;NA;NA;NA
7140_meso - ms;980;0;0;NA;0;0;0;0;0;0;0;0;0;0;0;1;0;0;0;0;0;NA;NA;NA;0;0;0;0;0;0;0;1;NA;NA;1;NA;NA;NA;NA;NA;NA;NA;NA;NA;NA;NA;NA;NA;NA;NA;NA;NA;NA;NA;NA;NA;NA;NA;NA;NA;NA;NA;1;NA;NA;NA;NA;NA;NA;NA;NA;NA;NA;NA;NA;NA;NA;NA;NA;NA;NA;NA;NA;NA;NA;NA;NA;NA;NA;NA;NA;NA;NA;NA;NA;NA;NA;NA;NA;1;0;0;0;0;NA;NA;NA;NA;NA;NA;NA;NA;NA;NA;NA
7140_meso - ms;981;0;1;0;0;0;0;0;0;0;0;0;0;0;0;1;0;0;0;0;0;NA;NA;NA;0;0;0;0;0;0;0;1;NA;NA;1;NA;NA;NA;NA;NA;NA;NA;NA;NA;NA;NA;NA;NA;NA;NA;NA;NA;NA;NA;NA;NA;NA;NA;NA;NA;NA;NA;1;NA;NA;NA;NA;NA;NA;NA;NA;NA;NA;NA;NA;NA;NA;NA;NA;NA;NA;NA;NA;NA;NA;NA;NA;NA;NA;NA;NA;NA;NA;NA;NA;NA;NA;NA;NA;1;0;0;0;0;NA;NA;NA;NA;NA;NA;NA;NA;NA;NA;NA
7140_meso - ms;982;0;0;NA;0;0;0;0;0;0;0;0;0;0;0;0;NA;NA;NA;NA;NA;NA;NA;NA;NA;NA;NA;0;0;0;1;NA;NA;NA;1;NA;NA;NA;NA;NA;NA;0;0;NA;NA;NA;NA;NA;NA;0;1;NA;NA;NA;NA;NA;NA;NA;NA;NA;NA;NA;1;NA;NA;NA;NA;NA;NA;NA;NA;NA;NA;NA;NA;NA;NA;NA;NA;NA;NA;NA;NA;NA;NA;NA;NA;NA;NA;NA;NA;NA;NA;NA;NA;NA;NA;NA;NA;1;0;0;0;0;NA;NA;NA;NA;NA;NA;NA;NA;NA;NA;NA
7140_meso - ms;983;0;1;0;0;0;0;0;0;0;0;0;0;0;0;0;NA;NA;NA;NA;NA;NA;NA;NA;NA;NA;NA;0;0;0;1;NA;NA;NA;1;NA;NA;NA;NA;NA;NA;0;0;NA;NA;NA;NA;NA;NA;0;1;NA;NA;NA;NA;NA;NA;NA;NA;NA;NA;NA;1;NA;NA;NA;NA;NA;NA;NA;NA;NA;NA;NA;NA;NA;NA;NA;NA;NA;NA;NA;NA;NA;NA;NA;NA;NA;NA;NA;NA;NA;NA;NA;NA;NA;NA;NA;NA;1;0;0;0;0;NA;NA;NA;NA;NA;NA;NA;NA;NA;NA;NA
7140_meso - ms;984;0;0;NA;0;0;0;0;0;0;0;0;0;0;0;1;0;0;0;0;1;0;0;0;NA;NA;NA;0;0;0;1;NA;NA;NA;1;NA;NA;NA;NA;NA;NA;0;0;NA;NA;NA;NA;NA;NA;0;1;NA;NA;NA;NA;NA;NA;NA;NA;NA;NA;NA;1;NA;NA;NA;NA;NA;NA;NA;NA;NA;NA;NA;NA;NA;NA;NA;NA;NA;NA;NA;NA;NA;NA;NA;NA;NA;NA;NA;NA;NA;NA;NA;NA;NA;NA;NA;NA;1;0;0;0;0;NA;NA;NA;NA;NA;NA;NA;NA;NA;NA;NA
7140_meso - ms;985;0;1;0;0;0;0;0;0;0;0;0;0;0;0;1;0;0;0;0;1;0;0;0;NA;NA;NA;0;0;0;1;NA;NA;NA;1;NA;NA;NA;NA;NA;NA;0;0;NA;NA;NA;NA;NA;NA;0;1;NA;NA;NA;NA;NA;NA;NA;NA;NA;NA;NA;1;NA;NA;NA;NA;NA;NA;NA;NA;NA;NA;NA;NA;NA;NA;NA;NA;NA;NA;NA;NA;NA;NA;NA;NA;NA;NA;NA;NA;NA;NA;NA;NA;NA;NA;NA;NA;1;0;0;0;0;NA;NA;NA;NA;NA;NA;NA;NA;NA;NA;NA
7140_meso - ms;986;0;0;NA;0;0;0;0;0;0;0;0;0;0;0;1;0;0;0;0;0;NA;NA;NA;0;0;0;0;0;0;1;NA;NA;NA;1;NA;NA;NA;NA;NA;NA;0;0;NA;NA;NA;NA;NA;NA;0;1;NA;NA;NA;NA;NA;NA;NA;NA;NA;NA;NA;1;NA;NA;NA;NA;NA;NA;NA;NA;NA;NA;NA;NA;NA;NA;NA;NA;NA;NA;NA;NA;NA;NA;NA;NA;NA;NA;NA;NA;NA;NA;NA;NA;NA;NA;NA;NA;1;0;0;0;0;NA;NA;NA;NA;NA;NA;NA;NA;NA;NA;NA
7140_meso - ms;987;0;1;0;0;0;0;0;0;0;0;0;0;0;0;1;0;0;0;0;0;NA;NA;NA;0;0;0;0;0;0;1;NA;NA;NA;1;NA;NA;NA;NA;NA;NA;0;0;NA;NA;NA;NA;NA;NA;0;1;NA;NA;NA;NA;NA;NA;NA;NA;NA;NA;NA;1;NA;NA;NA;NA;NA;NA;NA;NA;NA;NA;NA;NA;NA;NA;NA;NA;NA;NA;NA;NA;NA;NA;NA;NA;NA;NA;NA;NA;NA;NA;NA;NA;NA;NA;NA;NA;1;0;0;0;0;NA;NA;NA;NA;NA;NA;NA;NA;NA;NA;NA
7140_meso - ms;988;0;0;NA;0;0;0;0;0;0;0;0;0;0;0;0;NA;NA;NA;NA;NA;NA;NA;NA;NA;NA;NA;0;0;0;1;NA;NA;NA;NA;NA;NA;NA;NA;NA;NA;0;0;NA;NA;NA;NA;NA;NA;0;0;1;NA;NA;NA;NA;NA;NA;NA;NA;NA;NA;1;NA;NA;NA;NA;NA;NA;NA;NA;NA;NA;NA;NA;NA;NA;NA;NA;NA;NA;NA;NA;NA;NA;NA;NA;NA;NA;NA;NA;NA;NA;NA;NA;NA;NA;NA;NA;1;0;0;0;0;NA;NA;NA;NA;NA;NA;NA;NA;NA;NA;NA
7140_meso - ms;989;0;1;0;0;0;0;0;0;0;0;0;0;0;0;0;NA;NA;NA;NA;NA;NA;NA;NA;NA;NA;NA;0;0;0;1;NA;NA;NA;NA;NA;NA;NA;NA;NA;NA;0;0;NA;NA;NA;NA;NA;NA;0;0;1;NA;NA;NA;NA;NA;NA;NA;NA;NA;NA;1;NA;NA;NA;NA;NA;NA;NA;NA;NA;NA;NA;NA;NA;NA;NA;NA;NA;NA;NA;NA;NA;NA;NA;NA;NA;NA;NA;NA;NA;NA;NA;NA;NA;NA;NA;NA;1;0;0;0;0;NA;NA;NA;NA;NA;NA;NA;NA;NA;NA;NA
7140_meso - ms;990;0;0;NA;0;0;0;0;0;0;0;0;0;0;0;1;0;0;0;0;1;0;0;0;NA;NA;NA;0;0;0;1;NA;NA;NA;NA;NA;NA;NA;NA;NA;NA;0;0;NA;NA;NA;NA;NA;NA;0;0;1;NA;NA;NA;NA;NA;NA;NA;NA;NA;NA;1;NA;NA;NA;NA;NA;NA;NA;NA;NA;NA;NA;NA;NA;NA;NA;NA;NA;NA;NA;NA;NA;NA;NA;NA;NA;NA;NA;NA;NA;NA;NA;NA;NA;NA;NA;NA;1;0;0;0;0;NA;NA;NA;NA;NA;NA;NA;NA;NA;NA;NA
7140_meso - ms;991;0;1;0;0;0;0;0;0;0;0;0;0;0;0;1;0;0;0;0;1;0;0;0;NA;NA;NA;0;0;0;1;NA;NA;NA;NA;NA;NA;NA;NA;NA;NA;0;0;NA;NA;NA;NA;NA;NA;0;0;1;NA;NA;NA;NA;NA;NA;NA;NA;NA;NA;1;NA;NA;NA;NA;NA;NA;NA;NA;NA;NA;NA;NA;NA;NA;NA;NA;NA;NA;NA;NA;NA;NA;NA;NA;NA;NA;NA;NA;NA;NA;NA;NA;NA;NA;NA;NA;1;0;0;0;0;NA;NA;NA;NA;NA;NA;NA;NA;NA;NA;NA
7140_meso - ms;992;0;0;NA;0;0;0;0;0;0;0;0;0;0;0;1;0;0;0;0;0;NA;NA;NA;0;0;0;0;0;0;1;NA;NA;NA;NA;NA;NA;NA;NA;NA;NA;0;0;NA;NA;NA;NA;NA;NA;0;0;1;NA;NA;NA;NA;NA;NA;NA;NA;NA;NA;1;NA;NA;NA;NA;NA;NA;NA;NA;NA;NA;NA;NA;NA;NA;NA;NA;NA;NA;NA;NA;NA;NA;NA;NA;NA;NA;NA;NA;NA;NA;NA;NA;NA;NA;NA;NA;1;0;0;0;0;NA;NA;NA;NA;NA;NA;NA;NA;NA;NA;NA
7140_meso - ms;993;0;1;0;0;0;0;0;0;0;0;0;0;0;0;1;0;0;0;0;0;NA;NA;NA;0;0;0;0;0;0;1;NA;NA;NA;NA;NA;NA;NA;NA;NA;NA;0;0;NA;NA;NA;NA;NA;NA;0;0;1;NA;NA;NA;NA;NA;NA;NA;NA;NA;NA;1;NA;NA;NA;NA;NA;NA;NA;NA;NA;NA;NA;NA;NA;NA;NA;NA;NA;NA;NA;NA;NA;NA;NA;NA;NA;NA;NA;NA;NA;NA;NA;NA;NA;NA;NA;NA;1;0;0;0;0;NA;NA;NA;NA;NA;NA;NA;NA;NA;NA;NA
7140_meso - ms;994;0;0;NA;0;0;0;0;0;0;0;0;0;0;0;0;NA;NA;NA;NA;NA;NA;NA;NA;NA;NA;NA;0;0;1;NA;NA;NA;NA;NA;NA;NA;NA;NA;NA;NA;NA;NA;NA;NA;NA;NA;NA;NA;NA;NA;NA;NA;NA;NA;NA;NA;NA;NA;NA;NA;NA;NA;NA;NA;NA;NA;NA;NA;NA;NA;NA;NA;NA;NA;NA;NA;NA;NA;NA;NA;NA;NA;NA;NA;NA;NA;NA;NA;NA;NA;NA;NA;NA;NA;NA;NA;NA;NA;0;NA;NA;NA;NA;1;0;0;0;0;NA;NA;NA;NA;NA;NA
7140_meso - ms;995;0;1;0;0;0;0;0;0;0;0;0;0;0;0;0;NA;NA;NA;NA;NA;NA;NA;NA;NA;NA;NA;0;0;1;NA;NA;NA;NA;NA;NA;NA;NA;NA;NA;NA;NA;NA;NA;NA;NA;NA;NA;NA;NA;NA;NA;NA;NA;NA;NA;NA;NA;NA;NA;NA;NA;NA;NA;NA;NA;NA;NA;NA;NA;NA;NA;NA;NA;NA;NA;NA;NA;NA;NA;NA;NA;NA;NA;NA;NA;NA;NA;NA;NA;NA;NA;NA;NA;NA;NA;NA;NA;NA;0;NA;NA;NA;NA;1;0;0;0;0;NA;NA;NA;NA;NA;NA
7140_meso - ms;996;0;0;NA;0;0;0;0;0;0;0;0;0;0;0;1;0;0;0;0;1;0;0;0;NA;NA;NA;0;0;1;NA;NA;NA;NA;NA;NA;NA;NA;NA;NA;NA;NA;NA;NA;NA;NA;NA;NA;NA;NA;NA;NA;NA;NA;NA;NA;NA;NA;NA;NA;NA;NA;NA;NA;NA;NA;NA;NA;NA;NA;NA;NA;NA;NA;NA;NA;NA;NA;NA;NA;NA;NA;NA;NA;NA;NA;NA;NA;NA;NA;NA;NA;NA;NA;NA;NA;NA;NA;NA;0;NA;NA;NA;NA;1;0;0;0;0;NA;NA;NA;NA;NA;NA
7140_meso - ms;997;0;1;0;0;0;0;0;0;0;0;0;0;0;0;1;0;0;0;0;1;0;0;0;NA;NA;NA;0;0;1;NA;NA;NA;NA;NA;NA;NA;NA;NA;NA;NA;NA;NA;NA;NA;NA;NA;NA;NA;NA;NA;NA;NA;NA;NA;NA;NA;NA;NA;NA;NA;NA;NA;NA;NA;NA;NA;NA;NA;NA;NA;NA;NA;NA;NA;NA;NA;NA;NA;NA;NA;NA;NA;NA;NA;NA;NA;NA;NA;NA;NA;NA;NA;NA;NA;NA;NA;NA;NA;0;NA;NA;NA;NA;1;0;0;0;0;NA;NA;NA;NA;NA;NA
7140_meso - ms;998;0;0;NA;0;0;0;0;0;0;0;0;0;0;0;1;0;0;0;0;0;NA;NA;NA;0;0;0;0;0;1;NA;NA;NA;NA;NA;NA;NA;NA;NA;NA;NA;NA;NA;NA;NA;NA;NA;NA;NA;NA;NA;NA;NA;NA;NA;NA;NA;NA;NA;NA;NA;NA;NA;NA;NA;NA;NA;NA;NA;NA;NA;NA;NA;NA;NA;NA;NA;NA;NA;NA;NA;NA;NA;NA;NA;NA;NA;NA;NA;NA;NA;NA;NA;NA;NA;NA;NA;NA;NA;0;NA;NA;NA;NA;1;0;0;0;0;NA;NA;NA;NA;NA;NA
7140_meso - ms;999;0;1;0;0;0;0;0;0;0;0;0;0;0;0;1;0;0;0;0;0;NA;NA;NA;0;0;0;0;0;1;NA;NA;NA;NA;NA;NA;NA;NA;NA;NA;NA;NA;NA;NA;NA;NA;NA;NA;NA;NA;NA;NA;NA;NA;NA;NA;NA;NA;NA;NA;NA;NA;NA;NA;NA;NA;NA;NA;NA;NA;NA;NA;NA;NA;NA;NA;NA;NA;NA;NA;NA;NA;NA;NA;NA;NA;NA;NA;NA;NA;NA;NA;NA;NA;NA;NA;NA;NA;NA;0;NA;NA;NA;NA;1;0;0;0;0;NA;NA;NA;NA;NA;NA
7140_meso - ms;1000;0;0;NA;0;0;0;0;0;0;0;0;0;0;0;0;NA;NA;NA;NA;NA;NA;NA;NA;NA;NA;NA;0;0;0;0;NA;1;NA;NA;NA;NA;NA;NA;NA;NA;NA;NA;NA;NA;NA;NA;NA;NA;NA;NA;NA;NA;NA;NA;NA;NA;NA;NA;NA;NA;NA;1;NA;NA;NA;NA;NA;NA;NA;NA;NA;NA;NA;NA;NA;NA;NA;NA;NA;NA;NA;NA;NA;NA;NA;NA;NA;NA;NA;NA;NA;NA;NA;NA;NA;NA;NA;NA;0;NA;NA;NA;NA;1;0;0;0;0;NA;NA;NA;NA;NA;NA
7140_meso - ms;1001;0;1;0;0;0;0;0;0;0;0;0;0;0;0;0;NA;NA;NA;NA;NA;NA;NA;NA;NA;NA;NA;0;0;0;0;NA;1;NA;NA;NA;NA;NA;NA;NA;NA;NA;NA;NA;NA;NA;NA;NA;NA;NA;NA;NA;NA;NA;NA;NA;NA;NA;NA;NA;NA;NA;1;NA;NA;NA;NA;NA;NA;NA;NA;NA;NA;NA;NA;NA;NA;NA;NA;NA;NA;NA;NA;NA;NA;NA;NA;NA;NA;NA;NA;NA;NA;NA;NA;NA;NA;NA;NA;0;NA;NA;NA;NA;1;0;0;0;0;NA;NA;NA;NA;NA;NA
7140_meso - ms;1002;0;0;NA;0;0;0;0;0;0;0;0;0;0;0;1;0;0;0;0;1;0;0;0;NA;NA;NA;0;0;0;0;NA;1;NA;NA;NA;NA;NA;NA;NA;NA;NA;NA;NA;NA;NA;NA;NA;NA;NA;NA;NA;NA;NA;NA;NA;NA;NA;NA;NA;NA;NA;1;NA;NA;NA;NA;NA;NA;NA;NA;NA;NA;NA;NA;NA;NA;NA;NA;NA;NA;NA;NA;NA;NA;NA;NA;NA;NA;NA;NA;NA;NA;NA;NA;NA;NA;NA;NA;0;NA;NA;NA;NA;1;0;0;0;0;NA;NA;NA;NA;NA;NA
7140_meso - ms;1003;0;1;0;0;0;0;0;0;0;0;0;0;0;0;1;0;0;0;0;1;0;0;0;NA;NA;NA;0;0;0;0;NA;1;NA;NA;NA;NA;NA;NA;NA;NA;NA;NA;NA;NA;NA;NA;NA;NA;NA;NA;NA;NA;NA;NA;NA;NA;NA;NA;NA;NA;NA;1;NA;NA;NA;NA;NA;NA;NA;NA;NA;NA;NA;NA;NA;NA;NA;NA;NA;NA;NA;NA;NA;NA;NA;NA;NA;NA;NA;NA;NA;NA;NA;NA;NA;NA;NA;NA;0;NA;NA;NA;NA;1;0;0;0;0;NA;NA;NA;NA;NA;NA
7140_meso - ms;1004;0;0;NA;0;0;0;0;0;0;0;0;0;0;0;1;0;0;0;0;0;NA;NA;NA;0;0;0;0;0;0;0;NA;1;NA;NA;NA;NA;NA;NA;NA;NA;NA;NA;NA;NA;NA;NA;NA;NA;NA;NA;NA;NA;NA;NA;NA;NA;NA;NA;NA;NA;NA;1;NA;NA;NA;NA;NA;NA;NA;NA;NA;NA;NA;NA;NA;NA;NA;NA;NA;NA;NA;NA;NA;NA;NA;NA;NA;NA;NA;NA;NA;NA;NA;NA;NA;NA;NA;NA;0;NA;NA;NA;NA;1;0;0;0;0;NA;NA;NA;NA;NA;NA
7140_meso - ms;1005;0;1;0;0;0;0;0;0;0;0;0;0;0;0;1;0;0;0;0;0;NA;NA;NA;0;0;0;0;0;0;0;NA;1;NA;NA;NA;NA;NA;NA;NA;NA;NA;NA;NA;NA;NA;NA;NA;NA;NA;NA;NA;NA;NA;NA;NA;NA;NA;NA;NA;NA;NA;1;NA;NA;NA;NA;NA;NA;NA;NA;NA;NA;NA;NA;NA;NA;NA;NA;NA;NA;NA;NA;NA;NA;NA;NA;NA;NA;NA;NA;NA;NA;NA;NA;NA;NA;NA;NA;0;NA;NA;NA;NA;1;0;0;0;0;NA;NA;NA;NA;NA;NA
7140_meso - ms;1006;0;0;NA;0;0;0;0;0;0;0;0;0;0;0;0;NA;NA;NA;NA;NA;NA;NA;NA;NA;NA;NA;0;0;0;0;1;NA;NA;1;NA;NA;NA;NA;NA;NA;NA;NA;NA;NA;NA;NA;NA;NA;NA;NA;NA;NA;NA;NA;NA;NA;NA;NA;NA;NA;NA;1;NA;NA;NA;NA;NA;NA;NA;NA;NA;NA;NA;NA;NA;NA;NA;NA;NA;NA;NA;NA;NA;NA;NA;NA;NA;NA;NA;NA;NA;NA;NA;NA;NA;NA;NA;NA;0;NA;NA;NA;NA;1;0;0;0;0;NA;NA;NA;NA;NA;NA
7140_meso - ms;1007;0;1;0;0;0;0;0;0;0;0;0;0;0;0;0;NA;NA;NA;NA;NA;NA;NA;NA;NA;NA;NA;0;0;0;0;1;NA;NA;1;NA;NA;NA;NA;NA;NA;NA;NA;NA;NA;NA;NA;NA;NA;NA;NA;NA;NA;NA;NA;NA;NA;NA;NA;NA;NA;NA;1;NA;NA;NA;NA;NA;NA;NA;NA;NA;NA;NA;NA;NA;NA;NA;NA;NA;NA;NA;NA;NA;NA;NA;NA;NA;NA;NA;NA;NA;NA;NA;NA;NA;NA;NA;NA;0;NA;NA;NA;NA;1;0;0;0;0;NA;NA;NA;NA;NA;NA
7140_meso - ms;1008;0;0;NA;0;0;0;0;0;0;0;0;0;0;0;1;0;0;0;0;1;0;0;0;NA;NA;NA;0;0;0;0;1;NA;NA;1;NA;NA;NA;NA;NA;NA;NA;NA;NA;NA;NA;NA;NA;NA;NA;NA;NA;NA;NA;NA;NA;NA;NA;NA;NA;NA;NA;1;NA;NA;NA;NA;NA;NA;NA;NA;NA;NA;NA;NA;NA;NA;NA;NA;NA;NA;NA;NA;NA;NA;NA;NA;NA;NA;NA;NA;NA;NA;NA;NA;NA;NA;NA;NA;0;NA;NA;NA;NA;1;0;0;0;0;NA;NA;NA;NA;NA;NA
7140_meso - ms;1009;0;1;0;0;0;0;0;0;0;0;0;0;0;0;1;0;0;0;0;1;0;0;0;NA;NA;NA;0;0;0;0;1;NA;NA;1;NA;NA;NA;NA;NA;NA;NA;NA;NA;NA;NA;NA;NA;NA;NA;NA;NA;NA;NA;NA;NA;NA;NA;NA;NA;NA;NA;1;NA;NA;NA;NA;NA;NA;NA;NA;NA;NA;NA;NA;NA;NA;NA;NA;NA;NA;NA;NA;NA;NA;NA;NA;NA;NA;NA;NA;NA;NA;NA;NA;NA;NA;NA;NA;0;NA;NA;NA;NA;1;0;0;0;0;NA;NA;NA;NA;NA;NA
7140_meso - ms;1010;0;0;NA;0;0;0;0;0;0;0;0;0;0;0;1;0;0;0;0;0;NA;NA;NA;0;0;0;0;0;0;0;1;NA;NA;1;NA;NA;NA;NA;NA;NA;NA;NA;NA;NA;NA;NA;NA;NA;NA;NA;NA;NA;NA;NA;NA;NA;NA;NA;NA;NA;NA;1;NA;NA;NA;NA;NA;NA;NA;NA;NA;NA;NA;NA;NA;NA;NA;NA;NA;NA;NA;NA;NA;NA;NA;NA;NA;NA;NA;NA;NA;NA;NA;NA;NA;NA;NA;NA;0;NA;NA;NA;NA;1;0;0;0;0;NA;NA;NA;NA;NA;NA
7140_meso - ms;1011;0;1;0;0;0;0;0;0;0;0;0;0;0;0;1;0;0;0;0;0;NA;NA;NA;0;0;0;0;0;0;0;1;NA;NA;1;NA;NA;NA;NA;NA;NA;NA;NA;NA;NA;NA;NA;NA;NA;NA;NA;NA;NA;NA;NA;NA;NA;NA;NA;NA;NA;NA;1;NA;NA;NA;NA;NA;NA;NA;NA;NA;NA;NA;NA;NA;NA;NA;NA;NA;NA;NA;NA;NA;NA;NA;NA;NA;NA;NA;NA;NA;NA;NA;NA;NA;NA;NA;NA;0;NA;NA;NA;NA;1;0;0;0;0;NA;NA;NA;NA;NA;NA
7140_meso - ms;1012;0;0;NA;0;0;0;0;0;0;0;0;0;0;0;0;NA;NA;NA;NA;NA;NA;NA;NA;NA;NA;NA;0;0;0;1;NA;NA;NA;1;NA;NA;NA;NA;NA;NA;0;0;NA;NA;NA;NA;NA;NA;0;1;NA;NA;NA;NA;NA;NA;NA;NA;NA;NA;NA;1;NA;NA;NA;NA;NA;NA;NA;NA;NA;NA;NA;NA;NA;NA;NA;NA;NA;NA;NA;NA;NA;NA;NA;NA;NA;NA;NA;NA;NA;NA;NA;NA;NA;NA;NA;NA;0;NA;NA;NA;NA;1;0;0;0;0;NA;NA;NA;NA;NA;NA
7140_meso - ms;1013;0;1;0;0;0;0;0;0;0;0;0;0;0;0;0;NA;NA;NA;NA;NA;NA;NA;NA;NA;NA;NA;0;0;0;1;NA;NA;NA;1;NA;NA;NA;NA;NA;NA;0;0;NA;NA;NA;NA;NA;NA;0;1;NA;NA;NA;NA;NA;NA;NA;NA;NA;NA;NA;1;NA;NA;NA;NA;NA;NA;NA;NA;NA;NA;NA;NA;NA;NA;NA;NA;NA;NA;NA;NA;NA;NA;NA;NA;NA;NA;NA;NA;NA;NA;NA;NA;NA;NA;NA;NA;0;NA;NA;NA;NA;1;0;0;0;0;NA;NA;NA;NA;NA;NA
7140_meso - ms;1014;0;0;NA;0;0;0;0;0;0;0;0;0;0;0;1;0;0;0;0;1;0;0;0;NA;NA;NA;0;0;0;1;NA;NA;NA;1;NA;NA;NA;NA;NA;NA;0;0;NA;NA;NA;NA;NA;NA;0;1;NA;NA;NA;NA;NA;NA;NA;NA;NA;NA;NA;1;NA;NA;NA;NA;NA;NA;NA;NA;NA;NA;NA;NA;NA;NA;NA;NA;NA;NA;NA;NA;NA;NA;NA;NA;NA;NA;NA;NA;NA;NA;NA;NA;NA;NA;NA;NA;0;NA;NA;NA;NA;1;0;0;0;0;NA;NA;NA;NA;NA;NA
7140_meso - ms;1015;0;1;0;0;0;0;0;0;0;0;0;0;0;0;1;0;0;0;0;1;0;0;0;NA;NA;NA;0;0;0;1;NA;NA;NA;1;NA;NA;NA;NA;NA;NA;0;0;NA;NA;NA;NA;NA;NA;0;1;NA;NA;NA;NA;NA;NA;NA;NA;NA;NA;NA;1;NA;NA;NA;NA;NA;NA;NA;NA;NA;NA;NA;NA;NA;NA;NA;NA;NA;NA;NA;NA;NA;NA;NA;NA;NA;NA;NA;NA;NA;NA;NA;NA;NA;NA;NA;NA;0;NA;NA;NA;NA;1;0;0;0;0;NA;NA;NA;NA;NA;NA
7140_meso - ms;1016;0;0;NA;0;0;0;0;0;0;0;0;0;0;0;1;0;0;0;0;0;NA;NA;NA;0;0;0;0;0;0;1;NA;NA;NA;1;NA;NA;NA;NA;NA;NA;0;0;NA;NA;NA;NA;NA;NA;0;1;NA;NA;NA;NA;NA;NA;NA;NA;NA;NA;NA;1;NA;NA;NA;NA;NA;NA;NA;NA;NA;NA;NA;NA;NA;NA;NA;NA;NA;NA;NA;NA;NA;NA;NA;NA;NA;NA;NA;NA;NA;NA;NA;NA;NA;NA;NA;NA;0;NA;NA;NA;NA;1;0;0;0;0;NA;NA;NA;NA;NA;NA
7140_meso - ms;1017;0;1;0;0;0;0;0;0;0;0;0;0;0;0;1;0;0;0;0;0;NA;NA;NA;0;0;0;0;0;0;1;NA;NA;NA;1;NA;NA;NA;NA;NA;NA;0;0;NA;NA;NA;NA;NA;NA;0;1;NA;NA;NA;NA;NA;NA;NA;NA;NA;NA;NA;1;NA;NA;NA;NA;NA;NA;NA;NA;NA;NA;NA;NA;NA;NA;NA;NA;NA;NA;NA;NA;NA;NA;NA;NA;NA;NA;NA;NA;NA;NA;NA;NA;NA;NA;NA;NA;0;NA;NA;NA;NA;1;0;0;0;0;NA;NA;NA;NA;NA;NA
7140_meso - ms;1018;0;0;NA;0;0;0;0;0;0;0;0;0;0;0;0;NA;NA;NA;NA;NA;NA;NA;NA;NA;NA;NA;0;0;0;1;NA;NA;NA;NA;NA;NA;NA;NA;NA;NA;0;0;NA;NA;NA;NA;NA;NA;0;0;1;NA;NA;NA;NA;NA;NA;NA;NA;NA;NA;1;NA;NA;NA;NA;NA;NA;NA;NA;NA;NA;NA;NA;NA;NA;NA;NA;NA;NA;NA;NA;NA;NA;NA;NA;NA;NA;NA;NA;NA;NA;NA;NA;NA;NA;NA;NA;0;NA;NA;NA;NA;1;0;0;0;0;NA;NA;NA;NA;NA;NA
7140_meso - ms;1019;0;1;0;0;0;0;0;0;0;0;0;0;0;0;0;NA;NA;NA;NA;NA;NA;NA;NA;NA;NA;NA;0;0;0;1;NA;NA;NA;NA;NA;NA;NA;NA;NA;NA;0;0;NA;NA;NA;NA;NA;NA;0;0;1;NA;NA;NA;NA;NA;NA;NA;NA;NA;NA;1;NA;NA;NA;NA;NA;NA;NA;NA;NA;NA;NA;NA;NA;NA;NA;NA;NA;NA;NA;NA;NA;NA;NA;NA;NA;NA;NA;NA;NA;NA;NA;NA;NA;NA;NA;NA;0;NA;NA;NA;NA;1;0;0;0;0;NA;NA;NA;NA;NA;NA
7140_meso - ms;1020;0;0;NA;0;0;0;0;0;0;0;0;0;0;0;1;0;0;0;0;1;0;0;0;NA;NA;NA;0;0;0;1;NA;NA;NA;NA;NA;NA;NA;NA;NA;NA;0;0;NA;NA;NA;NA;NA;NA;0;0;1;NA;NA;NA;NA;NA;NA;NA;NA;NA;NA;1;NA;NA;NA;NA;NA;NA;NA;NA;NA;NA;NA;NA;NA;NA;NA;NA;NA;NA;NA;NA;NA;NA;NA;NA;NA;NA;NA;NA;NA;NA;NA;NA;NA;NA;NA;NA;0;NA;NA;NA;NA;1;0;0;0;0;NA;NA;NA;NA;NA;NA
7140_meso - ms;1021;0;1;0;0;0;0;0;0;0;0;0;0;0;0;1;0;0;0;0;1;0;0;0;NA;NA;NA;0;0;0;1;NA;NA;NA;NA;NA;NA;NA;NA;NA;NA;0;0;NA;NA;NA;NA;NA;NA;0;0;1;NA;NA;NA;NA;NA;NA;NA;NA;NA;NA;1;NA;NA;NA;NA;NA;NA;NA;NA;NA;NA;NA;NA;NA;NA;NA;NA;NA;NA;NA;NA;NA;NA;NA;NA;NA;NA;NA;NA;NA;NA;NA;NA;NA;NA;NA;NA;0;NA;NA;NA;NA;1;0;0;0;0;NA;NA;NA;NA;NA;NA
7140_meso - ms;1022;0;0;NA;0;0;0;0;0;0;0;0;0;0;0;1;0;0;0;0;0;NA;NA;NA;0;0;0;0;0;0;1;NA;NA;NA;NA;NA;NA;NA;NA;NA;NA;0;0;NA;NA;NA;NA;NA;NA;0;0;1;NA;NA;NA;NA;NA;NA;NA;NA;NA;NA;1;NA;NA;NA;NA;NA;NA;NA;NA;NA;NA;NA;NA;NA;NA;NA;NA;NA;NA;NA;NA;NA;NA;NA;NA;NA;NA;NA;NA;NA;NA;NA;NA;NA;NA;NA;NA;0;NA;NA;NA;NA;1;0;0;0;0;NA;NA;NA;NA;NA;NA
7140_meso - ms;1023;0;1;0;0;0;0;0;0;0;0;0;0;0;0;1;0;0;0;0;0;NA;NA;NA;0;0;0;0;0;0;1;NA;NA;NA;NA;NA;NA;NA;NA;NA;NA;0;0;NA;NA;NA;NA;NA;NA;0;0;1;NA;NA;NA;NA;NA;NA;NA;NA;NA;NA;1;NA;NA;NA;NA;NA;NA;NA;NA;NA;NA;NA;NA;NA;NA;NA;NA;NA;NA;NA;NA;NA;NA;NA;NA;NA;NA;NA;NA;NA;NA;NA;NA;NA;NA;NA;NA;0;NA;NA;NA;NA;1;0;0;0;0;NA;NA;NA;NA;NA;NA
7140_meso - ms_min;1024;0;0;NA;0;0;0;0;0;0;0;0;0;0;0;0;NA;NA;NA;NA;NA;NA;NA;NA;NA;NA;NA;0;0;1;NA;NA;NA;NA;NA;NA;NA;NA;NA;NA;NA;NA;NA;NA;NA;NA;NA;NA;NA;NA;NA;NA;NA;NA;NA;NA;NA;NA;NA;NA;NA;NA;NA;NA;NA;NA;NA;NA;NA;NA;NA;NA;NA;NA;NA;NA;NA;NA;NA;NA;NA;NA;NA;NA;NA;NA;NA;NA;NA;NA;NA;NA;NA;NA;NA;NA;NA;NA;NA;1;1;NA;NA;NA;NA;NA;NA;NA;NA;NA;NA;NA;NA;NA;NA
7140_meso - ms_min;1025;0;1;0;0;0;0;0;0;0;0;0;0;0;0;0;NA;NA;NA;NA;NA;NA;NA;NA;NA;NA;NA;0;0;1;NA;NA;NA;NA;NA;NA;NA;NA;NA;NA;NA;NA;NA;NA;NA;NA;NA;NA;NA;NA;NA;NA;NA;NA;NA;NA;NA;NA;NA;NA;NA;NA;NA;NA;NA;NA;NA;NA;NA;NA;NA;NA;NA;NA;NA;NA;NA;NA;NA;NA;NA;NA;NA;NA;NA;NA;NA;NA;NA;NA;NA;NA;NA;NA;NA;NA;NA;NA;NA;1;1;NA;NA;NA;NA;NA;NA;NA;NA;NA;NA;NA;NA;NA;NA
7140_meso - ms_min;1026;0;0;NA;0;0;0;0;0;0;0;0;0;0;0;1;0;0;0;0;1;0;0;0;NA;NA;NA;0;0;1;NA;NA;NA;NA;NA;NA;NA;NA;NA;NA;NA;NA;NA;NA;NA;NA;NA;NA;NA;NA;NA;NA;NA;NA;NA;NA;NA;NA;NA;NA;NA;NA;NA;NA;NA;NA;NA;NA;NA;NA;NA;NA;NA;NA;NA;NA;NA;NA;NA;NA;NA;NA;NA;NA;NA;NA;NA;NA;NA;NA;NA;NA;NA;NA;NA;NA;NA;NA;NA;1;1;NA;NA;NA;NA;NA;NA;NA;NA;NA;NA;NA;NA;NA;NA
7140_meso - ms_min;1027;0;1;0;0;0;0;0;0;0;0;0;0;0;0;1;0;0;0;0;1;0;0;0;NA;NA;NA;0;0;1;NA;NA;NA;NA;NA;NA;NA;NA;NA;NA;NA;NA;NA;NA;NA;NA;NA;NA;NA;NA;NA;NA;NA;NA;NA;NA;NA;NA;NA;NA;NA;NA;NA;NA;NA;NA;NA;NA;NA;NA;NA;NA;NA;NA;NA;NA;NA;NA;NA;NA;NA;NA;NA;NA;NA;NA;NA;NA;NA;NA;NA;NA;NA;NA;NA;NA;NA;NA;NA;1;1;NA;NA;NA;NA;NA;NA;NA;NA;NA;NA;NA;NA;NA;NA
7140_meso - ms_min;1028;0;0;NA;0;0;0;0;0;0;0;0;0;0;0;1;0;0;0;0;0;NA;NA;NA;0;0;0;0;0;1;NA;NA;NA;NA;NA;NA;NA;NA;NA;NA;NA;NA;NA;NA;NA;NA;NA;NA;NA;NA;NA;NA;NA;NA;NA;NA;NA;NA;NA;NA;NA;NA;NA;NA;NA;NA;NA;NA;NA;NA;NA;NA;NA;NA;NA;NA;NA;NA;NA;NA;NA;NA;NA;NA;NA;NA;NA;NA;NA;NA;NA;NA;NA;NA;NA;NA;NA;NA;NA;1;1;NA;NA;NA;NA;NA;NA;NA;NA;NA;NA;NA;NA;NA;NA
7140_meso - ms_min;1029;0;1;0;0;0;0;0;0;0;0;0;0;0;0;1;0;0;0;0;0;NA;NA;NA;0;0;0;0;0;1;NA;NA;NA;NA;NA;NA;NA;NA;NA;NA;NA;NA;NA;NA;NA;NA;NA;NA;NA;NA;NA;NA;NA;NA;NA;NA;NA;NA;NA;NA;NA;NA;NA;NA;NA;NA;NA;NA;NA;NA;NA;NA;NA;NA;NA;NA;NA;NA;NA;NA;NA;NA;NA;NA;NA;NA;NA;NA;NA;NA;NA;NA;NA;NA;NA;NA;NA;NA;NA;1;1;NA;NA;NA;NA;NA;NA;NA;NA;NA;NA;NA;NA;NA;NA
7140_meso - ms_min;1030;0;0;NA;0;0;0;0;0;0;0;0;0;0;0;0;NA;NA;NA;NA;NA;NA;NA;NA;NA;NA;NA;0;0;0;0;NA;1;NA;NA;NA;NA;NA;NA;NA;NA;NA;NA;NA;NA;NA;NA;NA;NA;NA;NA;NA;NA;NA;NA;NA;NA;NA;NA;NA;NA;NA;1;NA;NA;NA;NA;NA;NA;NA;NA;NA;NA;NA;NA;NA;NA;NA;NA;NA;NA;NA;NA;NA;NA;NA;NA;NA;NA;NA;NA;NA;NA;NA;NA;NA;NA;NA;NA;1;1;NA;NA;NA;NA;NA;NA;NA;NA;NA;NA;NA;NA;NA;NA
7140_meso - ms_min;1031;0;1;0;0;0;0;0;0;0;0;0;0;0;0;0;NA;NA;NA;NA;NA;NA;NA;NA;NA;NA;NA;0;0;0;0;NA;1;NA;NA;NA;NA;NA;NA;NA;NA;NA;NA;NA;NA;NA;NA;NA;NA;NA;NA;NA;NA;NA;NA;NA;NA;NA;NA;NA;NA;NA;1;NA;NA;NA;NA;NA;NA;NA;NA;NA;NA;NA;NA;NA;NA;NA;NA;NA;NA;NA;NA;NA;NA;NA;NA;NA;NA;NA;NA;NA;NA;NA;NA;NA;NA;NA;NA;1;1;NA;NA;NA;NA;NA;NA;NA;NA;NA;NA;NA;NA;NA;NA
7140_meso - ms_min;1032;0;0;NA;0;0;0;0;0;0;0;0;0;0;0;1;0;0;0;0;1;0;0;0;NA;NA;NA;0;0;0;0;NA;1;NA;NA;NA;NA;NA;NA;NA;NA;NA;NA;NA;NA;NA;NA;NA;NA;NA;NA;NA;NA;NA;NA;NA;NA;NA;NA;NA;NA;NA;1;NA;NA;NA;NA;NA;NA;NA;NA;NA;NA;NA;NA;NA;NA;NA;NA;NA;NA;NA;NA;NA;NA;NA;NA;NA;NA;NA;NA;NA;NA;NA;NA;NA;NA;NA;NA;1;1;NA;NA;NA;NA;NA;NA;NA;NA;NA;NA;NA;NA;NA;NA
7140_meso - ms_min;1033;0;1;0;0;0;0;0;0;0;0;0;0;0;0;1;0;0;0;0;1;0;0;0;NA;NA;NA;0;0;0;0;NA;1;NA;NA;NA;NA;NA;NA;NA;NA;NA;NA;NA;NA;NA;NA;NA;NA;NA;NA;NA;NA;NA;NA;NA;NA;NA;NA;NA;NA;NA;1;NA;NA;NA;NA;NA;NA;NA;NA;NA;NA;NA;NA;NA;NA;NA;NA;NA;NA;NA;NA;NA;NA;NA;NA;NA;NA;NA;NA;NA;NA;NA;NA;NA;NA;NA;NA;1;1;NA;NA;NA;NA;NA;NA;NA;NA;NA;NA;NA;NA;NA;NA
7140_meso - ms_min;1034;0;0;NA;0;0;0;0;0;0;0;0;0;0;0;1;0;0;0;0;0;NA;NA;NA;0;0;0;0;0;0;0;NA;1;NA;NA;NA;NA;NA;NA;NA;NA;NA;NA;NA;NA;NA;NA;NA;NA;NA;NA;NA;NA;NA;NA;NA;NA;NA;NA;NA;NA;NA;1;NA;NA;NA;NA;NA;NA;NA;NA;NA;NA;NA;NA;NA;NA;NA;NA;NA;NA;NA;NA;NA;NA;NA;NA;NA;NA;NA;NA;NA;NA;NA;NA;NA;NA;NA;NA;1;1;NA;NA;NA;NA;NA;NA;NA;NA;NA;NA;NA;NA;NA;NA
7140_meso - ms_min;1035;0;1;0;0;0;0;0;0;0;0;0;0;0;0;1;0;0;0;0;0;NA;NA;NA;0;0;0;0;0;0;0;NA;1;NA;NA;NA;NA;NA;NA;NA;NA;NA;NA;NA;NA;NA;NA;NA;NA;NA;NA;NA;NA;NA;NA;NA;NA;NA;NA;NA;NA;NA;1;NA;NA;NA;NA;NA;NA;NA;NA;NA;NA;NA;NA;NA;NA;NA;NA;NA;NA;NA;NA;NA;NA;NA;NA;NA;NA;NA;NA;NA;NA;NA;NA;NA;NA;NA;NA;1;1;NA;NA;NA;NA;NA;NA;NA;NA;NA;NA;NA;NA;NA;NA
7140_meso - ms_min;1036;0;0;NA;0;0;0;0;0;0;0;0;0;0;0;0;NA;NA;NA;NA;NA;NA;NA;NA;NA;NA;NA;0;0;0;0;1;NA;NA;1;NA;NA;NA;NA;NA;NA;NA;NA;NA;NA;NA;NA;NA;NA;NA;NA;NA;NA;NA;NA;NA;NA;NA;NA;NA;NA;NA;1;NA;NA;NA;NA;NA;NA;NA;NA;NA;NA;NA;NA;NA;NA;NA;NA;NA;NA;NA;NA;NA;NA;NA;NA;NA;NA;NA;NA;NA;NA;NA;NA;NA;NA;NA;NA;1;1;NA;NA;NA;NA;NA;NA;NA;NA;NA;NA;NA;NA;NA;NA
7140_meso - ms_min;1037;0;1;0;0;0;0;0;0;0;0;0;0;0;0;0;NA;NA;NA;NA;NA;NA;NA;NA;NA;NA;NA;0;0;0;0;1;NA;NA;1;NA;NA;NA;NA;NA;NA;NA;NA;NA;NA;NA;NA;NA;NA;NA;NA;NA;NA;NA;NA;NA;NA;NA;NA;NA;NA;NA;1;NA;NA;NA;NA;NA;NA;NA;NA;NA;NA;NA;NA;NA;NA;NA;NA;NA;NA;NA;NA;NA;NA;NA;NA;NA;NA;NA;NA;NA;NA;NA;NA;NA;NA;NA;NA;1;1;NA;NA;NA;NA;NA;NA;NA;NA;NA;NA;NA;NA;NA;NA
7140_meso - ms_min;1038;0;0;NA;0;0;0;0;0;0;0;0;0;0;0;1;0;0;0;0;1;0;0;0;NA;NA;NA;0;0;0;0;1;NA;NA;1;NA;NA;NA;NA;NA;NA;NA;NA;NA;NA;NA;NA;NA;NA;NA;NA;NA;NA;NA;NA;NA;NA;NA;NA;NA;NA;NA;1;NA;NA;NA;NA;NA;NA;NA;NA;NA;NA;NA;NA;NA;NA;NA;NA;NA;NA;NA;NA;NA;NA;NA;NA;NA;NA;NA;NA;NA;NA;NA;NA;NA;NA;NA;NA;1;1;NA;NA;NA;NA;NA;NA;NA;NA;NA;NA;NA;NA;NA;NA
7140_meso - ms_min;1039;0;1;0;0;0;0;0;0;0;0;0;0;0;0;1;0;0;0;0;1;0;0;0;NA;NA;NA;0;0;0;0;1;NA;NA;1;NA;NA;NA;NA;NA;NA;NA;NA;NA;NA;NA;NA;NA;NA;NA;NA;NA;NA;NA;NA;NA;NA;NA;NA;NA;NA;NA;1;NA;NA;NA;NA;NA;NA;NA;NA;NA;NA;NA;NA;NA;NA;NA;NA;NA;NA;NA;NA;NA;NA;NA;NA;NA;NA;NA;NA;NA;NA;NA;NA;NA;NA;NA;NA;1;1;NA;NA;NA;NA;NA;NA;NA;NA;NA;NA;NA;NA;NA;NA
7140_meso - ms_min;1040;0;0;NA;0;0;0;0;0;0;0;0;0;0;0;1;0;0;0;0;0;NA;NA;NA;0;0;0;0;0;0;0;1;NA;NA;1;NA;NA;NA;NA;NA;NA;NA;NA;NA;NA;NA;NA;NA;NA;NA;NA;NA;NA;NA;NA;NA;NA;NA;NA;NA;NA;NA;1;NA;NA;NA;NA;NA;NA;NA;NA;NA;NA;NA;NA;NA;NA;NA;NA;NA;NA;NA;NA;NA;NA;NA;NA;NA;NA;NA;NA;NA;NA;NA;NA;NA;NA;NA;NA;1;1;NA;NA;NA;NA;NA;NA;NA;NA;NA;NA;NA;NA;NA;NA
7140_meso - ms_min;1041;0;1;0;0;0;0;0;0;0;0;0;0;0;0;1;0;0;0;0;0;NA;NA;NA;0;0;0;0;0;0;0;1;NA;NA;1;NA;NA;NA;NA;NA;NA;NA;NA;NA;NA;NA;NA;NA;NA;NA;NA;NA;NA;NA;NA;NA;NA;NA;NA;NA;NA;NA;1;NA;NA;NA;NA;NA;NA;NA;NA;NA;NA;NA;NA;NA;NA;NA;NA;NA;NA;NA;NA;NA;NA;NA;NA;NA;NA;NA;NA;NA;NA;NA;NA;NA;NA;NA;NA;1;1;NA;NA;NA;NA;NA;NA;NA;NA;NA;NA;NA;NA;NA;NA
7140_meso - ms_min;1042;0;0;NA;0;0;0;0;0;0;0;0;0;0;0;0;NA;NA;NA;NA;NA;NA;NA;NA;NA;NA;NA;0;0;0;1;NA;NA;NA;1;NA;NA;NA;NA;NA;NA;0;0;NA;NA;NA;NA;NA;NA;0;1;NA;NA;NA;NA;NA;NA;NA;NA;NA;NA;NA;1;NA;NA;NA;NA;NA;NA;NA;NA;NA;NA;NA;NA;NA;NA;NA;NA;NA;NA;NA;NA;NA;NA;NA;NA;NA;NA;NA;NA;NA;NA;NA;NA;NA;NA;NA;NA;1;1;NA;NA;NA;NA;NA;NA;NA;NA;NA;NA;NA;NA;NA;NA
7140_meso - ms_min;1043;0;1;0;0;0;0;0;0;0;0;0;0;0;0;0;NA;NA;NA;NA;NA;NA;NA;NA;NA;NA;NA;0;0;0;1;NA;NA;NA;1;NA;NA;NA;NA;NA;NA;0;0;NA;NA;NA;NA;NA;NA;0;1;NA;NA;NA;NA;NA;NA;NA;NA;NA;NA;NA;1;NA;NA;NA;NA;NA;NA;NA;NA;NA;NA;NA;NA;NA;NA;NA;NA;NA;NA;NA;NA;NA;NA;NA;NA;NA;NA;NA;NA;NA;NA;NA;NA;NA;NA;NA;NA;1;1;NA;NA;NA;NA;NA;NA;NA;NA;NA;NA;NA;NA;NA;NA
7140_meso - ms_min;1044;0;0;NA;0;0;0;0;0;0;0;0;0;0;0;1;0;0;0;0;1;0;0;0;NA;NA;NA;0;0;0;1;NA;NA;NA;1;NA;NA;NA;NA;NA;NA;0;0;NA;NA;NA;NA;NA;NA;0;1;NA;NA;NA;NA;NA;NA;NA;NA;NA;NA;NA;1;NA;NA;NA;NA;NA;NA;NA;NA;NA;NA;NA;NA;NA;NA;NA;NA;NA;NA;NA;NA;NA;NA;NA;NA;NA;NA;NA;NA;NA;NA;NA;NA;NA;NA;NA;NA;1;1;NA;NA;NA;NA;NA;NA;NA;NA;NA;NA;NA;NA;NA;NA
7140_meso - ms_min;1045;0;1;0;0;0;0;0;0;0;0;0;0;0;0;1;0;0;0;0;1;0;0;0;NA;NA;NA;0;0;0;1;NA;NA;NA;1;NA;NA;NA;NA;NA;NA;0;0;NA;NA;NA;NA;NA;NA;0;1;NA;NA;NA;NA;NA;NA;NA;NA;NA;NA;NA;1;NA;NA;NA;NA;NA;NA;NA;NA;NA;NA;NA;NA;NA;NA;NA;NA;NA;NA;NA;NA;NA;NA;NA;NA;NA;NA;NA;NA;NA;NA;NA;NA;NA;NA;NA;NA;1;1;NA;NA;NA;NA;NA;NA;NA;NA;NA;NA;NA;NA;NA;NA
7140_meso - ms_min;1046;0;0;NA;0;0;0;0;0;0;0;0;0;0;0;1;0;0;0;0;0;NA;NA;NA;0;0;0;0;0;0;1;NA;NA;NA;1;NA;NA;NA;NA;NA;NA;0;0;NA;NA;NA;NA;NA;NA;0;1;NA;NA;NA;NA;NA;NA;NA;NA;NA;NA;NA;1;NA;NA;NA;NA;NA;NA;NA;NA;NA;NA;NA;NA;NA;NA;NA;NA;NA;NA;NA;NA;NA;NA;NA;NA;NA;NA;NA;NA;NA;NA;NA;NA;NA;NA;NA;NA;1;1;NA;NA;NA;NA;NA;NA;NA;NA;NA;NA;NA;NA;NA;NA
7140_meso - ms_min;1047;0;1;0;0;0;0;0;0;0;0;0;0;0;0;1;0;0;0;0;0;NA;NA;NA;0;0;0;0;0;0;1;NA;NA;NA;1;NA;NA;NA;NA;NA;NA;0;0;NA;NA;NA;NA;NA;NA;0;1;NA;NA;NA;NA;NA;NA;NA;NA;NA;NA;NA;1;NA;NA;NA;NA;NA;NA;NA;NA;NA;NA;NA;NA;NA;NA;NA;NA;NA;NA;NA;NA;NA;NA;NA;NA;NA;NA;NA;NA;NA;NA;NA;NA;NA;NA;NA;NA;1;1;NA;NA;NA;NA;NA;NA;NA;NA;NA;NA;NA;NA;NA;NA
7140_meso - ms_min;1048;0;0;NA;0;0;0;0;0;0;0;0;0;0;0;0;NA;NA;NA;NA;NA;NA;NA;NA;NA;NA;NA;0;0;0;1;NA;NA;NA;NA;NA;NA;NA;NA;NA;NA;0;0;NA;NA;NA;NA;NA;NA;0;0;1;NA;NA;NA;NA;NA;NA;NA;NA;NA;NA;1;NA;NA;NA;NA;NA;NA;NA;NA;NA;NA;NA;NA;NA;NA;NA;NA;NA;NA;NA;NA;NA;NA;NA;NA;NA;NA;NA;NA;NA;NA;NA;NA;NA;NA;NA;NA;1;1;NA;NA;NA;NA;NA;NA;NA;NA;NA;NA;NA;NA;NA;NA
7140_meso - ms_min;1049;0;1;0;0;0;0;0;0;0;0;0;0;0;0;0;NA;NA;NA;NA;NA;NA;NA;NA;NA;NA;NA;0;0;0;1;NA;NA;NA;NA;NA;NA;NA;NA;NA;NA;0;0;NA;NA;NA;NA;NA;NA;0;0;1;NA;NA;NA;NA;NA;NA;NA;NA;NA;NA;1;NA;NA;NA;NA;NA;NA;NA;NA;NA;NA;NA;NA;NA;NA;NA;NA;NA;NA;NA;NA;NA;NA;NA;NA;NA;NA;NA;NA;NA;NA;NA;NA;NA;NA;NA;NA;1;1;NA;NA;NA;NA;NA;NA;NA;NA;NA;NA;NA;NA;NA;NA
7140_meso - ms_min;1050;0;0;NA;0;0;0;0;0;0;0;0;0;0;0;1;0;0;0;0;1;0;0;0;NA;NA;NA;0;0;0;1;NA;NA;NA;NA;NA;NA;NA;NA;NA;NA;0;0;NA;NA;NA;NA;NA;NA;0;0;1;NA;NA;NA;NA;NA;NA;NA;NA;NA;NA;1;NA;NA;NA;NA;NA;NA;NA;NA;NA;NA;NA;NA;NA;NA;NA;NA;NA;NA;NA;NA;NA;NA;NA;NA;NA;NA;NA;NA;NA;NA;NA;NA;NA;NA;NA;NA;1;1;NA;NA;NA;NA;NA;NA;NA;NA;NA;NA;NA;NA;NA;NA
7140_meso - ms_min;1051;0;1;0;0;0;0;0;0;0;0;0;0;0;0;1;0;0;0;0;1;0;0;0;NA;NA;NA;0;0;0;1;NA;NA;NA;NA;NA;NA;NA;NA;NA;NA;0;0;NA;NA;NA;NA;NA;NA;0;0;1;NA;NA;NA;NA;NA;NA;NA;NA;NA;NA;1;NA;NA;NA;NA;NA;NA;NA;NA;NA;NA;NA;NA;NA;NA;NA;NA;NA;NA;NA;NA;NA;NA;NA;NA;NA;NA;NA;NA;NA;NA;NA;NA;NA;NA;NA;NA;1;1;NA;NA;NA;NA;NA;NA;NA;NA;NA;NA;NA;NA;NA;NA
7140_meso - ms_min;1052;0;0;NA;0;0;0;0;0;0;0;0;0;0;0;1;0;0;0;0;0;NA;NA;NA;0;0;0;0;0;0;1;NA;NA;NA;NA;NA;NA;NA;NA;NA;NA;0;0;NA;NA;NA;NA;NA;NA;0;0;1;NA;NA;NA;NA;NA;NA;NA;NA;NA;NA;1;NA;NA;NA;NA;NA;NA;NA;NA;NA;NA;NA;NA;NA;NA;NA;NA;NA;NA;NA;NA;NA;NA;NA;NA;NA;NA;NA;NA;NA;NA;NA;NA;NA;NA;NA;NA;1;1;NA;NA;NA;NA;NA;NA;NA;NA;NA;NA;NA;NA;NA;NA
7140_meso - ms_min;1053;0;1;0;0;0;0;0;0;0;0;0;0;0;0;1;0;0;0;0;0;NA;NA;NA;0;0;0;0;0;0;1;NA;NA;NA;NA;NA;NA;NA;NA;NA;NA;0;0;NA;NA;NA;NA;NA;NA;0;0;1;NA;NA;NA;NA;NA;NA;NA;NA;NA;NA;1;NA;NA;NA;NA;NA;NA;NA;NA;NA;NA;NA;NA;NA;NA;NA;NA;NA;NA;NA;NA;NA;NA;NA;NA;NA;NA;NA;NA;NA;NA;NA;NA;NA;NA;NA;NA;1;1;NA;NA;NA;NA;NA;NA;NA;NA;NA;NA;NA;NA;NA;NA
7140_meso - ms_min;1054;0;0;NA;0;0;0;0;0;0;0;0;0;0;0;0;NA;NA;NA;NA;NA;NA;NA;NA;NA;NA;NA;0;0;1;NA;NA;NA;NA;NA;NA;NA;NA;NA;NA;NA;NA;NA;NA;NA;NA;NA;NA;NA;NA;NA;NA;NA;NA;NA;NA;NA;NA;NA;NA;NA;NA;NA;NA;NA;NA;NA;NA;NA;NA;NA;NA;NA;NA;NA;NA;NA;NA;NA;NA;NA;NA;NA;NA;NA;NA;NA;NA;NA;NA;NA;NA;NA;NA;NA;NA;NA;NA;NA;1;NA;1;NA;NA;NA;NA;NA;NA;NA;NA;NA;NA;NA;NA;NA
7140_meso - ms_min;1055;0;1;0;0;0;0;0;0;0;0;0;0;0;0;0;NA;NA;NA;NA;NA;NA;NA;NA;NA;NA;NA;0;0;1;NA;NA;NA;NA;NA;NA;NA;NA;NA;NA;NA;NA;NA;NA;NA;NA;NA;NA;NA;NA;NA;NA;NA;NA;NA;NA;NA;NA;NA;NA;NA;NA;NA;NA;NA;NA;NA;NA;NA;NA;NA;NA;NA;NA;NA;NA;NA;NA;NA;NA;NA;NA;NA;NA;NA;NA;NA;NA;NA;NA;NA;NA;NA;NA;NA;NA;NA;NA;NA;1;NA;1;NA;NA;NA;NA;NA;NA;NA;NA;NA;NA;NA;NA;NA
7140_meso - ms_min;1056;0;0;NA;0;0;0;0;0;0;0;0;0;0;0;1;0;0;0;0;1;0;0;0;NA;NA;NA;0;0;1;NA;NA;NA;NA;NA;NA;NA;NA;NA;NA;NA;NA;NA;NA;NA;NA;NA;NA;NA;NA;NA;NA;NA;NA;NA;NA;NA;NA;NA;NA;NA;NA;NA;NA;NA;NA;NA;NA;NA;NA;NA;NA;NA;NA;NA;NA;NA;NA;NA;NA;NA;NA;NA;NA;NA;NA;NA;NA;NA;NA;NA;NA;NA;NA;NA;NA;NA;NA;NA;1;NA;1;NA;NA;NA;NA;NA;NA;NA;NA;NA;NA;NA;NA;NA
7140_meso - ms_min;1057;0;1;0;0;0;0;0;0;0;0;0;0;0;0;1;0;0;0;0;1;0;0;0;NA;NA;NA;0;0;1;NA;NA;NA;NA;NA;NA;NA;NA;NA;NA;NA;NA;NA;NA;NA;NA;NA;NA;NA;NA;NA;NA;NA;NA;NA;NA;NA;NA;NA;NA;NA;NA;NA;NA;NA;NA;NA;NA;NA;NA;NA;NA;NA;NA;NA;NA;NA;NA;NA;NA;NA;NA;NA;NA;NA;NA;NA;NA;NA;NA;NA;NA;NA;NA;NA;NA;NA;NA;NA;1;NA;1;NA;NA;NA;NA;NA;NA;NA;NA;NA;NA;NA;NA;NA
7140_meso - ms_min;1058;0;0;NA;0;0;0;0;0;0;0;0;0;0;0;1;0;0;0;0;0;NA;NA;NA;0;0;0;0;0;1;NA;NA;NA;NA;NA;NA;NA;NA;NA;NA;NA;NA;NA;NA;NA;NA;NA;NA;NA;NA;NA;NA;NA;NA;NA;NA;NA;NA;NA;NA;NA;NA;NA;NA;NA;NA;NA;NA;NA;NA;NA;NA;NA;NA;NA;NA;NA;NA;NA;NA;NA;NA;NA;NA;NA;NA;NA;NA;NA;NA;NA;NA;NA;NA;NA;NA;NA;NA;NA;1;NA;1;NA;NA;NA;NA;NA;NA;NA;NA;NA;NA;NA;NA;NA
7140_meso - ms_min;1059;0;1;0;0;0;0;0;0;0;0;0;0;0;0;1;0;0;0;0;0;NA;NA;NA;0;0;0;0;0;1;NA;NA;NA;NA;NA;NA;NA;NA;NA;NA;NA;NA;NA;NA;NA;NA;NA;NA;NA;NA;NA;NA;NA;NA;NA;NA;NA;NA;NA;NA;NA;NA;NA;NA;NA;NA;NA;NA;NA;NA;NA;NA;NA;NA;NA;NA;NA;NA;NA;NA;NA;NA;NA;NA;NA;NA;NA;NA;NA;NA;NA;NA;NA;NA;NA;NA;NA;NA;NA;1;NA;1;NA;NA;NA;NA;NA;NA;NA;NA;NA;NA;NA;NA;NA
7140_meso - ms_min;1060;0;0;NA;0;0;0;0;0;0;0;0;0;0;0;0;NA;NA;NA;NA;NA;NA;NA;NA;NA;NA;NA;0;0;0;0;NA;1;NA;NA;NA;NA;NA;NA;NA;NA;NA;NA;NA;NA;NA;NA;NA;NA;NA;NA;NA;NA;NA;NA;NA;NA;NA;NA;NA;NA;NA;1;NA;NA;NA;NA;NA;NA;NA;NA;NA;NA;NA;NA;NA;NA;NA;NA;NA;NA;NA;NA;NA;NA;NA;NA;NA;NA;NA;NA;NA;NA;NA;NA;NA;NA;NA;NA;1;NA;1;NA;NA;NA;NA;NA;NA;NA;NA;NA;NA;NA;NA;NA
7140_meso - ms_min;1061;0;1;0;0;0;0;0;0;0;0;0;0;0;0;0;NA;NA;NA;NA;NA;NA;NA;NA;NA;NA;NA;0;0;0;0;NA;1;NA;NA;NA;NA;NA;NA;NA;NA;NA;NA;NA;NA;NA;NA;NA;NA;NA;NA;NA;NA;NA;NA;NA;NA;NA;NA;NA;NA;NA;1;NA;NA;NA;NA;NA;NA;NA;NA;NA;NA;NA;NA;NA;NA;NA;NA;NA;NA;NA;NA;NA;NA;NA;NA;NA;NA;NA;NA;NA;NA;NA;NA;NA;NA;NA;NA;1;NA;1;NA;NA;NA;NA;NA;NA;NA;NA;NA;NA;NA;NA;NA
7140_meso - ms_min;1062;0;0;NA;0;0;0;0;0;0;0;0;0;0;0;1;0;0;0;0;1;0;0;0;NA;NA;NA;0;0;0;0;NA;1;NA;NA;NA;NA;NA;NA;NA;NA;NA;NA;NA;NA;NA;NA;NA;NA;NA;NA;NA;NA;NA;NA;NA;NA;NA;NA;NA;NA;NA;1;NA;NA;NA;NA;NA;NA;NA;NA;NA;NA;NA;NA;NA;NA;NA;NA;NA;NA;NA;NA;NA;NA;NA;NA;NA;NA;NA;NA;NA;NA;NA;NA;NA;NA;NA;NA;1;NA;1;NA;NA;NA;NA;NA;NA;NA;NA;NA;NA;NA;NA;NA
7140_meso - ms_min;1063;0;1;0;0;0;0;0;0;0;0;0;0;0;0;1;0;0;0;0;1;0;0;0;NA;NA;NA;0;0;0;0;NA;1;NA;NA;NA;NA;NA;NA;NA;NA;NA;NA;NA;NA;NA;NA;NA;NA;NA;NA;NA;NA;NA;NA;NA;NA;NA;NA;NA;NA;NA;1;NA;NA;NA;NA;NA;NA;NA;NA;NA;NA;NA;NA;NA;NA;NA;NA;NA;NA;NA;NA;NA;NA;NA;NA;NA;NA;NA;NA;NA;NA;NA;NA;NA;NA;NA;NA;1;NA;1;NA;NA;NA;NA;NA;NA;NA;NA;NA;NA;NA;NA;NA
7140_meso - ms_min;1064;0;0;NA;0;0;0;0;0;0;0;0;0;0;0;1;0;0;0;0;0;NA;NA;NA;0;0;0;0;0;0;0;NA;1;NA;NA;NA;NA;NA;NA;NA;NA;NA;NA;NA;NA;NA;NA;NA;NA;NA;NA;NA;NA;NA;NA;NA;NA;NA;NA;NA;NA;NA;1;NA;NA;NA;NA;NA;NA;NA;NA;NA;NA;NA;NA;NA;NA;NA;NA;NA;NA;NA;NA;NA;NA;NA;NA;NA;NA;NA;NA;NA;NA;NA;NA;NA;NA;NA;NA;1;NA;1;NA;NA;NA;NA;NA;NA;NA;NA;NA;NA;NA;NA;NA
7140_meso - ms_min;1065;0;1;0;0;0;0;0;0;0;0;0;0;0;0;1;0;0;0;0;0;NA;NA;NA;0;0;0;0;0;0;0;NA;1;NA;NA;NA;NA;NA;NA;NA;NA;NA;NA;NA;NA;NA;NA;NA;NA;NA;NA;NA;NA;NA;NA;NA;NA;NA;NA;NA;NA;NA;1;NA;NA;NA;NA;NA;NA;NA;NA;NA;NA;NA;NA;NA;NA;NA;NA;NA;NA;NA;NA;NA;NA;NA;NA;NA;NA;NA;NA;NA;NA;NA;NA;NA;NA;NA;NA;1;NA;1;NA;NA;NA;NA;NA;NA;NA;NA;NA;NA;NA;NA;NA
7140_meso - ms_min;1066;0;0;NA;0;0;0;0;0;0;0;0;0;0;0;0;NA;NA;NA;NA;NA;NA;NA;NA;NA;NA;NA;0;0;0;0;1;NA;NA;1;NA;NA;NA;NA;NA;NA;NA;NA;NA;NA;NA;NA;NA;NA;NA;NA;NA;NA;NA;NA;NA;NA;NA;NA;NA;NA;NA;1;NA;NA;NA;NA;NA;NA;NA;NA;NA;NA;NA;NA;NA;NA;NA;NA;NA;NA;NA;NA;NA;NA;NA;NA;NA;NA;NA;NA;NA;NA;NA;NA;NA;NA;NA;NA;1;NA;1;NA;NA;NA;NA;NA;NA;NA;NA;NA;NA;NA;NA;NA
7140_meso - ms_min;1067;0;1;0;0;0;0;0;0;0;0;0;0;0;0;0;NA;NA;NA;NA;NA;NA;NA;NA;NA;NA;NA;0;0;0;0;1;NA;NA;1;NA;NA;NA;NA;NA;NA;NA;NA;NA;NA;NA;NA;NA;NA;NA;NA;NA;NA;NA;NA;NA;NA;NA;NA;NA;NA;NA;1;NA;NA;NA;NA;NA;NA;NA;NA;NA;NA;NA;NA;NA;NA;NA;NA;NA;NA;NA;NA;NA;NA;NA;NA;NA;NA;NA;NA;NA;NA;NA;NA;NA;NA;NA;NA;1;NA;1;NA;NA;NA;NA;NA;NA;NA;NA;NA;NA;NA;NA;NA
7140_meso - ms_min;1068;0;0;NA;0;0;0;0;0;0;0;0;0;0;0;1;0;0;0;0;1;0;0;0;NA;NA;NA;0;0;0;0;1;NA;NA;1;NA;NA;NA;NA;NA;NA;NA;NA;NA;NA;NA;NA;NA;NA;NA;NA;NA;NA;NA;NA;NA;NA;NA;NA;NA;NA;NA;1;NA;NA;NA;NA;NA;NA;NA;NA;NA;NA;NA;NA;NA;NA;NA;NA;NA;NA;NA;NA;NA;NA;NA;NA;NA;NA;NA;NA;NA;NA;NA;NA;NA;NA;NA;NA;1;NA;1;NA;NA;NA;NA;NA;NA;NA;NA;NA;NA;NA;NA;NA
7140_meso - ms_min;1069;0;1;0;0;0;0;0;0;0;0;0;0;0;0;1;0;0;0;0;1;0;0;0;NA;NA;NA;0;0;0;0;1;NA;NA;1;NA;NA;NA;NA;NA;NA;NA;NA;NA;NA;NA;NA;NA;NA;NA;NA;NA;NA;NA;NA;NA;NA;NA;NA;NA;NA;NA;1;NA;NA;NA;NA;NA;NA;NA;NA;NA;NA;NA;NA;NA;NA;NA;NA;NA;NA;NA;NA;NA;NA;NA;NA;NA;NA;NA;NA;NA;NA;NA;NA;NA;NA;NA;NA;1;NA;1;NA;NA;NA;NA;NA;NA;NA;NA;NA;NA;NA;NA;NA
7140_meso - ms_min;1070;0;0;NA;0;0;0;0;0;0;0;0;0;0;0;1;0;0;0;0;0;NA;NA;NA;0;0;0;0;0;0;0;1;NA;NA;1;NA;NA;NA;NA;NA;NA;NA;NA;NA;NA;NA;NA;NA;NA;NA;NA;NA;NA;NA;NA;NA;NA;NA;NA;NA;NA;NA;1;NA;NA;NA;NA;NA;NA;NA;NA;NA;NA;NA;NA;NA;NA;NA;NA;NA;NA;NA;NA;NA;NA;NA;NA;NA;NA;NA;NA;NA;NA;NA;NA;NA;NA;NA;NA;1;NA;1;NA;NA;NA;NA;NA;NA;NA;NA;NA;NA;NA;NA;NA
7140_meso - ms_min;1071;0;1;0;0;0;0;0;0;0;0;0;0;0;0;1;0;0;0;0;0;NA;NA;NA;0;0;0;0;0;0;0;1;NA;NA;1;NA;NA;NA;NA;NA;NA;NA;NA;NA;NA;NA;NA;NA;NA;NA;NA;NA;NA;NA;NA;NA;NA;NA;NA;NA;NA;NA;1;NA;NA;NA;NA;NA;NA;NA;NA;NA;NA;NA;NA;NA;NA;NA;NA;NA;NA;NA;NA;NA;NA;NA;NA;NA;NA;NA;NA;NA;NA;NA;NA;NA;NA;NA;NA;1;NA;1;NA;NA;NA;NA;NA;NA;NA;NA;NA;NA;NA;NA;NA
7140_meso - ms_min;1072;0;0;NA;0;0;0;0;0;0;0;0;0;0;0;0;NA;NA;NA;NA;NA;NA;NA;NA;NA;NA;NA;0;0;0;1;NA;NA;NA;1;NA;NA;NA;NA;NA;NA;0;0;NA;NA;NA;NA;NA;NA;0;1;NA;NA;NA;NA;NA;NA;NA;NA;NA;NA;NA;1;NA;NA;NA;NA;NA;NA;NA;NA;NA;NA;NA;NA;NA;NA;NA;NA;NA;NA;NA;NA;NA;NA;NA;NA;NA;NA;NA;NA;NA;NA;NA;NA;NA;NA;NA;NA;1;NA;1;NA;NA;NA;NA;NA;NA;NA;NA;NA;NA;NA;NA;NA
7140_meso - ms_min;1073;0;1;0;0;0;0;0;0;0;0;0;0;0;0;0;NA;NA;NA;NA;NA;NA;NA;NA;NA;NA;NA;0;0;0;1;NA;NA;NA;1;NA;NA;NA;NA;NA;NA;0;0;NA;NA;NA;NA;NA;NA;0;1;NA;NA;NA;NA;NA;NA;NA;NA;NA;NA;NA;1;NA;NA;NA;NA;NA;NA;NA;NA;NA;NA;NA;NA;NA;NA;NA;NA;NA;NA;NA;NA;NA;NA;NA;NA;NA;NA;NA;NA;NA;NA;NA;NA;NA;NA;NA;NA;1;NA;1;NA;NA;NA;NA;NA;NA;NA;NA;NA;NA;NA;NA;NA
7140_meso - ms_min;1074;0;0;NA;0;0;0;0;0;0;0;0;0;0;0;1;0;0;0;0;1;0;0;0;NA;NA;NA;0;0;0;1;NA;NA;NA;1;NA;NA;NA;NA;NA;NA;0;0;NA;NA;NA;NA;NA;NA;0;1;NA;NA;NA;NA;NA;NA;NA;NA;NA;NA;NA;1;NA;NA;NA;NA;NA;NA;NA;NA;NA;NA;NA;NA;NA;NA;NA;NA;NA;NA;NA;NA;NA;NA;NA;NA;NA;NA;NA;NA;NA;NA;NA;NA;NA;NA;NA;NA;1;NA;1;NA;NA;NA;NA;NA;NA;NA;NA;NA;NA;NA;NA;NA
7140_meso - ms_min;1075;0;1;0;0;0;0;0;0;0;0;0;0;0;0;1;0;0;0;0;1;0;0;0;NA;NA;NA;0;0;0;1;NA;NA;NA;1;NA;NA;NA;NA;NA;NA;0;0;NA;NA;NA;NA;NA;NA;0;1;NA;NA;NA;NA;NA;NA;NA;NA;NA;NA;NA;1;NA;NA;NA;NA;NA;NA;NA;NA;NA;NA;NA;NA;NA;NA;NA;NA;NA;NA;NA;NA;NA;NA;NA;NA;NA;NA;NA;NA;NA;NA;NA;NA;NA;NA;NA;NA;1;NA;1;NA;NA;NA;NA;NA;NA;NA;NA;NA;NA;NA;NA;NA
7140_meso - ms_min;1076;0;0;NA;0;0;0;0;0;0;0;0;0;0;0;1;0;0;0;0;0;NA;NA;NA;0;0;0;0;0;0;1;NA;NA;NA;1;NA;NA;NA;NA;NA;NA;0;0;NA;NA;NA;NA;NA;NA;0;1;NA;NA;NA;NA;NA;NA;NA;NA;NA;NA;NA;1;NA;NA;NA;NA;NA;NA;NA;NA;NA;NA;NA;NA;NA;NA;NA;NA;NA;NA;NA;NA;NA;NA;NA;NA;NA;NA;NA;NA;NA;NA;NA;NA;NA;NA;NA;NA;1;NA;1;NA;NA;NA;NA;NA;NA;NA;NA;NA;NA;NA;NA;NA
7140_meso - ms_min;1077;0;1;0;0;0;0;0;0;0;0;0;0;0;0;1;0;0;0;0;0;NA;NA;NA;0;0;0;0;0;0;1;NA;NA;NA;1;NA;NA;NA;NA;NA;NA;0;0;NA;NA;NA;NA;NA;NA;0;1;NA;NA;NA;NA;NA;NA;NA;NA;NA;NA;NA;1;NA;NA;NA;NA;NA;NA;NA;NA;NA;NA;NA;NA;NA;NA;NA;NA;NA;NA;NA;NA;NA;NA;NA;NA;NA;NA;NA;NA;NA;NA;NA;NA;NA;NA;NA;NA;1;NA;1;NA;NA;NA;NA;NA;NA;NA;NA;NA;NA;NA;NA;NA
7140_meso - ms_min;1078;0;0;NA;0;0;0;0;0;0;0;0;0;0;0;0;NA;NA;NA;NA;NA;NA;NA;NA;NA;NA;NA;0;0;0;1;NA;NA;NA;NA;NA;NA;NA;NA;NA;NA;0;0;NA;NA;NA;NA;NA;NA;0;0;1;NA;NA;NA;NA;NA;NA;NA;NA;NA;NA;1;NA;NA;NA;NA;NA;NA;NA;NA;NA;NA;NA;NA;NA;NA;NA;NA;NA;NA;NA;NA;NA;NA;NA;NA;NA;NA;NA;NA;NA;NA;NA;NA;NA;NA;NA;NA;1;NA;1;NA;NA;NA;NA;NA;NA;NA;NA;NA;NA;NA;NA;NA
7140_meso - ms_min;1079;0;1;0;0;0;0;0;0;0;0;0;0;0;0;0;NA;NA;NA;NA;NA;NA;NA;NA;NA;NA;NA;0;0;0;1;NA;NA;NA;NA;NA;NA;NA;NA;NA;NA;0;0;NA;NA;NA;NA;NA;NA;0;0;1;NA;NA;NA;NA;NA;NA;NA;NA;NA;NA;1;NA;NA;NA;NA;NA;NA;NA;NA;NA;NA;NA;NA;NA;NA;NA;NA;NA;NA;NA;NA;NA;NA;NA;NA;NA;NA;NA;NA;NA;NA;NA;NA;NA;NA;NA;NA;1;NA;1;NA;NA;NA;NA;NA;NA;NA;NA;NA;NA;NA;NA;NA
7140_meso - ms_min;1080;0;0;NA;0;0;0;0;0;0;0;0;0;0;0;1;0;0;0;0;1;0;0;0;NA;NA;NA;0;0;0;1;NA;NA;NA;NA;NA;NA;NA;NA;NA;NA;0;0;NA;NA;NA;NA;NA;NA;0;0;1;NA;NA;NA;NA;NA;NA;NA;NA;NA;NA;1;NA;NA;NA;NA;NA;NA;NA;NA;NA;NA;NA;NA;NA;NA;NA;NA;NA;NA;NA;NA;NA;NA;NA;NA;NA;NA;NA;NA;NA;NA;NA;NA;NA;NA;NA;NA;1;NA;1;NA;NA;NA;NA;NA;NA;NA;NA;NA;NA;NA;NA;NA
7140_meso - ms_min;1081;0;1;0;0;0;0;0;0;0;0;0;0;0;0;1;0;0;0;0;1;0;0;0;NA;NA;NA;0;0;0;1;NA;NA;NA;NA;NA;NA;NA;NA;NA;NA;0;0;NA;NA;NA;NA;NA;NA;0;0;1;NA;NA;NA;NA;NA;NA;NA;NA;NA;NA;1;NA;NA;NA;NA;NA;NA;NA;NA;NA;NA;NA;NA;NA;NA;NA;NA;NA;NA;NA;NA;NA;NA;NA;NA;NA;NA;NA;NA;NA;NA;NA;NA;NA;NA;NA;NA;1;NA;1;NA;NA;NA;NA;NA;NA;NA;NA;NA;NA;NA;NA;NA
7140_meso - ms_min;1082;0;0;NA;0;0;0;0;0;0;0;0;0;0;0;1;0;0;0;0;0;NA;NA;NA;0;0;0;0;0;0;1;NA;NA;NA;NA;NA;NA;NA;NA;NA;NA;0;0;NA;NA;NA;NA;NA;NA;0;0;1;NA;NA;NA;NA;NA;NA;NA;NA;NA;NA;1;NA;NA;NA;NA;NA;NA;NA;NA;NA;NA;NA;NA;NA;NA;NA;NA;NA;NA;NA;NA;NA;NA;NA;NA;NA;NA;NA;NA;NA;NA;NA;NA;NA;NA;NA;NA;1;NA;1;NA;NA;NA;NA;NA;NA;NA;NA;NA;NA;NA;NA;NA
7140_meso - ms_min;1083;0;1;0;0;0;0;0;0;0;0;0;0;0;0;1;0;0;0;0;0;NA;NA;NA;0;0;0;0;0;0;1;NA;NA;NA;NA;NA;NA;NA;NA;NA;NA;0;0;NA;NA;NA;NA;NA;NA;0;0;1;NA;NA;NA;NA;NA;NA;NA;NA;NA;NA;1;NA;NA;NA;NA;NA;NA;NA;NA;NA;NA;NA;NA;NA;NA;NA;NA;NA;NA;NA;NA;NA;NA;NA;NA;NA;NA;NA;NA;NA;NA;NA;NA;NA;NA;NA;NA;1;NA;1;NA;NA;NA;NA;NA;NA;NA;NA;NA;NA;NA;NA;NA
7140_meso - ms_min;1084;0;0;NA;0;0;0;0;0;0;0;0;0;0;0;0;NA;NA;NA;NA;NA;NA;NA;NA;NA;NA;NA;0;0;1;NA;NA;NA;NA;NA;NA;NA;NA;NA;NA;NA;NA;NA;NA;NA;NA;NA;NA;NA;NA;NA;NA;NA;NA;NA;NA;NA;NA;NA;NA;NA;NA;NA;NA;NA;NA;NA;NA;NA;NA;NA;NA;NA;NA;NA;NA;NA;NA;NA;NA;NA;NA;NA;NA;NA;NA;NA;NA;NA;NA;NA;NA;NA;NA;NA;NA;NA;NA;NA;1;NA;NA;1;NA;NA;NA;NA;NA;NA;NA;NA;NA;NA;NA;NA
7140_meso - ms_min;1085;0;1;0;0;0;0;0;0;0;0;0;0;0;0;0;NA;NA;NA;NA;NA;NA;NA;NA;NA;NA;NA;0;0;1;NA;NA;NA;NA;NA;NA;NA;NA;NA;NA;NA;NA;NA;NA;NA;NA;NA;NA;NA;NA;NA;NA;NA;NA;NA;NA;NA;NA;NA;NA;NA;NA;NA;NA;NA;NA;NA;NA;NA;NA;NA;NA;NA;NA;NA;NA;NA;NA;NA;NA;NA;NA;NA;NA;NA;NA;NA;NA;NA;NA;NA;NA;NA;NA;NA;NA;NA;NA;NA;1;NA;NA;1;NA;NA;NA;NA;NA;NA;NA;NA;NA;NA;NA;NA
7140_meso - ms_min;1086;0;0;NA;0;0;0;0;0;0;0;0;0;0;0;1;0;0;0;0;1;0;0;0;NA;NA;NA;0;0;1;NA;NA;NA;NA;NA;NA;NA;NA;NA;NA;NA;NA;NA;NA;NA;NA;NA;NA;NA;NA;NA;NA;NA;NA;NA;NA;NA;NA;NA;NA;NA;NA;NA;NA;NA;NA;NA;NA;NA;NA;NA;NA;NA;NA;NA;NA;NA;NA;NA;NA;NA;NA;NA;NA;NA;NA;NA;NA;NA;NA;NA;NA;NA;NA;NA;NA;NA;NA;NA;1;NA;NA;1;NA;NA;NA;NA;NA;NA;NA;NA;NA;NA;NA;NA
7140_meso - ms_min;1087;0;1;0;0;0;0;0;0;0;0;0;0;0;0;1;0;0;0;0;1;0;0;0;NA;NA;NA;0;0;1;NA;NA;NA;NA;NA;NA;NA;NA;NA;NA;NA;NA;NA;NA;NA;NA;NA;NA;NA;NA;NA;NA;NA;NA;NA;NA;NA;NA;NA;NA;NA;NA;NA;NA;NA;NA;NA;NA;NA;NA;NA;NA;NA;NA;NA;NA;NA;NA;NA;NA;NA;NA;NA;NA;NA;NA;NA;NA;NA;NA;NA;NA;NA;NA;NA;NA;NA;NA;NA;1;NA;NA;1;NA;NA;NA;NA;NA;NA;NA;NA;NA;NA;NA;NA
7140_meso - ms_min;1088;0;0;NA;0;0;0;0;0;0;0;0;0;0;0;1;0;0;0;0;0;NA;NA;NA;0;0;0;0;0;1;NA;NA;NA;NA;NA;NA;NA;NA;NA;NA;NA;NA;NA;NA;NA;NA;NA;NA;NA;NA;NA;NA;NA;NA;NA;NA;NA;NA;NA;NA;NA;NA;NA;NA;NA;NA;NA;NA;NA;NA;NA;NA;NA;NA;NA;NA;NA;NA;NA;NA;NA;NA;NA;NA;NA;NA;NA;NA;NA;NA;NA;NA;NA;NA;NA;NA;NA;NA;NA;1;NA;NA;1;NA;NA;NA;NA;NA;NA;NA;NA;NA;NA;NA;NA
7140_meso - ms_min;1089;0;1;0;0;0;0;0;0;0;0;0;0;0;0;1;0;0;0;0;0;NA;NA;NA;0;0;0;0;0;1;NA;NA;NA;NA;NA;NA;NA;NA;NA;NA;NA;NA;NA;NA;NA;NA;NA;NA;NA;NA;NA;NA;NA;NA;NA;NA;NA;NA;NA;NA;NA;NA;NA;NA;NA;NA;NA;NA;NA;NA;NA;NA;NA;NA;NA;NA;NA;NA;NA;NA;NA;NA;NA;NA;NA;NA;NA;NA;NA;NA;NA;NA;NA;NA;NA;NA;NA;NA;NA;1;NA;NA;1;NA;NA;NA;NA;NA;NA;NA;NA;NA;NA;NA;NA
7140_meso - ms_min;1090;0;0;NA;0;0;0;0;0;0;0;0;0;0;0;0;NA;NA;NA;NA;NA;NA;NA;NA;NA;NA;NA;0;0;0;0;NA;1;NA;NA;NA;NA;NA;NA;NA;NA;NA;NA;NA;NA;NA;NA;NA;NA;NA;NA;NA;NA;NA;NA;NA;NA;NA;NA;NA;NA;NA;1;NA;NA;NA;NA;NA;NA;NA;NA;NA;NA;NA;NA;NA;NA;NA;NA;NA;NA;NA;NA;NA;NA;NA;NA;NA;NA;NA;NA;NA;NA;NA;NA;NA;NA;NA;NA;1;NA;NA;1;NA;NA;NA;NA;NA;NA;NA;NA;NA;NA;NA;NA
7140_meso - ms_min;1091;0;1;0;0;0;0;0;0;0;0;0;0;0;0;0;NA;NA;NA;NA;NA;NA;NA;NA;NA;NA;NA;0;0;0;0;NA;1;NA;NA;NA;NA;NA;NA;NA;NA;NA;NA;NA;NA;NA;NA;NA;NA;NA;NA;NA;NA;NA;NA;NA;NA;NA;NA;NA;NA;NA;1;NA;NA;NA;NA;NA;NA;NA;NA;NA;NA;NA;NA;NA;NA;NA;NA;NA;NA;NA;NA;NA;NA;NA;NA;NA;NA;NA;NA;NA;NA;NA;NA;NA;NA;NA;NA;1;NA;NA;1;NA;NA;NA;NA;NA;NA;NA;NA;NA;NA;NA;NA
7140_meso - ms_min;1092;0;0;NA;0;0;0;0;0;0;0;0;0;0;0;1;0;0;0;0;1;0;0;0;NA;NA;NA;0;0;0;0;NA;1;NA;NA;NA;NA;NA;NA;NA;NA;NA;NA;NA;NA;NA;NA;NA;NA;NA;NA;NA;NA;NA;NA;NA;NA;NA;NA;NA;NA;NA;1;NA;NA;NA;NA;NA;NA;NA;NA;NA;NA;NA;NA;NA;NA;NA;NA;NA;NA;NA;NA;NA;NA;NA;NA;NA;NA;NA;NA;NA;NA;NA;NA;NA;NA;NA;NA;1;NA;NA;1;NA;NA;NA;NA;NA;NA;NA;NA;NA;NA;NA;NA
7140_meso - ms_min;1093;0;1;0;0;0;0;0;0;0;0;0;0;0;0;1;0;0;0;0;1;0;0;0;NA;NA;NA;0;0;0;0;NA;1;NA;NA;NA;NA;NA;NA;NA;NA;NA;NA;NA;NA;NA;NA;NA;NA;NA;NA;NA;NA;NA;NA;NA;NA;NA;NA;NA;NA;NA;1;NA;NA;NA;NA;NA;NA;NA;NA;NA;NA;NA;NA;NA;NA;NA;NA;NA;NA;NA;NA;NA;NA;NA;NA;NA;NA;NA;NA;NA;NA;NA;NA;NA;NA;NA;NA;1;NA;NA;1;NA;NA;NA;NA;NA;NA;NA;NA;NA;NA;NA;NA
7140_meso - ms_min;1094;0;0;NA;0;0;0;0;0;0;0;0;0;0;0;1;0;0;0;0;0;NA;NA;NA;0;0;0;0;0;0;0;NA;1;NA;NA;NA;NA;NA;NA;NA;NA;NA;NA;NA;NA;NA;NA;NA;NA;NA;NA;NA;NA;NA;NA;NA;NA;NA;NA;NA;NA;NA;1;NA;NA;NA;NA;NA;NA;NA;NA;NA;NA;NA;NA;NA;NA;NA;NA;NA;NA;NA;NA;NA;NA;NA;NA;NA;NA;NA;NA;NA;NA;NA;NA;NA;NA;NA;NA;1;NA;NA;1;NA;NA;NA;NA;NA;NA;NA;NA;NA;NA;NA;NA
7140_meso - ms_min;1095;0;1;0;0;0;0;0;0;0;0;0;0;0;0;1;0;0;0;0;0;NA;NA;NA;0;0;0;0;0;0;0;NA;1;NA;NA;NA;NA;NA;NA;NA;NA;NA;NA;NA;NA;NA;NA;NA;NA;NA;NA;NA;NA;NA;NA;NA;NA;NA;NA;NA;NA;NA;1;NA;NA;NA;NA;NA;NA;NA;NA;NA;NA;NA;NA;NA;NA;NA;NA;NA;NA;NA;NA;NA;NA;NA;NA;NA;NA;NA;NA;NA;NA;NA;NA;NA;NA;NA;NA;1;NA;NA;1;NA;NA;NA;NA;NA;NA;NA;NA;NA;NA;NA;NA
7140_meso - ms_min;1096;0;0;NA;0;0;0;0;0;0;0;0;0;0;0;0;NA;NA;NA;NA;NA;NA;NA;NA;NA;NA;NA;0;0;0;0;1;NA;NA;1;NA;NA;NA;NA;NA;NA;NA;NA;NA;NA;NA;NA;NA;NA;NA;NA;NA;NA;NA;NA;NA;NA;NA;NA;NA;NA;NA;1;NA;NA;NA;NA;NA;NA;NA;NA;NA;NA;NA;NA;NA;NA;NA;NA;NA;NA;NA;NA;NA;NA;NA;NA;NA;NA;NA;NA;NA;NA;NA;NA;NA;NA;NA;NA;1;NA;NA;1;NA;NA;NA;NA;NA;NA;NA;NA;NA;NA;NA;NA
7140_meso - ms_min;1097;0;1;0;0;0;0;0;0;0;0;0;0;0;0;0;NA;NA;NA;NA;NA;NA;NA;NA;NA;NA;NA;0;0;0;0;1;NA;NA;1;NA;NA;NA;NA;NA;NA;NA;NA;NA;NA;NA;NA;NA;NA;NA;NA;NA;NA;NA;NA;NA;NA;NA;NA;NA;NA;NA;1;NA;NA;NA;NA;NA;NA;NA;NA;NA;NA;NA;NA;NA;NA;NA;NA;NA;NA;NA;NA;NA;NA;NA;NA;NA;NA;NA;NA;NA;NA;NA;NA;NA;NA;NA;NA;1;NA;NA;1;NA;NA;NA;NA;NA;NA;NA;NA;NA;NA;NA;NA
7140_meso - ms_min;1098;0;0;NA;0;0;0;0;0;0;0;0;0;0;0;1;0;0;0;0;1;0;0;0;NA;NA;NA;0;0;0;0;1;NA;NA;1;NA;NA;NA;NA;NA;NA;NA;NA;NA;NA;NA;NA;NA;NA;NA;NA;NA;NA;NA;NA;NA;NA;NA;NA;NA;NA;NA;1;NA;NA;NA;NA;NA;NA;NA;NA;NA;NA;NA;NA;NA;NA;NA;NA;NA;NA;NA;NA;NA;NA;NA;NA;NA;NA;NA;NA;NA;NA;NA;NA;NA;NA;NA;NA;1;NA;NA;1;NA;NA;NA;NA;NA;NA;NA;NA;NA;NA;NA;NA
7140_meso - ms_min;1099;0;1;0;0;0;0;0;0;0;0;0;0;0;0;1;0;0;0;0;1;0;0;0;NA;NA;NA;0;0;0;0;1;NA;NA;1;NA;NA;NA;NA;NA;NA;NA;NA;NA;NA;NA;NA;NA;NA;NA;NA;NA;NA;NA;NA;NA;NA;NA;NA;NA;NA;NA;1;NA;NA;NA;NA;NA;NA;NA;NA;NA;NA;NA;NA;NA;NA;NA;NA;NA;NA;NA;NA;NA;NA;NA;NA;NA;NA;NA;NA;NA;NA;NA;NA;NA;NA;NA;NA;1;NA;NA;1;NA;NA;NA;NA;NA;NA;NA;NA;NA;NA;NA;NA
7140_meso - ms_min;1100;0;0;NA;0;0;0;0;0;0;0;0;0;0;0;1;0;0;0;0;0;NA;NA;NA;0;0;0;0;0;0;0;1;NA;NA;1;NA;NA;NA;NA;NA;NA;NA;NA;NA;NA;NA;NA;NA;NA;NA;NA;NA;NA;NA;NA;NA;NA;NA;NA;NA;NA;NA;1;NA;NA;NA;NA;NA;NA;NA;NA;NA;NA;NA;NA;NA;NA;NA;NA;NA;NA;NA;NA;NA;NA;NA;NA;NA;NA;NA;NA;NA;NA;NA;NA;NA;NA;NA;NA;1;NA;NA;1;NA;NA;NA;NA;NA;NA;NA;NA;NA;NA;NA;NA
7140_meso - ms_min;1101;0;1;0;0;0;0;0;0;0;0;0;0;0;0;1;0;0;0;0;0;NA;NA;NA;0;0;0;0;0;0;0;1;NA;NA;1;NA;NA;NA;NA;NA;NA;NA;NA;NA;NA;NA;NA;NA;NA;NA;NA;NA;NA;NA;NA;NA;NA;NA;NA;NA;NA;NA;1;NA;NA;NA;NA;NA;NA;NA;NA;NA;NA;NA;NA;NA;NA;NA;NA;NA;NA;NA;NA;NA;NA;NA;NA;NA;NA;NA;NA;NA;NA;NA;NA;NA;NA;NA;NA;1;NA;NA;1;NA;NA;NA;NA;NA;NA;NA;NA;NA;NA;NA;NA
7140_meso - ms_min;1102;0;0;NA;0;0;0;0;0;0;0;0;0;0;0;0;NA;NA;NA;NA;NA;NA;NA;NA;NA;NA;NA;0;0;0;1;NA;NA;NA;1;NA;NA;NA;NA;NA;NA;0;0;NA;NA;NA;NA;NA;NA;0;1;NA;NA;NA;NA;NA;NA;NA;NA;NA;NA;NA;1;NA;NA;NA;NA;NA;NA;NA;NA;NA;NA;NA;NA;NA;NA;NA;NA;NA;NA;NA;NA;NA;NA;NA;NA;NA;NA;NA;NA;NA;NA;NA;NA;NA;NA;NA;NA;1;NA;NA;1;NA;NA;NA;NA;NA;NA;NA;NA;NA;NA;NA;NA
7140_meso - ms_min;1103;0;1;0;0;0;0;0;0;0;0;0;0;0;0;0;NA;NA;NA;NA;NA;NA;NA;NA;NA;NA;NA;0;0;0;1;NA;NA;NA;1;NA;NA;NA;NA;NA;NA;0;0;NA;NA;NA;NA;NA;NA;0;1;NA;NA;NA;NA;NA;NA;NA;NA;NA;NA;NA;1;NA;NA;NA;NA;NA;NA;NA;NA;NA;NA;NA;NA;NA;NA;NA;NA;NA;NA;NA;NA;NA;NA;NA;NA;NA;NA;NA;NA;NA;NA;NA;NA;NA;NA;NA;NA;1;NA;NA;1;NA;NA;NA;NA;NA;NA;NA;NA;NA;NA;NA;NA
7140_meso - ms_min;1104;0;0;NA;0;0;0;0;0;0;0;0;0;0;0;1;0;0;0;0;1;0;0;0;NA;NA;NA;0;0;0;1;NA;NA;NA;1;NA;NA;NA;NA;NA;NA;0;0;NA;NA;NA;NA;NA;NA;0;1;NA;NA;NA;NA;NA;NA;NA;NA;NA;NA;NA;1;NA;NA;NA;NA;NA;NA;NA;NA;NA;NA;NA;NA;NA;NA;NA;NA;NA;NA;NA;NA;NA;NA;NA;NA;NA;NA;NA;NA;NA;NA;NA;NA;NA;NA;NA;NA;1;NA;NA;1;NA;NA;NA;NA;NA;NA;NA;NA;NA;NA;NA;NA
7140_meso - ms_min;1105;0;1;0;0;0;0;0;0;0;0;0;0;0;0;1;0;0;0;0;1;0;0;0;NA;NA;NA;0;0;0;1;NA;NA;NA;1;NA;NA;NA;NA;NA;NA;0;0;NA;NA;NA;NA;NA;NA;0;1;NA;NA;NA;NA;NA;NA;NA;NA;NA;NA;NA;1;NA;NA;NA;NA;NA;NA;NA;NA;NA;NA;NA;NA;NA;NA;NA;NA;NA;NA;NA;NA;NA;NA;NA;NA;NA;NA;NA;NA;NA;NA;NA;NA;NA;NA;NA;NA;1;NA;NA;1;NA;NA;NA;NA;NA;NA;NA;NA;NA;NA;NA;NA
7140_meso - ms_min;1106;0;0;NA;0;0;0;0;0;0;0;0;0;0;0;1;0;0;0;0;0;NA;NA;NA;0;0;0;0;0;0;1;NA;NA;NA;1;NA;NA;NA;NA;NA;NA;0;0;NA;NA;NA;NA;NA;NA;0;1;NA;NA;NA;NA;NA;NA;NA;NA;NA;NA;NA;1;NA;NA;NA;NA;NA;NA;NA;NA;NA;NA;NA;NA;NA;NA;NA;NA;NA;NA;NA;NA;NA;NA;NA;NA;NA;NA;NA;NA;NA;NA;NA;NA;NA;NA;NA;NA;1;NA;NA;1;NA;NA;NA;NA;NA;NA;NA;NA;NA;NA;NA;NA
7140_meso - ms_min;1107;0;1;0;0;0;0;0;0;0;0;0;0;0;0;1;0;0;0;0;0;NA;NA;NA;0;0;0;0;0;0;1;NA;NA;NA;1;NA;NA;NA;NA;NA;NA;0;0;NA;NA;NA;NA;NA;NA;0;1;NA;NA;NA;NA;NA;NA;NA;NA;NA;NA;NA;1;NA;NA;NA;NA;NA;NA;NA;NA;NA;NA;NA;NA;NA;NA;NA;NA;NA;NA;NA;NA;NA;NA;NA;NA;NA;NA;NA;NA;NA;NA;NA;NA;NA;NA;NA;NA;1;NA;NA;1;NA;NA;NA;NA;NA;NA;NA;NA;NA;NA;NA;NA
7140_meso - ms_min;1108;0;0;NA;0;0;0;0;0;0;0;0;0;0;0;0;NA;NA;NA;NA;NA;NA;NA;NA;NA;NA;NA;0;0;0;1;NA;NA;NA;NA;NA;NA;NA;NA;NA;NA;0;0;NA;NA;NA;NA;NA;NA;0;0;1;NA;NA;NA;NA;NA;NA;NA;NA;NA;NA;1;NA;NA;NA;NA;NA;NA;NA;NA;NA;NA;NA;NA;NA;NA;NA;NA;NA;NA;NA;NA;NA;NA;NA;NA;NA;NA;NA;NA;NA;NA;NA;NA;NA;NA;NA;NA;1;NA;NA;1;NA;NA;NA;NA;NA;NA;NA;NA;NA;NA;NA;NA
7140_meso - ms_min;1109;0;1;0;0;0;0;0;0;0;0;0;0;0;0;0;NA;NA;NA;NA;NA;NA;NA;NA;NA;NA;NA;0;0;0;1;NA;NA;NA;NA;NA;NA;NA;NA;NA;NA;0;0;NA;NA;NA;NA;NA;NA;0;0;1;NA;NA;NA;NA;NA;NA;NA;NA;NA;NA;1;NA;NA;NA;NA;NA;NA;NA;NA;NA;NA;NA;NA;NA;NA;NA;NA;NA;NA;NA;NA;NA;NA;NA;NA;NA;NA;NA;NA;NA;NA;NA;NA;NA;NA;NA;NA;1;NA;NA;1;NA;NA;NA;NA;NA;NA;NA;NA;NA;NA;NA;NA
7140_meso - ms_min;1110;0;0;NA;0;0;0;0;0;0;0;0;0;0;0;1;0;0;0;0;1;0;0;0;NA;NA;NA;0;0;0;1;NA;NA;NA;NA;NA;NA;NA;NA;NA;NA;0;0;NA;NA;NA;NA;NA;NA;0;0;1;NA;NA;NA;NA;NA;NA;NA;NA;NA;NA;1;NA;NA;NA;NA;NA;NA;NA;NA;NA;NA;NA;NA;NA;NA;NA;NA;NA;NA;NA;NA;NA;NA;NA;NA;NA;NA;NA;NA;NA;NA;NA;NA;NA;NA;NA;NA;1;NA;NA;1;NA;NA;NA;NA;NA;NA;NA;NA;NA;NA;NA;NA
7140_meso - ms_min;1111;0;1;0;0;0;0;0;0;0;0;0;0;0;0;1;0;0;0;0;1;0;0;0;NA;NA;NA;0;0;0;1;NA;NA;NA;NA;NA;NA;NA;NA;NA;NA;0;0;NA;NA;NA;NA;NA;NA;0;0;1;NA;NA;NA;NA;NA;NA;NA;NA;NA;NA;1;NA;NA;NA;NA;NA;NA;NA;NA;NA;NA;NA;NA;NA;NA;NA;NA;NA;NA;NA;NA;NA;NA;NA;NA;NA;NA;NA;NA;NA;NA;NA;NA;NA;NA;NA;NA;1;NA;NA;1;NA;NA;NA;NA;NA;NA;NA;NA;NA;NA;NA;NA
7140_meso - ms_min;1112;0;0;NA;0;0;0;0;0;0;0;0;0;0;0;1;0;0;0;0;0;NA;NA;NA;0;0;0;0;0;0;1;NA;NA;NA;NA;NA;NA;NA;NA;NA;NA;0;0;NA;NA;NA;NA;NA;NA;0;0;1;NA;NA;NA;NA;NA;NA;NA;NA;NA;NA;1;NA;NA;NA;NA;NA;NA;NA;NA;NA;NA;NA;NA;NA;NA;NA;NA;NA;NA;NA;NA;NA;NA;NA;NA;NA;NA;NA;NA;NA;NA;NA;NA;NA;NA;NA;NA;1;NA;NA;1;NA;NA;NA;NA;NA;NA;NA;NA;NA;NA;NA;NA
7140_meso - ms_min;1113;0;1;0;0;0;0;0;0;0;0;0;0;0;0;1;0;0;0;0;0;NA;NA;NA;0;0;0;0;0;0;1;NA;NA;NA;NA;NA;NA;NA;NA;NA;NA;0;0;NA;NA;NA;NA;NA;NA;0;0;1;NA;NA;NA;NA;NA;NA;NA;NA;NA;NA;1;NA;NA;NA;NA;NA;NA;NA;NA;NA;NA;NA;NA;NA;NA;NA;NA;NA;NA;NA;NA;NA;NA;NA;NA;NA;NA;NA;NA;NA;NA;NA;NA;NA;NA;NA;NA;1;NA;NA;1;NA;NA;NA;NA;NA;NA;NA;NA;NA;NA;NA;NA
7140_meso - ms_min;1114;0;0;NA;0;0;0;0;0;0;0;0;0;0;0;0;NA;NA;NA;NA;NA;NA;NA;NA;NA;NA;NA;0;0;1;NA;NA;NA;NA;NA;NA;NA;NA;NA;NA;NA;NA;NA;NA;NA;NA;NA;NA;NA;NA;NA;NA;NA;NA;NA;NA;NA;NA;NA;NA;NA;NA;NA;NA;NA;NA;NA;NA;NA;NA;NA;NA;NA;NA;NA;NA;NA;NA;NA;NA;NA;NA;NA;NA;NA;NA;NA;NA;NA;NA;NA;NA;NA;NA;NA;NA;NA;NA;NA;1;NA;NA;NA;1;NA;NA;NA;NA;NA;NA;NA;NA;NA;NA;NA
7140_meso - ms_min;1115;0;1;0;0;0;0;0;0;0;0;0;0;0;0;0;NA;NA;NA;NA;NA;NA;NA;NA;NA;NA;NA;0;0;1;NA;NA;NA;NA;NA;NA;NA;NA;NA;NA;NA;NA;NA;NA;NA;NA;NA;NA;NA;NA;NA;NA;NA;NA;NA;NA;NA;NA;NA;NA;NA;NA;NA;NA;NA;NA;NA;NA;NA;NA;NA;NA;NA;NA;NA;NA;NA;NA;NA;NA;NA;NA;NA;NA;NA;NA;NA;NA;NA;NA;NA;NA;NA;NA;NA;NA;NA;NA;NA;1;NA;NA;NA;1;NA;NA;NA;NA;NA;NA;NA;NA;NA;NA;NA
7140_meso - ms_min;1116;0;0;NA;0;0;0;0;0;0;0;0;0;0;0;1;0;0;0;0;1;0;0;0;NA;NA;NA;0;0;1;NA;NA;NA;NA;NA;NA;NA;NA;NA;NA;NA;NA;NA;NA;NA;NA;NA;NA;NA;NA;NA;NA;NA;NA;NA;NA;NA;NA;NA;NA;NA;NA;NA;NA;NA;NA;NA;NA;NA;NA;NA;NA;NA;NA;NA;NA;NA;NA;NA;NA;NA;NA;NA;NA;NA;NA;NA;NA;NA;NA;NA;NA;NA;NA;NA;NA;NA;NA;NA;1;NA;NA;NA;1;NA;NA;NA;NA;NA;NA;NA;NA;NA;NA;NA
7140_meso - ms_min;1117;0;1;0;0;0;0;0;0;0;0;0;0;0;0;1;0;0;0;0;1;0;0;0;NA;NA;NA;0;0;1;NA;NA;NA;NA;NA;NA;NA;NA;NA;NA;NA;NA;NA;NA;NA;NA;NA;NA;NA;NA;NA;NA;NA;NA;NA;NA;NA;NA;NA;NA;NA;NA;NA;NA;NA;NA;NA;NA;NA;NA;NA;NA;NA;NA;NA;NA;NA;NA;NA;NA;NA;NA;NA;NA;NA;NA;NA;NA;NA;NA;NA;NA;NA;NA;NA;NA;NA;NA;NA;1;NA;NA;NA;1;NA;NA;NA;NA;NA;NA;NA;NA;NA;NA;NA
7140_meso - ms_min;1118;0;0;NA;0;0;0;0;0;0;0;0;0;0;0;1;0;0;0;0;0;NA;NA;NA;0;0;0;0;0;1;NA;NA;NA;NA;NA;NA;NA;NA;NA;NA;NA;NA;NA;NA;NA;NA;NA;NA;NA;NA;NA;NA;NA;NA;NA;NA;NA;NA;NA;NA;NA;NA;NA;NA;NA;NA;NA;NA;NA;NA;NA;NA;NA;NA;NA;NA;NA;NA;NA;NA;NA;NA;NA;NA;NA;NA;NA;NA;NA;NA;NA;NA;NA;NA;NA;NA;NA;NA;NA;1;NA;NA;NA;1;NA;NA;NA;NA;NA;NA;NA;NA;NA;NA;NA
7140_meso - ms_min;1119;0;1;0;0;0;0;0;0;0;0;0;0;0;0;1;0;0;0;0;0;NA;NA;NA;0;0;0;0;0;1;NA;NA;NA;NA;NA;NA;NA;NA;NA;NA;NA;NA;NA;NA;NA;NA;NA;NA;NA;NA;NA;NA;NA;NA;NA;NA;NA;NA;NA;NA;NA;NA;NA;NA;NA;NA;NA;NA;NA;NA;NA;NA;NA;NA;NA;NA;NA;NA;NA;NA;NA;NA;NA;NA;NA;NA;NA;NA;NA;NA;NA;NA;NA;NA;NA;NA;NA;NA;NA;1;NA;NA;NA;1;NA;NA;NA;NA;NA;NA;NA;NA;NA;NA;NA
7140_meso - ms_min;1120;0;0;NA;0;0;0;0;0;0;0;0;0;0;0;0;NA;NA;NA;NA;NA;NA;NA;NA;NA;NA;NA;0;0;0;0;NA;1;NA;NA;NA;NA;NA;NA;NA;NA;NA;NA;NA;NA;NA;NA;NA;NA;NA;NA;NA;NA;NA;NA;NA;NA;NA;NA;NA;NA;NA;1;NA;NA;NA;NA;NA;NA;NA;NA;NA;NA;NA;NA;NA;NA;NA;NA;NA;NA;NA;NA;NA;NA;NA;NA;NA;NA;NA;NA;NA;NA;NA;NA;NA;NA;NA;NA;1;NA;NA;NA;1;NA;NA;NA;NA;NA;NA;NA;NA;NA;NA;NA
7140_meso - ms_min;1121;0;1;0;0;0;0;0;0;0;0;0;0;0;0;0;NA;NA;NA;NA;NA;NA;NA;NA;NA;NA;NA;0;0;0;0;NA;1;NA;NA;NA;NA;NA;NA;NA;NA;NA;NA;NA;NA;NA;NA;NA;NA;NA;NA;NA;NA;NA;NA;NA;NA;NA;NA;NA;NA;NA;1;NA;NA;NA;NA;NA;NA;NA;NA;NA;NA;NA;NA;NA;NA;NA;NA;NA;NA;NA;NA;NA;NA;NA;NA;NA;NA;NA;NA;NA;NA;NA;NA;NA;NA;NA;NA;1;NA;NA;NA;1;NA;NA;NA;NA;NA;NA;NA;NA;NA;NA;NA
7140_meso - ms_min;1122;0;0;NA;0;0;0;0;0;0;0;0;0;0;0;1;0;0;0;0;1;0;0;0;NA;NA;NA;0;0;0;0;NA;1;NA;NA;NA;NA;NA;NA;NA;NA;NA;NA;NA;NA;NA;NA;NA;NA;NA;NA;NA;NA;NA;NA;NA;NA;NA;NA;NA;NA;NA;1;NA;NA;NA;NA;NA;NA;NA;NA;NA;NA;NA;NA;NA;NA;NA;NA;NA;NA;NA;NA;NA;NA;NA;NA;NA;NA;NA;NA;NA;NA;NA;NA;NA;NA;NA;NA;1;NA;NA;NA;1;NA;NA;NA;NA;NA;NA;NA;NA;NA;NA;NA
7140_meso - ms_min;1123;0;1;0;0;0;0;0;0;0;0;0;0;0;0;1;0;0;0;0;1;0;0;0;NA;NA;NA;0;0;0;0;NA;1;NA;NA;NA;NA;NA;NA;NA;NA;NA;NA;NA;NA;NA;NA;NA;NA;NA;NA;NA;NA;NA;NA;NA;NA;NA;NA;NA;NA;NA;1;NA;NA;NA;NA;NA;NA;NA;NA;NA;NA;NA;NA;NA;NA;NA;NA;NA;NA;NA;NA;NA;NA;NA;NA;NA;NA;NA;NA;NA;NA;NA;NA;NA;NA;NA;NA;1;NA;NA;NA;1;NA;NA;NA;NA;NA;NA;NA;NA;NA;NA;NA
7140_meso - ms_min;1124;0;0;NA;0;0;0;0;0;0;0;0;0;0;0;1;0;0;0;0;0;NA;NA;NA;0;0;0;0;0;0;0;NA;1;NA;NA;NA;NA;NA;NA;NA;NA;NA;NA;NA;NA;NA;NA;NA;NA;NA;NA;NA;NA;NA;NA;NA;NA;NA;NA;NA;NA;NA;1;NA;NA;NA;NA;NA;NA;NA;NA;NA;NA;NA;NA;NA;NA;NA;NA;NA;NA;NA;NA;NA;NA;NA;NA;NA;NA;NA;NA;NA;NA;NA;NA;NA;NA;NA;NA;1;NA;NA;NA;1;NA;NA;NA;NA;NA;NA;NA;NA;NA;NA;NA
7140_meso - ms_min;1125;0;1;0;0;0;0;0;0;0;0;0;0;0;0;1;0;0;0;0;0;NA;NA;NA;0;0;0;0;0;0;0;NA;1;NA;NA;NA;NA;NA;NA;NA;NA;NA;NA;NA;NA;NA;NA;NA;NA;NA;NA;NA;NA;NA;NA;NA;NA;NA;NA;NA;NA;NA;1;NA;NA;NA;NA;NA;NA;NA;NA;NA;NA;NA;NA;NA;NA;NA;NA;NA;NA;NA;NA;NA;NA;NA;NA;NA;NA;NA;NA;NA;NA;NA;NA;NA;NA;NA;NA;1;NA;NA;NA;1;NA;NA;NA;NA;NA;NA;NA;NA;NA;NA;NA
7140_meso - ms_min;1126;0;0;NA;0;0;0;0;0;0;0;0;0;0;0;0;NA;NA;NA;NA;NA;NA;NA;NA;NA;NA;NA;0;0;0;0;1;NA;NA;1;NA;NA;NA;NA;NA;NA;NA;NA;NA;NA;NA;NA;NA;NA;NA;NA;NA;NA;NA;NA;NA;NA;NA;NA;NA;NA;NA;1;NA;NA;NA;NA;NA;NA;NA;NA;NA;NA;NA;NA;NA;NA;NA;NA;NA;NA;NA;NA;NA;NA;NA;NA;NA;NA;NA;NA;NA;NA;NA;NA;NA;NA;NA;NA;1;NA;NA;NA;1;NA;NA;NA;NA;NA;NA;NA;NA;NA;NA;NA
7140_meso - ms_min;1127;0;1;0;0;0;0;0;0;0;0;0;0;0;0;0;NA;NA;NA;NA;NA;NA;NA;NA;NA;NA;NA;0;0;0;0;1;NA;NA;1;NA;NA;NA;NA;NA;NA;NA;NA;NA;NA;NA;NA;NA;NA;NA;NA;NA;NA;NA;NA;NA;NA;NA;NA;NA;NA;NA;1;NA;NA;NA;NA;NA;NA;NA;NA;NA;NA;NA;NA;NA;NA;NA;NA;NA;NA;NA;NA;NA;NA;NA;NA;NA;NA;NA;NA;NA;NA;NA;NA;NA;NA;NA;NA;1;NA;NA;NA;1;NA;NA;NA;NA;NA;NA;NA;NA;NA;NA;NA
7140_meso - ms_min;1128;0;0;NA;0;0;0;0;0;0;0;0;0;0;0;1;0;0;0;0;1;0;0;0;NA;NA;NA;0;0;0;0;1;NA;NA;1;NA;NA;NA;NA;NA;NA;NA;NA;NA;NA;NA;NA;NA;NA;NA;NA;NA;NA;NA;NA;NA;NA;NA;NA;NA;NA;NA;1;NA;NA;NA;NA;NA;NA;NA;NA;NA;NA;NA;NA;NA;NA;NA;NA;NA;NA;NA;NA;NA;NA;NA;NA;NA;NA;NA;NA;NA;NA;NA;NA;NA;NA;NA;NA;1;NA;NA;NA;1;NA;NA;NA;NA;NA;NA;NA;NA;NA;NA;NA
7140_meso - ms_min;1129;0;1;0;0;0;0;0;0;0;0;0;0;0;0;1;0;0;0;0;1;0;0;0;NA;NA;NA;0;0;0;0;1;NA;NA;1;NA;NA;NA;NA;NA;NA;NA;NA;NA;NA;NA;NA;NA;NA;NA;NA;NA;NA;NA;NA;NA;NA;NA;NA;NA;NA;NA;1;NA;NA;NA;NA;NA;NA;NA;NA;NA;NA;NA;NA;NA;NA;NA;NA;NA;NA;NA;NA;NA;NA;NA;NA;NA;NA;NA;NA;NA;NA;NA;NA;NA;NA;NA;NA;1;NA;NA;NA;1;NA;NA;NA;NA;NA;NA;NA;NA;NA;NA;NA
7140_meso - ms_min;1130;0;0;NA;0;0;0;0;0;0;0;0;0;0;0;1;0;0;0;0;0;NA;NA;NA;0;0;0;0;0;0;0;1;NA;NA;1;NA;NA;NA;NA;NA;NA;NA;NA;NA;NA;NA;NA;NA;NA;NA;NA;NA;NA;NA;NA;NA;NA;NA;NA;NA;NA;NA;1;NA;NA;NA;NA;NA;NA;NA;NA;NA;NA;NA;NA;NA;NA;NA;NA;NA;NA;NA;NA;NA;NA;NA;NA;NA;NA;NA;NA;NA;NA;NA;NA;NA;NA;NA;NA;1;NA;NA;NA;1;NA;NA;NA;NA;NA;NA;NA;NA;NA;NA;NA
7140_meso - ms_min;1131;0;1;0;0;0;0;0;0;0;0;0;0;0;0;1;0;0;0;0;0;NA;NA;NA;0;0;0;0;0;0;0;1;NA;NA;1;NA;NA;NA;NA;NA;NA;NA;NA;NA;NA;NA;NA;NA;NA;NA;NA;NA;NA;NA;NA;NA;NA;NA;NA;NA;NA;NA;1;NA;NA;NA;NA;NA;NA;NA;NA;NA;NA;NA;NA;NA;NA;NA;NA;NA;NA;NA;NA;NA;NA;NA;NA;NA;NA;NA;NA;NA;NA;NA;NA;NA;NA;NA;NA;1;NA;NA;NA;1;NA;NA;NA;NA;NA;NA;NA;NA;NA;NA;NA
7140_meso - ms_min;1132;0;0;NA;0;0;0;0;0;0;0;0;0;0;0;0;NA;NA;NA;NA;NA;NA;NA;NA;NA;NA;NA;0;0;0;1;NA;NA;NA;1;NA;NA;NA;NA;NA;NA;0;0;NA;NA;NA;NA;NA;NA;0;1;NA;NA;NA;NA;NA;NA;NA;NA;NA;NA;NA;1;NA;NA;NA;NA;NA;NA;NA;NA;NA;NA;NA;NA;NA;NA;NA;NA;NA;NA;NA;NA;NA;NA;NA;NA;NA;NA;NA;NA;NA;NA;NA;NA;NA;NA;NA;NA;1;NA;NA;NA;1;NA;NA;NA;NA;NA;NA;NA;NA;NA;NA;NA
7140_meso - ms_min;1133;0;1;0;0;0;0;0;0;0;0;0;0;0;0;0;NA;NA;NA;NA;NA;NA;NA;NA;NA;NA;NA;0;0;0;1;NA;NA;NA;1;NA;NA;NA;NA;NA;NA;0;0;NA;NA;NA;NA;NA;NA;0;1;NA;NA;NA;NA;NA;NA;NA;NA;NA;NA;NA;1;NA;NA;NA;NA;NA;NA;NA;NA;NA;NA;NA;NA;NA;NA;NA;NA;NA;NA;NA;NA;NA;NA;NA;NA;NA;NA;NA;NA;NA;NA;NA;NA;NA;NA;NA;NA;1;NA;NA;NA;1;NA;NA;NA;NA;NA;NA;NA;NA;NA;NA;NA
7140_meso - ms_min;1134;0;0;NA;0;0;0;0;0;0;0;0;0;0;0;1;0;0;0;0;1;0;0;0;NA;NA;NA;0;0;0;1;NA;NA;NA;1;NA;NA;NA;NA;NA;NA;0;0;NA;NA;NA;NA;NA;NA;0;1;NA;NA;NA;NA;NA;NA;NA;NA;NA;NA;NA;1;NA;NA;NA;NA;NA;NA;NA;NA;NA;NA;NA;NA;NA;NA;NA;NA;NA;NA;NA;NA;NA;NA;NA;NA;NA;NA;NA;NA;NA;NA;NA;NA;NA;NA;NA;NA;1;NA;NA;NA;1;NA;NA;NA;NA;NA;NA;NA;NA;NA;NA;NA
7140_meso - ms_min;1135;0;1;0;0;0;0;0;0;0;0;0;0;0;0;1;0;0;0;0;1;0;0;0;NA;NA;NA;0;0;0;1;NA;NA;NA;1;NA;NA;NA;NA;NA;NA;0;0;NA;NA;NA;NA;NA;NA;0;1;NA;NA;NA;NA;NA;NA;NA;NA;NA;NA;NA;1;NA;NA;NA;NA;NA;NA;NA;NA;NA;NA;NA;NA;NA;NA;NA;NA;NA;NA;NA;NA;NA;NA;NA;NA;NA;NA;NA;NA;NA;NA;NA;NA;NA;NA;NA;NA;1;NA;NA;NA;1;NA;NA;NA;NA;NA;NA;NA;NA;NA;NA;NA
7140_meso - ms_min;1136;0;0;NA;0;0;0;0;0;0;0;0;0;0;0;1;0;0;0;0;0;NA;NA;NA;0;0;0;0;0;0;1;NA;NA;NA;1;NA;NA;NA;NA;NA;NA;0;0;NA;NA;NA;NA;NA;NA;0;1;NA;NA;NA;NA;NA;NA;NA;NA;NA;NA;NA;1;NA;NA;NA;NA;NA;NA;NA;NA;NA;NA;NA;NA;NA;NA;NA;NA;NA;NA;NA;NA;NA;NA;NA;NA;NA;NA;NA;NA;NA;NA;NA;NA;NA;NA;NA;NA;1;NA;NA;NA;1;NA;NA;NA;NA;NA;NA;NA;NA;NA;NA;NA
7140_meso - ms_min;1137;0;1;0;0;0;0;0;0;0;0;0;0;0;0;1;0;0;0;0;0;NA;NA;NA;0;0;0;0;0;0;1;NA;NA;NA;1;NA;NA;NA;NA;NA;NA;0;0;NA;NA;NA;NA;NA;NA;0;1;NA;NA;NA;NA;NA;NA;NA;NA;NA;NA;NA;1;NA;NA;NA;NA;NA;NA;NA;NA;NA;NA;NA;NA;NA;NA;NA;NA;NA;NA;NA;NA;NA;NA;NA;NA;NA;NA;NA;NA;NA;NA;NA;NA;NA;NA;NA;NA;1;NA;NA;NA;1;NA;NA;NA;NA;NA;NA;NA;NA;NA;NA;NA
7140_meso - ms_min;1138;0;0;NA;0;0;0;0;0;0;0;0;0;0;0;0;NA;NA;NA;NA;NA;NA;NA;NA;NA;NA;NA;0;0;0;1;NA;NA;NA;NA;NA;NA;NA;NA;NA;NA;0;0;NA;NA;NA;NA;NA;NA;0;0;1;NA;NA;NA;NA;NA;NA;NA;NA;NA;NA;1;NA;NA;NA;NA;NA;NA;NA;NA;NA;NA;NA;NA;NA;NA;NA;NA;NA;NA;NA;NA;NA;NA;NA;NA;NA;NA;NA;NA;NA;NA;NA;NA;NA;NA;NA;NA;1;NA;NA;NA;1;NA;NA;NA;NA;NA;NA;NA;NA;NA;NA;NA
7140_meso - ms_min;1139;0;1;0;0;0;0;0;0;0;0;0;0;0;0;0;NA;NA;NA;NA;NA;NA;NA;NA;NA;NA;NA;0;0;0;1;NA;NA;NA;NA;NA;NA;NA;NA;NA;NA;0;0;NA;NA;NA;NA;NA;NA;0;0;1;NA;NA;NA;NA;NA;NA;NA;NA;NA;NA;1;NA;NA;NA;NA;NA;NA;NA;NA;NA;NA;NA;NA;NA;NA;NA;NA;NA;NA;NA;NA;NA;NA;NA;NA;NA;NA;NA;NA;NA;NA;NA;NA;NA;NA;NA;NA;1;NA;NA;NA;1;NA;NA;NA;NA;NA;NA;NA;NA;NA;NA;NA
7140_meso - ms_min;1140;0;0;NA;0;0;0;0;0;0;0;0;0;0;0;1;0;0;0;0;1;0;0;0;NA;NA;NA;0;0;0;1;NA;NA;NA;NA;NA;NA;NA;NA;NA;NA;0;0;NA;NA;NA;NA;NA;NA;0;0;1;NA;NA;NA;NA;NA;NA;NA;NA;NA;NA;1;NA;NA;NA;NA;NA;NA;NA;NA;NA;NA;NA;NA;NA;NA;NA;NA;NA;NA;NA;NA;NA;NA;NA;NA;NA;NA;NA;NA;NA;NA;NA;NA;NA;NA;NA;NA;1;NA;NA;NA;1;NA;NA;NA;NA;NA;NA;NA;NA;NA;NA;NA
7140_meso - ms_min;1141;0;1;0;0;0;0;0;0;0;0;0;0;0;0;1;0;0;0;0;1;0;0;0;NA;NA;NA;0;0;0;1;NA;NA;NA;NA;NA;NA;NA;NA;NA;NA;0;0;NA;NA;NA;NA;NA;NA;0;0;1;NA;NA;NA;NA;NA;NA;NA;NA;NA;NA;1;NA;NA;NA;NA;NA;NA;NA;NA;NA;NA;NA;NA;NA;NA;NA;NA;NA;NA;NA;NA;NA;NA;NA;NA;NA;NA;NA;NA;NA;NA;NA;NA;NA;NA;NA;NA;1;NA;NA;NA;1;NA;NA;NA;NA;NA;NA;NA;NA;NA;NA;NA
7140_meso - ms_min;1142;0;0;NA;0;0;0;0;0;0;0;0;0;0;0;1;0;0;0;0;0;NA;NA;NA;0;0;0;0;0;0;1;NA;NA;NA;NA;NA;NA;NA;NA;NA;NA;0;0;NA;NA;NA;NA;NA;NA;0;0;1;NA;NA;NA;NA;NA;NA;NA;NA;NA;NA;1;NA;NA;NA;NA;NA;NA;NA;NA;NA;NA;NA;NA;NA;NA;NA;NA;NA;NA;NA;NA;NA;NA;NA;NA;NA;NA;NA;NA;NA;NA;NA;NA;NA;NA;NA;NA;1;NA;NA;NA;1;NA;NA;NA;NA;NA;NA;NA;NA;NA;NA;NA
7140_meso - ms_min;1143;0;1;0;0;0;0;0;0;0;0;0;0;0;0;1;0;0;0;0;0;NA;NA;NA;0;0;0;0;0;0;1;NA;NA;NA;NA;NA;NA;NA;NA;NA;NA;0;0;NA;NA;NA;NA;NA;NA;0;0;1;NA;NA;NA;NA;NA;NA;NA;NA;NA;NA;1;NA;NA;NA;NA;NA;NA;NA;NA;NA;NA;NA;NA;NA;NA;NA;NA;NA;NA;NA;NA;NA;NA;NA;NA;NA;NA;NA;NA;NA;NA;NA;NA;NA;NA;NA;NA;1;NA;NA;NA;1;NA;NA;NA;NA;NA;NA;NA;NA;NA;NA;NA
7140_meso - ms_min;1144;0;0;NA;0;0;0;0;0;0;0;0;0;0;0;0;NA;NA;NA;NA;NA;NA;NA;NA;NA;NA;NA;0;0;1;NA;NA;NA;NA;NA;NA;NA;NA;NA;NA;NA;NA;NA;NA;NA;NA;NA;NA;NA;NA;NA;NA;NA;NA;NA;NA;NA;NA;NA;NA;NA;NA;NA;NA;NA;NA;NA;NA;NA;NA;NA;NA;NA;NA;NA;NA;NA;NA;NA;NA;NA;NA;NA;NA;NA;NA;NA;NA;NA;NA;NA;NA;NA;NA;NA;NA;NA;NA;NA;0;NA;NA;NA;NA;1;1;NA;NA;NA;NA;NA;NA;NA;NA;NA
7140_meso - ms_min;1145;0;1;0;0;0;0;0;0;0;0;0;0;0;0;0;NA;NA;NA;NA;NA;NA;NA;NA;NA;NA;NA;0;0;1;NA;NA;NA;NA;NA;NA;NA;NA;NA;NA;NA;NA;NA;NA;NA;NA;NA;NA;NA;NA;NA;NA;NA;NA;NA;NA;NA;NA;NA;NA;NA;NA;NA;NA;NA;NA;NA;NA;NA;NA;NA;NA;NA;NA;NA;NA;NA;NA;NA;NA;NA;NA;NA;NA;NA;NA;NA;NA;NA;NA;NA;NA;NA;NA;NA;NA;NA;NA;NA;0;NA;NA;NA;NA;1;1;NA;NA;NA;NA;NA;NA;NA;NA;NA
7140_meso - ms_min;1146;0;0;NA;0;0;0;0;0;0;0;0;0;0;0;1;0;0;0;0;1;0;0;0;NA;NA;NA;0;0;1;NA;NA;NA;NA;NA;NA;NA;NA;NA;NA;NA;NA;NA;NA;NA;NA;NA;NA;NA;NA;NA;NA;NA;NA;NA;NA;NA;NA;NA;NA;NA;NA;NA;NA;NA;NA;NA;NA;NA;NA;NA;NA;NA;NA;NA;NA;NA;NA;NA;NA;NA;NA;NA;NA;NA;NA;NA;NA;NA;NA;NA;NA;NA;NA;NA;NA;NA;NA;NA;0;NA;NA;NA;NA;1;1;NA;NA;NA;NA;NA;NA;NA;NA;NA
7140_meso - ms_min;1147;0;1;0;0;0;0;0;0;0;0;0;0;0;0;1;0;0;0;0;1;0;0;0;NA;NA;NA;0;0;1;NA;NA;NA;NA;NA;NA;NA;NA;NA;NA;NA;NA;NA;NA;NA;NA;NA;NA;NA;NA;NA;NA;NA;NA;NA;NA;NA;NA;NA;NA;NA;NA;NA;NA;NA;NA;NA;NA;NA;NA;NA;NA;NA;NA;NA;NA;NA;NA;NA;NA;NA;NA;NA;NA;NA;NA;NA;NA;NA;NA;NA;NA;NA;NA;NA;NA;NA;NA;NA;0;NA;NA;NA;NA;1;1;NA;NA;NA;NA;NA;NA;NA;NA;NA
7140_meso - ms_min;1148;0;0;NA;0;0;0;0;0;0;0;0;0;0;0;1;0;0;0;0;0;NA;NA;NA;0;0;0;0;0;1;NA;NA;NA;NA;NA;NA;NA;NA;NA;NA;NA;NA;NA;NA;NA;NA;NA;NA;NA;NA;NA;NA;NA;NA;NA;NA;NA;NA;NA;NA;NA;NA;NA;NA;NA;NA;NA;NA;NA;NA;NA;NA;NA;NA;NA;NA;NA;NA;NA;NA;NA;NA;NA;NA;NA;NA;NA;NA;NA;NA;NA;NA;NA;NA;NA;NA;NA;NA;NA;0;NA;NA;NA;NA;1;1;NA;NA;NA;NA;NA;NA;NA;NA;NA
7140_meso - ms_min;1149;0;1;0;0;0;0;0;0;0;0;0;0;0;0;1;0;0;0;0;0;NA;NA;NA;0;0;0;0;0;1;NA;NA;NA;NA;NA;NA;NA;NA;NA;NA;NA;NA;NA;NA;NA;NA;NA;NA;NA;NA;NA;NA;NA;NA;NA;NA;NA;NA;NA;NA;NA;NA;NA;NA;NA;NA;NA;NA;NA;NA;NA;NA;NA;NA;NA;NA;NA;NA;NA;NA;NA;NA;NA;NA;NA;NA;NA;NA;NA;NA;NA;NA;NA;NA;NA;NA;NA;NA;NA;0;NA;NA;NA;NA;1;1;NA;NA;NA;NA;NA;NA;NA;NA;NA
7140_meso - ms_min;1150;0;0;NA;0;0;0;0;0;0;0;0;0;0;0;0;NA;NA;NA;NA;NA;NA;NA;NA;NA;NA;NA;0;0;0;0;NA;1;NA;NA;NA;NA;NA;NA;NA;NA;NA;NA;NA;NA;NA;NA;NA;NA;NA;NA;NA;NA;NA;NA;NA;NA;NA;NA;NA;NA;NA;1;NA;NA;NA;NA;NA;NA;NA;NA;NA;NA;NA;NA;NA;NA;NA;NA;NA;NA;NA;NA;NA;NA;NA;NA;NA;NA;NA;NA;NA;NA;NA;NA;NA;NA;NA;NA;0;NA;NA;NA;NA;1;1;NA;NA;NA;NA;NA;NA;NA;NA;NA
7140_meso - ms_min;1151;0;1;0;0;0;0;0;0;0;0;0;0;0;0;0;NA;NA;NA;NA;NA;NA;NA;NA;NA;NA;NA;0;0;0;0;NA;1;NA;NA;NA;NA;NA;NA;NA;NA;NA;NA;NA;NA;NA;NA;NA;NA;NA;NA;NA;NA;NA;NA;NA;NA;NA;NA;NA;NA;NA;1;NA;NA;NA;NA;NA;NA;NA;NA;NA;NA;NA;NA;NA;NA;NA;NA;NA;NA;NA;NA;NA;NA;NA;NA;NA;NA;NA;NA;NA;NA;NA;NA;NA;NA;NA;NA;0;NA;NA;NA;NA;1;1;NA;NA;NA;NA;NA;NA;NA;NA;NA
7140_meso - ms_min;1152;0;0;NA;0;0;0;0;0;0;0;0;0;0;0;1;0;0;0;0;1;0;0;0;NA;NA;NA;0;0;0;0;NA;1;NA;NA;NA;NA;NA;NA;NA;NA;NA;NA;NA;NA;NA;NA;NA;NA;NA;NA;NA;NA;NA;NA;NA;NA;NA;NA;NA;NA;NA;1;NA;NA;NA;NA;NA;NA;NA;NA;NA;NA;NA;NA;NA;NA;NA;NA;NA;NA;NA;NA;NA;NA;NA;NA;NA;NA;NA;NA;NA;NA;NA;NA;NA;NA;NA;NA;0;NA;NA;NA;NA;1;1;NA;NA;NA;NA;NA;NA;NA;NA;NA
7140_meso - ms_min;1153;0;1;0;0;0;0;0;0;0;0;0;0;0;0;1;0;0;0;0;1;0;0;0;NA;NA;NA;0;0;0;0;NA;1;NA;NA;NA;NA;NA;NA;NA;NA;NA;NA;NA;NA;NA;NA;NA;NA;NA;NA;NA;NA;NA;NA;NA;NA;NA;NA;NA;NA;NA;1;NA;NA;NA;NA;NA;NA;NA;NA;NA;NA;NA;NA;NA;NA;NA;NA;NA;NA;NA;NA;NA;NA;NA;NA;NA;NA;NA;NA;NA;NA;NA;NA;NA;NA;NA;NA;0;NA;NA;NA;NA;1;1;NA;NA;NA;NA;NA;NA;NA;NA;NA
7140_meso - ms_min;1154;0;0;NA;0;0;0;0;0;0;0;0;0;0;0;1;0;0;0;0;0;NA;NA;NA;0;0;0;0;0;0;0;NA;1;NA;NA;NA;NA;NA;NA;NA;NA;NA;NA;NA;NA;NA;NA;NA;NA;NA;NA;NA;NA;NA;NA;NA;NA;NA;NA;NA;NA;NA;1;NA;NA;NA;NA;NA;NA;NA;NA;NA;NA;NA;NA;NA;NA;NA;NA;NA;NA;NA;NA;NA;NA;NA;NA;NA;NA;NA;NA;NA;NA;NA;NA;NA;NA;NA;NA;0;NA;NA;NA;NA;1;1;NA;NA;NA;NA;NA;NA;NA;NA;NA
7140_meso - ms_min;1155;0;1;0;0;0;0;0;0;0;0;0;0;0;0;1;0;0;0;0;0;NA;NA;NA;0;0;0;0;0;0;0;NA;1;NA;NA;NA;NA;NA;NA;NA;NA;NA;NA;NA;NA;NA;NA;NA;NA;NA;NA;NA;NA;NA;NA;NA;NA;NA;NA;NA;NA;NA;1;NA;NA;NA;NA;NA;NA;NA;NA;NA;NA;NA;NA;NA;NA;NA;NA;NA;NA;NA;NA;NA;NA;NA;NA;NA;NA;NA;NA;NA;NA;NA;NA;NA;NA;NA;NA;0;NA;NA;NA;NA;1;1;NA;NA;NA;NA;NA;NA;NA;NA;NA
7140_meso - ms_min;1156;0;0;NA;0;0;0;0;0;0;0;0;0;0;0;0;NA;NA;NA;NA;NA;NA;NA;NA;NA;NA;NA;0;0;0;0;1;NA;NA;1;NA;NA;NA;NA;NA;NA;NA;NA;NA;NA;NA;NA;NA;NA;NA;NA;NA;NA;NA;NA;NA;NA;NA;NA;NA;NA;NA;1;NA;NA;NA;NA;NA;NA;NA;NA;NA;NA;NA;NA;NA;NA;NA;NA;NA;NA;NA;NA;NA;NA;NA;NA;NA;NA;NA;NA;NA;NA;NA;NA;NA;NA;NA;NA;0;NA;NA;NA;NA;1;1;NA;NA;NA;NA;NA;NA;NA;NA;NA
7140_meso - ms_min;1157;0;1;0;0;0;0;0;0;0;0;0;0;0;0;0;NA;NA;NA;NA;NA;NA;NA;NA;NA;NA;NA;0;0;0;0;1;NA;NA;1;NA;NA;NA;NA;NA;NA;NA;NA;NA;NA;NA;NA;NA;NA;NA;NA;NA;NA;NA;NA;NA;NA;NA;NA;NA;NA;NA;1;NA;NA;NA;NA;NA;NA;NA;NA;NA;NA;NA;NA;NA;NA;NA;NA;NA;NA;NA;NA;NA;NA;NA;NA;NA;NA;NA;NA;NA;NA;NA;NA;NA;NA;NA;NA;0;NA;NA;NA;NA;1;1;NA;NA;NA;NA;NA;NA;NA;NA;NA
7140_meso - ms_min;1158;0;0;NA;0;0;0;0;0;0;0;0;0;0;0;1;0;0;0;0;1;0;0;0;NA;NA;NA;0;0;0;0;1;NA;NA;1;NA;NA;NA;NA;NA;NA;NA;NA;NA;NA;NA;NA;NA;NA;NA;NA;NA;NA;NA;NA;NA;NA;NA;NA;NA;NA;NA;1;NA;NA;NA;NA;NA;NA;NA;NA;NA;NA;NA;NA;NA;NA;NA;NA;NA;NA;NA;NA;NA;NA;NA;NA;NA;NA;NA;NA;NA;NA;NA;NA;NA;NA;NA;NA;0;NA;NA;NA;NA;1;1;NA;NA;NA;NA;NA;NA;NA;NA;NA
7140_meso - ms_min;1159;0;1;0;0;0;0;0;0;0;0;0;0;0;0;1;0;0;0;0;1;0;0;0;NA;NA;NA;0;0;0;0;1;NA;NA;1;NA;NA;NA;NA;NA;NA;NA;NA;NA;NA;NA;NA;NA;NA;NA;NA;NA;NA;NA;NA;NA;NA;NA;NA;NA;NA;NA;1;NA;NA;NA;NA;NA;NA;NA;NA;NA;NA;NA;NA;NA;NA;NA;NA;NA;NA;NA;NA;NA;NA;NA;NA;NA;NA;NA;NA;NA;NA;NA;NA;NA;NA;NA;NA;0;NA;NA;NA;NA;1;1;NA;NA;NA;NA;NA;NA;NA;NA;NA
7140_meso - ms_min;1160;0;0;NA;0;0;0;0;0;0;0;0;0;0;0;1;0;0;0;0;0;NA;NA;NA;0;0;0;0;0;0;0;1;NA;NA;1;NA;NA;NA;NA;NA;NA;NA;NA;NA;NA;NA;NA;NA;NA;NA;NA;NA;NA;NA;NA;NA;NA;NA;NA;NA;NA;NA;1;NA;NA;NA;NA;NA;NA;NA;NA;NA;NA;NA;NA;NA;NA;NA;NA;NA;NA;NA;NA;NA;NA;NA;NA;NA;NA;NA;NA;NA;NA;NA;NA;NA;NA;NA;NA;0;NA;NA;NA;NA;1;1;NA;NA;NA;NA;NA;NA;NA;NA;NA
7140_meso - ms_min;1161;0;1;0;0;0;0;0;0;0;0;0;0;0;0;1;0;0;0;0;0;NA;NA;NA;0;0;0;0;0;0;0;1;NA;NA;1;NA;NA;NA;NA;NA;NA;NA;NA;NA;NA;NA;NA;NA;NA;NA;NA;NA;NA;NA;NA;NA;NA;NA;NA;NA;NA;NA;1;NA;NA;NA;NA;NA;NA;NA;NA;NA;NA;NA;NA;NA;NA;NA;NA;NA;NA;NA;NA;NA;NA;NA;NA;NA;NA;NA;NA;NA;NA;NA;NA;NA;NA;NA;NA;0;NA;NA;NA;NA;1;1;NA;NA;NA;NA;NA;NA;NA;NA;NA
7140_meso - ms_min;1162;0;0;NA;0;0;0;0;0;0;0;0;0;0;0;0;NA;NA;NA;NA;NA;NA;NA;NA;NA;NA;NA;0;0;0;1;NA;NA;NA;1;NA;NA;NA;NA;NA;NA;0;0;NA;NA;NA;NA;NA;NA;0;1;NA;NA;NA;NA;NA;NA;NA;NA;NA;NA;NA;1;NA;NA;NA;NA;NA;NA;NA;NA;NA;NA;NA;NA;NA;NA;NA;NA;NA;NA;NA;NA;NA;NA;NA;NA;NA;NA;NA;NA;NA;NA;NA;NA;NA;NA;NA;NA;0;NA;NA;NA;NA;1;1;NA;NA;NA;NA;NA;NA;NA;NA;NA
7140_meso - ms_min;1163;0;1;0;0;0;0;0;0;0;0;0;0;0;0;0;NA;NA;NA;NA;NA;NA;NA;NA;NA;NA;NA;0;0;0;1;NA;NA;NA;1;NA;NA;NA;NA;NA;NA;0;0;NA;NA;NA;NA;NA;NA;0;1;NA;NA;NA;NA;NA;NA;NA;NA;NA;NA;NA;1;NA;NA;NA;NA;NA;NA;NA;NA;NA;NA;NA;NA;NA;NA;NA;NA;NA;NA;NA;NA;NA;NA;NA;NA;NA;NA;NA;NA;NA;NA;NA;NA;NA;NA;NA;NA;0;NA;NA;NA;NA;1;1;NA;NA;NA;NA;NA;NA;NA;NA;NA
7140_meso - ms_min;1164;0;0;NA;0;0;0;0;0;0;0;0;0;0;0;1;0;0;0;0;1;0;0;0;NA;NA;NA;0;0;0;1;NA;NA;NA;1;NA;NA;NA;NA;NA;NA;0;0;NA;NA;NA;NA;NA;NA;0;1;NA;NA;NA;NA;NA;NA;NA;NA;NA;NA;NA;1;NA;NA;NA;NA;NA;NA;NA;NA;NA;NA;NA;NA;NA;NA;NA;NA;NA;NA;NA;NA;NA;NA;NA;NA;NA;NA;NA;NA;NA;NA;NA;NA;NA;NA;NA;NA;0;NA;NA;NA;NA;1;1;NA;NA;NA;NA;NA;NA;NA;NA;NA
7140_meso - ms_min;1165;0;1;0;0;0;0;0;0;0;0;0;0;0;0;1;0;0;0;0;1;0;0;0;NA;NA;NA;0;0;0;1;NA;NA;NA;1;NA;NA;NA;NA;NA;NA;0;0;NA;NA;NA;NA;NA;NA;0;1;NA;NA;NA;NA;NA;NA;NA;NA;NA;NA;NA;1;NA;NA;NA;NA;NA;NA;NA;NA;NA;NA;NA;NA;NA;NA;NA;NA;NA;NA;NA;NA;NA;NA;NA;NA;NA;NA;NA;NA;NA;NA;NA;NA;NA;NA;NA;NA;0;NA;NA;NA;NA;1;1;NA;NA;NA;NA;NA;NA;NA;NA;NA
7140_meso - ms_min;1166;0;0;NA;0;0;0;0;0;0;0;0;0;0;0;1;0;0;0;0;0;NA;NA;NA;0;0;0;0;0;0;1;NA;NA;NA;1;NA;NA;NA;NA;NA;NA;0;0;NA;NA;NA;NA;NA;NA;0;1;NA;NA;NA;NA;NA;NA;NA;NA;NA;NA;NA;1;NA;NA;NA;NA;NA;NA;NA;NA;NA;NA;NA;NA;NA;NA;NA;NA;NA;NA;NA;NA;NA;NA;NA;NA;NA;NA;NA;NA;NA;NA;NA;NA;NA;NA;NA;NA;0;NA;NA;NA;NA;1;1;NA;NA;NA;NA;NA;NA;NA;NA;NA
7140_meso - ms_min;1167;0;1;0;0;0;0;0;0;0;0;0;0;0;0;1;0;0;0;0;0;NA;NA;NA;0;0;0;0;0;0;1;NA;NA;NA;1;NA;NA;NA;NA;NA;NA;0;0;NA;NA;NA;NA;NA;NA;0;1;NA;NA;NA;NA;NA;NA;NA;NA;NA;NA;NA;1;NA;NA;NA;NA;NA;NA;NA;NA;NA;NA;NA;NA;NA;NA;NA;NA;NA;NA;NA;NA;NA;NA;NA;NA;NA;NA;NA;NA;NA;NA;NA;NA;NA;NA;NA;NA;0;NA;NA;NA;NA;1;1;NA;NA;NA;NA;NA;NA;NA;NA;NA
7140_meso - ms_min;1168;0;0;NA;0;0;0;0;0;0;0;0;0;0;0;0;NA;NA;NA;NA;NA;NA;NA;NA;NA;NA;NA;0;0;0;1;NA;NA;NA;NA;NA;NA;NA;NA;NA;NA;0;0;NA;NA;NA;NA;NA;NA;0;0;1;NA;NA;NA;NA;NA;NA;NA;NA;NA;NA;1;NA;NA;NA;NA;NA;NA;NA;NA;NA;NA;NA;NA;NA;NA;NA;NA;NA;NA;NA;NA;NA;NA;NA;NA;NA;NA;NA;NA;NA;NA;NA;NA;NA;NA;NA;NA;0;NA;NA;NA;NA;1;1;NA;NA;NA;NA;NA;NA;NA;NA;NA
7140_meso - ms_min;1169;0;1;0;0;0;0;0;0;0;0;0;0;0;0;0;NA;NA;NA;NA;NA;NA;NA;NA;NA;NA;NA;0;0;0;1;NA;NA;NA;NA;NA;NA;NA;NA;NA;NA;0;0;NA;NA;NA;NA;NA;NA;0;0;1;NA;NA;NA;NA;NA;NA;NA;NA;NA;NA;1;NA;NA;NA;NA;NA;NA;NA;NA;NA;NA;NA;NA;NA;NA;NA;NA;NA;NA;NA;NA;NA;NA;NA;NA;NA;NA;NA;NA;NA;NA;NA;NA;NA;NA;NA;NA;0;NA;NA;NA;NA;1;1;NA;NA;NA;NA;NA;NA;NA;NA;NA
7140_meso - ms_min;1170;0;0;NA;0;0;0;0;0;0;0;0;0;0;0;1;0;0;0;0;1;0;0;0;NA;NA;NA;0;0;0;1;NA;NA;NA;NA;NA;NA;NA;NA;NA;NA;0;0;NA;NA;NA;NA;NA;NA;0;0;1;NA;NA;NA;NA;NA;NA;NA;NA;NA;NA;1;NA;NA;NA;NA;NA;NA;NA;NA;NA;NA;NA;NA;NA;NA;NA;NA;NA;NA;NA;NA;NA;NA;NA;NA;NA;NA;NA;NA;NA;NA;NA;NA;NA;NA;NA;NA;0;NA;NA;NA;NA;1;1;NA;NA;NA;NA;NA;NA;NA;NA;NA
7140_meso - ms_min;1171;0;1;0;0;0;0;0;0;0;0;0;0;0;0;1;0;0;0;0;1;0;0;0;NA;NA;NA;0;0;0;1;NA;NA;NA;NA;NA;NA;NA;NA;NA;NA;0;0;NA;NA;NA;NA;NA;NA;0;0;1;NA;NA;NA;NA;NA;NA;NA;NA;NA;NA;1;NA;NA;NA;NA;NA;NA;NA;NA;NA;NA;NA;NA;NA;NA;NA;NA;NA;NA;NA;NA;NA;NA;NA;NA;NA;NA;NA;NA;NA;NA;NA;NA;NA;NA;NA;NA;0;NA;NA;NA;NA;1;1;NA;NA;NA;NA;NA;NA;NA;NA;NA
7140_meso - ms_min;1172;0;0;NA;0;0;0;0;0;0;0;0;0;0;0;1;0;0;0;0;0;NA;NA;NA;0;0;0;0;0;0;1;NA;NA;NA;NA;NA;NA;NA;NA;NA;NA;0;0;NA;NA;NA;NA;NA;NA;0;0;1;NA;NA;NA;NA;NA;NA;NA;NA;NA;NA;1;NA;NA;NA;NA;NA;NA;NA;NA;NA;NA;NA;NA;NA;NA;NA;NA;NA;NA;NA;NA;NA;NA;NA;NA;NA;NA;NA;NA;NA;NA;NA;NA;NA;NA;NA;NA;0;NA;NA;NA;NA;1;1;NA;NA;NA;NA;NA;NA;NA;NA;NA
7140_meso - ms_min;1173;0;1;0;0;0;0;0;0;0;0;0;0;0;0;1;0;0;0;0;0;NA;NA;NA;0;0;0;0;0;0;1;NA;NA;NA;NA;NA;NA;NA;NA;NA;NA;0;0;NA;NA;NA;NA;NA;NA;0;0;1;NA;NA;NA;NA;NA;NA;NA;NA;NA;NA;1;NA;NA;NA;NA;NA;NA;NA;NA;NA;NA;NA;NA;NA;NA;NA;NA;NA;NA;NA;NA;NA;NA;NA;NA;NA;NA;NA;NA;NA;NA;NA;NA;NA;NA;NA;NA;0;NA;NA;NA;NA;1;1;NA;NA;NA;NA;NA;NA;NA;NA;NA
7140_meso - ms_min;1174;0;0;NA;0;0;0;0;0;0;0;0;0;0;0;0;NA;NA;NA;NA;NA;NA;NA;NA;NA;NA;NA;0;0;1;NA;NA;NA;NA;NA;NA;NA;NA;NA;NA;NA;NA;NA;NA;NA;NA;NA;NA;NA;NA;NA;NA;NA;NA;NA;NA;NA;NA;NA;NA;NA;NA;NA;NA;NA;NA;NA;NA;NA;NA;NA;NA;NA;NA;NA;NA;NA;NA;NA;NA;NA;NA;NA;NA;NA;NA;NA;NA;NA;NA;NA;NA;NA;NA;NA;NA;NA;NA;NA;0;NA;NA;NA;NA;1;NA;1;NA;NA;NA;NA;NA;NA;NA;NA
7140_meso - ms_min;1175;0;1;0;0;0;0;0;0;0;0;0;0;0;0;0;NA;NA;NA;NA;NA;NA;NA;NA;NA;NA;NA;0;0;1;NA;NA;NA;NA;NA;NA;NA;NA;NA;NA;NA;NA;NA;NA;NA;NA;NA;NA;NA;NA;NA;NA;NA;NA;NA;NA;NA;NA;NA;NA;NA;NA;NA;NA;NA;NA;NA;NA;NA;NA;NA;NA;NA;NA;NA;NA;NA;NA;NA;NA;NA;NA;NA;NA;NA;NA;NA;NA;NA;NA;NA;NA;NA;NA;NA;NA;NA;NA;NA;0;NA;NA;NA;NA;1;NA;1;NA;NA;NA;NA;NA;NA;NA;NA
7140_meso - ms_min;1176;0;0;NA;0;0;0;0;0;0;0;0;0;0;0;1;0;0;0;0;1;0;0;0;NA;NA;NA;0;0;1;NA;NA;NA;NA;NA;NA;NA;NA;NA;NA;NA;NA;NA;NA;NA;NA;NA;NA;NA;NA;NA;NA;NA;NA;NA;NA;NA;NA;NA;NA;NA;NA;NA;NA;NA;NA;NA;NA;NA;NA;NA;NA;NA;NA;NA;NA;NA;NA;NA;NA;NA;NA;NA;NA;NA;NA;NA;NA;NA;NA;NA;NA;NA;NA;NA;NA;NA;NA;NA;0;NA;NA;NA;NA;1;NA;1;NA;NA;NA;NA;NA;NA;NA;NA
7140_meso - ms_min;1177;0;1;0;0;0;0;0;0;0;0;0;0;0;0;1;0;0;0;0;1;0;0;0;NA;NA;NA;0;0;1;NA;NA;NA;NA;NA;NA;NA;NA;NA;NA;NA;NA;NA;NA;NA;NA;NA;NA;NA;NA;NA;NA;NA;NA;NA;NA;NA;NA;NA;NA;NA;NA;NA;NA;NA;NA;NA;NA;NA;NA;NA;NA;NA;NA;NA;NA;NA;NA;NA;NA;NA;NA;NA;NA;NA;NA;NA;NA;NA;NA;NA;NA;NA;NA;NA;NA;NA;NA;NA;0;NA;NA;NA;NA;1;NA;1;NA;NA;NA;NA;NA;NA;NA;NA
7140_meso - ms_min;1178;0;0;NA;0;0;0;0;0;0;0;0;0;0;0;1;0;0;0;0;0;NA;NA;NA;0;0;0;0;0;1;NA;NA;NA;NA;NA;NA;NA;NA;NA;NA;NA;NA;NA;NA;NA;NA;NA;NA;NA;NA;NA;NA;NA;NA;NA;NA;NA;NA;NA;NA;NA;NA;NA;NA;NA;NA;NA;NA;NA;NA;NA;NA;NA;NA;NA;NA;NA;NA;NA;NA;NA;NA;NA;NA;NA;NA;NA;NA;NA;NA;NA;NA;NA;NA;NA;NA;NA;NA;NA;0;NA;NA;NA;NA;1;NA;1;NA;NA;NA;NA;NA;NA;NA;NA
7140_meso - ms_min;1179;0;1;0;0;0;0;0;0;0;0;0;0;0;0;1;0;0;0;0;0;NA;NA;NA;0;0;0;0;0;1;NA;NA;NA;NA;NA;NA;NA;NA;NA;NA;NA;NA;NA;NA;NA;NA;NA;NA;NA;NA;NA;NA;NA;NA;NA;NA;NA;NA;NA;NA;NA;NA;NA;NA;NA;NA;NA;NA;NA;NA;NA;NA;NA;NA;NA;NA;NA;NA;NA;NA;NA;NA;NA;NA;NA;NA;NA;NA;NA;NA;NA;NA;NA;NA;NA;NA;NA;NA;NA;0;NA;NA;NA;NA;1;NA;1;NA;NA;NA;NA;NA;NA;NA;NA
7140_meso - ms_min;1180;0;0;NA;0;0;0;0;0;0;0;0;0;0;0;0;NA;NA;NA;NA;NA;NA;NA;NA;NA;NA;NA;0;0;0;0;NA;1;NA;NA;NA;NA;NA;NA;NA;NA;NA;NA;NA;NA;NA;NA;NA;NA;NA;NA;NA;NA;NA;NA;NA;NA;NA;NA;NA;NA;NA;1;NA;NA;NA;NA;NA;NA;NA;NA;NA;NA;NA;NA;NA;NA;NA;NA;NA;NA;NA;NA;NA;NA;NA;NA;NA;NA;NA;NA;NA;NA;NA;NA;NA;NA;NA;NA;0;NA;NA;NA;NA;1;NA;1;NA;NA;NA;NA;NA;NA;NA;NA
7140_meso - ms_min;1181;0;1;0;0;0;0;0;0;0;0;0;0;0;0;0;NA;NA;NA;NA;NA;NA;NA;NA;NA;NA;NA;0;0;0;0;NA;1;NA;NA;NA;NA;NA;NA;NA;NA;NA;NA;NA;NA;NA;NA;NA;NA;NA;NA;NA;NA;NA;NA;NA;NA;NA;NA;NA;NA;NA;1;NA;NA;NA;NA;NA;NA;NA;NA;NA;NA;NA;NA;NA;NA;NA;NA;NA;NA;NA;NA;NA;NA;NA;NA;NA;NA;NA;NA;NA;NA;NA;NA;NA;NA;NA;NA;0;NA;NA;NA;NA;1;NA;1;NA;NA;NA;NA;NA;NA;NA;NA
7140_meso - ms_min;1182;0;0;NA;0;0;0;0;0;0;0;0;0;0;0;1;0;0;0;0;1;0;0;0;NA;NA;NA;0;0;0;0;NA;1;NA;NA;NA;NA;NA;NA;NA;NA;NA;NA;NA;NA;NA;NA;NA;NA;NA;NA;NA;NA;NA;NA;NA;NA;NA;NA;NA;NA;NA;1;NA;NA;NA;NA;NA;NA;NA;NA;NA;NA;NA;NA;NA;NA;NA;NA;NA;NA;NA;NA;NA;NA;NA;NA;NA;NA;NA;NA;NA;NA;NA;NA;NA;NA;NA;NA;0;NA;NA;NA;NA;1;NA;1;NA;NA;NA;NA;NA;NA;NA;NA
7140_meso - ms_min;1183;0;1;0;0;0;0;0;0;0;0;0;0;0;0;1;0;0;0;0;1;0;0;0;NA;NA;NA;0;0;0;0;NA;1;NA;NA;NA;NA;NA;NA;NA;NA;NA;NA;NA;NA;NA;NA;NA;NA;NA;NA;NA;NA;NA;NA;NA;NA;NA;NA;NA;NA;NA;1;NA;NA;NA;NA;NA;NA;NA;NA;NA;NA;NA;NA;NA;NA;NA;NA;NA;NA;NA;NA;NA;NA;NA;NA;NA;NA;NA;NA;NA;NA;NA;NA;NA;NA;NA;NA;0;NA;NA;NA;NA;1;NA;1;NA;NA;NA;NA;NA;NA;NA;NA
7140_meso - ms_min;1184;0;0;NA;0;0;0;0;0;0;0;0;0;0;0;1;0;0;0;0;0;NA;NA;NA;0;0;0;0;0;0;0;NA;1;NA;NA;NA;NA;NA;NA;NA;NA;NA;NA;NA;NA;NA;NA;NA;NA;NA;NA;NA;NA;NA;NA;NA;NA;NA;NA;NA;NA;NA;1;NA;NA;NA;NA;NA;NA;NA;NA;NA;NA;NA;NA;NA;NA;NA;NA;NA;NA;NA;NA;NA;NA;NA;NA;NA;NA;NA;NA;NA;NA;NA;NA;NA;NA;NA;NA;0;NA;NA;NA;NA;1;NA;1;NA;NA;NA;NA;NA;NA;NA;NA
7140_meso - ms_min;1185;0;1;0;0;0;0;0;0;0;0;0;0;0;0;1;0;0;0;0;0;NA;NA;NA;0;0;0;0;0;0;0;NA;1;NA;NA;NA;NA;NA;NA;NA;NA;NA;NA;NA;NA;NA;NA;NA;NA;NA;NA;NA;NA;NA;NA;NA;NA;NA;NA;NA;NA;NA;1;NA;NA;NA;NA;NA;NA;NA;NA;NA;NA;NA;NA;NA;NA;NA;NA;NA;NA;NA;NA;NA;NA;NA;NA;NA;NA;NA;NA;NA;NA;NA;NA;NA;NA;NA;NA;0;NA;NA;NA;NA;1;NA;1;NA;NA;NA;NA;NA;NA;NA;NA
7140_meso - ms_min;1186;0;0;NA;0;0;0;0;0;0;0;0;0;0;0;0;NA;NA;NA;NA;NA;NA;NA;NA;NA;NA;NA;0;0;0;0;1;NA;NA;1;NA;NA;NA;NA;NA;NA;NA;NA;NA;NA;NA;NA;NA;NA;NA;NA;NA;NA;NA;NA;NA;NA;NA;NA;NA;NA;NA;1;NA;NA;NA;NA;NA;NA;NA;NA;NA;NA;NA;NA;NA;NA;NA;NA;NA;NA;NA;NA;NA;NA;NA;NA;NA;NA;NA;NA;NA;NA;NA;NA;NA;NA;NA;NA;0;NA;NA;NA;NA;1;NA;1;NA;NA;NA;NA;NA;NA;NA;NA
7140_meso - ms_min;1187;0;1;0;0;0;0;0;0;0;0;0;0;0;0;0;NA;NA;NA;NA;NA;NA;NA;NA;NA;NA;NA;0;0;0;0;1;NA;NA;1;NA;NA;NA;NA;NA;NA;NA;NA;NA;NA;NA;NA;NA;NA;NA;NA;NA;NA;NA;NA;NA;NA;NA;NA;NA;NA;NA;1;NA;NA;NA;NA;NA;NA;NA;NA;NA;NA;NA;NA;NA;NA;NA;NA;NA;NA;NA;NA;NA;NA;NA;NA;NA;NA;NA;NA;NA;NA;NA;NA;NA;NA;NA;NA;0;NA;NA;NA;NA;1;NA;1;NA;NA;NA;NA;NA;NA;NA;NA
7140_meso - ms_min;1188;0;0;NA;0;0;0;0;0;0;0;0;0;0;0;1;0;0;0;0;1;0;0;0;NA;NA;NA;0;0;0;0;1;NA;NA;1;NA;NA;NA;NA;NA;NA;NA;NA;NA;NA;NA;NA;NA;NA;NA;NA;NA;NA;NA;NA;NA;NA;NA;NA;NA;NA;NA;1;NA;NA;NA;NA;NA;NA;NA;NA;NA;NA;NA;NA;NA;NA;NA;NA;NA;NA;NA;NA;NA;NA;NA;NA;NA;NA;NA;NA;NA;NA;NA;NA;NA;NA;NA;NA;0;NA;NA;NA;NA;1;NA;1;NA;NA;NA;NA;NA;NA;NA;NA
7140_meso - ms_min;1189;0;1;0;0;0;0;0;0;0;0;0;0;0;0;1;0;0;0;0;1;0;0;0;NA;NA;NA;0;0;0;0;1;NA;NA;1;NA;NA;NA;NA;NA;NA;NA;NA;NA;NA;NA;NA;NA;NA;NA;NA;NA;NA;NA;NA;NA;NA;NA;NA;NA;NA;NA;1;NA;NA;NA;NA;NA;NA;NA;NA;NA;NA;NA;NA;NA;NA;NA;NA;NA;NA;NA;NA;NA;NA;NA;NA;NA;NA;NA;NA;NA;NA;NA;NA;NA;NA;NA;NA;0;NA;NA;NA;NA;1;NA;1;NA;NA;NA;NA;NA;NA;NA;NA
7140_meso - ms_min;1190;0;0;NA;0;0;0;0;0;0;0;0;0;0;0;1;0;0;0;0;0;NA;NA;NA;0;0;0;0;0;0;0;1;NA;NA;1;NA;NA;NA;NA;NA;NA;NA;NA;NA;NA;NA;NA;NA;NA;NA;NA;NA;NA;NA;NA;NA;NA;NA;NA;NA;NA;NA;1;NA;NA;NA;NA;NA;NA;NA;NA;NA;NA;NA;NA;NA;NA;NA;NA;NA;NA;NA;NA;NA;NA;NA;NA;NA;NA;NA;NA;NA;NA;NA;NA;NA;NA;NA;NA;0;NA;NA;NA;NA;1;NA;1;NA;NA;NA;NA;NA;NA;NA;NA
7140_meso - ms_min;1191;0;1;0;0;0;0;0;0;0;0;0;0;0;0;1;0;0;0;0;0;NA;NA;NA;0;0;0;0;0;0;0;1;NA;NA;1;NA;NA;NA;NA;NA;NA;NA;NA;NA;NA;NA;NA;NA;NA;NA;NA;NA;NA;NA;NA;NA;NA;NA;NA;NA;NA;NA;1;NA;NA;NA;NA;NA;NA;NA;NA;NA;NA;NA;NA;NA;NA;NA;NA;NA;NA;NA;NA;NA;NA;NA;NA;NA;NA;NA;NA;NA;NA;NA;NA;NA;NA;NA;NA;0;NA;NA;NA;NA;1;NA;1;NA;NA;NA;NA;NA;NA;NA;NA
7140_meso - ms_min;1192;0;0;NA;0;0;0;0;0;0;0;0;0;0;0;0;NA;NA;NA;NA;NA;NA;NA;NA;NA;NA;NA;0;0;0;1;NA;NA;NA;1;NA;NA;NA;NA;NA;NA;0;0;NA;NA;NA;NA;NA;NA;0;1;NA;NA;NA;NA;NA;NA;NA;NA;NA;NA;NA;1;NA;NA;NA;NA;NA;NA;NA;NA;NA;NA;NA;NA;NA;NA;NA;NA;NA;NA;NA;NA;NA;NA;NA;NA;NA;NA;NA;NA;NA;NA;NA;NA;NA;NA;NA;NA;0;NA;NA;NA;NA;1;NA;1;NA;NA;NA;NA;NA;NA;NA;NA
7140_meso - ms_min;1193;0;1;0;0;0;0;0;0;0;0;0;0;0;0;0;NA;NA;NA;NA;NA;NA;NA;NA;NA;NA;NA;0;0;0;1;NA;NA;NA;1;NA;NA;NA;NA;NA;NA;0;0;NA;NA;NA;NA;NA;NA;0;1;NA;NA;NA;NA;NA;NA;NA;NA;NA;NA;NA;1;NA;NA;NA;NA;NA;NA;NA;NA;NA;NA;NA;NA;NA;NA;NA;NA;NA;NA;NA;NA;NA;NA;NA;NA;NA;NA;NA;NA;NA;NA;NA;NA;NA;NA;NA;NA;0;NA;NA;NA;NA;1;NA;1;NA;NA;NA;NA;NA;NA;NA;NA
7140_meso - ms_min;1194;0;0;NA;0;0;0;0;0;0;0;0;0;0;0;1;0;0;0;0;1;0;0;0;NA;NA;NA;0;0;0;1;NA;NA;NA;1;NA;NA;NA;NA;NA;NA;0;0;NA;NA;NA;NA;NA;NA;0;1;NA;NA;NA;NA;NA;NA;NA;NA;NA;NA;NA;1;NA;NA;NA;NA;NA;NA;NA;NA;NA;NA;NA;NA;NA;NA;NA;NA;NA;NA;NA;NA;NA;NA;NA;NA;NA;NA;NA;NA;NA;NA;NA;NA;NA;NA;NA;NA;0;NA;NA;NA;NA;1;NA;1;NA;NA;NA;NA;NA;NA;NA;NA
7140_meso - ms_min;1195;0;1;0;0;0;0;0;0;0;0;0;0;0;0;1;0;0;0;0;1;0;0;0;NA;NA;NA;0;0;0;1;NA;NA;NA;1;NA;NA;NA;NA;NA;NA;0;0;NA;NA;NA;NA;NA;NA;0;1;NA;NA;NA;NA;NA;NA;NA;NA;NA;NA;NA;1;NA;NA;NA;NA;NA;NA;NA;NA;NA;NA;NA;NA;NA;NA;NA;NA;NA;NA;NA;NA;NA;NA;NA;NA;NA;NA;NA;NA;NA;NA;NA;NA;NA;NA;NA;NA;0;NA;NA;NA;NA;1;NA;1;NA;NA;NA;NA;NA;NA;NA;NA
7140_meso - ms_min;1196;0;0;NA;0;0;0;0;0;0;0;0;0;0;0;1;0;0;0;0;0;NA;NA;NA;0;0;0;0;0;0;1;NA;NA;NA;1;NA;NA;NA;NA;NA;NA;0;0;NA;NA;NA;NA;NA;NA;0;1;NA;NA;NA;NA;NA;NA;NA;NA;NA;NA;NA;1;NA;NA;NA;NA;NA;NA;NA;NA;NA;NA;NA;NA;NA;NA;NA;NA;NA;NA;NA;NA;NA;NA;NA;NA;NA;NA;NA;NA;NA;NA;NA;NA;NA;NA;NA;NA;0;NA;NA;NA;NA;1;NA;1;NA;NA;NA;NA;NA;NA;NA;NA
7140_meso - ms_min;1197;0;1;0;0;0;0;0;0;0;0;0;0;0;0;1;0;0;0;0;0;NA;NA;NA;0;0;0;0;0;0;1;NA;NA;NA;1;NA;NA;NA;NA;NA;NA;0;0;NA;NA;NA;NA;NA;NA;0;1;NA;NA;NA;NA;NA;NA;NA;NA;NA;NA;NA;1;NA;NA;NA;NA;NA;NA;NA;NA;NA;NA;NA;NA;NA;NA;NA;NA;NA;NA;NA;NA;NA;NA;NA;NA;NA;NA;NA;NA;NA;NA;NA;NA;NA;NA;NA;NA;0;NA;NA;NA;NA;1;NA;1;NA;NA;NA;NA;NA;NA;NA;NA
7140_meso - ms_min;1198;0;0;NA;0;0;0;0;0;0;0;0;0;0;0;0;NA;NA;NA;NA;NA;NA;NA;NA;NA;NA;NA;0;0;0;1;NA;NA;NA;NA;NA;NA;NA;NA;NA;NA;0;0;NA;NA;NA;NA;NA;NA;0;0;1;NA;NA;NA;NA;NA;NA;NA;NA;NA;NA;1;NA;NA;NA;NA;NA;NA;NA;NA;NA;NA;NA;NA;NA;NA;NA;NA;NA;NA;NA;NA;NA;NA;NA;NA;NA;NA;NA;NA;NA;NA;NA;NA;NA;NA;NA;NA;0;NA;NA;NA;NA;1;NA;1;NA;NA;NA;NA;NA;NA;NA;NA
7140_meso - ms_min;1199;0;1;0;0;0;0;0;0;0;0;0;0;0;0;0;NA;NA;NA;NA;NA;NA;NA;NA;NA;NA;NA;0;0;0;1;NA;NA;NA;NA;NA;NA;NA;NA;NA;NA;0;0;NA;NA;NA;NA;NA;NA;0;0;1;NA;NA;NA;NA;NA;NA;NA;NA;NA;NA;1;NA;NA;NA;NA;NA;NA;NA;NA;NA;NA;NA;NA;NA;NA;NA;NA;NA;NA;NA;NA;NA;NA;NA;NA;NA;NA;NA;NA;NA;NA;NA;NA;NA;NA;NA;NA;0;NA;NA;NA;NA;1;NA;1;NA;NA;NA;NA;NA;NA;NA;NA
7140_meso - ms_min;1200;0;0;NA;0;0;0;0;0;0;0;0;0;0;0;1;0;0;0;0;1;0;0;0;NA;NA;NA;0;0;0;1;NA;NA;NA;NA;NA;NA;NA;NA;NA;NA;0;0;NA;NA;NA;NA;NA;NA;0;0;1;NA;NA;NA;NA;NA;NA;NA;NA;NA;NA;1;NA;NA;NA;NA;NA;NA;NA;NA;NA;NA;NA;NA;NA;NA;NA;NA;NA;NA;NA;NA;NA;NA;NA;NA;NA;NA;NA;NA;NA;NA;NA;NA;NA;NA;NA;NA;0;NA;NA;NA;NA;1;NA;1;NA;NA;NA;NA;NA;NA;NA;NA
7140_meso - ms_min;1201;0;1;0;0;0;0;0;0;0;0;0;0;0;0;1;0;0;0;0;1;0;0;0;NA;NA;NA;0;0;0;1;NA;NA;NA;NA;NA;NA;NA;NA;NA;NA;0;0;NA;NA;NA;NA;NA;NA;0;0;1;NA;NA;NA;NA;NA;NA;NA;NA;NA;NA;1;NA;NA;NA;NA;NA;NA;NA;NA;NA;NA;NA;NA;NA;NA;NA;NA;NA;NA;NA;NA;NA;NA;NA;NA;NA;NA;NA;NA;NA;NA;NA;NA;NA;NA;NA;NA;0;NA;NA;NA;NA;1;NA;1;NA;NA;NA;NA;NA;NA;NA;NA
7140_meso - ms_min;1202;0;0;NA;0;0;0;0;0;0;0;0;0;0;0;1;0;0;0;0;0;NA;NA;NA;0;0;0;0;0;0;1;NA;NA;NA;NA;NA;NA;NA;NA;NA;NA;0;0;NA;NA;NA;NA;NA;NA;0;0;1;NA;NA;NA;NA;NA;NA;NA;NA;NA;NA;1;NA;NA;NA;NA;NA;NA;NA;NA;NA;NA;NA;NA;NA;NA;NA;NA;NA;NA;NA;NA;NA;NA;NA;NA;NA;NA;NA;NA;NA;NA;NA;NA;NA;NA;NA;NA;0;NA;NA;NA;NA;1;NA;1;NA;NA;NA;NA;NA;NA;NA;NA
7140_meso - ms_min;1203;0;1;0;0;0;0;0;0;0;0;0;0;0;0;1;0;0;0;0;0;NA;NA;NA;0;0;0;0;0;0;1;NA;NA;NA;NA;NA;NA;NA;NA;NA;NA;0;0;NA;NA;NA;NA;NA;NA;0;0;1;NA;NA;NA;NA;NA;NA;NA;NA;NA;NA;1;NA;NA;NA;NA;NA;NA;NA;NA;NA;NA;NA;NA;NA;NA;NA;NA;NA;NA;NA;NA;NA;NA;NA;NA;NA;NA;NA;NA;NA;NA;NA;NA;NA;NA;NA;NA;0;NA;NA;NA;NA;1;NA;1;NA;NA;NA;NA;NA;NA;NA;NA
7140_meso - ms_min;1204;0;0;NA;0;0;0;0;0;0;0;0;0;0;0;0;NA;NA;NA;NA;NA;NA;NA;NA;NA;NA;NA;0;0;1;NA;NA;NA;NA;NA;NA;NA;NA;NA;NA;NA;NA;NA;NA;NA;NA;NA;NA;NA;NA;NA;NA;NA;NA;NA;NA;NA;NA;NA;NA;NA;NA;NA;NA;NA;NA;NA;NA;NA;NA;NA;NA;NA;NA;NA;NA;NA;NA;NA;NA;NA;NA;NA;NA;NA;NA;NA;NA;NA;NA;NA;NA;NA;NA;NA;NA;NA;NA;NA;0;NA;NA;NA;NA;1;NA;NA;1;NA;NA;NA;NA;NA;NA;NA
7140_meso - ms_min;1205;0;1;0;0;0;0;0;0;0;0;0;0;0;0;0;NA;NA;NA;NA;NA;NA;NA;NA;NA;NA;NA;0;0;1;NA;NA;NA;NA;NA;NA;NA;NA;NA;NA;NA;NA;NA;NA;NA;NA;NA;NA;NA;NA;NA;NA;NA;NA;NA;NA;NA;NA;NA;NA;NA;NA;NA;NA;NA;NA;NA;NA;NA;NA;NA;NA;NA;NA;NA;NA;NA;NA;NA;NA;NA;NA;NA;NA;NA;NA;NA;NA;NA;NA;NA;NA;NA;NA;NA;NA;NA;NA;NA;0;NA;NA;NA;NA;1;NA;NA;1;NA;NA;NA;NA;NA;NA;NA
7140_meso - ms_min;1206;0;0;NA;0;0;0;0;0;0;0;0;0;0;0;1;0;0;0;0;1;0;0;0;NA;NA;NA;0;0;1;NA;NA;NA;NA;NA;NA;NA;NA;NA;NA;NA;NA;NA;NA;NA;NA;NA;NA;NA;NA;NA;NA;NA;NA;NA;NA;NA;NA;NA;NA;NA;NA;NA;NA;NA;NA;NA;NA;NA;NA;NA;NA;NA;NA;NA;NA;NA;NA;NA;NA;NA;NA;NA;NA;NA;NA;NA;NA;NA;NA;NA;NA;NA;NA;NA;NA;NA;NA;NA;0;NA;NA;NA;NA;1;NA;NA;1;NA;NA;NA;NA;NA;NA;NA
7140_meso - ms_min;1207;0;1;0;0;0;0;0;0;0;0;0;0;0;0;1;0;0;0;0;1;0;0;0;NA;NA;NA;0;0;1;NA;NA;NA;NA;NA;NA;NA;NA;NA;NA;NA;NA;NA;NA;NA;NA;NA;NA;NA;NA;NA;NA;NA;NA;NA;NA;NA;NA;NA;NA;NA;NA;NA;NA;NA;NA;NA;NA;NA;NA;NA;NA;NA;NA;NA;NA;NA;NA;NA;NA;NA;NA;NA;NA;NA;NA;NA;NA;NA;NA;NA;NA;NA;NA;NA;NA;NA;NA;NA;0;NA;NA;NA;NA;1;NA;NA;1;NA;NA;NA;NA;NA;NA;NA
7140_meso - ms_min;1208;0;0;NA;0;0;0;0;0;0;0;0;0;0;0;1;0;0;0;0;0;NA;NA;NA;0;0;0;0;0;1;NA;NA;NA;NA;NA;NA;NA;NA;NA;NA;NA;NA;NA;NA;NA;NA;NA;NA;NA;NA;NA;NA;NA;NA;NA;NA;NA;NA;NA;NA;NA;NA;NA;NA;NA;NA;NA;NA;NA;NA;NA;NA;NA;NA;NA;NA;NA;NA;NA;NA;NA;NA;NA;NA;NA;NA;NA;NA;NA;NA;NA;NA;NA;NA;NA;NA;NA;NA;NA;0;NA;NA;NA;NA;1;NA;NA;1;NA;NA;NA;NA;NA;NA;NA
7140_meso - ms_min;1209;0;1;0;0;0;0;0;0;0;0;0;0;0;0;1;0;0;0;0;0;NA;NA;NA;0;0;0;0;0;1;NA;NA;NA;NA;NA;NA;NA;NA;NA;NA;NA;NA;NA;NA;NA;NA;NA;NA;NA;NA;NA;NA;NA;NA;NA;NA;NA;NA;NA;NA;NA;NA;NA;NA;NA;NA;NA;NA;NA;NA;NA;NA;NA;NA;NA;NA;NA;NA;NA;NA;NA;NA;NA;NA;NA;NA;NA;NA;NA;NA;NA;NA;NA;NA;NA;NA;NA;NA;NA;0;NA;NA;NA;NA;1;NA;NA;1;NA;NA;NA;NA;NA;NA;NA
7140_meso - ms_min;1210;0;0;NA;0;0;0;0;0;0;0;0;0;0;0;0;NA;NA;NA;NA;NA;NA;NA;NA;NA;NA;NA;0;0;0;0;NA;1;NA;NA;NA;NA;NA;NA;NA;NA;NA;NA;NA;NA;NA;NA;NA;NA;NA;NA;NA;NA;NA;NA;NA;NA;NA;NA;NA;NA;NA;1;NA;NA;NA;NA;NA;NA;NA;NA;NA;NA;NA;NA;NA;NA;NA;NA;NA;NA;NA;NA;NA;NA;NA;NA;NA;NA;NA;NA;NA;NA;NA;NA;NA;NA;NA;NA;0;NA;NA;NA;NA;1;NA;NA;1;NA;NA;NA;NA;NA;NA;NA
7140_meso - ms_min;1211;0;1;0;0;0;0;0;0;0;0;0;0;0;0;0;NA;NA;NA;NA;NA;NA;NA;NA;NA;NA;NA;0;0;0;0;NA;1;NA;NA;NA;NA;NA;NA;NA;NA;NA;NA;NA;NA;NA;NA;NA;NA;NA;NA;NA;NA;NA;NA;NA;NA;NA;NA;NA;NA;NA;1;NA;NA;NA;NA;NA;NA;NA;NA;NA;NA;NA;NA;NA;NA;NA;NA;NA;NA;NA;NA;NA;NA;NA;NA;NA;NA;NA;NA;NA;NA;NA;NA;NA;NA;NA;NA;0;NA;NA;NA;NA;1;NA;NA;1;NA;NA;NA;NA;NA;NA;NA
7140_meso - ms_min;1212;0;0;NA;0;0;0;0;0;0;0;0;0;0;0;1;0;0;0;0;1;0;0;0;NA;NA;NA;0;0;0;0;NA;1;NA;NA;NA;NA;NA;NA;NA;NA;NA;NA;NA;NA;NA;NA;NA;NA;NA;NA;NA;NA;NA;NA;NA;NA;NA;NA;NA;NA;NA;1;NA;NA;NA;NA;NA;NA;NA;NA;NA;NA;NA;NA;NA;NA;NA;NA;NA;NA;NA;NA;NA;NA;NA;NA;NA;NA;NA;NA;NA;NA;NA;NA;NA;NA;NA;NA;0;NA;NA;NA;NA;1;NA;NA;1;NA;NA;NA;NA;NA;NA;NA
7140_meso - ms_min;1213;0;1;0;0;0;0;0;0;0;0;0;0;0;0;1;0;0;0;0;1;0;0;0;NA;NA;NA;0;0;0;0;NA;1;NA;NA;NA;NA;NA;NA;NA;NA;NA;NA;NA;NA;NA;NA;NA;NA;NA;NA;NA;NA;NA;NA;NA;NA;NA;NA;NA;NA;NA;1;NA;NA;NA;NA;NA;NA;NA;NA;NA;NA;NA;NA;NA;NA;NA;NA;NA;NA;NA;NA;NA;NA;NA;NA;NA;NA;NA;NA;NA;NA;NA;NA;NA;NA;NA;NA;0;NA;NA;NA;NA;1;NA;NA;1;NA;NA;NA;NA;NA;NA;NA
7140_meso - ms_min;1214;0;0;NA;0;0;0;0;0;0;0;0;0;0;0;1;0;0;0;0;0;NA;NA;NA;0;0;0;0;0;0;0;NA;1;NA;NA;NA;NA;NA;NA;NA;NA;NA;NA;NA;NA;NA;NA;NA;NA;NA;NA;NA;NA;NA;NA;NA;NA;NA;NA;NA;NA;NA;1;NA;NA;NA;NA;NA;NA;NA;NA;NA;NA;NA;NA;NA;NA;NA;NA;NA;NA;NA;NA;NA;NA;NA;NA;NA;NA;NA;NA;NA;NA;NA;NA;NA;NA;NA;NA;0;NA;NA;NA;NA;1;NA;NA;1;NA;NA;NA;NA;NA;NA;NA
7140_meso - ms_min;1215;0;1;0;0;0;0;0;0;0;0;0;0;0;0;1;0;0;0;0;0;NA;NA;NA;0;0;0;0;0;0;0;NA;1;NA;NA;NA;NA;NA;NA;NA;NA;NA;NA;NA;NA;NA;NA;NA;NA;NA;NA;NA;NA;NA;NA;NA;NA;NA;NA;NA;NA;NA;1;NA;NA;NA;NA;NA;NA;NA;NA;NA;NA;NA;NA;NA;NA;NA;NA;NA;NA;NA;NA;NA;NA;NA;NA;NA;NA;NA;NA;NA;NA;NA;NA;NA;NA;NA;NA;0;NA;NA;NA;NA;1;NA;NA;1;NA;NA;NA;NA;NA;NA;NA
7140_meso - ms_min;1216;0;0;NA;0;0;0;0;0;0;0;0;0;0;0;0;NA;NA;NA;NA;NA;NA;NA;NA;NA;NA;NA;0;0;0;0;1;NA;NA;1;NA;NA;NA;NA;NA;NA;NA;NA;NA;NA;NA;NA;NA;NA;NA;NA;NA;NA;NA;NA;NA;NA;NA;NA;NA;NA;NA;1;NA;NA;NA;NA;NA;NA;NA;NA;NA;NA;NA;NA;NA;NA;NA;NA;NA;NA;NA;NA;NA;NA;NA;NA;NA;NA;NA;NA;NA;NA;NA;NA;NA;NA;NA;NA;0;NA;NA;NA;NA;1;NA;NA;1;NA;NA;NA;NA;NA;NA;NA
7140_meso - ms_min;1217;0;1;0;0;0;0;0;0;0;0;0;0;0;0;0;NA;NA;NA;NA;NA;NA;NA;NA;NA;NA;NA;0;0;0;0;1;NA;NA;1;NA;NA;NA;NA;NA;NA;NA;NA;NA;NA;NA;NA;NA;NA;NA;NA;NA;NA;NA;NA;NA;NA;NA;NA;NA;NA;NA;1;NA;NA;NA;NA;NA;NA;NA;NA;NA;NA;NA;NA;NA;NA;NA;NA;NA;NA;NA;NA;NA;NA;NA;NA;NA;NA;NA;NA;NA;NA;NA;NA;NA;NA;NA;NA;0;NA;NA;NA;NA;1;NA;NA;1;NA;NA;NA;NA;NA;NA;NA
7140_meso - ms_min;1218;0;0;NA;0;0;0;0;0;0;0;0;0;0;0;1;0;0;0;0;1;0;0;0;NA;NA;NA;0;0;0;0;1;NA;NA;1;NA;NA;NA;NA;NA;NA;NA;NA;NA;NA;NA;NA;NA;NA;NA;NA;NA;NA;NA;NA;NA;NA;NA;NA;NA;NA;NA;1;NA;NA;NA;NA;NA;NA;NA;NA;NA;NA;NA;NA;NA;NA;NA;NA;NA;NA;NA;NA;NA;NA;NA;NA;NA;NA;NA;NA;NA;NA;NA;NA;NA;NA;NA;NA;0;NA;NA;NA;NA;1;NA;NA;1;NA;NA;NA;NA;NA;NA;NA
7140_meso - ms_min;1219;0;1;0;0;0;0;0;0;0;0;0;0;0;0;1;0;0;0;0;1;0;0;0;NA;NA;NA;0;0;0;0;1;NA;NA;1;NA;NA;NA;NA;NA;NA;NA;NA;NA;NA;NA;NA;NA;NA;NA;NA;NA;NA;NA;NA;NA;NA;NA;NA;NA;NA;NA;1;NA;NA;NA;NA;NA;NA;NA;NA;NA;NA;NA;NA;NA;NA;NA;NA;NA;NA;NA;NA;NA;NA;NA;NA;NA;NA;NA;NA;NA;NA;NA;NA;NA;NA;NA;NA;0;NA;NA;NA;NA;1;NA;NA;1;NA;NA;NA;NA;NA;NA;NA
7140_meso - ms_min;1220;0;0;NA;0;0;0;0;0;0;0;0;0;0;0;1;0;0;0;0;0;NA;NA;NA;0;0;0;0;0;0;0;1;NA;NA;1;NA;NA;NA;NA;NA;NA;NA;NA;NA;NA;NA;NA;NA;NA;NA;NA;NA;NA;NA;NA;NA;NA;NA;NA;NA;NA;NA;1;NA;NA;NA;NA;NA;NA;NA;NA;NA;NA;NA;NA;NA;NA;NA;NA;NA;NA;NA;NA;NA;NA;NA;NA;NA;NA;NA;NA;NA;NA;NA;NA;NA;NA;NA;NA;0;NA;NA;NA;NA;1;NA;NA;1;NA;NA;NA;NA;NA;NA;NA
7140_meso - ms_min;1221;0;1;0;0;0;0;0;0;0;0;0;0;0;0;1;0;0;0;0;0;NA;NA;NA;0;0;0;0;0;0;0;1;NA;NA;1;NA;NA;NA;NA;NA;NA;NA;NA;NA;NA;NA;NA;NA;NA;NA;NA;NA;NA;NA;NA;NA;NA;NA;NA;NA;NA;NA;1;NA;NA;NA;NA;NA;NA;NA;NA;NA;NA;NA;NA;NA;NA;NA;NA;NA;NA;NA;NA;NA;NA;NA;NA;NA;NA;NA;NA;NA;NA;NA;NA;NA;NA;NA;NA;0;NA;NA;NA;NA;1;NA;NA;1;NA;NA;NA;NA;NA;NA;NA
7140_meso - ms_min;1222;0;0;NA;0;0;0;0;0;0;0;0;0;0;0;0;NA;NA;NA;NA;NA;NA;NA;NA;NA;NA;NA;0;0;0;1;NA;NA;NA;1;NA;NA;NA;NA;NA;NA;0;0;NA;NA;NA;NA;NA;NA;0;1;NA;NA;NA;NA;NA;NA;NA;NA;NA;NA;NA;1;NA;NA;NA;NA;NA;NA;NA;NA;NA;NA;NA;NA;NA;NA;NA;NA;NA;NA;NA;NA;NA;NA;NA;NA;NA;NA;NA;NA;NA;NA;NA;NA;NA;NA;NA;NA;0;NA;NA;NA;NA;1;NA;NA;1;NA;NA;NA;NA;NA;NA;NA
7140_meso - ms_min;1223;0;1;0;0;0;0;0;0;0;0;0;0;0;0;0;NA;NA;NA;NA;NA;NA;NA;NA;NA;NA;NA;0;0;0;1;NA;NA;NA;1;NA;NA;NA;NA;NA;NA;0;0;NA;NA;NA;NA;NA;NA;0;1;NA;NA;NA;NA;NA;NA;NA;NA;NA;NA;NA;1;NA;NA;NA;NA;NA;NA;NA;NA;NA;NA;NA;NA;NA;NA;NA;NA;NA;NA;NA;NA;NA;NA;NA;NA;NA;NA;NA;NA;NA;NA;NA;NA;NA;NA;NA;NA;0;NA;NA;NA;NA;1;NA;NA;1;NA;NA;NA;NA;NA;NA;NA
7140_meso - ms_min;1224;0;0;NA;0;0;0;0;0;0;0;0;0;0;0;1;0;0;0;0;1;0;0;0;NA;NA;NA;0;0;0;1;NA;NA;NA;1;NA;NA;NA;NA;NA;NA;0;0;NA;NA;NA;NA;NA;NA;0;1;NA;NA;NA;NA;NA;NA;NA;NA;NA;NA;NA;1;NA;NA;NA;NA;NA;NA;NA;NA;NA;NA;NA;NA;NA;NA;NA;NA;NA;NA;NA;NA;NA;NA;NA;NA;NA;NA;NA;NA;NA;NA;NA;NA;NA;NA;NA;NA;0;NA;NA;NA;NA;1;NA;NA;1;NA;NA;NA;NA;NA;NA;NA
7140_meso - ms_min;1225;0;1;0;0;0;0;0;0;0;0;0;0;0;0;1;0;0;0;0;1;0;0;0;NA;NA;NA;0;0;0;1;NA;NA;NA;1;NA;NA;NA;NA;NA;NA;0;0;NA;NA;NA;NA;NA;NA;0;1;NA;NA;NA;NA;NA;NA;NA;NA;NA;NA;NA;1;NA;NA;NA;NA;NA;NA;NA;NA;NA;NA;NA;NA;NA;NA;NA;NA;NA;NA;NA;NA;NA;NA;NA;NA;NA;NA;NA;NA;NA;NA;NA;NA;NA;NA;NA;NA;0;NA;NA;NA;NA;1;NA;NA;1;NA;NA;NA;NA;NA;NA;NA
7140_meso - ms_min;1226;0;0;NA;0;0;0;0;0;0;0;0;0;0;0;1;0;0;0;0;0;NA;NA;NA;0;0;0;0;0;0;1;NA;NA;NA;1;NA;NA;NA;NA;NA;NA;0;0;NA;NA;NA;NA;NA;NA;0;1;NA;NA;NA;NA;NA;NA;NA;NA;NA;NA;NA;1;NA;NA;NA;NA;NA;NA;NA;NA;NA;NA;NA;NA;NA;NA;NA;NA;NA;NA;NA;NA;NA;NA;NA;NA;NA;NA;NA;NA;NA;NA;NA;NA;NA;NA;NA;NA;0;NA;NA;NA;NA;1;NA;NA;1;NA;NA;NA;NA;NA;NA;NA
7140_meso - ms_min;1227;0;1;0;0;0;0;0;0;0;0;0;0;0;0;1;0;0;0;0;0;NA;NA;NA;0;0;0;0;0;0;1;NA;NA;NA;1;NA;NA;NA;NA;NA;NA;0;0;NA;NA;NA;NA;NA;NA;0;1;NA;NA;NA;NA;NA;NA;NA;NA;NA;NA;NA;1;NA;NA;NA;NA;NA;NA;NA;NA;NA;NA;NA;NA;NA;NA;NA;NA;NA;NA;NA;NA;NA;NA;NA;NA;NA;NA;NA;NA;NA;NA;NA;NA;NA;NA;NA;NA;0;NA;NA;NA;NA;1;NA;NA;1;NA;NA;NA;NA;NA;NA;NA
7140_meso - ms_min;1228;0;0;NA;0;0;0;0;0;0;0;0;0;0;0;0;NA;NA;NA;NA;NA;NA;NA;NA;NA;NA;NA;0;0;0;1;NA;NA;NA;NA;NA;NA;NA;NA;NA;NA;0;0;NA;NA;NA;NA;NA;NA;0;0;1;NA;NA;NA;NA;NA;NA;NA;NA;NA;NA;1;NA;NA;NA;NA;NA;NA;NA;NA;NA;NA;NA;NA;NA;NA;NA;NA;NA;NA;NA;NA;NA;NA;NA;NA;NA;NA;NA;NA;NA;NA;NA;NA;NA;NA;NA;NA;0;NA;NA;NA;NA;1;NA;NA;1;NA;NA;NA;NA;NA;NA;NA
7140_meso - ms_min;1229;0;1;0;0;0;0;0;0;0;0;0;0;0;0;0;NA;NA;NA;NA;NA;NA;NA;NA;NA;NA;NA;0;0;0;1;NA;NA;NA;NA;NA;NA;NA;NA;NA;NA;0;0;NA;NA;NA;NA;NA;NA;0;0;1;NA;NA;NA;NA;NA;NA;NA;NA;NA;NA;1;NA;NA;NA;NA;NA;NA;NA;NA;NA;NA;NA;NA;NA;NA;NA;NA;NA;NA;NA;NA;NA;NA;NA;NA;NA;NA;NA;NA;NA;NA;NA;NA;NA;NA;NA;NA;0;NA;NA;NA;NA;1;NA;NA;1;NA;NA;NA;NA;NA;NA;NA
7140_meso - ms_min;1230;0;0;NA;0;0;0;0;0;0;0;0;0;0;0;1;0;0;0;0;1;0;0;0;NA;NA;NA;0;0;0;1;NA;NA;NA;NA;NA;NA;NA;NA;NA;NA;0;0;NA;NA;NA;NA;NA;NA;0;0;1;NA;NA;NA;NA;NA;NA;NA;NA;NA;NA;1;NA;NA;NA;NA;NA;NA;NA;NA;NA;NA;NA;NA;NA;NA;NA;NA;NA;NA;NA;NA;NA;NA;NA;NA;NA;NA;NA;NA;NA;NA;NA;NA;NA;NA;NA;NA;0;NA;NA;NA;NA;1;NA;NA;1;NA;NA;NA;NA;NA;NA;NA
7140_meso - ms_min;1231;0;1;0;0;0;0;0;0;0;0;0;0;0;0;1;0;0;0;0;1;0;0;0;NA;NA;NA;0;0;0;1;NA;NA;NA;NA;NA;NA;NA;NA;NA;NA;0;0;NA;NA;NA;NA;NA;NA;0;0;1;NA;NA;NA;NA;NA;NA;NA;NA;NA;NA;1;NA;NA;NA;NA;NA;NA;NA;NA;NA;NA;NA;NA;NA;NA;NA;NA;NA;NA;NA;NA;NA;NA;NA;NA;NA;NA;NA;NA;NA;NA;NA;NA;NA;NA;NA;NA;0;NA;NA;NA;NA;1;NA;NA;1;NA;NA;NA;NA;NA;NA;NA
7140_meso - ms_min;1232;0;0;NA;0;0;0;0;0;0;0;0;0;0;0;1;0;0;0;0;0;NA;NA;NA;0;0;0;0;0;0;1;NA;NA;NA;NA;NA;NA;NA;NA;NA;NA;0;0;NA;NA;NA;NA;NA;NA;0;0;1;NA;NA;NA;NA;NA;NA;NA;NA;NA;NA;1;NA;NA;NA;NA;NA;NA;NA;NA;NA;NA;NA;NA;NA;NA;NA;NA;NA;NA;NA;NA;NA;NA;NA;NA;NA;NA;NA;NA;NA;NA;NA;NA;NA;NA;NA;NA;0;NA;NA;NA;NA;1;NA;NA;1;NA;NA;NA;NA;NA;NA;NA
7140_meso - ms_min;1233;0;1;0;0;0;0;0;0;0;0;0;0;0;0;1;0;0;0;0;0;NA;NA;NA;0;0;0;0;0;0;1;NA;NA;NA;NA;NA;NA;NA;NA;NA;NA;0;0;NA;NA;NA;NA;NA;NA;0;0;1;NA;NA;NA;NA;NA;NA;NA;NA;NA;NA;1;NA;NA;NA;NA;NA;NA;NA;NA;NA;NA;NA;NA;NA;NA;NA;NA;NA;NA;NA;NA;NA;NA;NA;NA;NA;NA;NA;NA;NA;NA;NA;NA;NA;NA;NA;NA;0;NA;NA;NA;NA;1;NA;NA;1;NA;NA;NA;NA;NA;NA;NA
7140_meso - ms_min;1234;0;0;NA;0;0;0;0;0;0;0;0;0;0;0;0;NA;NA;NA;NA;NA;NA;NA;NA;NA;NA;NA;0;0;1;NA;NA;NA;NA;NA;NA;NA;NA;NA;NA;NA;NA;NA;NA;NA;NA;NA;NA;NA;NA;NA;NA;NA;NA;NA;NA;NA;NA;NA;NA;NA;NA;NA;NA;NA;NA;NA;NA;NA;NA;NA;NA;NA;NA;NA;NA;NA;NA;NA;NA;NA;NA;NA;NA;NA;NA;NA;NA;NA;NA;NA;NA;NA;NA;NA;NA;NA;NA;NA;0;NA;NA;NA;NA;1;NA;NA;NA;1;NA;NA;NA;NA;NA;NA
7140_meso - ms_min;1235;0;1;0;0;0;0;0;0;0;0;0;0;0;0;0;NA;NA;NA;NA;NA;NA;NA;NA;NA;NA;NA;0;0;1;NA;NA;NA;NA;NA;NA;NA;NA;NA;NA;NA;NA;NA;NA;NA;NA;NA;NA;NA;NA;NA;NA;NA;NA;NA;NA;NA;NA;NA;NA;NA;NA;NA;NA;NA;NA;NA;NA;NA;NA;NA;NA;NA;NA;NA;NA;NA;NA;NA;NA;NA;NA;NA;NA;NA;NA;NA;NA;NA;NA;NA;NA;NA;NA;NA;NA;NA;NA;NA;0;NA;NA;NA;NA;1;NA;NA;NA;1;NA;NA;NA;NA;NA;NA
7140_meso - ms_min;1236;0;0;NA;0;0;0;0;0;0;0;0;0;0;0;1;0;0;0;0;1;0;0;0;NA;NA;NA;0;0;1;NA;NA;NA;NA;NA;NA;NA;NA;NA;NA;NA;NA;NA;NA;NA;NA;NA;NA;NA;NA;NA;NA;NA;NA;NA;NA;NA;NA;NA;NA;NA;NA;NA;NA;NA;NA;NA;NA;NA;NA;NA;NA;NA;NA;NA;NA;NA;NA;NA;NA;NA;NA;NA;NA;NA;NA;NA;NA;NA;NA;NA;NA;NA;NA;NA;NA;NA;NA;NA;0;NA;NA;NA;NA;1;NA;NA;NA;1;NA;NA;NA;NA;NA;NA
7140_meso - ms_min;1237;0;1;0;0;0;0;0;0;0;0;0;0;0;0;1;0;0;0;0;1;0;0;0;NA;NA;NA;0;0;1;NA;NA;NA;NA;NA;NA;NA;NA;NA;NA;NA;NA;NA;NA;NA;NA;NA;NA;NA;NA;NA;NA;NA;NA;NA;NA;NA;NA;NA;NA;NA;NA;NA;NA;NA;NA;NA;NA;NA;NA;NA;NA;NA;NA;NA;NA;NA;NA;NA;NA;NA;NA;NA;NA;NA;NA;NA;NA;NA;NA;NA;NA;NA;NA;NA;NA;NA;NA;NA;0;NA;NA;NA;NA;1;NA;NA;NA;1;NA;NA;NA;NA;NA;NA
7140_meso - ms_min;1238;0;0;NA;0;0;0;0;0;0;0;0;0;0;0;1;0;0;0;0;0;NA;NA;NA;0;0;0;0;0;1;NA;NA;NA;NA;NA;NA;NA;NA;NA;NA;NA;NA;NA;NA;NA;NA;NA;NA;NA;NA;NA;NA;NA;NA;NA;NA;NA;NA;NA;NA;NA;NA;NA;NA;NA;NA;NA;NA;NA;NA;NA;NA;NA;NA;NA;NA;NA;NA;NA;NA;NA;NA;NA;NA;NA;NA;NA;NA;NA;NA;NA;NA;NA;NA;NA;NA;NA;NA;NA;0;NA;NA;NA;NA;1;NA;NA;NA;1;NA;NA;NA;NA;NA;NA
7140_meso - ms_min;1239;0;1;0;0;0;0;0;0;0;0;0;0;0;0;1;0;0;0;0;0;NA;NA;NA;0;0;0;0;0;1;NA;NA;NA;NA;NA;NA;NA;NA;NA;NA;NA;NA;NA;NA;NA;NA;NA;NA;NA;NA;NA;NA;NA;NA;NA;NA;NA;NA;NA;NA;NA;NA;NA;NA;NA;NA;NA;NA;NA;NA;NA;NA;NA;NA;NA;NA;NA;NA;NA;NA;NA;NA;NA;NA;NA;NA;NA;NA;NA;NA;NA;NA;NA;NA;NA;NA;NA;NA;NA;0;NA;NA;NA;NA;1;NA;NA;NA;1;NA;NA;NA;NA;NA;NA
7140_meso - ms_min;1240;0;0;NA;0;0;0;0;0;0;0;0;0;0;0;0;NA;NA;NA;NA;NA;NA;NA;NA;NA;NA;NA;0;0;0;0;NA;1;NA;NA;NA;NA;NA;NA;NA;NA;NA;NA;NA;NA;NA;NA;NA;NA;NA;NA;NA;NA;NA;NA;NA;NA;NA;NA;NA;NA;NA;1;NA;NA;NA;NA;NA;NA;NA;NA;NA;NA;NA;NA;NA;NA;NA;NA;NA;NA;NA;NA;NA;NA;NA;NA;NA;NA;NA;NA;NA;NA;NA;NA;NA;NA;NA;NA;0;NA;NA;NA;NA;1;NA;NA;NA;1;NA;NA;NA;NA;NA;NA
7140_meso - ms_min;1241;0;1;0;0;0;0;0;0;0;0;0;0;0;0;0;NA;NA;NA;NA;NA;NA;NA;NA;NA;NA;NA;0;0;0;0;NA;1;NA;NA;NA;NA;NA;NA;NA;NA;NA;NA;NA;NA;NA;NA;NA;NA;NA;NA;NA;NA;NA;NA;NA;NA;NA;NA;NA;NA;NA;1;NA;NA;NA;NA;NA;NA;NA;NA;NA;NA;NA;NA;NA;NA;NA;NA;NA;NA;NA;NA;NA;NA;NA;NA;NA;NA;NA;NA;NA;NA;NA;NA;NA;NA;NA;NA;0;NA;NA;NA;NA;1;NA;NA;NA;1;NA;NA;NA;NA;NA;NA
7140_meso - ms_min;1242;0;0;NA;0;0;0;0;0;0;0;0;0;0;0;1;0;0;0;0;1;0;0;0;NA;NA;NA;0;0;0;0;NA;1;NA;NA;NA;NA;NA;NA;NA;NA;NA;NA;NA;NA;NA;NA;NA;NA;NA;NA;NA;NA;NA;NA;NA;NA;NA;NA;NA;NA;NA;1;NA;NA;NA;NA;NA;NA;NA;NA;NA;NA;NA;NA;NA;NA;NA;NA;NA;NA;NA;NA;NA;NA;NA;NA;NA;NA;NA;NA;NA;NA;NA;NA;NA;NA;NA;NA;0;NA;NA;NA;NA;1;NA;NA;NA;1;NA;NA;NA;NA;NA;NA
7140_meso - ms_min;1243;0;1;0;0;0;0;0;0;0;0;0;0;0;0;1;0;0;0;0;1;0;0;0;NA;NA;NA;0;0;0;0;NA;1;NA;NA;NA;NA;NA;NA;NA;NA;NA;NA;NA;NA;NA;NA;NA;NA;NA;NA;NA;NA;NA;NA;NA;NA;NA;NA;NA;NA;NA;1;NA;NA;NA;NA;NA;NA;NA;NA;NA;NA;NA;NA;NA;NA;NA;NA;NA;NA;NA;NA;NA;NA;NA;NA;NA;NA;NA;NA;NA;NA;NA;NA;NA;NA;NA;NA;0;NA;NA;NA;NA;1;NA;NA;NA;1;NA;NA;NA;NA;NA;NA
7140_meso - ms_min;1244;0;0;NA;0;0;0;0;0;0;0;0;0;0;0;1;0;0;0;0;0;NA;NA;NA;0;0;0;0;0;0;0;NA;1;NA;NA;NA;NA;NA;NA;NA;NA;NA;NA;NA;NA;NA;NA;NA;NA;NA;NA;NA;NA;NA;NA;NA;NA;NA;NA;NA;NA;NA;1;NA;NA;NA;NA;NA;NA;NA;NA;NA;NA;NA;NA;NA;NA;NA;NA;NA;NA;NA;NA;NA;NA;NA;NA;NA;NA;NA;NA;NA;NA;NA;NA;NA;NA;NA;NA;0;NA;NA;NA;NA;1;NA;NA;NA;1;NA;NA;NA;NA;NA;NA
7140_meso - ms_min;1245;0;1;0;0;0;0;0;0;0;0;0;0;0;0;1;0;0;0;0;0;NA;NA;NA;0;0;0;0;0;0;0;NA;1;NA;NA;NA;NA;NA;NA;NA;NA;NA;NA;NA;NA;NA;NA;NA;NA;NA;NA;NA;NA;NA;NA;NA;NA;NA;NA;NA;NA;NA;1;NA;NA;NA;NA;NA;NA;NA;NA;NA;NA;NA;NA;NA;NA;NA;NA;NA;NA;NA;NA;NA;NA;NA;NA;NA;NA;NA;NA;NA;NA;NA;NA;NA;NA;NA;NA;0;NA;NA;NA;NA;1;NA;NA;NA;1;NA;NA;NA;NA;NA;NA
7140_meso - ms_min;1246;0;0;NA;0;0;0;0;0;0;0;0;0;0;0;0;NA;NA;NA;NA;NA;NA;NA;NA;NA;NA;NA;0;0;0;0;1;NA;NA;1;NA;NA;NA;NA;NA;NA;NA;NA;NA;NA;NA;NA;NA;NA;NA;NA;NA;NA;NA;NA;NA;NA;NA;NA;NA;NA;NA;1;NA;NA;NA;NA;NA;NA;NA;NA;NA;NA;NA;NA;NA;NA;NA;NA;NA;NA;NA;NA;NA;NA;NA;NA;NA;NA;NA;NA;NA;NA;NA;NA;NA;NA;NA;NA;0;NA;NA;NA;NA;1;NA;NA;NA;1;NA;NA;NA;NA;NA;NA
7140_meso - ms_min;1247;0;1;0;0;0;0;0;0;0;0;0;0;0;0;0;NA;NA;NA;NA;NA;NA;NA;NA;NA;NA;NA;0;0;0;0;1;NA;NA;1;NA;NA;NA;NA;NA;NA;NA;NA;NA;NA;NA;NA;NA;NA;NA;NA;NA;NA;NA;NA;NA;NA;NA;NA;NA;NA;NA;1;NA;NA;NA;NA;NA;NA;NA;NA;NA;NA;NA;NA;NA;NA;NA;NA;NA;NA;NA;NA;NA;NA;NA;NA;NA;NA;NA;NA;NA;NA;NA;NA;NA;NA;NA;NA;0;NA;NA;NA;NA;1;NA;NA;NA;1;NA;NA;NA;NA;NA;NA
7140_meso - ms_min;1248;0;0;NA;0;0;0;0;0;0;0;0;0;0;0;1;0;0;0;0;1;0;0;0;NA;NA;NA;0;0;0;0;1;NA;NA;1;NA;NA;NA;NA;NA;NA;NA;NA;NA;NA;NA;NA;NA;NA;NA;NA;NA;NA;NA;NA;NA;NA;NA;NA;NA;NA;NA;1;NA;NA;NA;NA;NA;NA;NA;NA;NA;NA;NA;NA;NA;NA;NA;NA;NA;NA;NA;NA;NA;NA;NA;NA;NA;NA;NA;NA;NA;NA;NA;NA;NA;NA;NA;NA;0;NA;NA;NA;NA;1;NA;NA;NA;1;NA;NA;NA;NA;NA;NA
7140_meso - ms_min;1249;0;1;0;0;0;0;0;0;0;0;0;0;0;0;1;0;0;0;0;1;0;0;0;NA;NA;NA;0;0;0;0;1;NA;NA;1;NA;NA;NA;NA;NA;NA;NA;NA;NA;NA;NA;NA;NA;NA;NA;NA;NA;NA;NA;NA;NA;NA;NA;NA;NA;NA;NA;1;NA;NA;NA;NA;NA;NA;NA;NA;NA;NA;NA;NA;NA;NA;NA;NA;NA;NA;NA;NA;NA;NA;NA;NA;NA;NA;NA;NA;NA;NA;NA;NA;NA;NA;NA;NA;0;NA;NA;NA;NA;1;NA;NA;NA;1;NA;NA;NA;NA;NA;NA
7140_meso - ms_min;1250;0;0;NA;0;0;0;0;0;0;0;0;0;0;0;1;0;0;0;0;0;NA;NA;NA;0;0;0;0;0;0;0;1;NA;NA;1;NA;NA;NA;NA;NA;NA;NA;NA;NA;NA;NA;NA;NA;NA;NA;NA;NA;NA;NA;NA;NA;NA;NA;NA;NA;NA;NA;1;NA;NA;NA;NA;NA;NA;NA;NA;NA;NA;NA;NA;NA;NA;NA;NA;NA;NA;NA;NA;NA;NA;NA;NA;NA;NA;NA;NA;NA;NA;NA;NA;NA;NA;NA;NA;0;NA;NA;NA;NA;1;NA;NA;NA;1;NA;NA;NA;NA;NA;NA
7140_meso - ms_min;1251;0;1;0;0;0;0;0;0;0;0;0;0;0;0;1;0;0;0;0;0;NA;NA;NA;0;0;0;0;0;0;0;1;NA;NA;1;NA;NA;NA;NA;NA;NA;NA;NA;NA;NA;NA;NA;NA;NA;NA;NA;NA;NA;NA;NA;NA;NA;NA;NA;NA;NA;NA;1;NA;NA;NA;NA;NA;NA;NA;NA;NA;NA;NA;NA;NA;NA;NA;NA;NA;NA;NA;NA;NA;NA;NA;NA;NA;NA;NA;NA;NA;NA;NA;NA;NA;NA;NA;NA;0;NA;NA;NA;NA;1;NA;NA;NA;1;NA;NA;NA;NA;NA;NA
7140_meso - ms_min;1252;0;0;NA;0;0;0;0;0;0;0;0;0;0;0;0;NA;NA;NA;NA;NA;NA;NA;NA;NA;NA;NA;0;0;0;1;NA;NA;NA;1;NA;NA;NA;NA;NA;NA;0;0;NA;NA;NA;NA;NA;NA;0;1;NA;NA;NA;NA;NA;NA;NA;NA;NA;NA;NA;1;NA;NA;NA;NA;NA;NA;NA;NA;NA;NA;NA;NA;NA;NA;NA;NA;NA;NA;NA;NA;NA;NA;NA;NA;NA;NA;NA;NA;NA;NA;NA;NA;NA;NA;NA;NA;0;NA;NA;NA;NA;1;NA;NA;NA;1;NA;NA;NA;NA;NA;NA
7140_meso - ms_min;1253;0;1;0;0;0;0;0;0;0;0;0;0;0;0;0;NA;NA;NA;NA;NA;NA;NA;NA;NA;NA;NA;0;0;0;1;NA;NA;NA;1;NA;NA;NA;NA;NA;NA;0;0;NA;NA;NA;NA;NA;NA;0;1;NA;NA;NA;NA;NA;NA;NA;NA;NA;NA;NA;1;NA;NA;NA;NA;NA;NA;NA;NA;NA;NA;NA;NA;NA;NA;NA;NA;NA;NA;NA;NA;NA;NA;NA;NA;NA;NA;NA;NA;NA;NA;NA;NA;NA;NA;NA;NA;0;NA;NA;NA;NA;1;NA;NA;NA;1;NA;NA;NA;NA;NA;NA
7140_meso - ms_min;1254;0;0;NA;0;0;0;0;0;0;0;0;0;0;0;1;0;0;0;0;1;0;0;0;NA;NA;NA;0;0;0;1;NA;NA;NA;1;NA;NA;NA;NA;NA;NA;0;0;NA;NA;NA;NA;NA;NA;0;1;NA;NA;NA;NA;NA;NA;NA;NA;NA;NA;NA;1;NA;NA;NA;NA;NA;NA;NA;NA;NA;NA;NA;NA;NA;NA;NA;NA;NA;NA;NA;NA;NA;NA;NA;NA;NA;NA;NA;NA;NA;NA;NA;NA;NA;NA;NA;NA;0;NA;NA;NA;NA;1;NA;NA;NA;1;NA;NA;NA;NA;NA;NA
7140_meso - ms_min;1255;0;1;0;0;0;0;0;0;0;0;0;0;0;0;1;0;0;0;0;1;0;0;0;NA;NA;NA;0;0;0;1;NA;NA;NA;1;NA;NA;NA;NA;NA;NA;0;0;NA;NA;NA;NA;NA;NA;0;1;NA;NA;NA;NA;NA;NA;NA;NA;NA;NA;NA;1;NA;NA;NA;NA;NA;NA;NA;NA;NA;NA;NA;NA;NA;NA;NA;NA;NA;NA;NA;NA;NA;NA;NA;NA;NA;NA;NA;NA;NA;NA;NA;NA;NA;NA;NA;NA;0;NA;NA;NA;NA;1;NA;NA;NA;1;NA;NA;NA;NA;NA;NA
7140_meso - ms_min;1256;0;0;NA;0;0;0;0;0;0;0;0;0;0;0;1;0;0;0;0;0;NA;NA;NA;0;0;0;0;0;0;1;NA;NA;NA;1;NA;NA;NA;NA;NA;NA;0;0;NA;NA;NA;NA;NA;NA;0;1;NA;NA;NA;NA;NA;NA;NA;NA;NA;NA;NA;1;NA;NA;NA;NA;NA;NA;NA;NA;NA;NA;NA;NA;NA;NA;NA;NA;NA;NA;NA;NA;NA;NA;NA;NA;NA;NA;NA;NA;NA;NA;NA;NA;NA;NA;NA;NA;0;NA;NA;NA;NA;1;NA;NA;NA;1;NA;NA;NA;NA;NA;NA
7140_meso - ms_min;1257;0;1;0;0;0;0;0;0;0;0;0;0;0;0;1;0;0;0;0;0;NA;NA;NA;0;0;0;0;0;0;1;NA;NA;NA;1;NA;NA;NA;NA;NA;NA;0;0;NA;NA;NA;NA;NA;NA;0;1;NA;NA;NA;NA;NA;NA;NA;NA;NA;NA;NA;1;NA;NA;NA;NA;NA;NA;NA;NA;NA;NA;NA;NA;NA;NA;NA;NA;NA;NA;NA;NA;NA;NA;NA;NA;NA;NA;NA;NA;NA;NA;NA;NA;NA;NA;NA;NA;0;NA;NA;NA;NA;1;NA;NA;NA;1;NA;NA;NA;NA;NA;NA
7140_meso - ms_min;1258;0;0;NA;0;0;0;0;0;0;0;0;0;0;0;0;NA;NA;NA;NA;NA;NA;NA;NA;NA;NA;NA;0;0;0;1;NA;NA;NA;NA;NA;NA;NA;NA;NA;NA;0;0;NA;NA;NA;NA;NA;NA;0;0;1;NA;NA;NA;NA;NA;NA;NA;NA;NA;NA;1;NA;NA;NA;NA;NA;NA;NA;NA;NA;NA;NA;NA;NA;NA;NA;NA;NA;NA;NA;NA;NA;NA;NA;NA;NA;NA;NA;NA;NA;NA;NA;NA;NA;NA;NA;NA;0;NA;NA;NA;NA;1;NA;NA;NA;1;NA;NA;NA;NA;NA;NA
7140_meso - ms_min;1259;0;1;0;0;0;0;0;0;0;0;0;0;0;0;0;NA;NA;NA;NA;NA;NA;NA;NA;NA;NA;NA;0;0;0;1;NA;NA;NA;NA;NA;NA;NA;NA;NA;NA;0;0;NA;NA;NA;NA;NA;NA;0;0;1;NA;NA;NA;NA;NA;NA;NA;NA;NA;NA;1;NA;NA;NA;NA;NA;NA;NA;NA;NA;NA;NA;NA;NA;NA;NA;NA;NA;NA;NA;NA;NA;NA;NA;NA;NA;NA;NA;NA;NA;NA;NA;NA;NA;NA;NA;NA;0;NA;NA;NA;NA;1;NA;NA;NA;1;NA;NA;NA;NA;NA;NA
7140_meso - ms_min;1260;0;0;NA;0;0;0;0;0;0;0;0;0;0;0;1;0;0;0;0;1;0;0;0;NA;NA;NA;0;0;0;1;NA;NA;NA;NA;NA;NA;NA;NA;NA;NA;0;0;NA;NA;NA;NA;NA;NA;0;0;1;NA;NA;NA;NA;NA;NA;NA;NA;NA;NA;1;NA;NA;NA;NA;NA;NA;NA;NA;NA;NA;NA;NA;NA;NA;NA;NA;NA;NA;NA;NA;NA;NA;NA;NA;NA;NA;NA;NA;NA;NA;NA;NA;NA;NA;NA;NA;0;NA;NA;NA;NA;1;NA;NA;NA;1;NA;NA;NA;NA;NA;NA
7140_meso - ms_min;1261;0;1;0;0;0;0;0;0;0;0;0;0;0;0;1;0;0;0;0;1;0;0;0;NA;NA;NA;0;0;0;1;NA;NA;NA;NA;NA;NA;NA;NA;NA;NA;0;0;NA;NA;NA;NA;NA;NA;0;0;1;NA;NA;NA;NA;NA;NA;NA;NA;NA;NA;1;NA;NA;NA;NA;NA;NA;NA;NA;NA;NA;NA;NA;NA;NA;NA;NA;NA;NA;NA;NA;NA;NA;NA;NA;NA;NA;NA;NA;NA;NA;NA;NA;NA;NA;NA;NA;0;NA;NA;NA;NA;1;NA;NA;NA;1;NA;NA;NA;NA;NA;NA
7140_meso - ms_min;1262;0;0;NA;0;0;0;0;0;0;0;0;0;0;0;1;0;0;0;0;0;NA;NA;NA;0;0;0;0;0;0;1;NA;NA;NA;NA;NA;NA;NA;NA;NA;NA;0;0;NA;NA;NA;NA;NA;NA;0;0;1;NA;NA;NA;NA;NA;NA;NA;NA;NA;NA;1;NA;NA;NA;NA;NA;NA;NA;NA;NA;NA;NA;NA;NA;NA;NA;NA;NA;NA;NA;NA;NA;NA;NA;NA;NA;NA;NA;NA;NA;NA;NA;NA;NA;NA;NA;NA;0;NA;NA;NA;NA;1;NA;NA;NA;1;NA;NA;NA;NA;NA;NA
7140_meso - ms_min;1263;0;1;0;0;0;0;0;0;0;0;0;0;0;0;1;0;0;0;0;0;NA;NA;NA;0;0;0;0;0;0;1;NA;NA;NA;NA;NA;NA;NA;NA;NA;NA;0;0;NA;NA;NA;NA;NA;NA;0;0;1;NA;NA;NA;NA;NA;NA;NA;NA;NA;NA;1;NA;NA;NA;NA;NA;NA;NA;NA;NA;NA;NA;NA;NA;NA;NA;NA;NA;NA;NA;NA;NA;NA;NA;NA;NA;NA;NA;NA;NA;NA;NA;NA;NA;NA;NA;NA;0;NA;NA;NA;NA;1;NA;NA;NA;1;NA;NA;NA;NA;NA;NA
7140_mrd;1264;0;0;NA;0;0;0;0;0;0;1;NA;NA;NA;NA;NA;NA;NA;NA;NA;NA;NA;NA;NA;NA;NA;NA;NA;NA;NA;NA;NA;NA;NA;NA;NA;NA;NA;NA;NA;NA;NA;NA;NA;NA;NA;NA;NA;NA;NA;NA;NA;NA;NA;NA;NA;NA;NA;NA;NA;NA;NA;NA;NA;NA;NA;NA;NA;NA;NA;NA;NA;NA;NA;NA;NA;NA;NA;NA;NA;NA;NA;NA;NA;NA;NA;NA;NA;NA;NA;NA;NA;NA;NA;NA;NA;NA;NA;NA;NA;NA;NA;NA;NA;NA;NA;NA;NA;NA;NA;NA;NA;NA;NA;NA
7140_mrd;1265;0;1;0;0;0;0;0;0;0;1;NA;NA;NA;NA;NA;NA;NA;NA;NA;NA;NA;NA;NA;NA;NA;NA;NA;NA;NA;NA;NA;NA;NA;NA;NA;NA;NA;NA;NA;NA;NA;NA;NA;NA;NA;NA;NA;NA;NA;NA;NA;NA;NA;NA;NA;NA;NA;NA;NA;NA;NA;NA;NA;NA;NA;NA;NA;NA;NA;NA;NA;NA;NA;NA;NA;NA;NA;NA;NA;NA;NA;NA;NA;NA;NA;NA;NA;NA;NA;NA;NA;NA;NA;NA;NA;NA;NA;NA;NA;NA;NA;NA;NA;NA;NA;NA;NA;NA;NA;NA;NA;NA;NA;NA
7140_oli;1266;0;0;NA;0;0;0;0;0;0;0;0;0;0;0;0;NA;NA;NA;NA;NA;NA;NA;NA;NA;NA;NA;0;1;NA;NA;NA;NA;NA;NA;NA;NA;NA;NA;NA;NA;NA;NA;NA;NA;NA;NA;NA;NA;NA;NA;NA;NA;NA;NA;NA;NA;NA;NA;NA;NA;NA;NA;NA;NA;NA;NA;NA;NA;NA;NA;NA;NA;NA;NA;NA;NA;NA;NA;NA;NA;NA;NA;NA;NA;NA;NA;NA;NA;NA;NA;NA;NA;NA;NA;NA;NA;NA;NA;NA;NA;NA;NA;NA;NA;NA;NA;NA;NA;NA;NA;NA;NA;NA;NA
7140_oli;1267;0;1;0;0;0;0;0;0;0;0;0;0;0;0;0;NA;NA;NA;NA;NA;NA;NA;NA;NA;NA;NA;0;1;NA;NA;NA;NA;NA;NA;NA;NA;NA;NA;NA;NA;NA;NA;NA;NA;NA;NA;NA;NA;NA;NA;NA;NA;NA;NA;NA;NA;NA;NA;NA;NA;NA;NA;NA;NA;NA;NA;NA;NA;NA;NA;NA;NA;NA;NA;NA;NA;NA;NA;NA;NA;NA;NA;NA;NA;NA;NA;NA;NA;NA;NA;NA;NA;NA;NA;NA;NA;NA;NA;NA;NA;NA;NA;NA;NA;NA;NA;NA;NA;NA;NA;NA;NA;NA;NA
7140_oli;1268;0;0;NA;0;0;0;0;0;0;0;0;0;0;0;1;0;0;0;0;1;0;0;0;NA;NA;NA;0;1;NA;NA;NA;NA;NA;NA;NA;NA;NA;NA;NA;NA;NA;NA;NA;NA;NA;NA;NA;NA;NA;NA;NA;NA;NA;NA;NA;NA;NA;NA;NA;NA;NA;NA;NA;NA;NA;NA;NA;NA;NA;NA;NA;NA;NA;NA;NA;NA;NA;NA;NA;NA;NA;NA;NA;NA;NA;NA;NA;NA;NA;NA;NA;NA;NA;NA;NA;NA;NA;NA;NA;NA;NA;NA;NA;NA;NA;NA;NA;NA;NA;NA;NA;NA;NA;NA
7140_oli;1269;0;1;0;0;0;0;0;0;0;0;0;0;0;0;1;0;0;0;0;1;0;0;0;NA;NA;NA;0;1;NA;NA;NA;NA;NA;NA;NA;NA;NA;NA;NA;NA;NA;NA;NA;NA;NA;NA;NA;NA;NA;NA;NA;NA;NA;NA;NA;NA;NA;NA;NA;NA;NA;NA;NA;NA;NA;NA;NA;NA;NA;NA;NA;NA;NA;NA;NA;NA;NA;NA;NA;NA;NA;NA;NA;NA;NA;NA;NA;NA;NA;NA;NA;NA;NA;NA;NA;NA;NA;NA;NA;NA;NA;NA;NA;NA;NA;NA;NA;NA;NA;NA;NA;NA;NA;NA
7140_oli;1270;0;0;NA;0;0;0;0;0;0;0;0;0;0;0;1;0;0;0;0;0;NA;NA;NA;0;0;0;0;1;NA;NA;NA;NA;NA;NA;NA;NA;NA;NA;NA;NA;NA;NA;NA;NA;NA;NA;NA;NA;NA;NA;NA;NA;NA;NA;NA;NA;NA;NA;NA;NA;NA;NA;NA;NA;NA;NA;NA;NA;NA;NA;NA;NA;NA;NA;NA;NA;NA;NA;NA;NA;NA;NA;NA;NA;NA;NA;NA;NA;NA;NA;NA;NA;NA;NA;NA;NA;NA;NA;NA;NA;NA;NA;NA;NA;NA;NA;NA;NA;NA;NA;NA;NA;NA;NA
7140_oli;1271;0;1;0;0;0;0;0;0;0;0;0;0;0;0;1;0;0;0;0;0;NA;NA;NA;0;0;0;0;1;NA;NA;NA;NA;NA;NA;NA;NA;NA;NA;NA;NA;NA;NA;NA;NA;NA;NA;NA;NA;NA;NA;NA;NA;NA;NA;NA;NA;NA;NA;NA;NA;NA;NA;NA;NA;NA;NA;NA;NA;NA;NA;NA;NA;NA;NA;NA;NA;NA;NA;NA;NA;NA;NA;NA;NA;NA;NA;NA;NA;NA;NA;NA;NA;NA;NA;NA;NA;NA;NA;NA;NA;NA;NA;NA;NA;NA;NA;NA;NA;NA;NA;NA;NA;NA;NA
7150 - ce;1272;0;0;NA;0;0;0;0;0;0;0;0;0;0;0;0;NA;NA;NA;NA;NA;NA;NA;NA;NA;NA;NA;1;NA;NA;NA;NA;NA;NA;NA;NA;NA;NA;NA;NA;NA;NA;NA;NA;NA;NA;NA;NA;NA;NA;NA;NA;NA;NA;NA;NA;NA;NA;NA;NA;NA;NA;NA;NA;NA;NA;NA;NA;NA;NA;NA;NA;NA;NA;NA;NA;NA;NA;NA;NA;NA;NA;NA;NA;NA;NA;NA;NA;NA;NA;NA;NA;NA;NA;NA;NA;NA;NA;NA;NA;NA;NA;NA;NA;NA;NA;NA;NA;NA;NA;NA;NA;NA;NA;NA
7150 - ce;1273;0;1;0;0;0;0;0;0;0;0;0;0;0;0;0;NA;NA;NA;NA;NA;NA;NA;NA;NA;NA;NA;1;NA;NA;NA;NA;NA;NA;NA;NA;NA;NA;NA;NA;NA;NA;NA;NA;NA;NA;NA;NA;NA;NA;NA;NA;NA;NA;NA;NA;NA;NA;NA;NA;NA;NA;NA;NA;NA;NA;NA;NA;NA;NA;NA;NA;NA;NA;NA;NA;NA;NA;NA;NA;NA;NA;NA;NA;NA;NA;NA;NA;NA;NA;NA;NA;NA;NA;NA;NA;NA;NA;NA;NA;NA;NA;NA;NA;NA;NA;NA;NA;NA;NA;NA;NA;NA;NA;NA
7150 - ce;1274;0;0;NA;0;0;0;0;0;0;0;0;0;0;0;1;0;0;0;0;1;0;0;0;NA;NA;NA;1;NA;NA;NA;NA;NA;NA;NA;NA;NA;NA;NA;NA;NA;NA;NA;NA;NA;NA;NA;NA;NA;NA;NA;NA;NA;NA;NA;NA;NA;NA;NA;NA;NA;NA;NA;NA;NA;NA;NA;NA;NA;NA;NA;NA;NA;NA;NA;NA;NA;NA;NA;NA;NA;NA;NA;NA;NA;NA;NA;NA;NA;NA;NA;NA;NA;NA;NA;NA;NA;NA;NA;NA;NA;NA;NA;NA;NA;NA;NA;NA;NA;NA;NA;NA;NA;NA;NA
7150 - ce;1275;0;1;0;0;0;0;0;0;0;0;0;0;0;0;1;0;0;0;0;1;0;0;0;NA;NA;NA;1;NA;NA;NA;NA;NA;NA;NA;NA;NA;NA;NA;NA;NA;NA;NA;NA;NA;NA;NA;NA;NA;NA;NA;NA;NA;NA;NA;NA;NA;NA;NA;NA;NA;NA;NA;NA;NA;NA;NA;NA;NA;NA;NA;NA;NA;NA;NA;NA;NA;NA;NA;NA;NA;NA;NA;NA;NA;NA;NA;NA;NA;NA;NA;NA;NA;NA;NA;NA;NA;NA;NA;NA;NA;NA;NA;NA;NA;NA;NA;NA;NA;NA;NA;NA;NA;NA;NA
7150 - ce;1276;0;0;NA;0;0;0;0;0;0;0;0;0;0;0;1;0;0;0;0;0;NA;NA;NA;0;0;0;1;NA;NA;NA;NA;NA;NA;NA;NA;NA;NA;NA;NA;NA;NA;NA;NA;NA;NA;NA;NA;NA;NA;NA;NA;NA;NA;NA;NA;NA;NA;NA;NA;NA;NA;NA;NA;NA;NA;NA;NA;NA;NA;NA;NA;NA;NA;NA;NA;NA;NA;NA;NA;NA;NA;NA;NA;NA;NA;NA;NA;NA;NA;NA;NA;NA;NA;NA;NA;NA;NA;NA;NA;NA;NA;NA;NA;NA;NA;NA;NA;NA;NA;NA;NA;NA;NA;NA
7150 - ce;1277;0;1;0;0;0;0;0;0;0;0;0;0;0;0;1;0;0;0;0;0;NA;NA;NA;0;0;0;1;NA;NA;NA;NA;NA;NA;NA;NA;NA;NA;NA;NA;NA;NA;NA;NA;NA;NA;NA;NA;NA;NA;NA;NA;NA;NA;NA;NA;NA;NA;NA;NA;NA;NA;NA;NA;NA;NA;NA;NA;NA;NA;NA;NA;NA;NA;NA;NA;NA;NA;NA;NA;NA;NA;NA;NA;NA;NA;NA;NA;NA;NA;NA;NA;NA;NA;NA;NA;NA;NA;NA;NA;NA;NA;NA;NA;NA;NA;NA;NA;NA;NA;NA;NA;NA;NA;NA
7150 - md + ces;1278;0;0;NA;0;0;0;0;0;0;0;1;NA;NA;NA;NA;NA;NA;NA;NA;NA;NA;NA;NA;NA;NA;NA;NA;NA;NA;NA;NA;NA;NA;NA;NA;NA;NA;NA;NA;NA;NA;NA;NA;NA;NA;NA;NA;NA;NA;NA;NA;NA;NA;NA;NA;NA;NA;NA;NA;NA;NA;NA;NA;NA;NA;NA;NA;NA;NA;NA;NA;NA;NA;NA;NA;NA;NA;NA;NA;NA;NA;NA;NA;NA;NA;NA;NA;NA;NA;NA;NA;NA;NA;NA;NA;NA;NA;NA;NA;NA;NA;NA;NA;NA;NA;NA;NA;NA;NA;NA;NA;NA;NA;NA
7150 - md + ces;1279;0;1;0;0;0;0;0;0;0;0;1;NA;NA;NA;NA;NA;NA;NA;NA;NA;NA;NA;NA;NA;NA;NA;NA;NA;NA;NA;NA;NA;NA;NA;NA;NA;NA;NA;NA;NA;NA;NA;NA;NA;NA;NA;NA;NA;NA;NA;NA;NA;NA;NA;NA;NA;NA;NA;NA;NA;NA;NA;NA;NA;NA;NA;NA;NA;NA;NA;NA;NA;NA;NA;NA;NA;NA;NA;NA;NA;NA;NA;NA;NA;NA;NA;NA;NA;NA;NA;NA;NA;NA;NA;NA;NA;NA;NA;NA;NA;NA;NA;NA;NA;NA;NA;NA;NA;NA;NA;NA;NA;NA;NA
7210;1280;0;0;NA;0;0;0;0;0;0;0;0;0;0;1;NA;NA;NA;NA;NA;NA;NA;NA;NA;NA;NA;NA;NA;NA;NA;NA;NA;NA;NA;NA;NA;NA;NA;NA;NA;NA;NA;NA;NA;NA;NA;NA;NA;NA;NA;NA;NA;NA;NA;NA;NA;NA;NA;NA;NA;NA;NA;NA;NA;NA;NA;NA;NA;NA;NA;NA;NA;NA;NA;NA;NA;NA;NA;NA;NA;NA;NA;NA;NA;NA;NA;NA;NA;NA;NA;NA;NA;NA;NA;NA;NA;NA;NA;NA;NA;NA;NA;NA;NA;NA;NA;NA;NA;NA;NA;NA;NA;NA;NA;NA
7210;1281;0;1;0;0;0;0;0;0;0;0;0;0;0;1;NA;NA;NA;NA;NA;NA;NA;NA;NA;NA;NA;NA;NA;NA;NA;NA;NA;NA;NA;NA;NA;NA;NA;NA;NA;NA;NA;NA;NA;NA;NA;NA;NA;NA;NA;NA;NA;NA;NA;NA;NA;NA;NA;NA;NA;NA;NA;NA;NA;NA;NA;NA;NA;NA;NA;NA;NA;NA;NA;NA;NA;NA;NA;NA;NA;NA;NA;NA;NA;NA;NA;NA;NA;NA;NA;NA;NA;NA;NA;NA;NA;NA;NA;NA;NA;NA;NA;NA;NA;NA;NA;NA;NA;NA;NA;NA;NA;NA;NA;NA
7230;1282;0;0;NA;0;0;0;0;0;0;0;0;0;0;0;1;0;0;0;0;0;NA;NA;NA;1;NA;NA;NA;NA;NA;NA;NA;NA;NA;NA;NA;NA;NA;NA;NA;NA;NA;NA;NA;NA;NA;NA;NA;NA;NA;NA;NA;NA;NA;NA;NA;NA;NA;NA;NA;NA;NA;NA;NA;NA;NA;NA;NA;NA;NA;NA;NA;NA;NA;NA;NA;NA;NA;NA;NA;NA;NA;NA;NA;NA;NA;NA;NA;NA;NA;NA;NA;NA;NA;NA;NA;NA;NA;NA;NA;NA;NA;NA;NA;NA;NA;NA;NA;NA;NA;NA;NA;NA;NA;NA
7230;1283;0;1;0;0;0;0;0;0;0;0;0;0;0;0;1;0;0;0;0;0;NA;NA;NA;1;NA;NA;NA;NA;NA;NA;NA;NA;NA;NA;NA;NA;NA;NA;NA;NA;NA;NA;NA;NA;NA;NA;NA;NA;NA;NA;NA;NA;NA;NA;NA;NA;NA;NA;NA;NA;NA;NA;NA;NA;NA;NA;NA;NA;NA;NA;NA;NA;NA;NA;NA;NA;NA;NA;NA;NA;NA;NA;NA;NA;NA;NA;NA;NA;NA;NA;NA;NA;NA;NA;NA;NA;NA;NA;NA;NA;NA;NA;NA;NA;NA;NA;NA;NA;NA;NA;NA;NA;NA;NA
7230;1284;0;0;NA;0;0;0;0;0;0;0;0;0;0;0;1;0;0;0;0;0;NA;NA;NA;NA;1;NA;NA;NA;NA;NA;NA;NA;NA;NA;NA;NA;NA;NA;NA;NA;NA;NA;NA;NA;NA;NA;NA;NA;NA;NA;NA;NA;NA;NA;NA;NA;NA;NA;NA;NA;NA;NA;NA;NA;NA;NA;NA;NA;NA;NA;NA;NA;NA;NA;NA;NA;NA;NA;NA;NA;NA;NA;NA;NA;NA;NA;NA;NA;NA;NA;NA;NA;NA;NA;NA;NA;NA;NA;NA;NA;NA;NA;NA;NA;NA;NA;NA;NA;NA;NA;NA;NA;NA;NA
7230;1285;0;1;0;0;0;0;0;0;0;0;0;0;0;0;1;0;0;0;0;0;NA;NA;NA;NA;1;NA;NA;NA;NA;NA;NA;NA;NA;NA;NA;NA;NA;NA;NA;NA;NA;NA;NA;NA;NA;NA;NA;NA;NA;NA;NA;NA;NA;NA;NA;NA;NA;NA;NA;NA;NA;NA;NA;NA;NA;NA;NA;NA;NA;NA;NA;NA;NA;NA;NA;NA;NA;NA;NA;NA;NA;NA;NA;NA;NA;NA;NA;NA;NA;NA;NA;NA;NA;NA;NA;NA;NA;NA;NA;NA;NA;NA;NA;NA;NA;NA;NA;NA;NA;NA;NA;NA;NA;NA
7230 - mk_min;1286;0;0;NA;0;0;0;0;0;0;0;0;0;0;0;1;0;0;0;0;0;NA;NA;NA;NA;NA;1;NA;NA;NA;NA;NA;NA;NA;NA;NA;NA;NA;NA;NA;NA;NA;NA;NA;NA;NA;NA;NA;NA;NA;NA;NA;NA;NA;NA;NA;NA;NA;NA;NA;NA;NA;NA;NA;NA;NA;NA;NA;NA;NA;NA;NA;NA;NA;NA;NA;NA;NA;NA;NA;NA;NA;NA;NA;NA;NA;NA;NA;NA;NA;NA;NA;NA;NA;NA;NA;NA;NA;NA;NA;NA;NA;NA;NA;NA;NA;NA;NA;NA;NA;NA;NA;NA;NA;NA
7230 - mk_min;1287;0;1;0;0;0;0;0;0;0;0;0;0;0;0;1;0;0;0;0;0;NA;NA;NA;NA;NA;1;NA;NA;NA;NA;NA;NA;NA;NA;NA;NA;NA;NA;NA;NA;NA;NA;NA;NA;NA;NA;NA;NA;NA;NA;NA;NA;NA;NA;NA;NA;NA;NA;NA;NA;NA;NA;NA;NA;NA;NA;NA;NA;NA;NA;NA;NA;NA;NA;NA;NA;NA;NA;NA;NA;NA;NA;NA;NA;NA;NA;NA;NA;NA;NA;NA;NA;NA;NA;NA;NA;NA;NA;NA;NA;NA;NA;NA;NA;NA;NA;NA;NA;NA;NA;NA;NA;NA;NA
gh - hj;1288;0;0;NA;NA;1;NA;NA;NA;NA;NA;NA;NA;NA;NA;NA;NA;NA;NA;NA;NA;NA;NA;NA;NA;NA;NA;NA;NA;NA;NA;NA;NA;NA;NA;NA;NA;NA;NA;NA;NA;NA;NA;NA;NA;NA;NA;NA;NA;NA;NA;NA;NA;NA;NA;NA;NA;NA;NA;NA;NA;NA;NA;NA;NA;NA;NA;NA;NA;NA;NA;NA;NA;NA;NA;NA;NA;NA;NA;NA;NA;NA;NA;NA;NA;NA;NA;NA;NA;NA;NA;NA;NA;NA;NA;NA;NA;NA;NA;NA;NA;NA;NA;NA;NA;NA;NA;NA;NA;NA;NA;NA;NA;NA;0
gh - hj;1289;0;1;0;NA;1;NA;NA;NA;NA;NA;NA;NA;NA;NA;NA;NA;NA;NA;NA;NA;NA;NA;NA;NA;NA;NA;NA;NA;NA;NA;NA;NA;NA;NA;NA;NA;NA;NA;NA;NA;NA;NA;NA;NA;NA;NA;NA;NA;NA;NA;NA;NA;NA;NA;NA;NA;NA;NA;NA;NA;NA;NA;NA;NA;NA;NA;NA;NA;NA;NA;NA;NA;NA;NA;NA;NA;NA;NA;NA;NA;NA;NA;NA;NA;NA;NA;NA;NA;NA;NA;NA;NA;NA;NA;NA;NA;NA;NA;NA;NA;NA;NA;NA;NA;NA;NA;NA;NA;NA;NA;NA;NA;NA;0
gh - hj;1290;0;0;NA;0;0;0;0;0;0;0;0;0;0;0;0;NA;NA;NA;NA;NA;NA;NA;NA;NA;NA;NA;0;0;0;0;NA;NA;1;NA;NA;NA;NA;NA;NA;NA;NA;NA;NA;NA;NA;NA;NA;NA;NA;NA;NA;NA;NA;NA;NA;NA;NA;NA;NA;NA;NA;NA;NA;NA;NA;NA;NA;NA;NA;NA;NA;NA;NA;NA;NA;NA;NA;NA;NA;NA;NA;NA;NA;NA;NA;NA;NA;NA;NA;NA;NA;NA;NA;NA;NA;NA;NA;NA;NA;NA;NA;NA;NA;NA;NA;NA;NA;NA;NA;NA;NA;NA;NA;0
gh - hj;1291;0;1;0;0;0;0;0;0;0;0;0;0;0;0;0;NA;NA;NA;NA;NA;NA;NA;NA;NA;NA;NA;0;0;0;0;NA;NA;1;NA;NA;NA;NA;NA;NA;NA;NA;NA;NA;NA;NA;NA;NA;NA;NA;NA;NA;NA;NA;NA;NA;NA;NA;NA;NA;NA;NA;NA;NA;NA;NA;NA;NA;NA;NA;NA;NA;NA;NA;NA;NA;NA;NA;NA;NA;NA;NA;NA;NA;NA;NA;NA;NA;NA;NA;NA;NA;NA;NA;NA;NA;NA;NA;NA;NA;NA;NA;NA;NA;NA;NA;NA;NA;NA;NA;NA;NA;NA;NA;0
gh - hj;1292;0;0;NA;0;0;0;0;0;0;0;0;0;0;0;1;0;0;0;0;1;0;0;0;NA;NA;NA;0;0;0;0;NA;NA;1;NA;NA;NA;NA;NA;NA;NA;NA;NA;NA;NA;NA;NA;NA;NA;NA;NA;NA;NA;NA;NA;NA;NA;NA;NA;NA;NA;NA;NA;NA;NA;NA;NA;NA;NA;NA;NA;NA;NA;NA;NA;NA;NA;NA;NA;NA;NA;NA;NA;NA;NA;NA;NA;NA;NA;NA;NA;NA;NA;NA;NA;NA;NA;NA;NA;NA;NA;NA;NA;NA;NA;NA;NA;NA;NA;NA;NA;NA;NA;NA;0
gh - hj;1293;0;1;0;0;0;0;0;0;0;0;0;0;0;0;1;0;0;0;0;1;0;0;0;NA;NA;NA;0;0;0;0;NA;NA;1;NA;NA;NA;NA;NA;NA;NA;NA;NA;NA;NA;NA;NA;NA;NA;NA;NA;NA;NA;NA;NA;NA;NA;NA;NA;NA;NA;NA;NA;NA;NA;NA;NA;NA;NA;NA;NA;NA;NA;NA;NA;NA;NA;NA;NA;NA;NA;NA;NA;NA;NA;NA;NA;NA;NA;NA;NA;NA;NA;NA;NA;NA;NA;NA;NA;NA;NA;NA;NA;NA;NA;NA;NA;NA;NA;NA;NA;NA;NA;NA;0
gh - hj;1294;0;0;NA;0;0;0;0;0;0;0;0;0;0;0;1;0;0;0;0;0;NA;NA;NA;0;0;0;0;0;0;0;NA;NA;1;NA;NA;NA;NA;NA;NA;NA;NA;NA;NA;NA;NA;NA;NA;NA;NA;NA;NA;NA;NA;NA;NA;NA;NA;NA;NA;NA;NA;NA;NA;NA;NA;NA;NA;NA;NA;NA;NA;NA;NA;NA;NA;NA;NA;NA;NA;NA;NA;NA;NA;NA;NA;NA;NA;NA;NA;NA;NA;NA;NA;NA;NA;NA;NA;NA;NA;NA;NA;NA;NA;NA;NA;NA;NA;NA;NA;NA;NA;NA;NA;0
gh - hj;1295;0;1;0;0;0;0;0;0;0;0;0;0;0;0;1;0;0;0;0;0;NA;NA;NA;0;0;0;0;0;0;0;NA;NA;1;NA;NA;NA;NA;NA;NA;NA;NA;NA;NA;NA;NA;NA;NA;NA;NA;NA;NA;NA;NA;NA;NA;NA;NA;NA;NA;NA;NA;NA;NA;NA;NA;NA;NA;NA;NA;NA;NA;NA;NA;NA;NA;NA;NA;NA;NA;NA;NA;NA;NA;NA;NA;NA;NA;NA;NA;NA;NA;NA;NA;NA;NA;NA;NA;NA;NA;NA;NA;NA;NA;NA;NA;NA;NA;NA;NA;NA;NA;NA;NA;0
gh - hr;1296;0;0;NA;0;0;0;0;0;0;0;0;0;0;0;0;NA;NA;NA;NA;NA;NA;NA;NA;NA;NA;NA;0;0;0;0;NA;1;NA;NA;NA;NA;NA;NA;NA;NA;NA;NA;NA;NA;NA;NA;NA;NA;NA;NA;NA;NA;NA;NA;NA;NA;NA;NA;NA;NA;0;0;NA;0;NA;NA;0;NA;NA;0;NA;NA;NA;NA;NA;NA;0;NA;NA;NA;NA;NA;NA;NA;NA;NA;NA;NA;1;0;NA;NA;NA;NA;NA;NA;NA;NA;NA;NA;NA;NA;NA;NA;NA;NA;NA;NA;NA;NA;NA;NA;NA;NA
gh - hr;1297;0;1;0;0;0;0;0;0;0;0;0;0;0;0;0;NA;NA;NA;NA;NA;NA;NA;NA;NA;NA;NA;0;0;0;0;NA;1;NA;NA;NA;NA;NA;NA;NA;NA;NA;NA;NA;NA;NA;NA;NA;NA;NA;NA;NA;NA;NA;NA;NA;NA;NA;NA;NA;NA;0;0;NA;0;NA;NA;0;NA;NA;0;NA;NA;NA;NA;NA;NA;0;NA;NA;NA;NA;NA;NA;NA;NA;NA;NA;NA;1;0;NA;NA;NA;NA;NA;NA;NA;NA;NA;NA;NA;NA;NA;NA;NA;NA;NA;NA;NA;NA;NA;NA;NA;NA
gh - hr;1298;0;0;NA;0;0;0;0;0;0;0;0;0;0;0;1;0;0;0;0;1;0;0;0;NA;NA;NA;0;0;0;0;NA;1;NA;NA;NA;NA;NA;NA;NA;NA;NA;NA;NA;NA;NA;NA;NA;NA;NA;NA;NA;NA;NA;NA;NA;NA;NA;NA;NA;NA;0;0;NA;0;NA;NA;0;NA;NA;0;NA;NA;NA;NA;NA;NA;0;NA;NA;NA;NA;NA;NA;NA;NA;NA;NA;NA;1;0;NA;NA;NA;NA;NA;NA;NA;NA;NA;NA;NA;NA;NA;NA;NA;NA;NA;NA;NA;NA;NA;NA;NA;NA
gh - hr;1299;0;1;0;0;0;0;0;0;0;0;0;0;0;0;1;0;0;0;0;1;0;0;0;NA;NA;NA;0;0;0;0;NA;1;NA;NA;NA;NA;NA;NA;NA;NA;NA;NA;NA;NA;NA;NA;NA;NA;NA;NA;NA;NA;NA;NA;NA;NA;NA;NA;NA;NA;0;0;NA;0;NA;NA;0;NA;NA;0;NA;NA;NA;NA;NA;NA;0;NA;NA;NA;NA;NA;NA;NA;NA;NA;NA;NA;1;0;NA;NA;NA;NA;NA;NA;NA;NA;NA;NA;NA;NA;NA;NA;NA;NA;NA;NA;NA;NA;NA;NA;NA;NA
gh - hr;1300;0;0;NA;0;0;0;0;0;0;0;0;0;0;0;1;0;0;0;0;0;NA;NA;NA;0;0;0;0;0;0;0;NA;1;NA;NA;NA;NA;NA;NA;NA;NA;NA;NA;NA;NA;NA;NA;NA;NA;NA;NA;NA;NA;NA;NA;NA;NA;NA;NA;NA;NA;0;0;NA;0;NA;NA;0;NA;NA;0;NA;NA;NA;NA;NA;NA;0;NA;NA;NA;NA;NA;NA;NA;NA;NA;NA;NA;1;0;NA;NA;NA;NA;NA;NA;NA;NA;NA;NA;NA;NA;NA;NA;NA;NA;NA;NA;NA;NA;NA;NA;NA;NA
gh - hr;1301;0;1;0;0;0;0;0;0;0;0;0;0;0;0;1;0;0;0;0;0;NA;NA;NA;0;0;0;0;0;0;0;NA;1;NA;NA;NA;NA;NA;NA;NA;NA;NA;NA;NA;NA;NA;NA;NA;NA;NA;NA;NA;NA;NA;NA;NA;NA;NA;NA;NA;NA;0;0;NA;0;NA;NA;0;NA;NA;0;NA;NA;NA;NA;NA;NA;0;NA;NA;NA;NA;NA;NA;NA;NA;NA;NA;NA;1;0;NA;NA;NA;NA;NA;NA;NA;NA;NA;NA;NA;NA;NA;NA;NA;NA;NA;NA;NA;NA;NA;NA;NA;NA
gh - hr;1302;0;0;NA;0;0;0;0;0;0;0;0;0;0;0;0;NA;NA;NA;NA;NA;NA;NA;NA;NA;NA;NA;0;0;0;0;1;NA;NA;1;NA;NA;NA;NA;NA;NA;NA;NA;NA;NA;NA;NA;NA;NA;NA;NA;NA;NA;NA;NA;NA;NA;NA;NA;NA;NA;0;0;NA;0;NA;NA;0;NA;NA;0;NA;NA;NA;NA;NA;NA;0;NA;NA;NA;NA;NA;NA;NA;NA;NA;NA;NA;1;0;NA;NA;NA;NA;NA;NA;NA;NA;NA;NA;NA;NA;NA;NA;NA;NA;NA;NA;NA;NA;NA;NA;NA;NA
gh - hr;1303;0;1;0;0;0;0;0;0;0;0;0;0;0;0;0;NA;NA;NA;NA;NA;NA;NA;NA;NA;NA;NA;0;0;0;0;1;NA;NA;1;NA;NA;NA;NA;NA;NA;NA;NA;NA;NA;NA;NA;NA;NA;NA;NA;NA;NA;NA;NA;NA;NA;NA;NA;NA;NA;0;0;NA;0;NA;NA;0;NA;NA;0;NA;NA;NA;NA;NA;NA;0;NA;NA;NA;NA;NA;NA;NA;NA;NA;NA;NA;1;0;NA;NA;NA;NA;NA;NA;NA;NA;NA;NA;NA;NA;NA;NA;NA;NA;NA;NA;NA;NA;NA;NA;NA;NA
gh - hr;1304;0;0;NA;0;0;0;0;0;0;0;0;0;0;0;1;0;0;0;0;1;0;0;0;NA;NA;NA;0;0;0;0;1;NA;NA;1;NA;NA;NA;NA;NA;NA;NA;NA;NA;NA;NA;NA;NA;NA;NA;NA;NA;NA;NA;NA;NA;NA;NA;NA;NA;NA;0;0;NA;0;NA;NA;0;NA;NA;0;NA;NA;NA;NA;NA;NA;0;NA;NA;NA;NA;NA;NA;NA;NA;NA;NA;NA;1;0;NA;NA;NA;NA;NA;NA;NA;NA;NA;NA;NA;NA;NA;NA;NA;NA;NA;NA;NA;NA;NA;NA;NA;NA
gh - hr;1305;0;1;0;0;0;0;0;0;0;0;0;0;0;0;1;0;0;0;0;1;0;0;0;NA;NA;NA;0;0;0;0;1;NA;NA;1;NA;NA;NA;NA;NA;NA;NA;NA;NA;NA;NA;NA;NA;NA;NA;NA;NA;NA;NA;NA;NA;NA;NA;NA;NA;NA;0;0;NA;0;NA;NA;0;NA;NA;0;NA;NA;NA;NA;NA;NA;0;NA;NA;NA;NA;NA;NA;NA;NA;NA;NA;NA;1;0;NA;NA;NA;NA;NA;NA;NA;NA;NA;NA;NA;NA;NA;NA;NA;NA;NA;NA;NA;NA;NA;NA;NA;NA
gh - hr;1306;0;0;NA;0;0;0;0;0;0;0;0;0;0;0;1;0;0;0;0;0;NA;NA;NA;0;0;0;0;0;0;0;1;NA;NA;1;NA;NA;NA;NA;NA;NA;NA;NA;NA;NA;NA;NA;NA;NA;NA;NA;NA;NA;NA;NA;NA;NA;NA;NA;NA;NA;0;0;NA;0;NA;NA;0;NA;NA;0;NA;NA;NA;NA;NA;NA;0;NA;NA;NA;NA;NA;NA;NA;NA;NA;NA;NA;1;0;NA;NA;NA;NA;NA;NA;NA;NA;NA;NA;NA;NA;NA;NA;NA;NA;NA;NA;NA;NA;NA;NA;NA;NA
gh - hr;1307;0;1;0;0;0;0;0;0;0;0;0;0;0;0;1;0;0;0;0;0;NA;NA;NA;0;0;0;0;0;0;0;1;NA;NA;1;NA;NA;NA;NA;NA;NA;NA;NA;NA;NA;NA;NA;NA;NA;NA;NA;NA;NA;NA;NA;NA;NA;NA;NA;NA;NA;0;0;NA;0;NA;NA;0;NA;NA;0;NA;NA;NA;NA;NA;NA;0;NA;NA;NA;NA;NA;NA;NA;NA;NA;NA;NA;1;0;NA;NA;NA;NA;NA;NA;NA;NA;NA;NA;NA;NA;NA;NA;NA;NA;NA;NA;NA;NA;NA;NA;NA;NA
gh - hr;1308;0;0;NA;0;0;0;0;0;0;0;0;0;0;0;0;NA;NA;NA;NA;NA;NA;NA;NA;NA;NA;NA;0;0;0;1;NA;NA;NA;1;NA;NA;NA;NA;NA;NA;0;0;NA;NA;NA;NA;NA;NA;0;1;NA;NA;NA;NA;NA;NA;NA;NA;NA;NA;0;0;NA;0;NA;NA;0;NA;NA;0;NA;NA;NA;NA;NA;NA;0;NA;NA;NA;NA;NA;NA;NA;NA;NA;NA;NA;1;0;NA;NA;NA;NA;NA;NA;NA;NA;NA;NA;NA;NA;NA;NA;NA;NA;NA;NA;NA;NA;NA;NA;NA;NA
gh - hr;1309;0;1;0;0;0;0;0;0;0;0;0;0;0;0;0;NA;NA;NA;NA;NA;NA;NA;NA;NA;NA;NA;0;0;0;1;NA;NA;NA;1;NA;NA;NA;NA;NA;NA;0;0;NA;NA;NA;NA;NA;NA;0;1;NA;NA;NA;NA;NA;NA;NA;NA;NA;NA;0;0;NA;0;NA;NA;0;NA;NA;0;NA;NA;NA;NA;NA;NA;0;NA;NA;NA;NA;NA;NA;NA;NA;NA;NA;NA;1;0;NA;NA;NA;NA;NA;NA;NA;NA;NA;NA;NA;NA;NA;NA;NA;NA;NA;NA;NA;NA;NA;NA;NA;NA
gh - hr;1310;0;0;NA;0;0;0;0;0;0;0;0;0;0;0;1;0;0;0;0;1;0;0;0;NA;NA;NA;0;0;0;1;NA;NA;NA;1;NA;NA;NA;NA;NA;NA;0;0;NA;NA;NA;NA;NA;NA;0;1;NA;NA;NA;NA;NA;NA;NA;NA;NA;NA;0;0;NA;0;NA;NA;0;NA;NA;0;NA;NA;NA;NA;NA;NA;0;NA;NA;NA;NA;NA;NA;NA;NA;NA;NA;NA;1;0;NA;NA;NA;NA;NA;NA;NA;NA;NA;NA;NA;NA;NA;NA;NA;NA;NA;NA;NA;NA;NA;NA;NA;NA
gh - hr;1311;0;1;0;0;0;0;0;0;0;0;0;0;0;0;1;0;0;0;0;1;0;0;0;NA;NA;NA;0;0;0;1;NA;NA;NA;1;NA;NA;NA;NA;NA;NA;0;0;NA;NA;NA;NA;NA;NA;0;1;NA;NA;NA;NA;NA;NA;NA;NA;NA;NA;0;0;NA;0;NA;NA;0;NA;NA;0;NA;NA;NA;NA;NA;NA;0;NA;NA;NA;NA;NA;NA;NA;NA;NA;NA;NA;1;0;NA;NA;NA;NA;NA;NA;NA;NA;NA;NA;NA;NA;NA;NA;NA;NA;NA;NA;NA;NA;NA;NA;NA;NA
gh - hr;1312;0;0;NA;0;0;0;0;0;0;0;0;0;0;0;1;0;0;0;0;0;NA;NA;NA;0;0;0;0;0;0;1;NA;NA;NA;1;NA;NA;NA;NA;NA;NA;0;0;NA;NA;NA;NA;NA;NA;0;1;NA;NA;NA;NA;NA;NA;NA;NA;NA;NA;0;0;NA;0;NA;NA;0;NA;NA;0;NA;NA;NA;NA;NA;NA;0;NA;NA;NA;NA;NA;NA;NA;NA;NA;NA;NA;1;0;NA;NA;NA;NA;NA;NA;NA;NA;NA;NA;NA;NA;NA;NA;NA;NA;NA;NA;NA;NA;NA;NA;NA;NA
gh - hr;1313;0;1;0;0;0;0;0;0;0;0;0;0;0;0;1;0;0;0;0;0;NA;NA;NA;0;0;0;0;0;0;1;NA;NA;NA;1;NA;NA;NA;NA;NA;NA;0;0;NA;NA;NA;NA;NA;NA;0;1;NA;NA;NA;NA;NA;NA;NA;NA;NA;NA;0;0;NA;0;NA;NA;0;NA;NA;0;NA;NA;NA;NA;NA;NA;0;NA;NA;NA;NA;NA;NA;NA;NA;NA;NA;NA;1;0;NA;NA;NA;NA;NA;NA;NA;NA;NA;NA;NA;NA;NA;NA;NA;NA;NA;NA;NA;NA;NA;NA;NA;NA
gh - hr;1314;0;0;NA;0;0;0;0;0;0;0;0;0;0;0;0;NA;NA;NA;NA;NA;NA;NA;NA;NA;NA;NA;0;0;0;1;NA;NA;NA;NA;NA;NA;NA;NA;NA;NA;0;0;NA;NA;NA;NA;NA;NA;0;0;1;NA;NA;NA;NA;NA;NA;NA;NA;NA;0;0;NA;0;NA;NA;0;NA;NA;0;NA;NA;NA;NA;NA;NA;0;NA;NA;NA;NA;NA;NA;NA;NA;NA;NA;NA;1;0;NA;NA;NA;NA;NA;NA;NA;NA;NA;NA;NA;NA;NA;NA;NA;NA;NA;NA;NA;NA;NA;NA;NA;NA
gh - hr;1315;0;1;0;0;0;0;0;0;0;0;0;0;0;0;0;NA;NA;NA;NA;NA;NA;NA;NA;NA;NA;NA;0;0;0;1;NA;NA;NA;NA;NA;NA;NA;NA;NA;NA;0;0;NA;NA;NA;NA;NA;NA;0;0;1;NA;NA;NA;NA;NA;NA;NA;NA;NA;0;0;NA;0;NA;NA;0;NA;NA;0;NA;NA;NA;NA;NA;NA;0;NA;NA;NA;NA;NA;NA;NA;NA;NA;NA;NA;1;0;NA;NA;NA;NA;NA;NA;NA;NA;NA;NA;NA;NA;NA;NA;NA;NA;NA;NA;NA;NA;NA;NA;NA;NA
gh - hr;1316;0;0;NA;0;0;0;0;0;0;0;0;0;0;0;1;0;0;0;0;1;0;0;0;NA;NA;NA;0;0;0;1;NA;NA;NA;NA;NA;NA;NA;NA;NA;NA;0;0;NA;NA;NA;NA;NA;NA;0;0;1;NA;NA;NA;NA;NA;NA;NA;NA;NA;0;0;NA;0;NA;NA;0;NA;NA;0;NA;NA;NA;NA;NA;NA;0;NA;NA;NA;NA;NA;NA;NA;NA;NA;NA;NA;1;0;NA;NA;NA;NA;NA;NA;NA;NA;NA;NA;NA;NA;NA;NA;NA;NA;NA;NA;NA;NA;NA;NA;NA;NA
gh - hr;1317;0;1;0;0;0;0;0;0;0;0;0;0;0;0;1;0;0;0;0;1;0;0;0;NA;NA;NA;0;0;0;1;NA;NA;NA;NA;NA;NA;NA;NA;NA;NA;0;0;NA;NA;NA;NA;NA;NA;0;0;1;NA;NA;NA;NA;NA;NA;NA;NA;NA;0;0;NA;0;NA;NA;0;NA;NA;0;NA;NA;NA;NA;NA;NA;0;NA;NA;NA;NA;NA;NA;NA;NA;NA;NA;NA;1;0;NA;NA;NA;NA;NA;NA;NA;NA;NA;NA;NA;NA;NA;NA;NA;NA;NA;NA;NA;NA;NA;NA;NA;NA
gh - hr;1318;0;0;NA;0;0;0;0;0;0;0;0;0;0;0;1;0;0;0;0;0;NA;NA;NA;0;0;0;0;0;0;1;NA;NA;NA;NA;NA;NA;NA;NA;NA;NA;0;0;NA;NA;NA;NA;NA;NA;0;0;1;NA;NA;NA;NA;NA;NA;NA;NA;NA;0;0;NA;0;NA;NA;0;NA;NA;0;NA;NA;NA;NA;NA;NA;0;NA;NA;NA;NA;NA;NA;NA;NA;NA;NA;NA;1;0;NA;NA;NA;NA;NA;NA;NA;NA;NA;NA;NA;NA;NA;NA;NA;NA;NA;NA;NA;NA;NA;NA;NA;NA
gh - hr;1319;0;1;0;0;0;0;0;0;0;0;0;0;0;0;1;0;0;0;0;0;NA;NA;NA;0;0;0;0;0;0;1;NA;NA;NA;NA;NA;NA;NA;NA;NA;NA;0;0;NA;NA;NA;NA;NA;NA;0;0;1;NA;NA;NA;NA;NA;NA;NA;NA;NA;0;0;NA;0;NA;NA;0;NA;NA;0;NA;NA;NA;NA;NA;NA;0;NA;NA;NA;NA;NA;NA;NA;NA;NA;NA;NA;1;0;NA;NA;NA;NA;NA;NA;NA;NA;NA;NA;NA;NA;NA;NA;NA;NA;NA;NA;NA;NA;NA;NA;NA;NA
gh - hr;1320;0;0;NA;0;0;0;0;0;0;0;0;0;0;0;0;NA;NA;NA;NA;NA;NA;NA;NA;NA;NA;NA;0;0;0;0;NA;1;NA;NA;NA;NA;NA;NA;NA;NA;NA;NA;NA;NA;NA;NA;NA;NA;NA;NA;NA;NA;NA;NA;NA;NA;NA;NA;NA;NA;0;0;NA;0;NA;NA;0;NA;NA;1;0;NA;NA;NA;NA;NA;0;NA;NA;NA;NA;NA;NA;NA;NA;NA;NA;NA;1;0;NA;NA;NA;NA;NA;NA;NA;NA;NA;NA;NA;NA;NA;NA;NA;NA;NA;NA;NA;NA;NA;NA;NA;NA
gh - hr;1321;0;1;0;0;0;0;0;0;0;0;0;0;0;0;0;NA;NA;NA;NA;NA;NA;NA;NA;NA;NA;NA;0;0;0;0;NA;1;NA;NA;NA;NA;NA;NA;NA;NA;NA;NA;NA;NA;NA;NA;NA;NA;NA;NA;NA;NA;NA;NA;NA;NA;NA;NA;NA;NA;0;0;NA;0;NA;NA;0;NA;NA;1;0;NA;NA;NA;NA;NA;0;NA;NA;NA;NA;NA;NA;NA;NA;NA;NA;NA;1;0;NA;NA;NA;NA;NA;NA;NA;NA;NA;NA;NA;NA;NA;NA;NA;NA;NA;NA;NA;NA;NA;NA;NA;NA
gh - hr;1322;0;0;NA;0;0;0;0;0;0;0;0;0;0;0;1;0;0;0;0;1;0;0;0;NA;NA;NA;0;0;0;0;NA;1;NA;NA;NA;NA;NA;NA;NA;NA;NA;NA;NA;NA;NA;NA;NA;NA;NA;NA;NA;NA;NA;NA;NA;NA;NA;NA;NA;NA;0;0;NA;0;NA;NA;0;NA;NA;1;0;NA;NA;NA;NA;NA;0;NA;NA;NA;NA;NA;NA;NA;NA;NA;NA;NA;1;0;NA;NA;NA;NA;NA;NA;NA;NA;NA;NA;NA;NA;NA;NA;NA;NA;NA;NA;NA;NA;NA;NA;NA;NA
gh - hr;1323;0;1;0;0;0;0;0;0;0;0;0;0;0;0;1;0;0;0;0;1;0;0;0;NA;NA;NA;0;0;0;0;NA;1;NA;NA;NA;NA;NA;NA;NA;NA;NA;NA;NA;NA;NA;NA;NA;NA;NA;NA;NA;NA;NA;NA;NA;NA;NA;NA;NA;NA;0;0;NA;0;NA;NA;0;NA;NA;1;0;NA;NA;NA;NA;NA;0;NA;NA;NA;NA;NA;NA;NA;NA;NA;NA;NA;1;0;NA;NA;NA;NA;NA;NA;NA;NA;NA;NA;NA;NA;NA;NA;NA;NA;NA;NA;NA;NA;NA;NA;NA;NA
gh - hr;1324;0;0;NA;0;0;0;0;0;0;0;0;0;0;0;1;0;0;0;0;0;NA;NA;NA;0;0;0;0;0;0;0;NA;1;NA;NA;NA;NA;NA;NA;NA;NA;NA;NA;NA;NA;NA;NA;NA;NA;NA;NA;NA;NA;NA;NA;NA;NA;NA;NA;NA;NA;0;0;NA;0;NA;NA;0;NA;NA;1;0;NA;NA;NA;NA;NA;0;NA;NA;NA;NA;NA;NA;NA;NA;NA;NA;NA;1;0;NA;NA;NA;NA;NA;NA;NA;NA;NA;NA;NA;NA;NA;NA;NA;NA;NA;NA;NA;NA;NA;NA;NA;NA
gh - hr;1325;0;1;0;0;0;0;0;0;0;0;0;0;0;0;1;0;0;0;0;0;NA;NA;NA;0;0;0;0;0;0;0;NA;1;NA;NA;NA;NA;NA;NA;NA;NA;NA;NA;NA;NA;NA;NA;NA;NA;NA;NA;NA;NA;NA;NA;NA;NA;NA;NA;NA;NA;0;0;NA;0;NA;NA;0;NA;NA;1;0;NA;NA;NA;NA;NA;0;NA;NA;NA;NA;NA;NA;NA;NA;NA;NA;NA;1;0;NA;NA;NA;NA;NA;NA;NA;NA;NA;NA;NA;NA;NA;NA;NA;NA;NA;NA;NA;NA;NA;NA;NA;NA
gh - hr;1326;0;0;NA;0;0;0;0;0;0;0;0;0;0;0;0;NA;NA;NA;NA;NA;NA;NA;NA;NA;NA;NA;0;0;0;0;1;NA;NA;1;NA;NA;NA;NA;NA;NA;NA;NA;NA;NA;NA;NA;NA;NA;NA;NA;NA;NA;NA;NA;NA;NA;NA;NA;NA;NA;0;0;NA;0;NA;NA;0;NA;NA;1;0;NA;NA;NA;NA;NA;0;NA;NA;NA;NA;NA;NA;NA;NA;NA;NA;NA;1;0;NA;NA;NA;NA;NA;NA;NA;NA;NA;NA;NA;NA;NA;NA;NA;NA;NA;NA;NA;NA;NA;NA;NA;NA
gh - hr;1327;0;1;0;0;0;0;0;0;0;0;0;0;0;0;0;NA;NA;NA;NA;NA;NA;NA;NA;NA;NA;NA;0;0;0;0;1;NA;NA;1;NA;NA;NA;NA;NA;NA;NA;NA;NA;NA;NA;NA;NA;NA;NA;NA;NA;NA;NA;NA;NA;NA;NA;NA;NA;NA;0;0;NA;0;NA;NA;0;NA;NA;1;0;NA;NA;NA;NA;NA;0;NA;NA;NA;NA;NA;NA;NA;NA;NA;NA;NA;1;0;NA;NA;NA;NA;NA;NA;NA;NA;NA;NA;NA;NA;NA;NA;NA;NA;NA;NA;NA;NA;NA;NA;NA;NA
gh - hr;1328;0;0;NA;0;0;0;0;0;0;0;0;0;0;0;1;0;0;0;0;1;0;0;0;NA;NA;NA;0;0;0;0;1;NA;NA;1;NA;NA;NA;NA;NA;NA;NA;NA;NA;NA;NA;NA;NA;NA;NA;NA;NA;NA;NA;NA;NA;NA;NA;NA;NA;NA;0;0;NA;0;NA;NA;0;NA;NA;1;0;NA;NA;NA;NA;NA;0;NA;NA;NA;NA;NA;NA;NA;NA;NA;NA;NA;1;0;NA;NA;NA;NA;NA;NA;NA;NA;NA;NA;NA;NA;NA;NA;NA;NA;NA;NA;NA;NA;NA;NA;NA;NA
gh - hr;1329;0;1;0;0;0;0;0;0;0;0;0;0;0;0;1;0;0;0;0;1;0;0;0;NA;NA;NA;0;0;0;0;1;NA;NA;1;NA;NA;NA;NA;NA;NA;NA;NA;NA;NA;NA;NA;NA;NA;NA;NA;NA;NA;NA;NA;NA;NA;NA;NA;NA;NA;0;0;NA;0;NA;NA;0;NA;NA;1;0;NA;NA;NA;NA;NA;0;NA;NA;NA;NA;NA;NA;NA;NA;NA;NA;NA;1;0;NA;NA;NA;NA;NA;NA;NA;NA;NA;NA;NA;NA;NA;NA;NA;NA;NA;NA;NA;NA;NA;NA;NA;NA
gh - hr;1330;0;0;NA;0;0;0;0;0;0;0;0;0;0;0;1;0;0;0;0;0;NA;NA;NA;0;0;0;0;0;0;0;1;NA;NA;1;NA;NA;NA;NA;NA;NA;NA;NA;NA;NA;NA;NA;NA;NA;NA;NA;NA;NA;NA;NA;NA;NA;NA;NA;NA;NA;0;0;NA;0;NA;NA;0;NA;NA;1;0;NA;NA;NA;NA;NA;0;NA;NA;NA;NA;NA;NA;NA;NA;NA;NA;NA;1;0;NA;NA;NA;NA;NA;NA;NA;NA;NA;NA;NA;NA;NA;NA;NA;NA;NA;NA;NA;NA;NA;NA;NA;NA
gh - hr;1331;0;1;0;0;0;0;0;0;0;0;0;0;0;0;1;0;0;0;0;0;NA;NA;NA;0;0;0;0;0;0;0;1;NA;NA;1;NA;NA;NA;NA;NA;NA;NA;NA;NA;NA;NA;NA;NA;NA;NA;NA;NA;NA;NA;NA;NA;NA;NA;NA;NA;NA;0;0;NA;0;NA;NA;0;NA;NA;1;0;NA;NA;NA;NA;NA;0;NA;NA;NA;NA;NA;NA;NA;NA;NA;NA;NA;1;0;NA;NA;NA;NA;NA;NA;NA;NA;NA;NA;NA;NA;NA;NA;NA;NA;NA;NA;NA;NA;NA;NA;NA;NA
gh - hr;1332;0;0;NA;0;0;0;0;0;0;0;0;0;0;0;0;NA;NA;NA;NA;NA;NA;NA;NA;NA;NA;NA;0;0;0;1;NA;NA;NA;1;NA;NA;NA;NA;NA;NA;0;0;NA;NA;NA;NA;NA;NA;0;1;NA;NA;NA;NA;NA;NA;NA;NA;NA;NA;0;0;NA;0;NA;NA;0;NA;NA;1;0;NA;NA;NA;NA;NA;0;NA;NA;NA;NA;NA;NA;NA;NA;NA;NA;NA;1;0;NA;NA;NA;NA;NA;NA;NA;NA;NA;NA;NA;NA;NA;NA;NA;NA;NA;NA;NA;NA;NA;NA;NA;NA
gh - hr;1333;0;1;0;0;0;0;0;0;0;0;0;0;0;0;0;NA;NA;NA;NA;NA;NA;NA;NA;NA;NA;NA;0;0;0;1;NA;NA;NA;1;NA;NA;NA;NA;NA;NA;0;0;NA;NA;NA;NA;NA;NA;0;1;NA;NA;NA;NA;NA;NA;NA;NA;NA;NA;0;0;NA;0;NA;NA;0;NA;NA;1;0;NA;NA;NA;NA;NA;0;NA;NA;NA;NA;NA;NA;NA;NA;NA;NA;NA;1;0;NA;NA;NA;NA;NA;NA;NA;NA;NA;NA;NA;NA;NA;NA;NA;NA;NA;NA;NA;NA;NA;NA;NA;NA
gh - hr;1334;0;0;NA;0;0;0;0;0;0;0;0;0;0;0;1;0;0;0;0;1;0;0;0;NA;NA;NA;0;0;0;1;NA;NA;NA;1;NA;NA;NA;NA;NA;NA;0;0;NA;NA;NA;NA;NA;NA;0;1;NA;NA;NA;NA;NA;NA;NA;NA;NA;NA;0;0;NA;0;NA;NA;0;NA;NA;1;0;NA;NA;NA;NA;NA;0;NA;NA;NA;NA;NA;NA;NA;NA;NA;NA;NA;1;0;NA;NA;NA;NA;NA;NA;NA;NA;NA;NA;NA;NA;NA;NA;NA;NA;NA;NA;NA;NA;NA;NA;NA;NA
gh - hr;1335;0;1;0;0;0;0;0;0;0;0;0;0;0;0;1;0;0;0;0;1;0;0;0;NA;NA;NA;0;0;0;1;NA;NA;NA;1;NA;NA;NA;NA;NA;NA;0;0;NA;NA;NA;NA;NA;NA;0;1;NA;NA;NA;NA;NA;NA;NA;NA;NA;NA;0;0;NA;0;NA;NA;0;NA;NA;1;0;NA;NA;NA;NA;NA;0;NA;NA;NA;NA;NA;NA;NA;NA;NA;NA;NA;1;0;NA;NA;NA;NA;NA;NA;NA;NA;NA;NA;NA;NA;NA;NA;NA;NA;NA;NA;NA;NA;NA;NA;NA;NA
gh - hr;1336;0;0;NA;0;0;0;0;0;0;0;0;0;0;0;1;0;0;0;0;0;NA;NA;NA;0;0;0;0;0;0;1;NA;NA;NA;1;NA;NA;NA;NA;NA;NA;0;0;NA;NA;NA;NA;NA;NA;0;1;NA;NA;NA;NA;NA;NA;NA;NA;NA;NA;0;0;NA;0;NA;NA;0;NA;NA;1;0;NA;NA;NA;NA;NA;0;NA;NA;NA;NA;NA;NA;NA;NA;NA;NA;NA;1;0;NA;NA;NA;NA;NA;NA;NA;NA;NA;NA;NA;NA;NA;NA;NA;NA;NA;NA;NA;NA;NA;NA;NA;NA
gh - hr;1337;0;1;0;0;0;0;0;0;0;0;0;0;0;0;1;0;0;0;0;0;NA;NA;NA;0;0;0;0;0;0;1;NA;NA;NA;1;NA;NA;NA;NA;NA;NA;0;0;NA;NA;NA;NA;NA;NA;0;1;NA;NA;NA;NA;NA;NA;NA;NA;NA;NA;0;0;NA;0;NA;NA;0;NA;NA;1;0;NA;NA;NA;NA;NA;0;NA;NA;NA;NA;NA;NA;NA;NA;NA;NA;NA;1;0;NA;NA;NA;NA;NA;NA;NA;NA;NA;NA;NA;NA;NA;NA;NA;NA;NA;NA;NA;NA;NA;NA;NA;NA
gh - hr;1338;0;0;NA;0;0;0;0;0;0;0;0;0;0;0;0;NA;NA;NA;NA;NA;NA;NA;NA;NA;NA;NA;0;0;0;1;NA;NA;NA;NA;NA;NA;NA;NA;NA;NA;0;0;NA;NA;NA;NA;NA;NA;0;0;1;NA;NA;NA;NA;NA;NA;NA;NA;NA;0;0;NA;0;NA;NA;0;NA;NA;1;0;NA;NA;NA;NA;NA;0;NA;NA;NA;NA;NA;NA;NA;NA;NA;NA;NA;1;0;NA;NA;NA;NA;NA;NA;NA;NA;NA;NA;NA;NA;NA;NA;NA;NA;NA;NA;NA;NA;NA;NA;NA;NA
gh - hr;1339;0;1;0;0;0;0;0;0;0;0;0;0;0;0;0;NA;NA;NA;NA;NA;NA;NA;NA;NA;NA;NA;0;0;0;1;NA;NA;NA;NA;NA;NA;NA;NA;NA;NA;0;0;NA;NA;NA;NA;NA;NA;0;0;1;NA;NA;NA;NA;NA;NA;NA;NA;NA;0;0;NA;0;NA;NA;0;NA;NA;1;0;NA;NA;NA;NA;NA;0;NA;NA;NA;NA;NA;NA;NA;NA;NA;NA;NA;1;0;NA;NA;NA;NA;NA;NA;NA;NA;NA;NA;NA;NA;NA;NA;NA;NA;NA;NA;NA;NA;NA;NA;NA;NA
gh - hr;1340;0;0;NA;0;0;0;0;0;0;0;0;0;0;0;1;0;0;0;0;1;0;0;0;NA;NA;NA;0;0;0;1;NA;NA;NA;NA;NA;NA;NA;NA;NA;NA;0;0;NA;NA;NA;NA;NA;NA;0;0;1;NA;NA;NA;NA;NA;NA;NA;NA;NA;0;0;NA;0;NA;NA;0;NA;NA;1;0;NA;NA;NA;NA;NA;0;NA;NA;NA;NA;NA;NA;NA;NA;NA;NA;NA;1;0;NA;NA;NA;NA;NA;NA;NA;NA;NA;NA;NA;NA;NA;NA;NA;NA;NA;NA;NA;NA;NA;NA;NA;NA
gh - hr;1341;0;1;0;0;0;0;0;0;0;0;0;0;0;0;1;0;0;0;0;1;0;0;0;NA;NA;NA;0;0;0;1;NA;NA;NA;NA;NA;NA;NA;NA;NA;NA;0;0;NA;NA;NA;NA;NA;NA;0;0;1;NA;NA;NA;NA;NA;NA;NA;NA;NA;0;0;NA;0;NA;NA;0;NA;NA;1;0;NA;NA;NA;NA;NA;0;NA;NA;NA;NA;NA;NA;NA;NA;NA;NA;NA;1;0;NA;NA;NA;NA;NA;NA;NA;NA;NA;NA;NA;NA;NA;NA;NA;NA;NA;NA;NA;NA;NA;NA;NA;NA
gh - hr;1342;0;0;NA;0;0;0;0;0;0;0;0;0;0;0;1;0;0;0;0;0;NA;NA;NA;0;0;0;0;0;0;1;NA;NA;NA;NA;NA;NA;NA;NA;NA;NA;0;0;NA;NA;NA;NA;NA;NA;0;0;1;NA;NA;NA;NA;NA;NA;NA;NA;NA;0;0;NA;0;NA;NA;0;NA;NA;1;0;NA;NA;NA;NA;NA;0;NA;NA;NA;NA;NA;NA;NA;NA;NA;NA;NA;1;0;NA;NA;NA;NA;NA;NA;NA;NA;NA;NA;NA;NA;NA;NA;NA;NA;NA;NA;NA;NA;NA;NA;NA;NA
gh - hr;1343;0;1;0;0;0;0;0;0;0;0;0;0;0;0;1;0;0;0;0;0;NA;NA;NA;0;0;0;0;0;0;1;NA;NA;NA;NA;NA;NA;NA;NA;NA;NA;0;0;NA;NA;NA;NA;NA;NA;0;0;1;NA;NA;NA;NA;NA;NA;NA;NA;NA;0;0;NA;0;NA;NA;0;NA;NA;1;0;NA;NA;NA;NA;NA;0;NA;NA;NA;NA;NA;NA;NA;NA;NA;NA;NA;1;0;NA;NA;NA;NA;NA;NA;NA;NA;NA;NA;NA;NA;NA;NA;NA;NA;NA;NA;NA;NA;NA;NA;NA;NA
gh - hr;1344;0;0;NA;0;0;0;0;0;0;0;0;0;0;0;0;NA;NA;NA;NA;NA;NA;NA;NA;NA;NA;NA;0;0;0;0;NA;1;NA;NA;NA;NA;NA;NA;NA;NA;NA;NA;NA;NA;NA;NA;NA;NA;NA;NA;NA;NA;NA;NA;NA;NA;NA;NA;NA;NA;0;0;NA;0;NA;NA;0;NA;NA;0;NA;NA;NA;NA;NA;NA;1;0;NA;NA;NA;NA;NA;NA;NA;NA;NA;NA;1;0;NA;NA;NA;NA;NA;NA;NA;NA;NA;NA;NA;NA;NA;NA;NA;NA;NA;NA;NA;NA;NA;NA;NA;NA
gh - hr;1345;0;1;0;0;0;0;0;0;0;0;0;0;0;0;0;NA;NA;NA;NA;NA;NA;NA;NA;NA;NA;NA;0;0;0;0;NA;1;NA;NA;NA;NA;NA;NA;NA;NA;NA;NA;NA;NA;NA;NA;NA;NA;NA;NA;NA;NA;NA;NA;NA;NA;NA;NA;NA;NA;0;0;NA;0;NA;NA;0;NA;NA;0;NA;NA;NA;NA;NA;NA;1;0;NA;NA;NA;NA;NA;NA;NA;NA;NA;NA;1;0;NA;NA;NA;NA;NA;NA;NA;NA;NA;NA;NA;NA;NA;NA;NA;NA;NA;NA;NA;NA;NA;NA;NA;NA
gh - hr;1346;0;0;NA;0;0;0;0;0;0;0;0;0;0;0;1;0;0;0;0;1;0;0;0;NA;NA;NA;0;0;0;0;NA;1;NA;NA;NA;NA;NA;NA;NA;NA;NA;NA;NA;NA;NA;NA;NA;NA;NA;NA;NA;NA;NA;NA;NA;NA;NA;NA;NA;NA;0;0;NA;0;NA;NA;0;NA;NA;0;NA;NA;NA;NA;NA;NA;1;0;NA;NA;NA;NA;NA;NA;NA;NA;NA;NA;1;0;NA;NA;NA;NA;NA;NA;NA;NA;NA;NA;NA;NA;NA;NA;NA;NA;NA;NA;NA;NA;NA;NA;NA;NA
gh - hr;1347;0;1;0;0;0;0;0;0;0;0;0;0;0;0;1;0;0;0;0;1;0;0;0;NA;NA;NA;0;0;0;0;NA;1;NA;NA;NA;NA;NA;NA;NA;NA;NA;NA;NA;NA;NA;NA;NA;NA;NA;NA;NA;NA;NA;NA;NA;NA;NA;NA;NA;NA;0;0;NA;0;NA;NA;0;NA;NA;0;NA;NA;NA;NA;NA;NA;1;0;NA;NA;NA;NA;NA;NA;NA;NA;NA;NA;1;0;NA;NA;NA;NA;NA;NA;NA;NA;NA;NA;NA;NA;NA;NA;NA;NA;NA;NA;NA;NA;NA;NA;NA;NA
gh - hr;1348;0;0;NA;0;0;0;0;0;0;0;0;0;0;0;1;0;0;0;0;0;NA;NA;NA;0;0;0;0;0;0;0;NA;1;NA;NA;NA;NA;NA;NA;NA;NA;NA;NA;NA;NA;NA;NA;NA;NA;NA;NA;NA;NA;NA;NA;NA;NA;NA;NA;NA;NA;0;0;NA;0;NA;NA;0;NA;NA;0;NA;NA;NA;NA;NA;NA;1;0;NA;NA;NA;NA;NA;NA;NA;NA;NA;NA;1;0;NA;NA;NA;NA;NA;NA;NA;NA;NA;NA;NA;NA;NA;NA;NA;NA;NA;NA;NA;NA;NA;NA;NA;NA
gh - hr;1349;0;1;0;0;0;0;0;0;0;0;0;0;0;0;1;0;0;0;0;0;NA;NA;NA;0;0;0;0;0;0;0;NA;1;NA;NA;NA;NA;NA;NA;NA;NA;NA;NA;NA;NA;NA;NA;NA;NA;NA;NA;NA;NA;NA;NA;NA;NA;NA;NA;NA;NA;0;0;NA;0;NA;NA;0;NA;NA;0;NA;NA;NA;NA;NA;NA;1;0;NA;NA;NA;NA;NA;NA;NA;NA;NA;NA;1;0;NA;NA;NA;NA;NA;NA;NA;NA;NA;NA;NA;NA;NA;NA;NA;NA;NA;NA;NA;NA;NA;NA;NA;NA
gh - hr;1350;0;0;NA;0;0;0;0;0;0;0;0;0;0;0;0;NA;NA;NA;NA;NA;NA;NA;NA;NA;NA;NA;0;0;0;0;1;NA;NA;1;NA;NA;NA;NA;NA;NA;NA;NA;NA;NA;NA;NA;NA;NA;NA;NA;NA;NA;NA;NA;NA;NA;NA;NA;NA;NA;0;0;NA;0;NA;NA;0;NA;NA;0;NA;NA;NA;NA;NA;NA;1;0;NA;NA;NA;NA;NA;NA;NA;NA;NA;NA;1;0;NA;NA;NA;NA;NA;NA;NA;NA;NA;NA;NA;NA;NA;NA;NA;NA;NA;NA;NA;NA;NA;NA;NA;NA
gh - hr;1351;0;1;0;0;0;0;0;0;0;0;0;0;0;0;0;NA;NA;NA;NA;NA;NA;NA;NA;NA;NA;NA;0;0;0;0;1;NA;NA;1;NA;NA;NA;NA;NA;NA;NA;NA;NA;NA;NA;NA;NA;NA;NA;NA;NA;NA;NA;NA;NA;NA;NA;NA;NA;NA;0;0;NA;0;NA;NA;0;NA;NA;0;NA;NA;NA;NA;NA;NA;1;0;NA;NA;NA;NA;NA;NA;NA;NA;NA;NA;1;0;NA;NA;NA;NA;NA;NA;NA;NA;NA;NA;NA;NA;NA;NA;NA;NA;NA;NA;NA;NA;NA;NA;NA;NA
gh - hr;1352;0;0;NA;0;0;0;0;0;0;0;0;0;0;0;1;0;0;0;0;1;0;0;0;NA;NA;NA;0;0;0;0;1;NA;NA;1;NA;NA;NA;NA;NA;NA;NA;NA;NA;NA;NA;NA;NA;NA;NA;NA;NA;NA;NA;NA;NA;NA;NA;NA;NA;NA;0;0;NA;0;NA;NA;0;NA;NA;0;NA;NA;NA;NA;NA;NA;1;0;NA;NA;NA;NA;NA;NA;NA;NA;NA;NA;1;0;NA;NA;NA;NA;NA;NA;NA;NA;NA;NA;NA;NA;NA;NA;NA;NA;NA;NA;NA;NA;NA;NA;NA;NA
gh - hr;1353;0;1;0;0;0;0;0;0;0;0;0;0;0;0;1;0;0;0;0;1;0;0;0;NA;NA;NA;0;0;0;0;1;NA;NA;1;NA;NA;NA;NA;NA;NA;NA;NA;NA;NA;NA;NA;NA;NA;NA;NA;NA;NA;NA;NA;NA;NA;NA;NA;NA;NA;0;0;NA;0;NA;NA;0;NA;NA;0;NA;NA;NA;NA;NA;NA;1;0;NA;NA;NA;NA;NA;NA;NA;NA;NA;NA;1;0;NA;NA;NA;NA;NA;NA;NA;NA;NA;NA;NA;NA;NA;NA;NA;NA;NA;NA;NA;NA;NA;NA;NA;NA
gh - hr;1354;0;0;NA;0;0;0;0;0;0;0;0;0;0;0;1;0;0;0;0;0;NA;NA;NA;0;0;0;0;0;0;0;1;NA;NA;1;NA;NA;NA;NA;NA;NA;NA;NA;NA;NA;NA;NA;NA;NA;NA;NA;NA;NA;NA;NA;NA;NA;NA;NA;NA;NA;0;0;NA;0;NA;NA;0;NA;NA;0;NA;NA;NA;NA;NA;NA;1;0;NA;NA;NA;NA;NA;NA;NA;NA;NA;NA;1;0;NA;NA;NA;NA;NA;NA;NA;NA;NA;NA;NA;NA;NA;NA;NA;NA;NA;NA;NA;NA;NA;NA;NA;NA
gh - hr;1355;0;1;0;0;0;0;0;0;0;0;0;0;0;0;1;0;0;0;0;0;NA;NA;NA;0;0;0;0;0;0;0;1;NA;NA;1;NA;NA;NA;NA;NA;NA;NA;NA;NA;NA;NA;NA;NA;NA;NA;NA;NA;NA;NA;NA;NA;NA;NA;NA;NA;NA;0;0;NA;0;NA;NA;0;NA;NA;0;NA;NA;NA;NA;NA;NA;1;0;NA;NA;NA;NA;NA;NA;NA;NA;NA;NA;1;0;NA;NA;NA;NA;NA;NA;NA;NA;NA;NA;NA;NA;NA;NA;NA;NA;NA;NA;NA;NA;NA;NA;NA;NA
gh - hr;1356;0;0;NA;0;0;0;0;0;0;0;0;0;0;0;0;NA;NA;NA;NA;NA;NA;NA;NA;NA;NA;NA;0;0;0;1;NA;NA;NA;1;NA;NA;NA;NA;NA;NA;0;0;NA;NA;NA;NA;NA;NA;0;1;NA;NA;NA;NA;NA;NA;NA;NA;NA;NA;0;0;NA;0;NA;NA;0;NA;NA;0;NA;NA;NA;NA;NA;NA;1;0;NA;NA;NA;NA;NA;NA;NA;NA;NA;NA;1;0;NA;NA;NA;NA;NA;NA;NA;NA;NA;NA;NA;NA;NA;NA;NA;NA;NA;NA;NA;NA;NA;NA;NA;NA
gh - hr;1357;0;1;0;0;0;0;0;0;0;0;0;0;0;0;0;NA;NA;NA;NA;NA;NA;NA;NA;NA;NA;NA;0;0;0;1;NA;NA;NA;1;NA;NA;NA;NA;NA;NA;0;0;NA;NA;NA;NA;NA;NA;0;1;NA;NA;NA;NA;NA;NA;NA;NA;NA;NA;0;0;NA;0;NA;NA;0;NA;NA;0;NA;NA;NA;NA;NA;NA;1;0;NA;NA;NA;NA;NA;NA;NA;NA;NA;NA;1;0;NA;NA;NA;NA;NA;NA;NA;NA;NA;NA;NA;NA;NA;NA;NA;NA;NA;NA;NA;NA;NA;NA;NA;NA
gh - hr;1358;0;0;NA;0;0;0;0;0;0;0;0;0;0;0;1;0;0;0;0;1;0;0;0;NA;NA;NA;0;0;0;1;NA;NA;NA;1;NA;NA;NA;NA;NA;NA;0;0;NA;NA;NA;NA;NA;NA;0;1;NA;NA;NA;NA;NA;NA;NA;NA;NA;NA;0;0;NA;0;NA;NA;0;NA;NA;0;NA;NA;NA;NA;NA;NA;1;0;NA;NA;NA;NA;NA;NA;NA;NA;NA;NA;1;0;NA;NA;NA;NA;NA;NA;NA;NA;NA;NA;NA;NA;NA;NA;NA;NA;NA;NA;NA;NA;NA;NA;NA;NA
gh - hr;1359;0;1;0;0;0;0;0;0;0;0;0;0;0;0;1;0;0;0;0;1;0;0;0;NA;NA;NA;0;0;0;1;NA;NA;NA;1;NA;NA;NA;NA;NA;NA;0;0;NA;NA;NA;NA;NA;NA;0;1;NA;NA;NA;NA;NA;NA;NA;NA;NA;NA;0;0;NA;0;NA;NA;0;NA;NA;0;NA;NA;NA;NA;NA;NA;1;0;NA;NA;NA;NA;NA;NA;NA;NA;NA;NA;1;0;NA;NA;NA;NA;NA;NA;NA;NA;NA;NA;NA;NA;NA;NA;NA;NA;NA;NA;NA;NA;NA;NA;NA;NA
gh - hr;1360;0;0;NA;0;0;0;0;0;0;0;0;0;0;0;1;0;0;0;0;0;NA;NA;NA;0;0;0;0;0;0;1;NA;NA;NA;1;NA;NA;NA;NA;NA;NA;0;0;NA;NA;NA;NA;NA;NA;0;1;NA;NA;NA;NA;NA;NA;NA;NA;NA;NA;0;0;NA;0;NA;NA;0;NA;NA;0;NA;NA;NA;NA;NA;NA;1;0;NA;NA;NA;NA;NA;NA;NA;NA;NA;NA;1;0;NA;NA;NA;NA;NA;NA;NA;NA;NA;NA;NA;NA;NA;NA;NA;NA;NA;NA;NA;NA;NA;NA;NA;NA
gh - hr;1361;0;1;0;0;0;0;0;0;0;0;0;0;0;0;1;0;0;0;0;0;NA;NA;NA;0;0;0;0;0;0;1;NA;NA;NA;1;NA;NA;NA;NA;NA;NA;0;0;NA;NA;NA;NA;NA;NA;0;1;NA;NA;NA;NA;NA;NA;NA;NA;NA;NA;0;0;NA;0;NA;NA;0;NA;NA;0;NA;NA;NA;NA;NA;NA;1;0;NA;NA;NA;NA;NA;NA;NA;NA;NA;NA;1;0;NA;NA;NA;NA;NA;NA;NA;NA;NA;NA;NA;NA;NA;NA;NA;NA;NA;NA;NA;NA;NA;NA;NA;NA
gh - hr;1362;0;0;NA;0;0;0;0;0;0;0;0;0;0;0;0;NA;NA;NA;NA;NA;NA;NA;NA;NA;NA;NA;0;0;0;1;NA;NA;NA;NA;NA;NA;NA;NA;NA;NA;0;0;NA;NA;NA;NA;NA;NA;0;0;1;NA;NA;NA;NA;NA;NA;NA;NA;NA;0;0;NA;0;NA;NA;0;NA;NA;0;NA;NA;NA;NA;NA;NA;1;0;NA;NA;NA;NA;NA;NA;NA;NA;NA;NA;1;0;NA;NA;NA;NA;NA;NA;NA;NA;NA;NA;NA;NA;NA;NA;NA;NA;NA;NA;NA;NA;NA;NA;NA;NA
gh - hr;1363;0;1;0;0;0;0;0;0;0;0;0;0;0;0;0;NA;NA;NA;NA;NA;NA;NA;NA;NA;NA;NA;0;0;0;1;NA;NA;NA;NA;NA;NA;NA;NA;NA;NA;0;0;NA;NA;NA;NA;NA;NA;0;0;1;NA;NA;NA;NA;NA;NA;NA;NA;NA;0;0;NA;0;NA;NA;0;NA;NA;0;NA;NA;NA;NA;NA;NA;1;0;NA;NA;NA;NA;NA;NA;NA;NA;NA;NA;1;0;NA;NA;NA;NA;NA;NA;NA;NA;NA;NA;NA;NA;NA;NA;NA;NA;NA;NA;NA;NA;NA;NA;NA;NA
gh - hr;1364;0;0;NA;0;0;0;0;0;0;0;0;0;0;0;1;0;0;0;0;1;0;0;0;NA;NA;NA;0;0;0;1;NA;NA;NA;NA;NA;NA;NA;NA;NA;NA;0;0;NA;NA;NA;NA;NA;NA;0;0;1;NA;NA;NA;NA;NA;NA;NA;NA;NA;0;0;NA;0;NA;NA;0;NA;NA;0;NA;NA;NA;NA;NA;NA;1;0;NA;NA;NA;NA;NA;NA;NA;NA;NA;NA;1;0;NA;NA;NA;NA;NA;NA;NA;NA;NA;NA;NA;NA;NA;NA;NA;NA;NA;NA;NA;NA;NA;NA;NA;NA
gh - hr;1365;0;1;0;0;0;0;0;0;0;0;0;0;0;0;1;0;0;0;0;1;0;0;0;NA;NA;NA;0;0;0;1;NA;NA;NA;NA;NA;NA;NA;NA;NA;NA;0;0;NA;NA;NA;NA;NA;NA;0;0;1;NA;NA;NA;NA;NA;NA;NA;NA;NA;0;0;NA;0;NA;NA;0;NA;NA;0;NA;NA;NA;NA;NA;NA;1;0;NA;NA;NA;NA;NA;NA;NA;NA;NA;NA;1;0;NA;NA;NA;NA;NA;NA;NA;NA;NA;NA;NA;NA;NA;NA;NA;NA;NA;NA;NA;NA;NA;NA;NA;NA
gh - hr;1366;0;0;NA;0;0;0;0;0;0;0;0;0;0;0;1;0;0;0;0;0;NA;NA;NA;0;0;0;0;0;0;1;NA;NA;NA;NA;NA;NA;NA;NA;NA;NA;0;0;NA;NA;NA;NA;NA;NA;0;0;1;NA;NA;NA;NA;NA;NA;NA;NA;NA;0;0;NA;0;NA;NA;0;NA;NA;0;NA;NA;NA;NA;NA;NA;1;0;NA;NA;NA;NA;NA;NA;NA;NA;NA;NA;1;0;NA;NA;NA;NA;NA;NA;NA;NA;NA;NA;NA;NA;NA;NA;NA;NA;NA;NA;NA;NA;NA;NA;NA;NA
gh - hr;1367;0;1;0;0;0;0;0;0;0;0;0;0;0;0;1;0;0;0;0;0;NA;NA;NA;0;0;0;0;0;0;1;NA;NA;NA;NA;NA;NA;NA;NA;NA;NA;0;0;NA;NA;NA;NA;NA;NA;0;0;1;NA;NA;NA;NA;NA;NA;NA;NA;NA;0;0;NA;0;NA;NA;0;NA;NA;0;NA;NA;NA;NA;NA;NA;1;0;NA;NA;NA;NA;NA;NA;NA;NA;NA;NA;1;0;NA;NA;NA;NA;NA;NA;NA;NA;NA;NA;NA;NA;NA;NA;NA;NA;NA;NA;NA;NA;NA;NA;NA;NA
gh - hr;1368;0;0;NA;0;0;0;0;0;0;0;0;0;0;0;0;NA;NA;NA;NA;NA;NA;NA;NA;NA;NA;NA;0;0;0;0;NA;1;NA;NA;NA;NA;NA;NA;NA;NA;NA;NA;NA;NA;NA;NA;NA;NA;NA;NA;NA;NA;NA;NA;NA;NA;NA;NA;NA;NA;0;0;NA;0;NA;NA;0;NA;NA;1;0;NA;NA;NA;NA;NA;1;0;NA;NA;NA;NA;NA;NA;NA;NA;NA;NA;1;0;NA;NA;NA;NA;NA;NA;NA;NA;NA;NA;NA;NA;NA;NA;NA;NA;NA;NA;NA;NA;NA;NA;NA;NA
gh - hr;1369;0;1;0;0;0;0;0;0;0;0;0;0;0;0;0;NA;NA;NA;NA;NA;NA;NA;NA;NA;NA;NA;0;0;0;0;NA;1;NA;NA;NA;NA;NA;NA;NA;NA;NA;NA;NA;NA;NA;NA;NA;NA;NA;NA;NA;NA;NA;NA;NA;NA;NA;NA;NA;NA;0;0;NA;0;NA;NA;0;NA;NA;1;0;NA;NA;NA;NA;NA;1;0;NA;NA;NA;NA;NA;NA;NA;NA;NA;NA;1;0;NA;NA;NA;NA;NA;NA;NA;NA;NA;NA;NA;NA;NA;NA;NA;NA;NA;NA;NA;NA;NA;NA;NA;NA
gh - hr;1370;0;0;NA;0;0;0;0;0;0;0;0;0;0;0;1;0;0;0;0;1;0;0;0;NA;NA;NA;0;0;0;0;NA;1;NA;NA;NA;NA;NA;NA;NA;NA;NA;NA;NA;NA;NA;NA;NA;NA;NA;NA;NA;NA;NA;NA;NA;NA;NA;NA;NA;NA;0;0;NA;0;NA;NA;0;NA;NA;1;0;NA;NA;NA;NA;NA;1;0;NA;NA;NA;NA;NA;NA;NA;NA;NA;NA;1;0;NA;NA;NA;NA;NA;NA;NA;NA;NA;NA;NA;NA;NA;NA;NA;NA;NA;NA;NA;NA;NA;NA;NA;NA
gh - hr;1371;0;1;0;0;0;0;0;0;0;0;0;0;0;0;1;0;0;0;0;1;0;0;0;NA;NA;NA;0;0;0;0;NA;1;NA;NA;NA;NA;NA;NA;NA;NA;NA;NA;NA;NA;NA;NA;NA;NA;NA;NA;NA;NA;NA;NA;NA;NA;NA;NA;NA;NA;0;0;NA;0;NA;NA;0;NA;NA;1;0;NA;NA;NA;NA;NA;1;0;NA;NA;NA;NA;NA;NA;NA;NA;NA;NA;1;0;NA;NA;NA;NA;NA;NA;NA;NA;NA;NA;NA;NA;NA;NA;NA;NA;NA;NA;NA;NA;NA;NA;NA;NA
gh - hr;1372;0;0;NA;0;0;0;0;0;0;0;0;0;0;0;1;0;0;0;0;0;NA;NA;NA;0;0;0;0;0;0;0;NA;1;NA;NA;NA;NA;NA;NA;NA;NA;NA;NA;NA;NA;NA;NA;NA;NA;NA;NA;NA;NA;NA;NA;NA;NA;NA;NA;NA;NA;0;0;NA;0;NA;NA;0;NA;NA;1;0;NA;NA;NA;NA;NA;1;0;NA;NA;NA;NA;NA;NA;NA;NA;NA;NA;1;0;NA;NA;NA;NA;NA;NA;NA;NA;NA;NA;NA;NA;NA;NA;NA;NA;NA;NA;NA;NA;NA;NA;NA;NA
gh - hr;1373;0;1;0;0;0;0;0;0;0;0;0;0;0;0;1;0;0;0;0;0;NA;NA;NA;0;0;0;0;0;0;0;NA;1;NA;NA;NA;NA;NA;NA;NA;NA;NA;NA;NA;NA;NA;NA;NA;NA;NA;NA;NA;NA;NA;NA;NA;NA;NA;NA;NA;NA;0;0;NA;0;NA;NA;0;NA;NA;1;0;NA;NA;NA;NA;NA;1;0;NA;NA;NA;NA;NA;NA;NA;NA;NA;NA;1;0;NA;NA;NA;NA;NA;NA;NA;NA;NA;NA;NA;NA;NA;NA;NA;NA;NA;NA;NA;NA;NA;NA;NA;NA
gh - hr;1374;0;0;NA;0;0;0;0;0;0;0;0;0;0;0;0;NA;NA;NA;NA;NA;NA;NA;NA;NA;NA;NA;0;0;0;0;1;NA;NA;1;NA;NA;NA;NA;NA;NA;NA;NA;NA;NA;NA;NA;NA;NA;NA;NA;NA;NA;NA;NA;NA;NA;NA;NA;NA;NA;0;0;NA;0;NA;NA;0;NA;NA;1;0;NA;NA;NA;NA;NA;1;0;NA;NA;NA;NA;NA;NA;NA;NA;NA;NA;1;0;NA;NA;NA;NA;NA;NA;NA;NA;NA;NA;NA;NA;NA;NA;NA;NA;NA;NA;NA;NA;NA;NA;NA;NA
gh - hr;1375;0;1;0;0;0;0;0;0;0;0;0;0;0;0;0;NA;NA;NA;NA;NA;NA;NA;NA;NA;NA;NA;0;0;0;0;1;NA;NA;1;NA;NA;NA;NA;NA;NA;NA;NA;NA;NA;NA;NA;NA;NA;NA;NA;NA;NA;NA;NA;NA;NA;NA;NA;NA;NA;0;0;NA;0;NA;NA;0;NA;NA;1;0;NA;NA;NA;NA;NA;1;0;NA;NA;NA;NA;NA;NA;NA;NA;NA;NA;1;0;NA;NA;NA;NA;NA;NA;NA;NA;NA;NA;NA;NA;NA;NA;NA;NA;NA;NA;NA;NA;NA;NA;NA;NA
gh - hr;1376;0;0;NA;0;0;0;0;0;0;0;0;0;0;0;1;0;0;0;0;1;0;0;0;NA;NA;NA;0;0;0;0;1;NA;NA;1;NA;NA;NA;NA;NA;NA;NA;NA;NA;NA;NA;NA;NA;NA;NA;NA;NA;NA;NA;NA;NA;NA;NA;NA;NA;NA;0;0;NA;0;NA;NA;0;NA;NA;1;0;NA;NA;NA;NA;NA;1;0;NA;NA;NA;NA;NA;NA;NA;NA;NA;NA;1;0;NA;NA;NA;NA;NA;NA;NA;NA;NA;NA;NA;NA;NA;NA;NA;NA;NA;NA;NA;NA;NA;NA;NA;NA
gh - hr;1377;0;1;0;0;0;0;0;0;0;0;0;0;0;0;1;0;0;0;0;1;0;0;0;NA;NA;NA;0;0;0;0;1;NA;NA;1;NA;NA;NA;NA;NA;NA;NA;NA;NA;NA;NA;NA;NA;NA;NA;NA;NA;NA;NA;NA;NA;NA;NA;NA;NA;NA;0;0;NA;0;NA;NA;0;NA;NA;1;0;NA;NA;NA;NA;NA;1;0;NA;NA;NA;NA;NA;NA;NA;NA;NA;NA;1;0;NA;NA;NA;NA;NA;NA;NA;NA;NA;NA;NA;NA;NA;NA;NA;NA;NA;NA;NA;NA;NA;NA;NA;NA
gh - hr;1378;0;0;NA;0;0;0;0;0;0;0;0;0;0;0;1;0;0;0;0;0;NA;NA;NA;0;0;0;0;0;0;0;1;NA;NA;1;NA;NA;NA;NA;NA;NA;NA;NA;NA;NA;NA;NA;NA;NA;NA;NA;NA;NA;NA;NA;NA;NA;NA;NA;NA;NA;0;0;NA;0;NA;NA;0;NA;NA;1;0;NA;NA;NA;NA;NA;1;0;NA;NA;NA;NA;NA;NA;NA;NA;NA;NA;1;0;NA;NA;NA;NA;NA;NA;NA;NA;NA;NA;NA;NA;NA;NA;NA;NA;NA;NA;NA;NA;NA;NA;NA;NA
gh - hr;1379;0;1;0;0;0;0;0;0;0;0;0;0;0;0;1;0;0;0;0;0;NA;NA;NA;0;0;0;0;0;0;0;1;NA;NA;1;NA;NA;NA;NA;NA;NA;NA;NA;NA;NA;NA;NA;NA;NA;NA;NA;NA;NA;NA;NA;NA;NA;NA;NA;NA;NA;0;0;NA;0;NA;NA;0;NA;NA;1;0;NA;NA;NA;NA;NA;1;0;NA;NA;NA;NA;NA;NA;NA;NA;NA;NA;1;0;NA;NA;NA;NA;NA;NA;NA;NA;NA;NA;NA;NA;NA;NA;NA;NA;NA;NA;NA;NA;NA;NA;NA;NA
gh - hr;1380;0;0;NA;0;0;0;0;0;0;0;0;0;0;0;0;NA;NA;NA;NA;NA;NA;NA;NA;NA;NA;NA;0;0;0;1;NA;NA;NA;1;NA;NA;NA;NA;NA;NA;0;0;NA;NA;NA;NA;NA;NA;0;1;NA;NA;NA;NA;NA;NA;NA;NA;NA;NA;0;0;NA;0;NA;NA;0;NA;NA;1;0;NA;NA;NA;NA;NA;1;0;NA;NA;NA;NA;NA;NA;NA;NA;NA;NA;1;0;NA;NA;NA;NA;NA;NA;NA;NA;NA;NA;NA;NA;NA;NA;NA;NA;NA;NA;NA;NA;NA;NA;NA;NA
gh - hr;1381;0;1;0;0;0;0;0;0;0;0;0;0;0;0;0;NA;NA;NA;NA;NA;NA;NA;NA;NA;NA;NA;0;0;0;1;NA;NA;NA;1;NA;NA;NA;NA;NA;NA;0;0;NA;NA;NA;NA;NA;NA;0;1;NA;NA;NA;NA;NA;NA;NA;NA;NA;NA;0;0;NA;0;NA;NA;0;NA;NA;1;0;NA;NA;NA;NA;NA;1;0;NA;NA;NA;NA;NA;NA;NA;NA;NA;NA;1;0;NA;NA;NA;NA;NA;NA;NA;NA;NA;NA;NA;NA;NA;NA;NA;NA;NA;NA;NA;NA;NA;NA;NA;NA
gh - hr;1382;0;0;NA;0;0;0;0;0;0;0;0;0;0;0;1;0;0;0;0;1;0;0;0;NA;NA;NA;0;0;0;1;NA;NA;NA;1;NA;NA;NA;NA;NA;NA;0;0;NA;NA;NA;NA;NA;NA;0;1;NA;NA;NA;NA;NA;NA;NA;NA;NA;NA;0;0;NA;0;NA;NA;0;NA;NA;1;0;NA;NA;NA;NA;NA;1;0;NA;NA;NA;NA;NA;NA;NA;NA;NA;NA;1;0;NA;NA;NA;NA;NA;NA;NA;NA;NA;NA;NA;NA;NA;NA;NA;NA;NA;NA;NA;NA;NA;NA;NA;NA
gh - hr;1383;0;1;0;0;0;0;0;0;0;0;0;0;0;0;1;0;0;0;0;1;0;0;0;NA;NA;NA;0;0;0;1;NA;NA;NA;1;NA;NA;NA;NA;NA;NA;0;0;NA;NA;NA;NA;NA;NA;0;1;NA;NA;NA;NA;NA;NA;NA;NA;NA;NA;0;0;NA;0;NA;NA;0;NA;NA;1;0;NA;NA;NA;NA;NA;1;0;NA;NA;NA;NA;NA;NA;NA;NA;NA;NA;1;0;NA;NA;NA;NA;NA;NA;NA;NA;NA;NA;NA;NA;NA;NA;NA;NA;NA;NA;NA;NA;NA;NA;NA;NA
gh - hr;1384;0;0;NA;0;0;0;0;0;0;0;0;0;0;0;1;0;0;0;0;0;NA;NA;NA;0;0;0;0;0;0;1;NA;NA;NA;1;NA;NA;NA;NA;NA;NA;0;0;NA;NA;NA;NA;NA;NA;0;1;NA;NA;NA;NA;NA;NA;NA;NA;NA;NA;0;0;NA;0;NA;NA;0;NA;NA;1;0;NA;NA;NA;NA;NA;1;0;NA;NA;NA;NA;NA;NA;NA;NA;NA;NA;1;0;NA;NA;NA;NA;NA;NA;NA;NA;NA;NA;NA;NA;NA;NA;NA;NA;NA;NA;NA;NA;NA;NA;NA;NA
gh - hr;1385;0;1;0;0;0;0;0;0;0;0;0;0;0;0;1;0;0;0;0;0;NA;NA;NA;0;0;0;0;0;0;1;NA;NA;NA;1;NA;NA;NA;NA;NA;NA;0;0;NA;NA;NA;NA;NA;NA;0;1;NA;NA;NA;NA;NA;NA;NA;NA;NA;NA;0;0;NA;0;NA;NA;0;NA;NA;1;0;NA;NA;NA;NA;NA;1;0;NA;NA;NA;NA;NA;NA;NA;NA;NA;NA;1;0;NA;NA;NA;NA;NA;NA;NA;NA;NA;NA;NA;NA;NA;NA;NA;NA;NA;NA;NA;NA;NA;NA;NA;NA
gh - hr;1386;0;0;NA;0;0;0;0;0;0;0;0;0;0;0;0;NA;NA;NA;NA;NA;NA;NA;NA;NA;NA;NA;0;0;0;1;NA;NA;NA;NA;NA;NA;NA;NA;NA;NA;0;0;NA;NA;NA;NA;NA;NA;0;0;1;NA;NA;NA;NA;NA;NA;NA;NA;NA;0;0;NA;0;NA;NA;0;NA;NA;1;0;NA;NA;NA;NA;NA;1;0;NA;NA;NA;NA;NA;NA;NA;NA;NA;NA;1;0;NA;NA;NA;NA;NA;NA;NA;NA;NA;NA;NA;NA;NA;NA;NA;NA;NA;NA;NA;NA;NA;NA;NA;NA
gh - hr;1387;0;1;0;0;0;0;0;0;0;0;0;0;0;0;0;NA;NA;NA;NA;NA;NA;NA;NA;NA;NA;NA;0;0;0;1;NA;NA;NA;NA;NA;NA;NA;NA;NA;NA;0;0;NA;NA;NA;NA;NA;NA;0;0;1;NA;NA;NA;NA;NA;NA;NA;NA;NA;0;0;NA;0;NA;NA;0;NA;NA;1;0;NA;NA;NA;NA;NA;1;0;NA;NA;NA;NA;NA;NA;NA;NA;NA;NA;1;0;NA;NA;NA;NA;NA;NA;NA;NA;NA;NA;NA;NA;NA;NA;NA;NA;NA;NA;NA;NA;NA;NA;NA;NA
gh - hr;1388;0;0;NA;0;0;0;0;0;0;0;0;0;0;0;1;0;0;0;0;1;0;0;0;NA;NA;NA;0;0;0;1;NA;NA;NA;NA;NA;NA;NA;NA;NA;NA;0;0;NA;NA;NA;NA;NA;NA;0;0;1;NA;NA;NA;NA;NA;NA;NA;NA;NA;0;0;NA;0;NA;NA;0;NA;NA;1;0;NA;NA;NA;NA;NA;1;0;NA;NA;NA;NA;NA;NA;NA;NA;NA;NA;1;0;NA;NA;NA;NA;NA;NA;NA;NA;NA;NA;NA;NA;NA;NA;NA;NA;NA;NA;NA;NA;NA;NA;NA;NA
gh - hr;1389;0;1;0;0;0;0;0;0;0;0;0;0;0;0;1;0;0;0;0;1;0;0;0;NA;NA;NA;0;0;0;1;NA;NA;NA;NA;NA;NA;NA;NA;NA;NA;0;0;NA;NA;NA;NA;NA;NA;0;0;1;NA;NA;NA;NA;NA;NA;NA;NA;NA;0;0;NA;0;NA;NA;0;NA;NA;1;0;NA;NA;NA;NA;NA;1;0;NA;NA;NA;NA;NA;NA;NA;NA;NA;NA;1;0;NA;NA;NA;NA;NA;NA;NA;NA;NA;NA;NA;NA;NA;NA;NA;NA;NA;NA;NA;NA;NA;NA;NA;NA
gh - hr;1390;0;0;NA;0;0;0;0;0;0;0;0;0;0;0;1;0;0;0;0;0;NA;NA;NA;0;0;0;0;0;0;1;NA;NA;NA;NA;NA;NA;NA;NA;NA;NA;0;0;NA;NA;NA;NA;NA;NA;0;0;1;NA;NA;NA;NA;NA;NA;NA;NA;NA;0;0;NA;0;NA;NA;0;NA;NA;1;0;NA;NA;NA;NA;NA;1;0;NA;NA;NA;NA;NA;NA;NA;NA;NA;NA;1;0;NA;NA;NA;NA;NA;NA;NA;NA;NA;NA;NA;NA;NA;NA;NA;NA;NA;NA;NA;NA;NA;NA;NA;NA
gh - hr;1391;0;1;0;0;0;0;0;0;0;0;0;0;0;0;1;0;0;0;0;0;NA;NA;NA;0;0;0;0;0;0;1;NA;NA;NA;NA;NA;NA;NA;NA;NA;NA;0;0;NA;NA;NA;NA;NA;NA;0;0;1;NA;NA;NA;NA;NA;NA;NA;NA;NA;0;0;NA;0;NA;NA;0;NA;NA;1;0;NA;NA;NA;NA;NA;1;0;NA;NA;NA;NA;NA;NA;NA;NA;NA;NA;1;0;NA;NA;NA;NA;NA;NA;NA;NA;NA;NA;NA;NA;NA;NA;NA;NA;NA;NA;NA;NA;NA;NA;NA;NA
gh - mj;1392;0;0;NA;NA;1;NA;NA;NA;NA;NA;NA;NA;NA;NA;NA;NA;NA;NA;NA;NA;NA;NA;NA;NA;NA;NA;NA;NA;NA;NA;NA;NA;NA;NA;NA;NA;NA;NA;NA;NA;NA;NA;NA;NA;NA;NA;NA;NA;NA;NA;NA;NA;NA;NA;NA;NA;NA;NA;NA;NA;NA;NA;NA;NA;NA;NA;NA;NA;NA;NA;NA;NA;NA;NA;NA;NA;NA;NA;NA;NA;NA;NA;NA;NA;NA;NA;NA;NA;NA;NA;NA;NA;NA;NA;NA;NA;NA;NA;NA;NA;NA;NA;NA;NA;NA;NA;NA;NA;NA;NA;NA;NA;NA;1
gh - mj;1393;0;1;0;NA;1;NA;NA;NA;NA;NA;NA;NA;NA;NA;NA;NA;NA;NA;NA;NA;NA;NA;NA;NA;NA;NA;NA;NA;NA;NA;NA;NA;NA;NA;NA;NA;NA;NA;NA;NA;NA;NA;NA;NA;NA;NA;NA;NA;NA;NA;NA;NA;NA;NA;NA;NA;NA;NA;NA;NA;NA;NA;NA;NA;NA;NA;NA;NA;NA;NA;NA;NA;NA;NA;NA;NA;NA;NA;NA;NA;NA;NA;NA;NA;NA;NA;NA;NA;NA;NA;NA;NA;NA;NA;NA;NA;NA;NA;NA;NA;NA;NA;NA;NA;NA;NA;NA;NA;NA;NA;NA;NA;NA;1
gh - mj;1394;0;0;NA;0;0;0;0;0;0;0;0;0;0;0;0;NA;NA;NA;NA;NA;NA;NA;NA;NA;NA;NA;0;0;0;0;NA;NA;1;NA;NA;NA;NA;NA;NA;NA;NA;NA;NA;NA;NA;NA;NA;NA;NA;NA;NA;NA;NA;NA;NA;NA;NA;NA;NA;NA;NA;NA;NA;NA;NA;NA;NA;NA;NA;NA;NA;NA;NA;NA;NA;NA;NA;NA;NA;NA;NA;NA;NA;NA;NA;NA;NA;NA;NA;NA;NA;NA;NA;NA;NA;NA;NA;NA;NA;NA;NA;NA;NA;NA;NA;NA;NA;NA;NA;NA;NA;NA;NA;1
gh - mj;1395;0;1;0;0;0;0;0;0;0;0;0;0;0;0;0;NA;NA;NA;NA;NA;NA;NA;NA;NA;NA;NA;0;0;0;0;NA;NA;1;NA;NA;NA;NA;NA;NA;NA;NA;NA;NA;NA;NA;NA;NA;NA;NA;NA;NA;NA;NA;NA;NA;NA;NA;NA;NA;NA;NA;NA;NA;NA;NA;NA;NA;NA;NA;NA;NA;NA;NA;NA;NA;NA;NA;NA;NA;NA;NA;NA;NA;NA;NA;NA;NA;NA;NA;NA;NA;NA;NA;NA;NA;NA;NA;NA;NA;NA;NA;NA;NA;NA;NA;NA;NA;NA;NA;NA;NA;NA;NA;1
gh - mj;1396;0;0;NA;0;0;0;0;0;0;0;0;0;0;0;1;0;0;0;0;1;0;0;0;NA;NA;NA;0;0;0;0;NA;NA;1;NA;NA;NA;NA;NA;NA;NA;NA;NA;NA;NA;NA;NA;NA;NA;NA;NA;NA;NA;NA;NA;NA;NA;NA;NA;NA;NA;NA;NA;NA;NA;NA;NA;NA;NA;NA;NA;NA;NA;NA;NA;NA;NA;NA;NA;NA;NA;NA;NA;NA;NA;NA;NA;NA;NA;NA;NA;NA;NA;NA;NA;NA;NA;NA;NA;NA;NA;NA;NA;NA;NA;NA;NA;NA;NA;NA;NA;NA;NA;NA;1
gh - mj;1397;0;1;0;0;0;0;0;0;0;0;0;0;0;0;1;0;0;0;0;1;0;0;0;NA;NA;NA;0;0;0;0;NA;NA;1;NA;NA;NA;NA;NA;NA;NA;NA;NA;NA;NA;NA;NA;NA;NA;NA;NA;NA;NA;NA;NA;NA;NA;NA;NA;NA;NA;NA;NA;NA;NA;NA;NA;NA;NA;NA;NA;NA;NA;NA;NA;NA;NA;NA;NA;NA;NA;NA;NA;NA;NA;NA;NA;NA;NA;NA;NA;NA;NA;NA;NA;NA;NA;NA;NA;NA;NA;NA;NA;NA;NA;NA;NA;NA;NA;NA;NA;NA;NA;NA;1
gh - mj;1398;0;0;NA;0;0;0;0;0;0;0;0;0;0;0;1;0;0;0;0;0;NA;NA;NA;0;0;0;0;0;0;0;NA;NA;1;NA;NA;NA;NA;NA;NA;NA;NA;NA;NA;NA;NA;NA;NA;NA;NA;NA;NA;NA;NA;NA;NA;NA;NA;NA;NA;NA;NA;NA;NA;NA;NA;NA;NA;NA;NA;NA;NA;NA;NA;NA;NA;NA;NA;NA;NA;NA;NA;NA;NA;NA;NA;NA;NA;NA;NA;NA;NA;NA;NA;NA;NA;NA;NA;NA;NA;NA;NA;NA;NA;NA;NA;NA;NA;NA;NA;NA;NA;NA;NA;1
gh - mj;1399;0;1;0;0;0;0;0;0;0;0;0;0;0;0;1;0;0;0;0;0;NA;NA;NA;0;0;0;0;0;0;0;NA;NA;1;NA;NA;NA;NA;NA;NA;NA;NA;NA;NA;NA;NA;NA;NA;NA;NA;NA;NA;NA;NA;NA;NA;NA;NA;NA;NA;NA;NA;NA;NA;NA;NA;NA;NA;NA;NA;NA;NA;NA;NA;NA;NA;NA;NA;NA;NA;NA;NA;NA;NA;NA;NA;NA;NA;NA;NA;NA;NA;NA;NA;NA;NA;NA;NA;NA;NA;NA;NA;NA;NA;NA;NA;NA;NA;NA;NA;NA;NA;NA;NA;1
gh - mr;1400;0;0;NA;0;0;0;0;0;0;0;0;0;0;0;0;NA;NA;NA;NA;NA;NA;NA;NA;NA;NA;NA;0;0;0;1;NA;NA;NA;NA;NA;NA;NA;NA;NA;NA;0;0;NA;NA;NA;NA;NA;NA;0;0;0;0;NA;NA;NA;NA;0;0;0;0;NA;NA;NA;NA;NA;NA;NA;NA;NA;NA;NA;NA;NA;NA;NA;NA;NA;NA;NA;NA;NA;NA;NA;NA;NA;NA;NA;NA;NA;NA;NA;NA;NA;NA;NA;NA;NA;NA;NA;NA;NA;NA;NA;NA;NA;NA;NA;NA;NA;NA;NA;NA;NA;NA
gh - mr;1401;0;1;0;0;0;0;0;0;0;0;0;0;0;0;0;NA;NA;NA;NA;NA;NA;NA;NA;NA;NA;NA;0;0;0;1;NA;NA;NA;NA;NA;NA;NA;NA;NA;NA;0;0;NA;NA;NA;NA;NA;NA;0;0;0;0;NA;NA;NA;NA;0;0;0;0;NA;NA;NA;NA;NA;NA;NA;NA;NA;NA;NA;NA;NA;NA;NA;NA;NA;NA;NA;NA;NA;NA;NA;NA;NA;NA;NA;NA;NA;NA;NA;NA;NA;NA;NA;NA;NA;NA;NA;NA;NA;NA;NA;NA;NA;NA;NA;NA;NA;NA;NA;NA;NA;NA
gh - mr;1402;0;0;NA;0;0;0;0;0;0;0;0;0;0;0;1;0;0;0;0;1;0;0;0;NA;NA;NA;0;0;0;1;NA;NA;NA;NA;NA;NA;NA;NA;NA;NA;0;0;NA;NA;NA;NA;NA;NA;0;0;0;0;NA;NA;NA;NA;0;0;0;0;NA;NA;NA;NA;NA;NA;NA;NA;NA;NA;NA;NA;NA;NA;NA;NA;NA;NA;NA;NA;NA;NA;NA;NA;NA;NA;NA;NA;NA;NA;NA;NA;NA;NA;NA;NA;NA;NA;NA;NA;NA;NA;NA;NA;NA;NA;NA;NA;NA;NA;NA;NA;NA;NA
gh - mr;1403;0;1;0;0;0;0;0;0;0;0;0;0;0;0;1;0;0;0;0;1;0;0;0;NA;NA;NA;0;0;0;1;NA;NA;NA;NA;NA;NA;NA;NA;NA;NA;0;0;NA;NA;NA;NA;NA;NA;0;0;0;0;NA;NA;NA;NA;0;0;0;0;NA;NA;NA;NA;NA;NA;NA;NA;NA;NA;NA;NA;NA;NA;NA;NA;NA;NA;NA;NA;NA;NA;NA;NA;NA;NA;NA;NA;NA;NA;NA;NA;NA;NA;NA;NA;NA;NA;NA;NA;NA;NA;NA;NA;NA;NA;NA;NA;NA;NA;NA;NA;NA;NA
gh - mr;1404;0;0;NA;0;0;0;0;0;0;0;0;0;0;0;1;0;0;0;0;0;NA;NA;NA;0;0;0;0;0;0;1;NA;NA;NA;NA;NA;NA;NA;NA;NA;NA;0;0;NA;NA;NA;NA;NA;NA;0;0;0;0;NA;NA;NA;NA;0;0;0;0;NA;NA;NA;NA;NA;NA;NA;NA;NA;NA;NA;NA;NA;NA;NA;NA;NA;NA;NA;NA;NA;NA;NA;NA;NA;NA;NA;NA;NA;NA;NA;NA;NA;NA;NA;NA;NA;NA;NA;NA;NA;NA;NA;NA;NA;NA;NA;NA;NA;NA;NA;NA;NA;NA
gh - mr;1405;0;1;0;0;0;0;0;0;0;0;0;0;0;0;1;0;0;0;0;0;NA;NA;NA;0;0;0;0;0;0;1;NA;NA;NA;NA;NA;NA;NA;NA;NA;NA;0;0;NA;NA;NA;NA;NA;NA;0;0;0;0;NA;NA;NA;NA;0;0;0;0;NA;NA;NA;NA;NA;NA;NA;NA;NA;NA;NA;NA;NA;NA;NA;NA;NA;NA;NA;NA;NA;NA;NA;NA;NA;NA;NA;NA;NA;NA;NA;NA;NA;NA;NA;NA;NA;NA;NA;NA;NA;NA;NA;NA;NA;NA;NA;NA;NA;NA;NA;NA;NA;NA
gh - mr_min;1406;0;0;NA;0;0;0;0;0;0;0;0;0;0;0;0;NA;NA;NA;NA;NA;NA;NA;NA;NA;NA;NA;0;0;0;1;NA;NA;NA;NA;NA;NA;NA;NA;NA;NA;0;0;NA;NA;NA;NA;NA;NA;0;0;0;0;NA;NA;NA;NA;1;NA;NA;NA;NA;NA;NA;NA;NA;NA;NA;NA;NA;NA;NA;NA;NA;NA;NA;NA;NA;NA;NA;NA;NA;NA;NA;NA;NA;NA;NA;NA;NA;NA;NA;NA;NA;NA;NA;NA;NA;NA;NA;NA;NA;NA;NA;NA;NA;NA;NA;NA;NA;NA;NA;NA;NA;NA
gh - mr_min;1407;0;1;0;0;0;0;0;0;0;0;0;0;0;0;0;NA;NA;NA;NA;NA;NA;NA;NA;NA;NA;NA;0;0;0;1;NA;NA;NA;NA;NA;NA;NA;NA;NA;NA;0;0;NA;NA;NA;NA;NA;NA;0;0;0;0;NA;NA;NA;NA;1;NA;NA;NA;NA;NA;NA;NA;NA;NA;NA;NA;NA;NA;NA;NA;NA;NA;NA;NA;NA;NA;NA;NA;NA;NA;NA;NA;NA;NA;NA;NA;NA;NA;NA;NA;NA;NA;NA;NA;NA;NA;NA;NA;NA;NA;NA;NA;NA;NA;NA;NA;NA;NA;NA;NA;NA;NA
gh - mr_min;1408;0;0;NA;0;0;0;0;0;0;0;0;0;0;0;1;0;0;0;0;1;0;0;0;NA;NA;NA;0;0;0;1;NA;NA;NA;NA;NA;NA;NA;NA;NA;NA;0;0;NA;NA;NA;NA;NA;NA;0;0;0;0;NA;NA;NA;NA;1;NA;NA;NA;NA;NA;NA;NA;NA;NA;NA;NA;NA;NA;NA;NA;NA;NA;NA;NA;NA;NA;NA;NA;NA;NA;NA;NA;NA;NA;NA;NA;NA;NA;NA;NA;NA;NA;NA;NA;NA;NA;NA;NA;NA;NA;NA;NA;NA;NA;NA;NA;NA;NA;NA;NA;NA;NA
gh - mr_min;1409;0;1;0;0;0;0;0;0;0;0;0;0;0;0;1;0;0;0;0;1;0;0;0;NA;NA;NA;0;0;0;1;NA;NA;NA;NA;NA;NA;NA;NA;NA;NA;0;0;NA;NA;NA;NA;NA;NA;0;0;0;0;NA;NA;NA;NA;1;NA;NA;NA;NA;NA;NA;NA;NA;NA;NA;NA;NA;NA;NA;NA;NA;NA;NA;NA;NA;NA;NA;NA;NA;NA;NA;NA;NA;NA;NA;NA;NA;NA;NA;NA;NA;NA;NA;NA;NA;NA;NA;NA;NA;NA;NA;NA;NA;NA;NA;NA;NA;NA;NA;NA;NA;NA
gh - mr_min;1410;0;0;NA;0;0;0;0;0;0;0;0;0;0;0;1;0;0;0;0;0;NA;NA;NA;0;0;0;0;0;0;1;NA;NA;NA;NA;NA;NA;NA;NA;NA;NA;0;0;NA;NA;NA;NA;NA;NA;0;0;0;0;NA;NA;NA;NA;1;NA;NA;NA;NA;NA;NA;NA;NA;NA;NA;NA;NA;NA;NA;NA;NA;NA;NA;NA;NA;NA;NA;NA;NA;NA;NA;NA;NA;NA;NA;NA;NA;NA;NA;NA;NA;NA;NA;NA;NA;NA;NA;NA;NA;NA;NA;NA;NA;NA;NA;NA;NA;NA;NA;NA;NA;NA
gh - mr_min;1411;0;1;0;0;0;0;0;0;0;0;0;0;0;0;1;0;0;0;0;0;NA;NA;NA;0;0;0;0;0;0;1;NA;NA;NA;NA;NA;NA;NA;NA;NA;NA;0;0;NA;NA;NA;NA;NA;NA;0;0;0;0;NA;NA;NA;NA;1;NA;NA;NA;NA;NA;NA;NA;NA;NA;NA;NA;NA;NA;NA;NA;NA;NA;NA;NA;NA;NA;NA;NA;NA;NA;NA;NA;NA;NA;NA;NA;NA;NA;NA;NA;NA;NA;NA;NA;NA;NA;NA;NA;NA;NA;NA;NA;NA;NA;NA;NA;NA;NA;NA;NA;NA;NA
gh - mr_min;1412;0;0;NA;0;0;0;0;0;0;0;0;0;0;0;0;NA;NA;NA;NA;NA;NA;NA;NA;NA;NA;NA;0;0;0;1;NA;NA;NA;NA;NA;NA;NA;NA;NA;NA;0;0;NA;NA;NA;NA;NA;NA;0;0;0;0;NA;NA;NA;NA;NA;1;NA;NA;NA;NA;NA;NA;NA;NA;NA;NA;NA;NA;NA;NA;NA;NA;NA;NA;NA;NA;NA;NA;NA;NA;NA;NA;NA;NA;NA;NA;NA;NA;NA;NA;NA;NA;NA;NA;NA;NA;NA;NA;NA;NA;NA;NA;NA;NA;NA;NA;NA;NA;NA;NA;NA;NA
gh - mr_min;1413;0;1;0;0;0;0;0;0;0;0;0;0;0;0;0;NA;NA;NA;NA;NA;NA;NA;NA;NA;NA;NA;0;0;0;1;NA;NA;NA;NA;NA;NA;NA;NA;NA;NA;0;0;NA;NA;NA;NA;NA;NA;0;0;0;0;NA;NA;NA;NA;NA;1;NA;NA;NA;NA;NA;NA;NA;NA;NA;NA;NA;NA;NA;NA;NA;NA;NA;NA;NA;NA;NA;NA;NA;NA;NA;NA;NA;NA;NA;NA;NA;NA;NA;NA;NA;NA;NA;NA;NA;NA;NA;NA;NA;NA;NA;NA;NA;NA;NA;NA;NA;NA;NA;NA;NA;NA
gh - mr_min;1414;0;0;NA;0;0;0;0;0;0;0;0;0;0;0;1;0;0;0;0;1;0;0;0;NA;NA;NA;0;0;0;1;NA;NA;NA;NA;NA;NA;NA;NA;NA;NA;0;0;NA;NA;NA;NA;NA;NA;0;0;0;0;NA;NA;NA;NA;NA;1;NA;NA;NA;NA;NA;NA;NA;NA;NA;NA;NA;NA;NA;NA;NA;NA;NA;NA;NA;NA;NA;NA;NA;NA;NA;NA;NA;NA;NA;NA;NA;NA;NA;NA;NA;NA;NA;NA;NA;NA;NA;NA;NA;NA;NA;NA;NA;NA;NA;NA;NA;NA;NA;NA;NA;NA
gh - mr_min;1415;0;1;0;0;0;0;0;0;0;0;0;0;0;0;1;0;0;0;0;1;0;0;0;NA;NA;NA;0;0;0;1;NA;NA;NA;NA;NA;NA;NA;NA;NA;NA;0;0;NA;NA;NA;NA;NA;NA;0;0;0;0;NA;NA;NA;NA;NA;1;NA;NA;NA;NA;NA;NA;NA;NA;NA;NA;NA;NA;NA;NA;NA;NA;NA;NA;NA;NA;NA;NA;NA;NA;NA;NA;NA;NA;NA;NA;NA;NA;NA;NA;NA;NA;NA;NA;NA;NA;NA;NA;NA;NA;NA;NA;NA;NA;NA;NA;NA;NA;NA;NA;NA;NA
gh - mr_min;1416;0;0;NA;0;0;0;0;0;0;0;0;0;0;0;1;0;0;0;0;0;NA;NA;NA;0;0;0;0;0;0;1;NA;NA;NA;NA;NA;NA;NA;NA;NA;NA;0;0;NA;NA;NA;NA;NA;NA;0;0;0;0;NA;NA;NA;NA;NA;1;NA;NA;NA;NA;NA;NA;NA;NA;NA;NA;NA;NA;NA;NA;NA;NA;NA;NA;NA;NA;NA;NA;NA;NA;NA;NA;NA;NA;NA;NA;NA;NA;NA;NA;NA;NA;NA;NA;NA;NA;NA;NA;NA;NA;NA;NA;NA;NA;NA;NA;NA;NA;NA;NA;NA;NA
gh - mr_min;1417;0;1;0;0;0;0;0;0;0;0;0;0;0;0;1;0;0;0;0;0;NA;NA;NA;0;0;0;0;0;0;1;NA;NA;NA;NA;NA;NA;NA;NA;NA;NA;0;0;NA;NA;NA;NA;NA;NA;0;0;0;0;NA;NA;NA;NA;NA;1;NA;NA;NA;NA;NA;NA;NA;NA;NA;NA;NA;NA;NA;NA;NA;NA;NA;NA;NA;NA;NA;NA;NA;NA;NA;NA;NA;NA;NA;NA;NA;NA;NA;NA;NA;NA;NA;NA;NA;NA;NA;NA;NA;NA;NA;NA;NA;NA;NA;NA;NA;NA;NA;NA;NA;NA
gh - mr_min;1418;0;0;NA;0;0;0;0;0;0;0;0;0;0;0;0;NA;NA;NA;NA;NA;NA;NA;NA;NA;NA;NA;0;0;0;1;NA;NA;NA;NA;NA;NA;NA;NA;NA;NA;0;0;NA;NA;NA;NA;NA;NA;0;0;0;0;NA;NA;NA;NA;NA;NA;1;NA;NA;NA;NA;NA;NA;NA;NA;NA;NA;NA;NA;NA;NA;NA;NA;NA;NA;NA;NA;NA;NA;NA;NA;NA;NA;NA;NA;NA;NA;NA;NA;NA;NA;NA;NA;NA;NA;NA;NA;NA;NA;NA;NA;NA;NA;NA;NA;NA;NA;NA;NA;NA;NA;NA
gh - mr_min;1419;0;1;0;0;0;0;0;0;0;0;0;0;0;0;0;NA;NA;NA;NA;NA;NA;NA;NA;NA;NA;NA;0;0;0;1;NA;NA;NA;NA;NA;NA;NA;NA;NA;NA;0;0;NA;NA;NA;NA;NA;NA;0;0;0;0;NA;NA;NA;NA;NA;NA;1;NA;NA;NA;NA;NA;NA;NA;NA;NA;NA;NA;NA;NA;NA;NA;NA;NA;NA;NA;NA;NA;NA;NA;NA;NA;NA;NA;NA;NA;NA;NA;NA;NA;NA;NA;NA;NA;NA;NA;NA;NA;NA;NA;NA;NA;NA;NA;NA;NA;NA;NA;NA;NA;NA;NA
gh - mr_min;1420;0;0;NA;0;0;0;0;0;0;0;0;0;0;0;1;0;0;0;0;1;0;0;0;NA;NA;NA;0;0;0;1;NA;NA;NA;NA;NA;NA;NA;NA;NA;NA;0;0;NA;NA;NA;NA;NA;NA;0;0;0;0;NA;NA;NA;NA;NA;NA;1;NA;NA;NA;NA;NA;NA;NA;NA;NA;NA;NA;NA;NA;NA;NA;NA;NA;NA;NA;NA;NA;NA;NA;NA;NA;NA;NA;NA;NA;NA;NA;NA;NA;NA;NA;NA;NA;NA;NA;NA;NA;NA;NA;NA;NA;NA;NA;NA;NA;NA;NA;NA;NA;NA;NA
gh - mr_min;1421;0;1;0;0;0;0;0;0;0;0;0;0;0;0;1;0;0;0;0;1;0;0;0;NA;NA;NA;0;0;0;1;NA;NA;NA;NA;NA;NA;NA;NA;NA;NA;0;0;NA;NA;NA;NA;NA;NA;0;0;0;0;NA;NA;NA;NA;NA;NA;1;NA;NA;NA;NA;NA;NA;NA;NA;NA;NA;NA;NA;NA;NA;NA;NA;NA;NA;NA;NA;NA;NA;NA;NA;NA;NA;NA;NA;NA;NA;NA;NA;NA;NA;NA;NA;NA;NA;NA;NA;NA;NA;NA;NA;NA;NA;NA;NA;NA;NA;NA;NA;NA;NA;NA
gh - mr_min;1422;0;0;NA;0;0;0;0;0;0;0;0;0;0;0;1;0;0;0;0;0;NA;NA;NA;0;0;0;0;0;0;1;NA;NA;NA;NA;NA;NA;NA;NA;NA;NA;0;0;NA;NA;NA;NA;NA;NA;0;0;0;0;NA;NA;NA;NA;NA;NA;1;NA;NA;NA;NA;NA;NA;NA;NA;NA;NA;NA;NA;NA;NA;NA;NA;NA;NA;NA;NA;NA;NA;NA;NA;NA;NA;NA;NA;NA;NA;NA;NA;NA;NA;NA;NA;NA;NA;NA;NA;NA;NA;NA;NA;NA;NA;NA;NA;NA;NA;NA;NA;NA;NA;NA
gh - mr_min;1423;0;1;0;0;0;0;0;0;0;0;0;0;0;0;1;0;0;0;0;0;NA;NA;NA;0;0;0;0;0;0;1;NA;NA;NA;NA;NA;NA;NA;NA;NA;NA;0;0;NA;NA;NA;NA;NA;NA;0;0;0;0;NA;NA;NA;NA;NA;NA;1;NA;NA;NA;NA;NA;NA;NA;NA;NA;NA;NA;NA;NA;NA;NA;NA;NA;NA;NA;NA;NA;NA;NA;NA;NA;NA;NA;NA;NA;NA;NA;NA;NA;NA;NA;NA;NA;NA;NA;NA;NA;NA;NA;NA;NA;NA;NA;NA;NA;NA;NA;NA;NA;NA;NA
gh - mr_min;1424;0;0;NA;0;0;0;0;0;0;0;0;0;0;0;0;NA;NA;NA;NA;NA;NA;NA;NA;NA;NA;NA;0;0;0;1;NA;NA;NA;NA;NA;NA;NA;NA;NA;NA;0;0;NA;NA;NA;NA;NA;NA;0;0;0;0;NA;NA;NA;NA;NA;NA;NA;1;NA;NA;NA;NA;NA;NA;NA;NA;NA;NA;NA;NA;NA;NA;NA;NA;NA;NA;NA;NA;NA;NA;NA;NA;NA;NA;NA;NA;NA;NA;NA;NA;NA;NA;NA;NA;NA;NA;NA;NA;NA;NA;NA;NA;NA;NA;NA;NA;NA;NA;NA;NA;NA;NA
gh - mr_min;1425;0;1;0;0;0;0;0;0;0;0;0;0;0;0;0;NA;NA;NA;NA;NA;NA;NA;NA;NA;NA;NA;0;0;0;1;NA;NA;NA;NA;NA;NA;NA;NA;NA;NA;0;0;NA;NA;NA;NA;NA;NA;0;0;0;0;NA;NA;NA;NA;NA;NA;NA;1;NA;NA;NA;NA;NA;NA;NA;NA;NA;NA;NA;NA;NA;NA;NA;NA;NA;NA;NA;NA;NA;NA;NA;NA;NA;NA;NA;NA;NA;NA;NA;NA;NA;NA;NA;NA;NA;NA;NA;NA;NA;NA;NA;NA;NA;NA;NA;NA;NA;NA;NA;NA;NA;NA
gh - mr_min;1426;0;0;NA;0;0;0;0;0;0;0;0;0;0;0;1;0;0;0;0;1;0;0;0;NA;NA;NA;0;0;0;1;NA;NA;NA;NA;NA;NA;NA;NA;NA;NA;0;0;NA;NA;NA;NA;NA;NA;0;0;0;0;NA;NA;NA;NA;NA;NA;NA;1;NA;NA;NA;NA;NA;NA;NA;NA;NA;NA;NA;NA;NA;NA;NA;NA;NA;NA;NA;NA;NA;NA;NA;NA;NA;NA;NA;NA;NA;NA;NA;NA;NA;NA;NA;NA;NA;NA;NA;NA;NA;NA;NA;NA;NA;NA;NA;NA;NA;NA;NA;NA;NA;NA
gh - mr_min;1427;0;1;0;0;0;0;0;0;0;0;0;0;0;0;1;0;0;0;0;1;0;0;0;NA;NA;NA;0;0;0;1;NA;NA;NA;NA;NA;NA;NA;NA;NA;NA;0;0;NA;NA;NA;NA;NA;NA;0;0;0;0;NA;NA;NA;NA;NA;NA;NA;1;NA;NA;NA;NA;NA;NA;NA;NA;NA;NA;NA;NA;NA;NA;NA;NA;NA;NA;NA;NA;NA;NA;NA;NA;NA;NA;NA;NA;NA;NA;NA;NA;NA;NA;NA;NA;NA;NA;NA;NA;NA;NA;NA;NA;NA;NA;NA;NA;NA;NA;NA;NA;NA;NA
gh - mr_min;1428;0;0;NA;0;0;0;0;0;0;0;0;0;0;0;1;0;0;0;0;0;NA;NA;NA;0;0;0;0;0;0;1;NA;NA;NA;NA;NA;NA;NA;NA;NA;NA;0;0;NA;NA;NA;NA;NA;NA;0;0;0;0;NA;NA;NA;NA;NA;NA;NA;1;NA;NA;NA;NA;NA;NA;NA;NA;NA;NA;NA;NA;NA;NA;NA;NA;NA;NA;NA;NA;NA;NA;NA;NA;NA;NA;NA;NA;NA;NA;NA;NA;NA;NA;NA;NA;NA;NA;NA;NA;NA;NA;NA;NA;NA;NA;NA;NA;NA;NA;NA;NA;NA;NA
gh - mr_min;1429;0;1;0;0;0;0;0;0;0;0;0;0;0;0;1;0;0;0;0;0;NA;NA;NA;0;0;0;0;0;0;1;NA;NA;NA;NA;NA;NA;NA;NA;NA;NA;0;0;NA;NA;NA;NA;NA;NA;0;0;0;0;NA;NA;NA;NA;NA;NA;NA;1;NA;NA;NA;NA;NA;NA;NA;NA;NA;NA;NA;NA;NA;NA;NA;NA;NA;NA;NA;NA;NA;NA;NA;NA;NA;NA;NA;NA;NA;NA;NA;NA;NA;NA;NA;NA;NA;NA;NA;NA;NA;NA;NA;NA;NA;NA;NA;NA;NA;NA;NA;NA;NA;NA
rbbhc - hc;1430;0;0;NA;0;0;0;0;0;0;0;0;0;0;0;0;NA;NA;NA;NA;NA;NA;NA;NA;NA;NA;NA;0;0;0;0;1;NA;NA;NA;1;NA;NA;NA;NA;NA;NA;NA;NA;NA;NA;NA;NA;NA;NA;NA;NA;NA;NA;NA;NA;NA;NA;NA;NA;NA;NA;NA;NA;NA;NA;NA;NA;NA;NA;NA;NA;NA;NA;NA;NA;NA;NA;NA;NA;NA;NA;NA;NA;NA;NA;NA;NA;NA;NA;NA;NA;NA;NA;NA;NA;NA;NA;NA;NA;NA;NA;NA;NA;NA;NA;NA;NA;NA;NA;NA;NA;NA;NA;NA
rbbhc - hc;1431;0;1;0;0;0;0;0;0;0;0;0;0;0;0;0;NA;NA;NA;NA;NA;NA;NA;NA;NA;NA;NA;0;0;0;0;1;NA;NA;NA;1;NA;NA;NA;NA;NA;NA;NA;NA;NA;NA;NA;NA;NA;NA;NA;NA;NA;NA;NA;NA;NA;NA;NA;NA;NA;NA;NA;NA;NA;NA;NA;NA;NA;NA;NA;NA;NA;NA;NA;NA;NA;NA;NA;NA;NA;NA;NA;NA;NA;NA;NA;NA;NA;NA;NA;NA;NA;NA;NA;NA;NA;NA;NA;NA;NA;NA;NA;NA;NA;NA;NA;NA;NA;NA;NA;NA;NA;NA;NA
rbbhc - hc;1432;0;0;NA;0;0;0;0;0;0;0;0;0;0;0;1;0;0;0;0;1;0;0;0;NA;NA;NA;0;0;0;0;1;NA;NA;NA;1;NA;NA;NA;NA;NA;NA;NA;NA;NA;NA;NA;NA;NA;NA;NA;NA;NA;NA;NA;NA;NA;NA;NA;NA;NA;NA;NA;NA;NA;NA;NA;NA;NA;NA;NA;NA;NA;NA;NA;NA;NA;NA;NA;NA;NA;NA;NA;NA;NA;NA;NA;NA;NA;NA;NA;NA;NA;NA;NA;NA;NA;NA;NA;NA;NA;NA;NA;NA;NA;NA;NA;NA;NA;NA;NA;NA;NA;NA;NA
rbbhc - hc;1433;0;1;0;0;0;0;0;0;0;0;0;0;0;0;1;0;0;0;0;1;0;0;0;NA;NA;NA;0;0;0;0;1;NA;NA;NA;1;NA;NA;NA;NA;NA;NA;NA;NA;NA;NA;NA;NA;NA;NA;NA;NA;NA;NA;NA;NA;NA;NA;NA;NA;NA;NA;NA;NA;NA;NA;NA;NA;NA;NA;NA;NA;NA;NA;NA;NA;NA;NA;NA;NA;NA;NA;NA;NA;NA;NA;NA;NA;NA;NA;NA;NA;NA;NA;NA;NA;NA;NA;NA;NA;NA;NA;NA;NA;NA;NA;NA;NA;NA;NA;NA;NA;NA;NA;NA
rbbhc - hc;1434;0;0;NA;0;0;0;0;0;0;0;0;0;0;0;1;0;0;0;0;0;NA;NA;NA;0;0;0;0;0;0;0;1;NA;NA;NA;1;NA;NA;NA;NA;NA;NA;NA;NA;NA;NA;NA;NA;NA;NA;NA;NA;NA;NA;NA;NA;NA;NA;NA;NA;NA;NA;NA;NA;NA;NA;NA;NA;NA;NA;NA;NA;NA;NA;NA;NA;NA;NA;NA;NA;NA;NA;NA;NA;NA;NA;NA;NA;NA;NA;NA;NA;NA;NA;NA;NA;NA;NA;NA;NA;NA;NA;NA;NA;NA;NA;NA;NA;NA;NA;NA;NA;NA;NA;NA
rbbhc - hc;1435;0;1;0;0;0;0;0;0;0;0;0;0;0;0;1;0;0;0;0;0;NA;NA;NA;0;0;0;0;0;0;0;1;NA;NA;NA;1;NA;NA;NA;NA;NA;NA;NA;NA;NA;NA;NA;NA;NA;NA;NA;NA;NA;NA;NA;NA;NA;NA;NA;NA;NA;NA;NA;NA;NA;NA;NA;NA;NA;NA;NA;NA;NA;NA;NA;NA;NA;NA;NA;NA;NA;NA;NA;NA;NA;NA;NA;NA;NA;NA;NA;NA;NA;NA;NA;NA;NA;NA;NA;NA;NA;NA;NA;NA;NA;NA;NA;NA;NA;NA;NA;NA;NA;NA;NA
rbbhc - hc;1436;0;0;NA;0;0;0;0;0;0;0;0;0;0;0;0;NA;NA;NA;NA;NA;NA;NA;NA;NA;NA;NA;0;0;0;1;NA;NA;NA;NA;1;NA;NA;NA;NA;NA;0;0;NA;NA;NA;NA;NA;NA;0;1;NA;NA;NA;NA;NA;NA;NA;NA;NA;NA;NA;NA;NA;NA;NA;NA;NA;NA;NA;NA;NA;NA;NA;NA;NA;NA;NA;NA;NA;NA;NA;NA;NA;NA;NA;NA;NA;NA;NA;NA;NA;NA;NA;NA;NA;NA;NA;NA;NA;NA;NA;NA;NA;NA;NA;NA;NA;NA;NA;NA;NA;NA;NA;NA
rbbhc - hc;1437;0;1;0;0;0;0;0;0;0;0;0;0;0;0;0;NA;NA;NA;NA;NA;NA;NA;NA;NA;NA;NA;0;0;0;1;NA;NA;NA;NA;1;NA;NA;NA;NA;NA;0;0;NA;NA;NA;NA;NA;NA;0;1;NA;NA;NA;NA;NA;NA;NA;NA;NA;NA;NA;NA;NA;NA;NA;NA;NA;NA;NA;NA;NA;NA;NA;NA;NA;NA;NA;NA;NA;NA;NA;NA;NA;NA;NA;NA;NA;NA;NA;NA;NA;NA;NA;NA;NA;NA;NA;NA;NA;NA;NA;NA;NA;NA;NA;NA;NA;NA;NA;NA;NA;NA;NA;NA
rbbhc - hc;1438;0;0;NA;0;0;0;0;0;0;0;0;0;0;0;1;0;0;0;0;1;0;0;0;NA;NA;NA;0;0;0;1;NA;NA;NA;NA;1;NA;NA;NA;NA;NA;0;0;NA;NA;NA;NA;NA;NA;0;1;NA;NA;NA;NA;NA;NA;NA;NA;NA;NA;NA;NA;NA;NA;NA;NA;NA;NA;NA;NA;NA;NA;NA;NA;NA;NA;NA;NA;NA;NA;NA;NA;NA;NA;NA;NA;NA;NA;NA;NA;NA;NA;NA;NA;NA;NA;NA;NA;NA;NA;NA;NA;NA;NA;NA;NA;NA;NA;NA;NA;NA;NA;NA;NA
rbbhc - hc;1439;0;1;0;0;0;0;0;0;0;0;0;0;0;0;1;0;0;0;0;1;0;0;0;NA;NA;NA;0;0;0;1;NA;NA;NA;NA;1;NA;NA;NA;NA;NA;0;0;NA;NA;NA;NA;NA;NA;0;1;NA;NA;NA;NA;NA;NA;NA;NA;NA;NA;NA;NA;NA;NA;NA;NA;NA;NA;NA;NA;NA;NA;NA;NA;NA;NA;NA;NA;NA;NA;NA;NA;NA;NA;NA;NA;NA;NA;NA;NA;NA;NA;NA;NA;NA;NA;NA;NA;NA;NA;NA;NA;NA;NA;NA;NA;NA;NA;NA;NA;NA;NA;NA;NA
rbbhc - hc;1440;0;0;NA;0;0;0;0;0;0;0;0;0;0;0;1;0;0;0;0;0;NA;NA;NA;0;0;0;0;0;0;1;NA;NA;NA;NA;1;NA;NA;NA;NA;NA;0;0;NA;NA;NA;NA;NA;NA;0;1;NA;NA;NA;NA;NA;NA;NA;NA;NA;NA;NA;NA;NA;NA;NA;NA;NA;NA;NA;NA;NA;NA;NA;NA;NA;NA;NA;NA;NA;NA;NA;NA;NA;NA;NA;NA;NA;NA;NA;NA;NA;NA;NA;NA;NA;NA;NA;NA;NA;NA;NA;NA;NA;NA;NA;NA;NA;NA;NA;NA;NA;NA;NA;NA
rbbhc - hc;1441;0;1;0;0;0;0;0;0;0;0;0;0;0;0;1;0;0;0;0;0;NA;NA;NA;0;0;0;0;0;0;1;NA;NA;NA;NA;1;NA;NA;NA;NA;NA;0;0;NA;NA;NA;NA;NA;NA;0;1;NA;NA;NA;NA;NA;NA;NA;NA;NA;NA;NA;NA;NA;NA;NA;NA;NA;NA;NA;NA;NA;NA;NA;NA;NA;NA;NA;NA;NA;NA;NA;NA;NA;NA;NA;NA;NA;NA;NA;NA;NA;NA;NA;NA;NA;NA;NA;NA;NA;NA;NA;NA;NA;NA;NA;NA;NA;NA;NA;NA;NA;NA;NA;NA
rbbhf - hf;1442;0;0;NA;0;0;0;0;0;0;0;0;0;0;0;0;NA;NA;NA;NA;NA;NA;NA;NA;NA;NA;NA;0;0;0;0;NA;1;NA;NA;NA;NA;NA;NA;NA;NA;NA;NA;NA;NA;NA;NA;NA;NA;NA;NA;NA;NA;NA;NA;NA;NA;NA;NA;NA;NA;0;0;NA;0;NA;NA;0;NA;NA;0;NA;NA;NA;NA;NA;NA;0;NA;NA;NA;NA;NA;NA;NA;NA;NA;NA;NA;1;1;NA;NA;NA;0;0;0;0;0;NA;NA;NA;NA;NA;NA;NA;NA;NA;NA;NA;NA;NA;NA;NA;NA
rbbhf - hf;1443;0;1;0;0;0;0;0;0;0;0;0;0;0;0;0;NA;NA;NA;NA;NA;NA;NA;NA;NA;NA;NA;0;0;0;0;NA;1;NA;NA;NA;NA;NA;NA;NA;NA;NA;NA;NA;NA;NA;NA;NA;NA;NA;NA;NA;NA;NA;NA;NA;NA;NA;NA;NA;NA;0;0;NA;0;NA;NA;0;NA;NA;0;NA;NA;NA;NA;NA;NA;0;NA;NA;NA;NA;NA;NA;NA;NA;NA;NA;NA;1;1;NA;NA;NA;0;0;0;0;0;NA;NA;NA;NA;NA;NA;NA;NA;NA;NA;NA;NA;NA;NA;NA;NA
rbbhf - hf;1444;0;0;NA;0;0;0;0;0;0;0;0;0;0;0;1;0;0;0;0;1;0;0;0;NA;NA;NA;0;0;0;0;NA;1;NA;NA;NA;NA;NA;NA;NA;NA;NA;NA;NA;NA;NA;NA;NA;NA;NA;NA;NA;NA;NA;NA;NA;NA;NA;NA;NA;NA;0;0;NA;0;NA;NA;0;NA;NA;0;NA;NA;NA;NA;NA;NA;0;NA;NA;NA;NA;NA;NA;NA;NA;NA;NA;NA;1;1;NA;NA;NA;0;0;0;0;0;NA;NA;NA;NA;NA;NA;NA;NA;NA;NA;NA;NA;NA;NA;NA;NA
rbbhf - hf;1445;0;1;0;0;0;0;0;0;0;0;0;0;0;0;1;0;0;0;0;1;0;0;0;NA;NA;NA;0;0;0;0;NA;1;NA;NA;NA;NA;NA;NA;NA;NA;NA;NA;NA;NA;NA;NA;NA;NA;NA;NA;NA;NA;NA;NA;NA;NA;NA;NA;NA;NA;0;0;NA;0;NA;NA;0;NA;NA;0;NA;NA;NA;NA;NA;NA;0;NA;NA;NA;NA;NA;NA;NA;NA;NA;NA;NA;1;1;NA;NA;NA;0;0;0;0;0;NA;NA;NA;NA;NA;NA;NA;NA;NA;NA;NA;NA;NA;NA;NA;NA
rbbhf - hf;1446;0;0;NA;0;0;0;0;0;0;0;0;0;0;0;1;0;0;0;0;0;NA;NA;NA;0;0;0;0;0;0;0;NA;1;NA;NA;NA;NA;NA;NA;NA;NA;NA;NA;NA;NA;NA;NA;NA;NA;NA;NA;NA;NA;NA;NA;NA;NA;NA;NA;NA;NA;0;0;NA;0;NA;NA;0;NA;NA;0;NA;NA;NA;NA;NA;NA;0;NA;NA;NA;NA;NA;NA;NA;NA;NA;NA;NA;1;1;NA;NA;NA;0;0;0;0;0;NA;NA;NA;NA;NA;NA;NA;NA;NA;NA;NA;NA;NA;NA;NA;NA
rbbhf - hf;1447;0;1;0;0;0;0;0;0;0;0;0;0;0;0;1;0;0;0;0;0;NA;NA;NA;0;0;0;0;0;0;0;NA;1;NA;NA;NA;NA;NA;NA;NA;NA;NA;NA;NA;NA;NA;NA;NA;NA;NA;NA;NA;NA;NA;NA;NA;NA;NA;NA;NA;NA;0;0;NA;0;NA;NA;0;NA;NA;0;NA;NA;NA;NA;NA;NA;0;NA;NA;NA;NA;NA;NA;NA;NA;NA;NA;NA;1;1;NA;NA;NA;0;0;0;0;0;NA;NA;NA;NA;NA;NA;NA;NA;NA;NA;NA;NA;NA;NA;NA;NA
rbbhf - hf;1448;0;0;NA;0;0;0;0;0;0;0;0;0;0;0;0;NA;NA;NA;NA;NA;NA;NA;NA;NA;NA;NA;0;0;0;0;1;NA;NA;1;NA;NA;NA;NA;NA;NA;NA;NA;NA;NA;NA;NA;NA;NA;NA;NA;NA;NA;NA;NA;NA;NA;NA;NA;NA;NA;0;0;NA;0;NA;NA;0;NA;NA;0;NA;NA;NA;NA;NA;NA;0;NA;NA;NA;NA;NA;NA;NA;NA;NA;NA;NA;1;1;NA;NA;NA;0;0;0;0;0;NA;NA;NA;NA;NA;NA;NA;NA;NA;NA;NA;NA;NA;NA;NA;NA
rbbhf - hf;1449;0;1;0;0;0;0;0;0;0;0;0;0;0;0;0;NA;NA;NA;NA;NA;NA;NA;NA;NA;NA;NA;0;0;0;0;1;NA;NA;1;NA;NA;NA;NA;NA;NA;NA;NA;NA;NA;NA;NA;NA;NA;NA;NA;NA;NA;NA;NA;NA;NA;NA;NA;NA;NA;0;0;NA;0;NA;NA;0;NA;NA;0;NA;NA;NA;NA;NA;NA;0;NA;NA;NA;NA;NA;NA;NA;NA;NA;NA;NA;1;1;NA;NA;NA;0;0;0;0;0;NA;NA;NA;NA;NA;NA;NA;NA;NA;NA;NA;NA;NA;NA;NA;NA
rbbhf - hf;1450;0;0;NA;0;0;0;0;0;0;0;0;0;0;0;1;0;0;0;0;1;0;0;0;NA;NA;NA;0;0;0;0;1;NA;NA;1;NA;NA;NA;NA;NA;NA;NA;NA;NA;NA;NA;NA;NA;NA;NA;NA;NA;NA;NA;NA;NA;NA;NA;NA;NA;NA;0;0;NA;0;NA;NA;0;NA;NA;0;NA;NA;NA;NA;NA;NA;0;NA;NA;NA;NA;NA;NA;NA;NA;NA;NA;NA;1;1;NA;NA;NA;0;0;0;0;0;NA;NA;NA;NA;NA;NA;NA;NA;NA;NA;NA;NA;NA;NA;NA;NA
rbbhf - hf;1451;0;1;0;0;0;0;0;0;0;0;0;0;0;0;1;0;0;0;0;1;0;0;0;NA;NA;NA;0;0;0;0;1;NA;NA;1;NA;NA;NA;NA;NA;NA;NA;NA;NA;NA;NA;NA;NA;NA;NA;NA;NA;NA;NA;NA;NA;NA;NA;NA;NA;NA;0;0;NA;0;NA;NA;0;NA;NA;0;NA;NA;NA;NA;NA;NA;0;NA;NA;NA;NA;NA;NA;NA;NA;NA;NA;NA;1;1;NA;NA;NA;0;0;0;0;0;NA;NA;NA;NA;NA;NA;NA;NA;NA;NA;NA;NA;NA;NA;NA;NA
rbbhf - hf;1452;0;0;NA;0;0;0;0;0;0;0;0;0;0;0;1;0;0;0;0;0;NA;NA;NA;0;0;0;0;0;0;0;1;NA;NA;1;NA;NA;NA;NA;NA;NA;NA;NA;NA;NA;NA;NA;NA;NA;NA;NA;NA;NA;NA;NA;NA;NA;NA;NA;NA;NA;0;0;NA;0;NA;NA;0;NA;NA;0;NA;NA;NA;NA;NA;NA;0;NA;NA;NA;NA;NA;NA;NA;NA;NA;NA;NA;1;1;NA;NA;NA;0;0;0;0;0;NA;NA;NA;NA;NA;NA;NA;NA;NA;NA;NA;NA;NA;NA;NA;NA
rbbhf - hf;1453;0;1;0;0;0;0;0;0;0;0;0;0;0;0;1;0;0;0;0;0;NA;NA;NA;0;0;0;0;0;0;0;1;NA;NA;1;NA;NA;NA;NA;NA;NA;NA;NA;NA;NA;NA;NA;NA;NA;NA;NA;NA;NA;NA;NA;NA;NA;NA;NA;NA;NA;0;0;NA;0;NA;NA;0;NA;NA;0;NA;NA;NA;NA;NA;NA;0;NA;NA;NA;NA;NA;NA;NA;NA;NA;NA;NA;1;1;NA;NA;NA;0;0;0;0;0;NA;NA;NA;NA;NA;NA;NA;NA;NA;NA;NA;NA;NA;NA;NA;NA
rbbhf - hf;1454;0;0;NA;0;0;0;0;0;0;0;0;0;0;0;0;NA;NA;NA;NA;NA;NA;NA;NA;NA;NA;NA;0;0;0;1;NA;NA;NA;1;NA;NA;NA;NA;NA;NA;0;0;NA;NA;NA;NA;NA;NA;0;1;NA;NA;NA;NA;NA;NA;NA;NA;NA;NA;0;0;NA;0;NA;NA;0;NA;NA;0;NA;NA;NA;NA;NA;NA;0;NA;NA;NA;NA;NA;NA;NA;NA;NA;NA;NA;1;1;NA;NA;NA;0;0;0;0;0;NA;NA;NA;NA;NA;NA;NA;NA;NA;NA;NA;NA;NA;NA;NA;NA
rbbhf - hf;1455;0;1;0;0;0;0;0;0;0;0;0;0;0;0;0;NA;NA;NA;NA;NA;NA;NA;NA;NA;NA;NA;0;0;0;1;NA;NA;NA;1;NA;NA;NA;NA;NA;NA;0;0;NA;NA;NA;NA;NA;NA;0;1;NA;NA;NA;NA;NA;NA;NA;NA;NA;NA;0;0;NA;0;NA;NA;0;NA;NA;0;NA;NA;NA;NA;NA;NA;0;NA;NA;NA;NA;NA;NA;NA;NA;NA;NA;NA;1;1;NA;NA;NA;0;0;0;0;0;NA;NA;NA;NA;NA;NA;NA;NA;NA;NA;NA;NA;NA;NA;NA;NA
rbbhf - hf;1456;0;0;NA;0;0;0;0;0;0;0;0;0;0;0;1;0;0;0;0;1;0;0;0;NA;NA;NA;0;0;0;1;NA;NA;NA;1;NA;NA;NA;NA;NA;NA;0;0;NA;NA;NA;NA;NA;NA;0;1;NA;NA;NA;NA;NA;NA;NA;NA;NA;NA;0;0;NA;0;NA;NA;0;NA;NA;0;NA;NA;NA;NA;NA;NA;0;NA;NA;NA;NA;NA;NA;NA;NA;NA;NA;NA;1;1;NA;NA;NA;0;0;0;0;0;NA;NA;NA;NA;NA;NA;NA;NA;NA;NA;NA;NA;NA;NA;NA;NA
rbbhf - hf;1457;0;1;0;0;0;0;0;0;0;0;0;0;0;0;1;0;0;0;0;1;0;0;0;NA;NA;NA;0;0;0;1;NA;NA;NA;1;NA;NA;NA;NA;NA;NA;0;0;NA;NA;NA;NA;NA;NA;0;1;NA;NA;NA;NA;NA;NA;NA;NA;NA;NA;0;0;NA;0;NA;NA;0;NA;NA;0;NA;NA;NA;NA;NA;NA;0;NA;NA;NA;NA;NA;NA;NA;NA;NA;NA;NA;1;1;NA;NA;NA;0;0;0;0;0;NA;NA;NA;NA;NA;NA;NA;NA;NA;NA;NA;NA;NA;NA;NA;NA
rbbhf - hf;1458;0;0;NA;0;0;0;0;0;0;0;0;0;0;0;1;0;0;0;0;0;NA;NA;NA;0;0;0;0;0;0;1;NA;NA;NA;1;NA;NA;NA;NA;NA;NA;0;0;NA;NA;NA;NA;NA;NA;0;1;NA;NA;NA;NA;NA;NA;NA;NA;NA;NA;0;0;NA;0;NA;NA;0;NA;NA;0;NA;NA;NA;NA;NA;NA;0;NA;NA;NA;NA;NA;NA;NA;NA;NA;NA;NA;1;1;NA;NA;NA;0;0;0;0;0;NA;NA;NA;NA;NA;NA;NA;NA;NA;NA;NA;NA;NA;NA;NA;NA
rbbhf - hf;1459;0;1;0;0;0;0;0;0;0;0;0;0;0;0;1;0;0;0;0;0;NA;NA;NA;0;0;0;0;0;0;1;NA;NA;NA;1;NA;NA;NA;NA;NA;NA;0;0;NA;NA;NA;NA;NA;NA;0;1;NA;NA;NA;NA;NA;NA;NA;NA;NA;NA;0;0;NA;0;NA;NA;0;NA;NA;0;NA;NA;NA;NA;NA;NA;0;NA;NA;NA;NA;NA;NA;NA;NA;NA;NA;NA;1;1;NA;NA;NA;0;0;0;0;0;NA;NA;NA;NA;NA;NA;NA;NA;NA;NA;NA;NA;NA;NA;NA;NA
rbbhf - hf;1460;0;0;NA;0;0;0;0;0;0;0;0;0;0;0;0;NA;NA;NA;NA;NA;NA;NA;NA;NA;NA;NA;0;0;0;1;NA;NA;NA;NA;NA;NA;NA;NA;NA;NA;0;0;NA;NA;NA;NA;NA;NA;0;0;1;NA;NA;NA;NA;NA;NA;NA;NA;NA;0;0;NA;0;NA;NA;0;NA;NA;0;NA;NA;NA;NA;NA;NA;0;NA;NA;NA;NA;NA;NA;NA;NA;NA;NA;NA;1;1;NA;NA;NA;0;0;0;0;0;NA;NA;NA;NA;NA;NA;NA;NA;NA;NA;NA;NA;NA;NA;NA;NA
rbbhf - hf;1461;0;1;0;0;0;0;0;0;0;0;0;0;0;0;0;NA;NA;NA;NA;NA;NA;NA;NA;NA;NA;NA;0;0;0;1;NA;NA;NA;NA;NA;NA;NA;NA;NA;NA;0;0;NA;NA;NA;NA;NA;NA;0;0;1;NA;NA;NA;NA;NA;NA;NA;NA;NA;0;0;NA;0;NA;NA;0;NA;NA;0;NA;NA;NA;NA;NA;NA;0;NA;NA;NA;NA;NA;NA;NA;NA;NA;NA;NA;1;1;NA;NA;NA;0;0;0;0;0;NA;NA;NA;NA;NA;NA;NA;NA;NA;NA;NA;NA;NA;NA;NA;NA
rbbhf - hf;1462;0;0;NA;0;0;0;0;0;0;0;0;0;0;0;1;0;0;0;0;1;0;0;0;NA;NA;NA;0;0;0;1;NA;NA;NA;NA;NA;NA;NA;NA;NA;NA;0;0;NA;NA;NA;NA;NA;NA;0;0;1;NA;NA;NA;NA;NA;NA;NA;NA;NA;0;0;NA;0;NA;NA;0;NA;NA;0;NA;NA;NA;NA;NA;NA;0;NA;NA;NA;NA;NA;NA;NA;NA;NA;NA;NA;1;1;NA;NA;NA;0;0;0;0;0;NA;NA;NA;NA;NA;NA;NA;NA;NA;NA;NA;NA;NA;NA;NA;NA
rbbhf - hf;1463;0;1;0;0;0;0;0;0;0;0;0;0;0;0;1;0;0;0;0;1;0;0;0;NA;NA;NA;0;0;0;1;NA;NA;NA;NA;NA;NA;NA;NA;NA;NA;0;0;NA;NA;NA;NA;NA;NA;0;0;1;NA;NA;NA;NA;NA;NA;NA;NA;NA;0;0;NA;0;NA;NA;0;NA;NA;0;NA;NA;NA;NA;NA;NA;0;NA;NA;NA;NA;NA;NA;NA;NA;NA;NA;NA;1;1;NA;NA;NA;0;0;0;0;0;NA;NA;NA;NA;NA;NA;NA;NA;NA;NA;NA;NA;NA;NA;NA;NA
rbbhf - hf;1464;0;0;NA;0;0;0;0;0;0;0;0;0;0;0;1;0;0;0;0;0;NA;NA;NA;0;0;0;0;0;0;1;NA;NA;NA;NA;NA;NA;NA;NA;NA;NA;0;0;NA;NA;NA;NA;NA;NA;0;0;1;NA;NA;NA;NA;NA;NA;NA;NA;NA;0;0;NA;0;NA;NA;0;NA;NA;0;NA;NA;NA;NA;NA;NA;0;NA;NA;NA;NA;NA;NA;NA;NA;NA;NA;NA;1;1;NA;NA;NA;0;0;0;0;0;NA;NA;NA;NA;NA;NA;NA;NA;NA;NA;NA;NA;NA;NA;NA;NA
rbbhf - hf;1465;0;1;0;0;0;0;0;0;0;0;0;0;0;0;1;0;0;0;0;0;NA;NA;NA;0;0;0;0;0;0;1;NA;NA;NA;NA;NA;NA;NA;NA;NA;NA;0;0;NA;NA;NA;NA;NA;NA;0;0;1;NA;NA;NA;NA;NA;NA;NA;NA;NA;0;0;NA;0;NA;NA;0;NA;NA;0;NA;NA;NA;NA;NA;NA;0;NA;NA;NA;NA;NA;NA;NA;NA;NA;NA;NA;1;1;NA;NA;NA;0;0;0;0;0;NA;NA;NA;NA;NA;NA;NA;NA;NA;NA;NA;NA;NA;NA;NA;NA
rbbhf - hf;1466;0;0;NA;0;0;0;0;0;0;0;0;0;0;0;0;NA;NA;NA;NA;NA;NA;NA;NA;NA;NA;NA;0;0;0;0;NA;1;NA;NA;NA;NA;NA;NA;NA;NA;NA;NA;NA;NA;NA;NA;NA;NA;NA;NA;NA;NA;NA;NA;NA;NA;NA;NA;NA;NA;0;0;NA;0;NA;NA;0;NA;NA;1;0;NA;NA;NA;NA;NA;0;NA;NA;NA;NA;NA;NA;NA;NA;NA;NA;NA;1;1;NA;NA;NA;0;0;0;0;0;NA;NA;NA;NA;NA;NA;NA;NA;NA;NA;NA;NA;NA;NA;NA;NA
rbbhf - hf;1467;0;1;0;0;0;0;0;0;0;0;0;0;0;0;0;NA;NA;NA;NA;NA;NA;NA;NA;NA;NA;NA;0;0;0;0;NA;1;NA;NA;NA;NA;NA;NA;NA;NA;NA;NA;NA;NA;NA;NA;NA;NA;NA;NA;NA;NA;NA;NA;NA;NA;NA;NA;NA;NA;0;0;NA;0;NA;NA;0;NA;NA;1;0;NA;NA;NA;NA;NA;0;NA;NA;NA;NA;NA;NA;NA;NA;NA;NA;NA;1;1;NA;NA;NA;0;0;0;0;0;NA;NA;NA;NA;NA;NA;NA;NA;NA;NA;NA;NA;NA;NA;NA;NA
rbbhf - hf;1468;0;0;NA;0;0;0;0;0;0;0;0;0;0;0;1;0;0;0;0;1;0;0;0;NA;NA;NA;0;0;0;0;NA;1;NA;NA;NA;NA;NA;NA;NA;NA;NA;NA;NA;NA;NA;NA;NA;NA;NA;NA;NA;NA;NA;NA;NA;NA;NA;NA;NA;NA;0;0;NA;0;NA;NA;0;NA;NA;1;0;NA;NA;NA;NA;NA;0;NA;NA;NA;NA;NA;NA;NA;NA;NA;NA;NA;1;1;NA;NA;NA;0;0;0;0;0;NA;NA;NA;NA;NA;NA;NA;NA;NA;NA;NA;NA;NA;NA;NA;NA
rbbhf - hf;1469;0;1;0;0;0;0;0;0;0;0;0;0;0;0;1;0;0;0;0;1;0;0;0;NA;NA;NA;0;0;0;0;NA;1;NA;NA;NA;NA;NA;NA;NA;NA;NA;NA;NA;NA;NA;NA;NA;NA;NA;NA;NA;NA;NA;NA;NA;NA;NA;NA;NA;NA;0;0;NA;0;NA;NA;0;NA;NA;1;0;NA;NA;NA;NA;NA;0;NA;NA;NA;NA;NA;NA;NA;NA;NA;NA;NA;1;1;NA;NA;NA;0;0;0;0;0;NA;NA;NA;NA;NA;NA;NA;NA;NA;NA;NA;NA;NA;NA;NA;NA
rbbhf - hf;1470;0;0;NA;0;0;0;0;0;0;0;0;0;0;0;1;0;0;0;0;0;NA;NA;NA;0;0;0;0;0;0;0;NA;1;NA;NA;NA;NA;NA;NA;NA;NA;NA;NA;NA;NA;NA;NA;NA;NA;NA;NA;NA;NA;NA;NA;NA;NA;NA;NA;NA;NA;0;0;NA;0;NA;NA;0;NA;NA;1;0;NA;NA;NA;NA;NA;0;NA;NA;NA;NA;NA;NA;NA;NA;NA;NA;NA;1;1;NA;NA;NA;0;0;0;0;0;NA;NA;NA;NA;NA;NA;NA;NA;NA;NA;NA;NA;NA;NA;NA;NA
rbbhf - hf;1471;0;1;0;0;0;0;0;0;0;0;0;0;0;0;1;0;0;0;0;0;NA;NA;NA;0;0;0;0;0;0;0;NA;1;NA;NA;NA;NA;NA;NA;NA;NA;NA;NA;NA;NA;NA;NA;NA;NA;NA;NA;NA;NA;NA;NA;NA;NA;NA;NA;NA;NA;0;0;NA;0;NA;NA;0;NA;NA;1;0;NA;NA;NA;NA;NA;0;NA;NA;NA;NA;NA;NA;NA;NA;NA;NA;NA;1;1;NA;NA;NA;0;0;0;0;0;NA;NA;NA;NA;NA;NA;NA;NA;NA;NA;NA;NA;NA;NA;NA;NA
rbbhf - hf;1472;0;0;NA;0;0;0;0;0;0;0;0;0;0;0;0;NA;NA;NA;NA;NA;NA;NA;NA;NA;NA;NA;0;0;0;0;1;NA;NA;1;NA;NA;NA;NA;NA;NA;NA;NA;NA;NA;NA;NA;NA;NA;NA;NA;NA;NA;NA;NA;NA;NA;NA;NA;NA;NA;0;0;NA;0;NA;NA;0;NA;NA;1;0;NA;NA;NA;NA;NA;0;NA;NA;NA;NA;NA;NA;NA;NA;NA;NA;NA;1;1;NA;NA;NA;0;0;0;0;0;NA;NA;NA;NA;NA;NA;NA;NA;NA;NA;NA;NA;NA;NA;NA;NA
rbbhf - hf;1473;0;1;0;0;0;0;0;0;0;0;0;0;0;0;0;NA;NA;NA;NA;NA;NA;NA;NA;NA;NA;NA;0;0;0;0;1;NA;NA;1;NA;NA;NA;NA;NA;NA;NA;NA;NA;NA;NA;NA;NA;NA;NA;NA;NA;NA;NA;NA;NA;NA;NA;NA;NA;NA;0;0;NA;0;NA;NA;0;NA;NA;1;0;NA;NA;NA;NA;NA;0;NA;NA;NA;NA;NA;NA;NA;NA;NA;NA;NA;1;1;NA;NA;NA;0;0;0;0;0;NA;NA;NA;NA;NA;NA;NA;NA;NA;NA;NA;NA;NA;NA;NA;NA
rbbhf - hf;1474;0;0;NA;0;0;0;0;0;0;0;0;0;0;0;1;0;0;0;0;1;0;0;0;NA;NA;NA;0;0;0;0;1;NA;NA;1;NA;NA;NA;NA;NA;NA;NA;NA;NA;NA;NA;NA;NA;NA;NA;NA;NA;NA;NA;NA;NA;NA;NA;NA;NA;NA;0;0;NA;0;NA;NA;0;NA;NA;1;0;NA;NA;NA;NA;NA;0;NA;NA;NA;NA;NA;NA;NA;NA;NA;NA;NA;1;1;NA;NA;NA;0;0;0;0;0;NA;NA;NA;NA;NA;NA;NA;NA;NA;NA;NA;NA;NA;NA;NA;NA
rbbhf - hf;1475;0;1;0;0;0;0;0;0;0;0;0;0;0;0;1;0;0;0;0;1;0;0;0;NA;NA;NA;0;0;0;0;1;NA;NA;1;NA;NA;NA;NA;NA;NA;NA;NA;NA;NA;NA;NA;NA;NA;NA;NA;NA;NA;NA;NA;NA;NA;NA;NA;NA;NA;0;0;NA;0;NA;NA;0;NA;NA;1;0;NA;NA;NA;NA;NA;0;NA;NA;NA;NA;NA;NA;NA;NA;NA;NA;NA;1;1;NA;NA;NA;0;0;0;0;0;NA;NA;NA;NA;NA;NA;NA;NA;NA;NA;NA;NA;NA;NA;NA;NA
rbbhf - hf;1476;0;0;NA;0;0;0;0;0;0;0;0;0;0;0;1;0;0;0;0;0;NA;NA;NA;0;0;0;0;0;0;0;1;NA;NA;1;NA;NA;NA;NA;NA;NA;NA;NA;NA;NA;NA;NA;NA;NA;NA;NA;NA;NA;NA;NA;NA;NA;NA;NA;NA;NA;0;0;NA;0;NA;NA;0;NA;NA;1;0;NA;NA;NA;NA;NA;0;NA;NA;NA;NA;NA;NA;NA;NA;NA;NA;NA;1;1;NA;NA;NA;0;0;0;0;0;NA;NA;NA;NA;NA;NA;NA;NA;NA;NA;NA;NA;NA;NA;NA;NA
rbbhf - hf;1477;0;1;0;0;0;0;0;0;0;0;0;0;0;0;1;0;0;0;0;0;NA;NA;NA;0;0;0;0;0;0;0;1;NA;NA;1;NA;NA;NA;NA;NA;NA;NA;NA;NA;NA;NA;NA;NA;NA;NA;NA;NA;NA;NA;NA;NA;NA;NA;NA;NA;NA;0;0;NA;0;NA;NA;0;NA;NA;1;0;NA;NA;NA;NA;NA;0;NA;NA;NA;NA;NA;NA;NA;NA;NA;NA;NA;1;1;NA;NA;NA;0;0;0;0;0;NA;NA;NA;NA;NA;NA;NA;NA;NA;NA;NA;NA;NA;NA;NA;NA
rbbhf - hf;1478;0;0;NA;0;0;0;0;0;0;0;0;0;0;0;0;NA;NA;NA;NA;NA;NA;NA;NA;NA;NA;NA;0;0;0;1;NA;NA;NA;1;NA;NA;NA;NA;NA;NA;0;0;NA;NA;NA;NA;NA;NA;0;1;NA;NA;NA;NA;NA;NA;NA;NA;NA;NA;0;0;NA;0;NA;NA;0;NA;NA;1;0;NA;NA;NA;NA;NA;0;NA;NA;NA;NA;NA;NA;NA;NA;NA;NA;NA;1;1;NA;NA;NA;0;0;0;0;0;NA;NA;NA;NA;NA;NA;NA;NA;NA;NA;NA;NA;NA;NA;NA;NA
rbbhf - hf;1479;0;1;0;0;0;0;0;0;0;0;0;0;0;0;0;NA;NA;NA;NA;NA;NA;NA;NA;NA;NA;NA;0;0;0;1;NA;NA;NA;1;NA;NA;NA;NA;NA;NA;0;0;NA;NA;NA;NA;NA;NA;0;1;NA;NA;NA;NA;NA;NA;NA;NA;NA;NA;0;0;NA;0;NA;NA;0;NA;NA;1;0;NA;NA;NA;NA;NA;0;NA;NA;NA;NA;NA;NA;NA;NA;NA;NA;NA;1;1;NA;NA;NA;0;0;0;0;0;NA;NA;NA;NA;NA;NA;NA;NA;NA;NA;NA;NA;NA;NA;NA;NA
rbbhf - hf;1480;0;0;NA;0;0;0;0;0;0;0;0;0;0;0;1;0;0;0;0;1;0;0;0;NA;NA;NA;0;0;0;1;NA;NA;NA;1;NA;NA;NA;NA;NA;NA;0;0;NA;NA;NA;NA;NA;NA;0;1;NA;NA;NA;NA;NA;NA;NA;NA;NA;NA;0;0;NA;0;NA;NA;0;NA;NA;1;0;NA;NA;NA;NA;NA;0;NA;NA;NA;NA;NA;NA;NA;NA;NA;NA;NA;1;1;NA;NA;NA;0;0;0;0;0;NA;NA;NA;NA;NA;NA;NA;NA;NA;NA;NA;NA;NA;NA;NA;NA
rbbhf - hf;1481;0;1;0;0;0;0;0;0;0;0;0;0;0;0;1;0;0;0;0;1;0;0;0;NA;NA;NA;0;0;0;1;NA;NA;NA;1;NA;NA;NA;NA;NA;NA;0;0;NA;NA;NA;NA;NA;NA;0;1;NA;NA;NA;NA;NA;NA;NA;NA;NA;NA;0;0;NA;0;NA;NA;0;NA;NA;1;0;NA;NA;NA;NA;NA;0;NA;NA;NA;NA;NA;NA;NA;NA;NA;NA;NA;1;1;NA;NA;NA;0;0;0;0;0;NA;NA;NA;NA;NA;NA;NA;NA;NA;NA;NA;NA;NA;NA;NA;NA
rbbhf - hf;1482;0;0;NA;0;0;0;0;0;0;0;0;0;0;0;1;0;0;0;0;0;NA;NA;NA;0;0;0;0;0;0;1;NA;NA;NA;1;NA;NA;NA;NA;NA;NA;0;0;NA;NA;NA;NA;NA;NA;0;1;NA;NA;NA;NA;NA;NA;NA;NA;NA;NA;0;0;NA;0;NA;NA;0;NA;NA;1;0;NA;NA;NA;NA;NA;0;NA;NA;NA;NA;NA;NA;NA;NA;NA;NA;NA;1;1;NA;NA;NA;0;0;0;0;0;NA;NA;NA;NA;NA;NA;NA;NA;NA;NA;NA;NA;NA;NA;NA;NA
rbbhf - hf;1483;0;1;0;0;0;0;0;0;0;0;0;0;0;0;1;0;0;0;0;0;NA;NA;NA;0;0;0;0;0;0;1;NA;NA;NA;1;NA;NA;NA;NA;NA;NA;0;0;NA;NA;NA;NA;NA;NA;0;1;NA;NA;NA;NA;NA;NA;NA;NA;NA;NA;0;0;NA;0;NA;NA;0;NA;NA;1;0;NA;NA;NA;NA;NA;0;NA;NA;NA;NA;NA;NA;NA;NA;NA;NA;NA;1;1;NA;NA;NA;0;0;0;0;0;NA;NA;NA;NA;NA;NA;NA;NA;NA;NA;NA;NA;NA;NA;NA;NA
rbbhf - hf;1484;0;0;NA;0;0;0;0;0;0;0;0;0;0;0;0;NA;NA;NA;NA;NA;NA;NA;NA;NA;NA;NA;0;0;0;1;NA;NA;NA;NA;NA;NA;NA;NA;NA;NA;0;0;NA;NA;NA;NA;NA;NA;0;0;1;NA;NA;NA;NA;NA;NA;NA;NA;NA;0;0;NA;0;NA;NA;0;NA;NA;1;0;NA;NA;NA;NA;NA;0;NA;NA;NA;NA;NA;NA;NA;NA;NA;NA;NA;1;1;NA;NA;NA;0;0;0;0;0;NA;NA;NA;NA;NA;NA;NA;NA;NA;NA;NA;NA;NA;NA;NA;NA
rbbhf - hf;1485;0;1;0;0;0;0;0;0;0;0;0;0;0;0;0;NA;NA;NA;NA;NA;NA;NA;NA;NA;NA;NA;0;0;0;1;NA;NA;NA;NA;NA;NA;NA;NA;NA;NA;0;0;NA;NA;NA;NA;NA;NA;0;0;1;NA;NA;NA;NA;NA;NA;NA;NA;NA;0;0;NA;0;NA;NA;0;NA;NA;1;0;NA;NA;NA;NA;NA;0;NA;NA;NA;NA;NA;NA;NA;NA;NA;NA;NA;1;1;NA;NA;NA;0;0;0;0;0;NA;NA;NA;NA;NA;NA;NA;NA;NA;NA;NA;NA;NA;NA;NA;NA
rbbhf - hf;1486;0;0;NA;0;0;0;0;0;0;0;0;0;0;0;1;0;0;0;0;1;0;0;0;NA;NA;NA;0;0;0;1;NA;NA;NA;NA;NA;NA;NA;NA;NA;NA;0;0;NA;NA;NA;NA;NA;NA;0;0;1;NA;NA;NA;NA;NA;NA;NA;NA;NA;0;0;NA;0;NA;NA;0;NA;NA;1;0;NA;NA;NA;NA;NA;0;NA;NA;NA;NA;NA;NA;NA;NA;NA;NA;NA;1;1;NA;NA;NA;0;0;0;0;0;NA;NA;NA;NA;NA;NA;NA;NA;NA;NA;NA;NA;NA;NA;NA;NA
rbbhf - hf;1487;0;1;0;0;0;0;0;0;0;0;0;0;0;0;1;0;0;0;0;1;0;0;0;NA;NA;NA;0;0;0;1;NA;NA;NA;NA;NA;NA;NA;NA;NA;NA;0;0;NA;NA;NA;NA;NA;NA;0;0;1;NA;NA;NA;NA;NA;NA;NA;NA;NA;0;0;NA;0;NA;NA;0;NA;NA;1;0;NA;NA;NA;NA;NA;0;NA;NA;NA;NA;NA;NA;NA;NA;NA;NA;NA;1;1;NA;NA;NA;0;0;0;0;0;NA;NA;NA;NA;NA;NA;NA;NA;NA;NA;NA;NA;NA;NA;NA;NA
rbbhf - hf;1488;0;0;NA;0;0;0;0;0;0;0;0;0;0;0;1;0;0;0;0;0;NA;NA;NA;0;0;0;0;0;0;1;NA;NA;NA;NA;NA;NA;NA;NA;NA;NA;0;0;NA;NA;NA;NA;NA;NA;0;0;1;NA;NA;NA;NA;NA;NA;NA;NA;NA;0;0;NA;0;NA;NA;0;NA;NA;1;0;NA;NA;NA;NA;NA;0;NA;NA;NA;NA;NA;NA;NA;NA;NA;NA;NA;1;1;NA;NA;NA;0;0;0;0;0;NA;NA;NA;NA;NA;NA;NA;NA;NA;NA;NA;NA;NA;NA;NA;NA
rbbhf - hf;1489;0;1;0;0;0;0;0;0;0;0;0;0;0;0;1;0;0;0;0;0;NA;NA;NA;0;0;0;0;0;0;1;NA;NA;NA;NA;NA;NA;NA;NA;NA;NA;0;0;NA;NA;NA;NA;NA;NA;0;0;1;NA;NA;NA;NA;NA;NA;NA;NA;NA;0;0;NA;0;NA;NA;0;NA;NA;1;0;NA;NA;NA;NA;NA;0;NA;NA;NA;NA;NA;NA;NA;NA;NA;NA;NA;1;1;NA;NA;NA;0;0;0;0;0;NA;NA;NA;NA;NA;NA;NA;NA;NA;NA;NA;NA;NA;NA;NA;NA
rbbhf - hf;1490;0;0;NA;0;0;0;0;0;0;0;0;0;0;0;0;NA;NA;NA;NA;NA;NA;NA;NA;NA;NA;NA;0;0;0;0;NA;1;NA;NA;NA;NA;NA;NA;NA;NA;NA;NA;NA;NA;NA;NA;NA;NA;NA;NA;NA;NA;NA;NA;NA;NA;NA;NA;NA;NA;0;0;NA;0;NA;NA;0;NA;NA;0;NA;NA;NA;NA;NA;NA;1;0;NA;NA;NA;NA;NA;NA;NA;NA;NA;NA;1;1;NA;NA;NA;0;0;0;0;0;NA;NA;NA;NA;NA;NA;NA;NA;NA;NA;NA;NA;NA;NA;NA;NA
rbbhf - hf;1491;0;1;0;0;0;0;0;0;0;0;0;0;0;0;0;NA;NA;NA;NA;NA;NA;NA;NA;NA;NA;NA;0;0;0;0;NA;1;NA;NA;NA;NA;NA;NA;NA;NA;NA;NA;NA;NA;NA;NA;NA;NA;NA;NA;NA;NA;NA;NA;NA;NA;NA;NA;NA;NA;0;0;NA;0;NA;NA;0;NA;NA;0;NA;NA;NA;NA;NA;NA;1;0;NA;NA;NA;NA;NA;NA;NA;NA;NA;NA;1;1;NA;NA;NA;0;0;0;0;0;NA;NA;NA;NA;NA;NA;NA;NA;NA;NA;NA;NA;NA;NA;NA;NA
rbbhf - hf;1492;0;0;NA;0;0;0;0;0;0;0;0;0;0;0;1;0;0;0;0;1;0;0;0;NA;NA;NA;0;0;0;0;NA;1;NA;NA;NA;NA;NA;NA;NA;NA;NA;NA;NA;NA;NA;NA;NA;NA;NA;NA;NA;NA;NA;NA;NA;NA;NA;NA;NA;NA;0;0;NA;0;NA;NA;0;NA;NA;0;NA;NA;NA;NA;NA;NA;1;0;NA;NA;NA;NA;NA;NA;NA;NA;NA;NA;1;1;NA;NA;NA;0;0;0;0;0;NA;NA;NA;NA;NA;NA;NA;NA;NA;NA;NA;NA;NA;NA;NA;NA
rbbhf - hf;1493;0;1;0;0;0;0;0;0;0;0;0;0;0;0;1;0;0;0;0;1;0;0;0;NA;NA;NA;0;0;0;0;NA;1;NA;NA;NA;NA;NA;NA;NA;NA;NA;NA;NA;NA;NA;NA;NA;NA;NA;NA;NA;NA;NA;NA;NA;NA;NA;NA;NA;NA;0;0;NA;0;NA;NA;0;NA;NA;0;NA;NA;NA;NA;NA;NA;1;0;NA;NA;NA;NA;NA;NA;NA;NA;NA;NA;1;1;NA;NA;NA;0;0;0;0;0;NA;NA;NA;NA;NA;NA;NA;NA;NA;NA;NA;NA;NA;NA;NA;NA
rbbhf - hf;1494;0;0;NA;0;0;0;0;0;0;0;0;0;0;0;1;0;0;0;0;0;NA;NA;NA;0;0;0;0;0;0;0;NA;1;NA;NA;NA;NA;NA;NA;NA;NA;NA;NA;NA;NA;NA;NA;NA;NA;NA;NA;NA;NA;NA;NA;NA;NA;NA;NA;NA;NA;0;0;NA;0;NA;NA;0;NA;NA;0;NA;NA;NA;NA;NA;NA;1;0;NA;NA;NA;NA;NA;NA;NA;NA;NA;NA;1;1;NA;NA;NA;0;0;0;0;0;NA;NA;NA;NA;NA;NA;NA;NA;NA;NA;NA;NA;NA;NA;NA;NA
rbbhf - hf;1495;0;1;0;0;0;0;0;0;0;0;0;0;0;0;1;0;0;0;0;0;NA;NA;NA;0;0;0;0;0;0;0;NA;1;NA;NA;NA;NA;NA;NA;NA;NA;NA;NA;NA;NA;NA;NA;NA;NA;NA;NA;NA;NA;NA;NA;NA;NA;NA;NA;NA;NA;0;0;NA;0;NA;NA;0;NA;NA;0;NA;NA;NA;NA;NA;NA;1;0;NA;NA;NA;NA;NA;NA;NA;NA;NA;NA;1;1;NA;NA;NA;0;0;0;0;0;NA;NA;NA;NA;NA;NA;NA;NA;NA;NA;NA;NA;NA;NA;NA;NA
rbbhf - hf;1496;0;0;NA;0;0;0;0;0;0;0;0;0;0;0;0;NA;NA;NA;NA;NA;NA;NA;NA;NA;NA;NA;0;0;0;0;1;NA;NA;1;NA;NA;NA;NA;NA;NA;NA;NA;NA;NA;NA;NA;NA;NA;NA;NA;NA;NA;NA;NA;NA;NA;NA;NA;NA;NA;0;0;NA;0;NA;NA;0;NA;NA;0;NA;NA;NA;NA;NA;NA;1;0;NA;NA;NA;NA;NA;NA;NA;NA;NA;NA;1;1;NA;NA;NA;0;0;0;0;0;NA;NA;NA;NA;NA;NA;NA;NA;NA;NA;NA;NA;NA;NA;NA;NA
rbbhf - hf;1497;0;1;0;0;0;0;0;0;0;0;0;0;0;0;0;NA;NA;NA;NA;NA;NA;NA;NA;NA;NA;NA;0;0;0;0;1;NA;NA;1;NA;NA;NA;NA;NA;NA;NA;NA;NA;NA;NA;NA;NA;NA;NA;NA;NA;NA;NA;NA;NA;NA;NA;NA;NA;NA;0;0;NA;0;NA;NA;0;NA;NA;0;NA;NA;NA;NA;NA;NA;1;0;NA;NA;NA;NA;NA;NA;NA;NA;NA;NA;1;1;NA;NA;NA;0;0;0;0;0;NA;NA;NA;NA;NA;NA;NA;NA;NA;NA;NA;NA;NA;NA;NA;NA
rbbhf - hf;1498;0;0;NA;0;0;0;0;0;0;0;0;0;0;0;1;0;0;0;0;1;0;0;0;NA;NA;NA;0;0;0;0;1;NA;NA;1;NA;NA;NA;NA;NA;NA;NA;NA;NA;NA;NA;NA;NA;NA;NA;NA;NA;NA;NA;NA;NA;NA;NA;NA;NA;NA;0;0;NA;0;NA;NA;0;NA;NA;0;NA;NA;NA;NA;NA;NA;1;0;NA;NA;NA;NA;NA;NA;NA;NA;NA;NA;1;1;NA;NA;NA;0;0;0;0;0;NA;NA;NA;NA;NA;NA;NA;NA;NA;NA;NA;NA;NA;NA;NA;NA
rbbhf - hf;1499;0;1;0;0;0;0;0;0;0;0;0;0;0;0;1;0;0;0;0;1;0;0;0;NA;NA;NA;0;0;0;0;1;NA;NA;1;NA;NA;NA;NA;NA;NA;NA;NA;NA;NA;NA;NA;NA;NA;NA;NA;NA;NA;NA;NA;NA;NA;NA;NA;NA;NA;0;0;NA;0;NA;NA;0;NA;NA;0;NA;NA;NA;NA;NA;NA;1;0;NA;NA;NA;NA;NA;NA;NA;NA;NA;NA;1;1;NA;NA;NA;0;0;0;0;0;NA;NA;NA;NA;NA;NA;NA;NA;NA;NA;NA;NA;NA;NA;NA;NA
rbbhf - hf;1500;0;0;NA;0;0;0;0;0;0;0;0;0;0;0;1;0;0;0;0;0;NA;NA;NA;0;0;0;0;0;0;0;1;NA;NA;1;NA;NA;NA;NA;NA;NA;NA;NA;NA;NA;NA;NA;NA;NA;NA;NA;NA;NA;NA;NA;NA;NA;NA;NA;NA;NA;0;0;NA;0;NA;NA;0;NA;NA;0;NA;NA;NA;NA;NA;NA;1;0;NA;NA;NA;NA;NA;NA;NA;NA;NA;NA;1;1;NA;NA;NA;0;0;0;0;0;NA;NA;NA;NA;NA;NA;NA;NA;NA;NA;NA;NA;NA;NA;NA;NA
rbbhf - hf;1501;0;1;0;0;0;0;0;0;0;0;0;0;0;0;1;0;0;0;0;0;NA;NA;NA;0;0;0;0;0;0;0;1;NA;NA;1;NA;NA;NA;NA;NA;NA;NA;NA;NA;NA;NA;NA;NA;NA;NA;NA;NA;NA;NA;NA;NA;NA;NA;NA;NA;NA;0;0;NA;0;NA;NA;0;NA;NA;0;NA;NA;NA;NA;NA;NA;1;0;NA;NA;NA;NA;NA;NA;NA;NA;NA;NA;1;1;NA;NA;NA;0;0;0;0;0;NA;NA;NA;NA;NA;NA;NA;NA;NA;NA;NA;NA;NA;NA;NA;NA
rbbhf - hf;1502;0;0;NA;0;0;0;0;0;0;0;0;0;0;0;0;NA;NA;NA;NA;NA;NA;NA;NA;NA;NA;NA;0;0;0;1;NA;NA;NA;1;NA;NA;NA;NA;NA;NA;0;0;NA;NA;NA;NA;NA;NA;0;1;NA;NA;NA;NA;NA;NA;NA;NA;NA;NA;0;0;NA;0;NA;NA;0;NA;NA;0;NA;NA;NA;NA;NA;NA;1;0;NA;NA;NA;NA;NA;NA;NA;NA;NA;NA;1;1;NA;NA;NA;0;0;0;0;0;NA;NA;NA;NA;NA;NA;NA;NA;NA;NA;NA;NA;NA;NA;NA;NA
rbbhf - hf;1503;0;1;0;0;0;0;0;0;0;0;0;0;0;0;0;NA;NA;NA;NA;NA;NA;NA;NA;NA;NA;NA;0;0;0;1;NA;NA;NA;1;NA;NA;NA;NA;NA;NA;0;0;NA;NA;NA;NA;NA;NA;0;1;NA;NA;NA;NA;NA;NA;NA;NA;NA;NA;0;0;NA;0;NA;NA;0;NA;NA;0;NA;NA;NA;NA;NA;NA;1;0;NA;NA;NA;NA;NA;NA;NA;NA;NA;NA;1;1;NA;NA;NA;0;0;0;0;0;NA;NA;NA;NA;NA;NA;NA;NA;NA;NA;NA;NA;NA;NA;NA;NA
rbbhf - hf;1504;0;0;NA;0;0;0;0;0;0;0;0;0;0;0;1;0;0;0;0;1;0;0;0;NA;NA;NA;0;0;0;1;NA;NA;NA;1;NA;NA;NA;NA;NA;NA;0;0;NA;NA;NA;NA;NA;NA;0;1;NA;NA;NA;NA;NA;NA;NA;NA;NA;NA;0;0;NA;0;NA;NA;0;NA;NA;0;NA;NA;NA;NA;NA;NA;1;0;NA;NA;NA;NA;NA;NA;NA;NA;NA;NA;1;1;NA;NA;NA;0;0;0;0;0;NA;NA;NA;NA;NA;NA;NA;NA;NA;NA;NA;NA;NA;NA;NA;NA
rbbhf - hf;1505;0;1;0;0;0;0;0;0;0;0;0;0;0;0;1;0;0;0;0;1;0;0;0;NA;NA;NA;0;0;0;1;NA;NA;NA;1;NA;NA;NA;NA;NA;NA;0;0;NA;NA;NA;NA;NA;NA;0;1;NA;NA;NA;NA;NA;NA;NA;NA;NA;NA;0;0;NA;0;NA;NA;0;NA;NA;0;NA;NA;NA;NA;NA;NA;1;0;NA;NA;NA;NA;NA;NA;NA;NA;NA;NA;1;1;NA;NA;NA;0;0;0;0;0;NA;NA;NA;NA;NA;NA;NA;NA;NA;NA;NA;NA;NA;NA;NA;NA
rbbhf - hf;1506;0;0;NA;0;0;0;0;0;0;0;0;0;0;0;1;0;0;0;0;0;NA;NA;NA;0;0;0;0;0;0;1;NA;NA;NA;1;NA;NA;NA;NA;NA;NA;0;0;NA;NA;NA;NA;NA;NA;0;1;NA;NA;NA;NA;NA;NA;NA;NA;NA;NA;0;0;NA;0;NA;NA;0;NA;NA;0;NA;NA;NA;NA;NA;NA;1;0;NA;NA;NA;NA;NA;NA;NA;NA;NA;NA;1;1;NA;NA;NA;0;0;0;0;0;NA;NA;NA;NA;NA;NA;NA;NA;NA;NA;NA;NA;NA;NA;NA;NA
rbbhf - hf;1507;0;1;0;0;0;0;0;0;0;0;0;0;0;0;1;0;0;0;0;0;NA;NA;NA;0;0;0;0;0;0;1;NA;NA;NA;1;NA;NA;NA;NA;NA;NA;0;0;NA;NA;NA;NA;NA;NA;0;1;NA;NA;NA;NA;NA;NA;NA;NA;NA;NA;0;0;NA;0;NA;NA;0;NA;NA;0;NA;NA;NA;NA;NA;NA;1;0;NA;NA;NA;NA;NA;NA;NA;NA;NA;NA;1;1;NA;NA;NA;0;0;0;0;0;NA;NA;NA;NA;NA;NA;NA;NA;NA;NA;NA;NA;NA;NA;NA;NA
rbbhf - hf;1508;0;0;NA;0;0;0;0;0;0;0;0;0;0;0;0;NA;NA;NA;NA;NA;NA;NA;NA;NA;NA;NA;0;0;0;1;NA;NA;NA;NA;NA;NA;NA;NA;NA;NA;0;0;NA;NA;NA;NA;NA;NA;0;0;1;NA;NA;NA;NA;NA;NA;NA;NA;NA;0;0;NA;0;NA;NA;0;NA;NA;0;NA;NA;NA;NA;NA;NA;1;0;NA;NA;NA;NA;NA;NA;NA;NA;NA;NA;1;1;NA;NA;NA;0;0;0;0;0;NA;NA;NA;NA;NA;NA;NA;NA;NA;NA;NA;NA;NA;NA;NA;NA
rbbhf - hf;1509;0;1;0;0;0;0;0;0;0;0;0;0;0;0;0;NA;NA;NA;NA;NA;NA;NA;NA;NA;NA;NA;0;0;0;1;NA;NA;NA;NA;NA;NA;NA;NA;NA;NA;0;0;NA;NA;NA;NA;NA;NA;0;0;1;NA;NA;NA;NA;NA;NA;NA;NA;NA;0;0;NA;0;NA;NA;0;NA;NA;0;NA;NA;NA;NA;NA;NA;1;0;NA;NA;NA;NA;NA;NA;NA;NA;NA;NA;1;1;NA;NA;NA;0;0;0;0;0;NA;NA;NA;NA;NA;NA;NA;NA;NA;NA;NA;NA;NA;NA;NA;NA
rbbhf - hf;1510;0;0;NA;0;0;0;0;0;0;0;0;0;0;0;1;0;0;0;0;1;0;0;0;NA;NA;NA;0;0;0;1;NA;NA;NA;NA;NA;NA;NA;NA;NA;NA;0;0;NA;NA;NA;NA;NA;NA;0;0;1;NA;NA;NA;NA;NA;NA;NA;NA;NA;0;0;NA;0;NA;NA;0;NA;NA;0;NA;NA;NA;NA;NA;NA;1;0;NA;NA;NA;NA;NA;NA;NA;NA;NA;NA;1;1;NA;NA;NA;0;0;0;0;0;NA;NA;NA;NA;NA;NA;NA;NA;NA;NA;NA;NA;NA;NA;NA;NA
rbbhf - hf;1511;0;1;0;0;0;0;0;0;0;0;0;0;0;0;1;0;0;0;0;1;0;0;0;NA;NA;NA;0;0;0;1;NA;NA;NA;NA;NA;NA;NA;NA;NA;NA;0;0;NA;NA;NA;NA;NA;NA;0;0;1;NA;NA;NA;NA;NA;NA;NA;NA;NA;0;0;NA;0;NA;NA;0;NA;NA;0;NA;NA;NA;NA;NA;NA;1;0;NA;NA;NA;NA;NA;NA;NA;NA;NA;NA;1;1;NA;NA;NA;0;0;0;0;0;NA;NA;NA;NA;NA;NA;NA;NA;NA;NA;NA;NA;NA;NA;NA;NA
rbbhf - hf;1512;0;0;NA;0;0;0;0;0;0;0;0;0;0;0;1;0;0;0;0;0;NA;NA;NA;0;0;0;0;0;0;1;NA;NA;NA;NA;NA;NA;NA;NA;NA;NA;0;0;NA;NA;NA;NA;NA;NA;0;0;1;NA;NA;NA;NA;NA;NA;NA;NA;NA;0;0;NA;0;NA;NA;0;NA;NA;0;NA;NA;NA;NA;NA;NA;1;0;NA;NA;NA;NA;NA;NA;NA;NA;NA;NA;1;1;NA;NA;NA;0;0;0;0;0;NA;NA;NA;NA;NA;NA;NA;NA;NA;NA;NA;NA;NA;NA;NA;NA
rbbhf - hf;1513;0;1;0;0;0;0;0;0;0;0;0;0;0;0;1;0;0;0;0;0;NA;NA;NA;0;0;0;0;0;0;1;NA;NA;NA;NA;NA;NA;NA;NA;NA;NA;0;0;NA;NA;NA;NA;NA;NA;0;0;1;NA;NA;NA;NA;NA;NA;NA;NA;NA;0;0;NA;0;NA;NA;0;NA;NA;0;NA;NA;NA;NA;NA;NA;1;0;NA;NA;NA;NA;NA;NA;NA;NA;NA;NA;1;1;NA;NA;NA;0;0;0;0;0;NA;NA;NA;NA;NA;NA;NA;NA;NA;NA;NA;NA;NA;NA;NA;NA
rbbhf - hf;1514;0;0;NA;0;0;0;0;0;0;0;0;0;0;0;0;NA;NA;NA;NA;NA;NA;NA;NA;NA;NA;NA;0;0;0;0;NA;1;NA;NA;NA;NA;NA;NA;NA;NA;NA;NA;NA;NA;NA;NA;NA;NA;NA;NA;NA;NA;NA;NA;NA;NA;NA;NA;NA;NA;0;0;NA;0;NA;NA;0;NA;NA;1;0;NA;NA;NA;NA;NA;1;0;NA;NA;NA;NA;NA;NA;NA;NA;NA;NA;1;1;NA;NA;NA;0;0;0;0;0;NA;NA;NA;NA;NA;NA;NA;NA;NA;NA;NA;NA;NA;NA;NA;NA
rbbhf - hf;1515;0;1;0;0;0;0;0;0;0;0;0;0;0;0;0;NA;NA;NA;NA;NA;NA;NA;NA;NA;NA;NA;0;0;0;0;NA;1;NA;NA;NA;NA;NA;NA;NA;NA;NA;NA;NA;NA;NA;NA;NA;NA;NA;NA;NA;NA;NA;NA;NA;NA;NA;NA;NA;NA;0;0;NA;0;NA;NA;0;NA;NA;1;0;NA;NA;NA;NA;NA;1;0;NA;NA;NA;NA;NA;NA;NA;NA;NA;NA;1;1;NA;NA;NA;0;0;0;0;0;NA;NA;NA;NA;NA;NA;NA;NA;NA;NA;NA;NA;NA;NA;NA;NA
rbbhf - hf;1516;0;0;NA;0;0;0;0;0;0;0;0;0;0;0;1;0;0;0;0;1;0;0;0;NA;NA;NA;0;0;0;0;NA;1;NA;NA;NA;NA;NA;NA;NA;NA;NA;NA;NA;NA;NA;NA;NA;NA;NA;NA;NA;NA;NA;NA;NA;NA;NA;NA;NA;NA;0;0;NA;0;NA;NA;0;NA;NA;1;0;NA;NA;NA;NA;NA;1;0;NA;NA;NA;NA;NA;NA;NA;NA;NA;NA;1;1;NA;NA;NA;0;0;0;0;0;NA;NA;NA;NA;NA;NA;NA;NA;NA;NA;NA;NA;NA;NA;NA;NA
rbbhf - hf;1517;0;1;0;0;0;0;0;0;0;0;0;0;0;0;1;0;0;0;0;1;0;0;0;NA;NA;NA;0;0;0;0;NA;1;NA;NA;NA;NA;NA;NA;NA;NA;NA;NA;NA;NA;NA;NA;NA;NA;NA;NA;NA;NA;NA;NA;NA;NA;NA;NA;NA;NA;0;0;NA;0;NA;NA;0;NA;NA;1;0;NA;NA;NA;NA;NA;1;0;NA;NA;NA;NA;NA;NA;NA;NA;NA;NA;1;1;NA;NA;NA;0;0;0;0;0;NA;NA;NA;NA;NA;NA;NA;NA;NA;NA;NA;NA;NA;NA;NA;NA
rbbhf - hf;1518;0;0;NA;0;0;0;0;0;0;0;0;0;0;0;1;0;0;0;0;0;NA;NA;NA;0;0;0;0;0;0;0;NA;1;NA;NA;NA;NA;NA;NA;NA;NA;NA;NA;NA;NA;NA;NA;NA;NA;NA;NA;NA;NA;NA;NA;NA;NA;NA;NA;NA;NA;0;0;NA;0;NA;NA;0;NA;NA;1;0;NA;NA;NA;NA;NA;1;0;NA;NA;NA;NA;NA;NA;NA;NA;NA;NA;1;1;NA;NA;NA;0;0;0;0;0;NA;NA;NA;NA;NA;NA;NA;NA;NA;NA;NA;NA;NA;NA;NA;NA
rbbhf - hf;1519;0;1;0;0;0;0;0;0;0;0;0;0;0;0;1;0;0;0;0;0;NA;NA;NA;0;0;0;0;0;0;0;NA;1;NA;NA;NA;NA;NA;NA;NA;NA;NA;NA;NA;NA;NA;NA;NA;NA;NA;NA;NA;NA;NA;NA;NA;NA;NA;NA;NA;NA;0;0;NA;0;NA;NA;0;NA;NA;1;0;NA;NA;NA;NA;NA;1;0;NA;NA;NA;NA;NA;NA;NA;NA;NA;NA;1;1;NA;NA;NA;0;0;0;0;0;NA;NA;NA;NA;NA;NA;NA;NA;NA;NA;NA;NA;NA;NA;NA;NA
rbbhf - hf;1520;0;0;NA;0;0;0;0;0;0;0;0;0;0;0;0;NA;NA;NA;NA;NA;NA;NA;NA;NA;NA;NA;0;0;0;0;1;NA;NA;1;NA;NA;NA;NA;NA;NA;NA;NA;NA;NA;NA;NA;NA;NA;NA;NA;NA;NA;NA;NA;NA;NA;NA;NA;NA;NA;0;0;NA;0;NA;NA;0;NA;NA;1;0;NA;NA;NA;NA;NA;1;0;NA;NA;NA;NA;NA;NA;NA;NA;NA;NA;1;1;NA;NA;NA;0;0;0;0;0;NA;NA;NA;NA;NA;NA;NA;NA;NA;NA;NA;NA;NA;NA;NA;NA
rbbhf - hf;1521;0;1;0;0;0;0;0;0;0;0;0;0;0;0;0;NA;NA;NA;NA;NA;NA;NA;NA;NA;NA;NA;0;0;0;0;1;NA;NA;1;NA;NA;NA;NA;NA;NA;NA;NA;NA;NA;NA;NA;NA;NA;NA;NA;NA;NA;NA;NA;NA;NA;NA;NA;NA;NA;0;0;NA;0;NA;NA;0;NA;NA;1;0;NA;NA;NA;NA;NA;1;0;NA;NA;NA;NA;NA;NA;NA;NA;NA;NA;1;1;NA;NA;NA;0;0;0;0;0;NA;NA;NA;NA;NA;NA;NA;NA;NA;NA;NA;NA;NA;NA;NA;NA
rbbhf - hf;1522;0;0;NA;0;0;0;0;0;0;0;0;0;0;0;1;0;0;0;0;1;0;0;0;NA;NA;NA;0;0;0;0;1;NA;NA;1;NA;NA;NA;NA;NA;NA;NA;NA;NA;NA;NA;NA;NA;NA;NA;NA;NA;NA;NA;NA;NA;NA;NA;NA;NA;NA;0;0;NA;0;NA;NA;0;NA;NA;1;0;NA;NA;NA;NA;NA;1;0;NA;NA;NA;NA;NA;NA;NA;NA;NA;NA;1;1;NA;NA;NA;0;0;0;0;0;NA;NA;NA;NA;NA;NA;NA;NA;NA;NA;NA;NA;NA;NA;NA;NA
rbbhf - hf;1523;0;1;0;0;0;0;0;0;0;0;0;0;0;0;1;0;0;0;0;1;0;0;0;NA;NA;NA;0;0;0;0;1;NA;NA;1;NA;NA;NA;NA;NA;NA;NA;NA;NA;NA;NA;NA;NA;NA;NA;NA;NA;NA;NA;NA;NA;NA;NA;NA;NA;NA;0;0;NA;0;NA;NA;0;NA;NA;1;0;NA;NA;NA;NA;NA;1;0;NA;NA;NA;NA;NA;NA;NA;NA;NA;NA;1;1;NA;NA;NA;0;0;0;0;0;NA;NA;NA;NA;NA;NA;NA;NA;NA;NA;NA;NA;NA;NA;NA;NA
rbbhf - hf;1524;0;0;NA;0;0;0;0;0;0;0;0;0;0;0;1;0;0;0;0;0;NA;NA;NA;0;0;0;0;0;0;0;1;NA;NA;1;NA;NA;NA;NA;NA;NA;NA;NA;NA;NA;NA;NA;NA;NA;NA;NA;NA;NA;NA;NA;NA;NA;NA;NA;NA;NA;0;0;NA;0;NA;NA;0;NA;NA;1;0;NA;NA;NA;NA;NA;1;0;NA;NA;NA;NA;NA;NA;NA;NA;NA;NA;1;1;NA;NA;NA;0;0;0;0;0;NA;NA;NA;NA;NA;NA;NA;NA;NA;NA;NA;NA;NA;NA;NA;NA
rbbhf - hf;1525;0;1;0;0;0;0;0;0;0;0;0;0;0;0;1;0;0;0;0;0;NA;NA;NA;0;0;0;0;0;0;0;1;NA;NA;1;NA;NA;NA;NA;NA;NA;NA;NA;NA;NA;NA;NA;NA;NA;NA;NA;NA;NA;NA;NA;NA;NA;NA;NA;NA;NA;0;0;NA;0;NA;NA;0;NA;NA;1;0;NA;NA;NA;NA;NA;1;0;NA;NA;NA;NA;NA;NA;NA;NA;NA;NA;1;1;NA;NA;NA;0;0;0;0;0;NA;NA;NA;NA;NA;NA;NA;NA;NA;NA;NA;NA;NA;NA;NA;NA
rbbhf - hf;1526;0;0;NA;0;0;0;0;0;0;0;0;0;0;0;0;NA;NA;NA;NA;NA;NA;NA;NA;NA;NA;NA;0;0;0;1;NA;NA;NA;1;NA;NA;NA;NA;NA;NA;0;0;NA;NA;NA;NA;NA;NA;0;1;NA;NA;NA;NA;NA;NA;NA;NA;NA;NA;0;0;NA;0;NA;NA;0;NA;NA;1;0;NA;NA;NA;NA;NA;1;0;NA;NA;NA;NA;NA;NA;NA;NA;NA;NA;1;1;NA;NA;NA;0;0;0;0;0;NA;NA;NA;NA;NA;NA;NA;NA;NA;NA;NA;NA;NA;NA;NA;NA
rbbhf - hf;1527;0;1;0;0;0;0;0;0;0;0;0;0;0;0;0;NA;NA;NA;NA;NA;NA;NA;NA;NA;NA;NA;0;0;0;1;NA;NA;NA;1;NA;NA;NA;NA;NA;NA;0;0;NA;NA;NA;NA;NA;NA;0;1;NA;NA;NA;NA;NA;NA;NA;NA;NA;NA;0;0;NA;0;NA;NA;0;NA;NA;1;0;NA;NA;NA;NA;NA;1;0;NA;NA;NA;NA;NA;NA;NA;NA;NA;NA;1;1;NA;NA;NA;0;0;0;0;0;NA;NA;NA;NA;NA;NA;NA;NA;NA;NA;NA;NA;NA;NA;NA;NA
rbbhf - hf;1528;0;0;NA;0;0;0;0;0;0;0;0;0;0;0;1;0;0;0;0;1;0;0;0;NA;NA;NA;0;0;0;1;NA;NA;NA;1;NA;NA;NA;NA;NA;NA;0;0;NA;NA;NA;NA;NA;NA;0;1;NA;NA;NA;NA;NA;NA;NA;NA;NA;NA;0;0;NA;0;NA;NA;0;NA;NA;1;0;NA;NA;NA;NA;NA;1;0;NA;NA;NA;NA;NA;NA;NA;NA;NA;NA;1;1;NA;NA;NA;0;0;0;0;0;NA;NA;NA;NA;NA;NA;NA;NA;NA;NA;NA;NA;NA;NA;NA;NA
rbbhf - hf;1529;0;1;0;0;0;0;0;0;0;0;0;0;0;0;1;0;0;0;0;1;0;0;0;NA;NA;NA;0;0;0;1;NA;NA;NA;1;NA;NA;NA;NA;NA;NA;0;0;NA;NA;NA;NA;NA;NA;0;1;NA;NA;NA;NA;NA;NA;NA;NA;NA;NA;0;0;NA;0;NA;NA;0;NA;NA;1;0;NA;NA;NA;NA;NA;1;0;NA;NA;NA;NA;NA;NA;NA;NA;NA;NA;1;1;NA;NA;NA;0;0;0;0;0;NA;NA;NA;NA;NA;NA;NA;NA;NA;NA;NA;NA;NA;NA;NA;NA
rbbhf - hf;1530;0;0;NA;0;0;0;0;0;0;0;0;0;0;0;1;0;0;0;0;0;NA;NA;NA;0;0;0;0;0;0;1;NA;NA;NA;1;NA;NA;NA;NA;NA;NA;0;0;NA;NA;NA;NA;NA;NA;0;1;NA;NA;NA;NA;NA;NA;NA;NA;NA;NA;0;0;NA;0;NA;NA;0;NA;NA;1;0;NA;NA;NA;NA;NA;1;0;NA;NA;NA;NA;NA;NA;NA;NA;NA;NA;1;1;NA;NA;NA;0;0;0;0;0;NA;NA;NA;NA;NA;NA;NA;NA;NA;NA;NA;NA;NA;NA;NA;NA
rbbhf - hf;1531;0;1;0;0;0;0;0;0;0;0;0;0;0;0;1;0;0;0;0;0;NA;NA;NA;0;0;0;0;0;0;1;NA;NA;NA;1;NA;NA;NA;NA;NA;NA;0;0;NA;NA;NA;NA;NA;NA;0;1;NA;NA;NA;NA;NA;NA;NA;NA;NA;NA;0;0;NA;0;NA;NA;0;NA;NA;1;0;NA;NA;NA;NA;NA;1;0;NA;NA;NA;NA;NA;NA;NA;NA;NA;NA;1;1;NA;NA;NA;0;0;0;0;0;NA;NA;NA;NA;NA;NA;NA;NA;NA;NA;NA;NA;NA;NA;NA;NA
rbbhf - hf;1532;0;0;NA;0;0;0;0;0;0;0;0;0;0;0;0;NA;NA;NA;NA;NA;NA;NA;NA;NA;NA;NA;0;0;0;1;NA;NA;NA;NA;NA;NA;NA;NA;NA;NA;0;0;NA;NA;NA;NA;NA;NA;0;0;1;NA;NA;NA;NA;NA;NA;NA;NA;NA;0;0;NA;0;NA;NA;0;NA;NA;1;0;NA;NA;NA;NA;NA;1;0;NA;NA;NA;NA;NA;NA;NA;NA;NA;NA;1;1;NA;NA;NA;0;0;0;0;0;NA;NA;NA;NA;NA;NA;NA;NA;NA;NA;NA;NA;NA;NA;NA;NA
rbbhf - hf;1533;0;1;0;0;0;0;0;0;0;0;0;0;0;0;0;NA;NA;NA;NA;NA;NA;NA;NA;NA;NA;NA;0;0;0;1;NA;NA;NA;NA;NA;NA;NA;NA;NA;NA;0;0;NA;NA;NA;NA;NA;NA;0;0;1;NA;NA;NA;NA;NA;NA;NA;NA;NA;0;0;NA;0;NA;NA;0;NA;NA;1;0;NA;NA;NA;NA;NA;1;0;NA;NA;NA;NA;NA;NA;NA;NA;NA;NA;1;1;NA;NA;NA;0;0;0;0;0;NA;NA;NA;NA;NA;NA;NA;NA;NA;NA;NA;NA;NA;NA;NA;NA
rbbhf - hf;1534;0;0;NA;0;0;0;0;0;0;0;0;0;0;0;1;0;0;0;0;1;0;0;0;NA;NA;NA;0;0;0;1;NA;NA;NA;NA;NA;NA;NA;NA;NA;NA;0;0;NA;NA;NA;NA;NA;NA;0;0;1;NA;NA;NA;NA;NA;NA;NA;NA;NA;0;0;NA;0;NA;NA;0;NA;NA;1;0;NA;NA;NA;NA;NA;1;0;NA;NA;NA;NA;NA;NA;NA;NA;NA;NA;1;1;NA;NA;NA;0;0;0;0;0;NA;NA;NA;NA;NA;NA;NA;NA;NA;NA;NA;NA;NA;NA;NA;NA
rbbhf - hf;1535;0;1;0;0;0;0;0;0;0;0;0;0;0;0;1;0;0;0;0;1;0;0;0;NA;NA;NA;0;0;0;1;NA;NA;NA;NA;NA;NA;NA;NA;NA;NA;0;0;NA;NA;NA;NA;NA;NA;0;0;1;NA;NA;NA;NA;NA;NA;NA;NA;NA;0;0;NA;0;NA;NA;0;NA;NA;1;0;NA;NA;NA;NA;NA;1;0;NA;NA;NA;NA;NA;NA;NA;NA;NA;NA;1;1;NA;NA;NA;0;0;0;0;0;NA;NA;NA;NA;NA;NA;NA;NA;NA;NA;NA;NA;NA;NA;NA;NA
rbbhf - hf;1536;0;0;NA;0;0;0;0;0;0;0;0;0;0;0;1;0;0;0;0;0;NA;NA;NA;0;0;0;0;0;0;1;NA;NA;NA;NA;NA;NA;NA;NA;NA;NA;0;0;NA;NA;NA;NA;NA;NA;0;0;1;NA;NA;NA;NA;NA;NA;NA;NA;NA;0;0;NA;0;NA;NA;0;NA;NA;1;0;NA;NA;NA;NA;NA;1;0;NA;NA;NA;NA;NA;NA;NA;NA;NA;NA;1;1;NA;NA;NA;0;0;0;0;0;NA;NA;NA;NA;NA;NA;NA;NA;NA;NA;NA;NA;NA;NA;NA;NA
rbbhf - hf;1537;0;1;0;0;0;0;0;0;0;0;0;0;0;0;1;0;0;0;0;0;NA;NA;NA;0;0;0;0;0;0;1;NA;NA;NA;NA;NA;NA;NA;NA;NA;NA;0;0;NA;NA;NA;NA;NA;NA;0;0;1;NA;NA;NA;NA;NA;NA;NA;NA;NA;0;0;NA;0;NA;NA;0;NA;NA;1;0;NA;NA;NA;NA;NA;1;0;NA;NA;NA;NA;NA;NA;NA;NA;NA;NA;1;1;NA;NA;NA;0;0;0;0;0;NA;NA;NA;NA;NA;NA;NA;NA;NA;NA;NA;NA;NA;NA;NA;NA
rbbhf - hf;1538;0;0;NA;0;0;0;0;0;0;0;0;0;0;0;0;NA;NA;NA;NA;NA;NA;NA;NA;NA;NA;NA;0;0;0;0;NA;1;NA;NA;NA;NA;NA;NA;NA;NA;NA;NA;NA;NA;NA;NA;NA;NA;NA;NA;NA;NA;NA;NA;NA;NA;NA;NA;NA;NA;0;0;NA;0;NA;NA;0;NA;NA;0;NA;NA;NA;NA;NA;NA;0;NA;NA;NA;NA;NA;NA;NA;NA;NA;NA;NA;0;NA;0;NA;NA;0;0;0;0;0;NA;NA;NA;NA;NA;NA;NA;NA;NA;NA;NA;NA;NA;NA;NA;NA
rbbhf - hf;1539;0;1;0;0;0;0;0;0;0;0;0;0;0;0;0;NA;NA;NA;NA;NA;NA;NA;NA;NA;NA;NA;0;0;0;0;NA;1;NA;NA;NA;NA;NA;NA;NA;NA;NA;NA;NA;NA;NA;NA;NA;NA;NA;NA;NA;NA;NA;NA;NA;NA;NA;NA;NA;NA;0;0;NA;0;NA;NA;0;NA;NA;0;NA;NA;NA;NA;NA;NA;0;NA;NA;NA;NA;NA;NA;NA;NA;NA;NA;NA;0;NA;0;NA;NA;0;0;0;0;0;NA;NA;NA;NA;NA;NA;NA;NA;NA;NA;NA;NA;NA;NA;NA;NA
rbbhf - hf;1540;0;0;NA;0;0;0;0;0;0;0;0;0;0;0;1;0;0;0;0;1;0;0;0;NA;NA;NA;0;0;0;0;NA;1;NA;NA;NA;NA;NA;NA;NA;NA;NA;NA;NA;NA;NA;NA;NA;NA;NA;NA;NA;NA;NA;NA;NA;NA;NA;NA;NA;NA;0;0;NA;0;NA;NA;0;NA;NA;0;NA;NA;NA;NA;NA;NA;0;NA;NA;NA;NA;NA;NA;NA;NA;NA;NA;NA;0;NA;0;NA;NA;0;0;0;0;0;NA;NA;NA;NA;NA;NA;NA;NA;NA;NA;NA;NA;NA;NA;NA;NA
rbbhf - hf;1541;0;1;0;0;0;0;0;0;0;0;0;0;0;0;1;0;0;0;0;1;0;0;0;NA;NA;NA;0;0;0;0;NA;1;NA;NA;NA;NA;NA;NA;NA;NA;NA;NA;NA;NA;NA;NA;NA;NA;NA;NA;NA;NA;NA;NA;NA;NA;NA;NA;NA;NA;0;0;NA;0;NA;NA;0;NA;NA;0;NA;NA;NA;NA;NA;NA;0;NA;NA;NA;NA;NA;NA;NA;NA;NA;NA;NA;0;NA;0;NA;NA;0;0;0;0;0;NA;NA;NA;NA;NA;NA;NA;NA;NA;NA;NA;NA;NA;NA;NA;NA
rbbhf - hf;1542;0;0;NA;0;0;0;0;0;0;0;0;0;0;0;1;0;0;0;0;0;NA;NA;NA;0;0;0;0;0;0;0;NA;1;NA;NA;NA;NA;NA;NA;NA;NA;NA;NA;NA;NA;NA;NA;NA;NA;NA;NA;NA;NA;NA;NA;NA;NA;NA;NA;NA;NA;0;0;NA;0;NA;NA;0;NA;NA;0;NA;NA;NA;NA;NA;NA;0;NA;NA;NA;NA;NA;NA;NA;NA;NA;NA;NA;0;NA;0;NA;NA;0;0;0;0;0;NA;NA;NA;NA;NA;NA;NA;NA;NA;NA;NA;NA;NA;NA;NA;NA
rbbhf - hf;1543;0;1;0;0;0;0;0;0;0;0;0;0;0;0;1;0;0;0;0;0;NA;NA;NA;0;0;0;0;0;0;0;NA;1;NA;NA;NA;NA;NA;NA;NA;NA;NA;NA;NA;NA;NA;NA;NA;NA;NA;NA;NA;NA;NA;NA;NA;NA;NA;NA;NA;NA;0;0;NA;0;NA;NA;0;NA;NA;0;NA;NA;NA;NA;NA;NA;0;NA;NA;NA;NA;NA;NA;NA;NA;NA;NA;NA;0;NA;0;NA;NA;0;0;0;0;0;NA;NA;NA;NA;NA;NA;NA;NA;NA;NA;NA;NA;NA;NA;NA;NA
rbbhf - hf;1544;0;0;NA;0;0;0;0;0;0;0;0;0;0;0;0;NA;NA;NA;NA;NA;NA;NA;NA;NA;NA;NA;0;0;0;0;1;NA;NA;1;NA;NA;NA;NA;NA;NA;NA;NA;NA;NA;NA;NA;NA;NA;NA;NA;NA;NA;NA;NA;NA;NA;NA;NA;NA;NA;0;0;NA;0;NA;NA;0;NA;NA;0;NA;NA;NA;NA;NA;NA;0;NA;NA;NA;NA;NA;NA;NA;NA;NA;NA;NA;0;NA;0;NA;NA;0;0;0;0;0;NA;NA;NA;NA;NA;NA;NA;NA;NA;NA;NA;NA;NA;NA;NA;NA
rbbhf - hf;1545;0;1;0;0;0;0;0;0;0;0;0;0;0;0;0;NA;NA;NA;NA;NA;NA;NA;NA;NA;NA;NA;0;0;0;0;1;NA;NA;1;NA;NA;NA;NA;NA;NA;NA;NA;NA;NA;NA;NA;NA;NA;NA;NA;NA;NA;NA;NA;NA;NA;NA;NA;NA;NA;0;0;NA;0;NA;NA;0;NA;NA;0;NA;NA;NA;NA;NA;NA;0;NA;NA;NA;NA;NA;NA;NA;NA;NA;NA;NA;0;NA;0;NA;NA;0;0;0;0;0;NA;NA;NA;NA;NA;NA;NA;NA;NA;NA;NA;NA;NA;NA;NA;NA
rbbhf - hf;1546;0;0;NA;0;0;0;0;0;0;0;0;0;0;0;1;0;0;0;0;1;0;0;0;NA;NA;NA;0;0;0;0;1;NA;NA;1;NA;NA;NA;NA;NA;NA;NA;NA;NA;NA;NA;NA;NA;NA;NA;NA;NA;NA;NA;NA;NA;NA;NA;NA;NA;NA;0;0;NA;0;NA;NA;0;NA;NA;0;NA;NA;NA;NA;NA;NA;0;NA;NA;NA;NA;NA;NA;NA;NA;NA;NA;NA;0;NA;0;NA;NA;0;0;0;0;0;NA;NA;NA;NA;NA;NA;NA;NA;NA;NA;NA;NA;NA;NA;NA;NA
rbbhf - hf;1547;0;1;0;0;0;0;0;0;0;0;0;0;0;0;1;0;0;0;0;1;0;0;0;NA;NA;NA;0;0;0;0;1;NA;NA;1;NA;NA;NA;NA;NA;NA;NA;NA;NA;NA;NA;NA;NA;NA;NA;NA;NA;NA;NA;NA;NA;NA;NA;NA;NA;NA;0;0;NA;0;NA;NA;0;NA;NA;0;NA;NA;NA;NA;NA;NA;0;NA;NA;NA;NA;NA;NA;NA;NA;NA;NA;NA;0;NA;0;NA;NA;0;0;0;0;0;NA;NA;NA;NA;NA;NA;NA;NA;NA;NA;NA;NA;NA;NA;NA;NA
rbbhf - hf;1548;0;0;NA;0;0;0;0;0;0;0;0;0;0;0;1;0;0;0;0;0;NA;NA;NA;0;0;0;0;0;0;0;1;NA;NA;1;NA;NA;NA;NA;NA;NA;NA;NA;NA;NA;NA;NA;NA;NA;NA;NA;NA;NA;NA;NA;NA;NA;NA;NA;NA;NA;0;0;NA;0;NA;NA;0;NA;NA;0;NA;NA;NA;NA;NA;NA;0;NA;NA;NA;NA;NA;NA;NA;NA;NA;NA;NA;0;NA;0;NA;NA;0;0;0;0;0;NA;NA;NA;NA;NA;NA;NA;NA;NA;NA;NA;NA;NA;NA;NA;NA
rbbhf - hf;1549;0;1;0;0;0;0;0;0;0;0;0;0;0;0;1;0;0;0;0;0;NA;NA;NA;0;0;0;0;0;0;0;1;NA;NA;1;NA;NA;NA;NA;NA;NA;NA;NA;NA;NA;NA;NA;NA;NA;NA;NA;NA;NA;NA;NA;NA;NA;NA;NA;NA;NA;0;0;NA;0;NA;NA;0;NA;NA;0;NA;NA;NA;NA;NA;NA;0;NA;NA;NA;NA;NA;NA;NA;NA;NA;NA;NA;0;NA;0;NA;NA;0;0;0;0;0;NA;NA;NA;NA;NA;NA;NA;NA;NA;NA;NA;NA;NA;NA;NA;NA
rbbhf - hf;1550;0;0;NA;0;0;0;0;0;0;0;0;0;0;0;0;NA;NA;NA;NA;NA;NA;NA;NA;NA;NA;NA;0;0;0;1;NA;NA;NA;1;NA;NA;NA;NA;NA;NA;0;0;NA;NA;NA;NA;NA;NA;0;1;NA;NA;NA;NA;NA;NA;NA;NA;NA;NA;0;0;NA;0;NA;NA;0;NA;NA;0;NA;NA;NA;NA;NA;NA;0;NA;NA;NA;NA;NA;NA;NA;NA;NA;NA;NA;0;NA;0;NA;NA;0;0;0;0;0;NA;NA;NA;NA;NA;NA;NA;NA;NA;NA;NA;NA;NA;NA;NA;NA
rbbhf - hf;1551;0;1;0;0;0;0;0;0;0;0;0;0;0;0;0;NA;NA;NA;NA;NA;NA;NA;NA;NA;NA;NA;0;0;0;1;NA;NA;NA;1;NA;NA;NA;NA;NA;NA;0;0;NA;NA;NA;NA;NA;NA;0;1;NA;NA;NA;NA;NA;NA;NA;NA;NA;NA;0;0;NA;0;NA;NA;0;NA;NA;0;NA;NA;NA;NA;NA;NA;0;NA;NA;NA;NA;NA;NA;NA;NA;NA;NA;NA;0;NA;0;NA;NA;0;0;0;0;0;NA;NA;NA;NA;NA;NA;NA;NA;NA;NA;NA;NA;NA;NA;NA;NA
rbbhf - hf;1552;0;0;NA;0;0;0;0;0;0;0;0;0;0;0;1;0;0;0;0;1;0;0;0;NA;NA;NA;0;0;0;1;NA;NA;NA;1;NA;NA;NA;NA;NA;NA;0;0;NA;NA;NA;NA;NA;NA;0;1;NA;NA;NA;NA;NA;NA;NA;NA;NA;NA;0;0;NA;0;NA;NA;0;NA;NA;0;NA;NA;NA;NA;NA;NA;0;NA;NA;NA;NA;NA;NA;NA;NA;NA;NA;NA;0;NA;0;NA;NA;0;0;0;0;0;NA;NA;NA;NA;NA;NA;NA;NA;NA;NA;NA;NA;NA;NA;NA;NA
rbbhf - hf;1553;0;1;0;0;0;0;0;0;0;0;0;0;0;0;1;0;0;0;0;1;0;0;0;NA;NA;NA;0;0;0;1;NA;NA;NA;1;NA;NA;NA;NA;NA;NA;0;0;NA;NA;NA;NA;NA;NA;0;1;NA;NA;NA;NA;NA;NA;NA;NA;NA;NA;0;0;NA;0;NA;NA;0;NA;NA;0;NA;NA;NA;NA;NA;NA;0;NA;NA;NA;NA;NA;NA;NA;NA;NA;NA;NA;0;NA;0;NA;NA;0;0;0;0;0;NA;NA;NA;NA;NA;NA;NA;NA;NA;NA;NA;NA;NA;NA;NA;NA
rbbhf - hf;1554;0;0;NA;0;0;0;0;0;0;0;0;0;0;0;1;0;0;0;0;0;NA;NA;NA;0;0;0;0;0;0;1;NA;NA;NA;1;NA;NA;NA;NA;NA;NA;0;0;NA;NA;NA;NA;NA;NA;0;1;NA;NA;NA;NA;NA;NA;NA;NA;NA;NA;0;0;NA;0;NA;NA;0;NA;NA;0;NA;NA;NA;NA;NA;NA;0;NA;NA;NA;NA;NA;NA;NA;NA;NA;NA;NA;0;NA;0;NA;NA;0;0;0;0;0;NA;NA;NA;NA;NA;NA;NA;NA;NA;NA;NA;NA;NA;NA;NA;NA
rbbhf - hf;1555;0;1;0;0;0;0;0;0;0;0;0;0;0;0;1;0;0;0;0;0;NA;NA;NA;0;0;0;0;0;0;1;NA;NA;NA;1;NA;NA;NA;NA;NA;NA;0;0;NA;NA;NA;NA;NA;NA;0;1;NA;NA;NA;NA;NA;NA;NA;NA;NA;NA;0;0;NA;0;NA;NA;0;NA;NA;0;NA;NA;NA;NA;NA;NA;0;NA;NA;NA;NA;NA;NA;NA;NA;NA;NA;NA;0;NA;0;NA;NA;0;0;0;0;0;NA;NA;NA;NA;NA;NA;NA;NA;NA;NA;NA;NA;NA;NA;NA;NA
rbbhf - hf;1556;0;0;NA;0;0;0;0;0;0;0;0;0;0;0;0;NA;NA;NA;NA;NA;NA;NA;NA;NA;NA;NA;0;0;0;1;NA;NA;NA;NA;NA;NA;NA;NA;NA;NA;0;0;NA;NA;NA;NA;NA;NA;0;0;1;NA;NA;NA;NA;NA;NA;NA;NA;NA;0;0;NA;0;NA;NA;0;NA;NA;0;NA;NA;NA;NA;NA;NA;0;NA;NA;NA;NA;NA;NA;NA;NA;NA;NA;NA;0;NA;0;NA;NA;0;0;0;0;0;NA;NA;NA;NA;NA;NA;NA;NA;NA;NA;NA;NA;NA;NA;NA;NA
rbbhf - hf;1557;0;1;0;0;0;0;0;0;0;0;0;0;0;0;0;NA;NA;NA;NA;NA;NA;NA;NA;NA;NA;NA;0;0;0;1;NA;NA;NA;NA;NA;NA;NA;NA;NA;NA;0;0;NA;NA;NA;NA;NA;NA;0;0;1;NA;NA;NA;NA;NA;NA;NA;NA;NA;0;0;NA;0;NA;NA;0;NA;NA;0;NA;NA;NA;NA;NA;NA;0;NA;NA;NA;NA;NA;NA;NA;NA;NA;NA;NA;0;NA;0;NA;NA;0;0;0;0;0;NA;NA;NA;NA;NA;NA;NA;NA;NA;NA;NA;NA;NA;NA;NA;NA
rbbhf - hf;1558;0;0;NA;0;0;0;0;0;0;0;0;0;0;0;1;0;0;0;0;1;0;0;0;NA;NA;NA;0;0;0;1;NA;NA;NA;NA;NA;NA;NA;NA;NA;NA;0;0;NA;NA;NA;NA;NA;NA;0;0;1;NA;NA;NA;NA;NA;NA;NA;NA;NA;0;0;NA;0;NA;NA;0;NA;NA;0;NA;NA;NA;NA;NA;NA;0;NA;NA;NA;NA;NA;NA;NA;NA;NA;NA;NA;0;NA;0;NA;NA;0;0;0;0;0;NA;NA;NA;NA;NA;NA;NA;NA;NA;NA;NA;NA;NA;NA;NA;NA
rbbhf - hf;1559;0;1;0;0;0;0;0;0;0;0;0;0;0;0;1;0;0;0;0;1;0;0;0;NA;NA;NA;0;0;0;1;NA;NA;NA;NA;NA;NA;NA;NA;NA;NA;0;0;NA;NA;NA;NA;NA;NA;0;0;1;NA;NA;NA;NA;NA;NA;NA;NA;NA;0;0;NA;0;NA;NA;0;NA;NA;0;NA;NA;NA;NA;NA;NA;0;NA;NA;NA;NA;NA;NA;NA;NA;NA;NA;NA;0;NA;0;NA;NA;0;0;0;0;0;NA;NA;NA;NA;NA;NA;NA;NA;NA;NA;NA;NA;NA;NA;NA;NA
rbbhf - hf;1560;0;0;NA;0;0;0;0;0;0;0;0;0;0;0;1;0;0;0;0;0;NA;NA;NA;0;0;0;0;0;0;1;NA;NA;NA;NA;NA;NA;NA;NA;NA;NA;0;0;NA;NA;NA;NA;NA;NA;0;0;1;NA;NA;NA;NA;NA;NA;NA;NA;NA;0;0;NA;0;NA;NA;0;NA;NA;0;NA;NA;NA;NA;NA;NA;0;NA;NA;NA;NA;NA;NA;NA;NA;NA;NA;NA;0;NA;0;NA;NA;0;0;0;0;0;NA;NA;NA;NA;NA;NA;NA;NA;NA;NA;NA;NA;NA;NA;NA;NA
rbbhf - hf;1561;0;1;0;0;0;0;0;0;0;0;0;0;0;0;1;0;0;0;0;0;NA;NA;NA;0;0;0;0;0;0;1;NA;NA;NA;NA;NA;NA;NA;NA;NA;NA;0;0;NA;NA;NA;NA;NA;NA;0;0;1;NA;NA;NA;NA;NA;NA;NA;NA;NA;0;0;NA;0;NA;NA;0;NA;NA;0;NA;NA;NA;NA;NA;NA;0;NA;NA;NA;NA;NA;NA;NA;NA;NA;NA;NA;0;NA;0;NA;NA;0;0;0;0;0;NA;NA;NA;NA;NA;NA;NA;NA;NA;NA;NA;NA;NA;NA;NA;NA
rbbhf - hf;1562;0;0;NA;0;0;0;0;0;0;0;0;0;0;0;0;NA;NA;NA;NA;NA;NA;NA;NA;NA;NA;NA;0;0;0;0;NA;1;NA;NA;NA;NA;NA;NA;NA;NA;NA;NA;NA;NA;NA;NA;NA;NA;NA;NA;NA;NA;NA;NA;NA;NA;NA;NA;NA;NA;0;0;NA;0;NA;NA;0;NA;NA;1;0;NA;NA;NA;NA;NA;0;NA;NA;NA;NA;NA;NA;NA;NA;NA;NA;NA;0;NA;0;NA;NA;0;0;0;0;0;NA;NA;NA;NA;NA;NA;NA;NA;NA;NA;NA;NA;NA;NA;NA;NA
rbbhf - hf;1563;0;1;0;0;0;0;0;0;0;0;0;0;0;0;0;NA;NA;NA;NA;NA;NA;NA;NA;NA;NA;NA;0;0;0;0;NA;1;NA;NA;NA;NA;NA;NA;NA;NA;NA;NA;NA;NA;NA;NA;NA;NA;NA;NA;NA;NA;NA;NA;NA;NA;NA;NA;NA;NA;0;0;NA;0;NA;NA;0;NA;NA;1;0;NA;NA;NA;NA;NA;0;NA;NA;NA;NA;NA;NA;NA;NA;NA;NA;NA;0;NA;0;NA;NA;0;0;0;0;0;NA;NA;NA;NA;NA;NA;NA;NA;NA;NA;NA;NA;NA;NA;NA;NA
rbbhf - hf;1564;0;0;NA;0;0;0;0;0;0;0;0;0;0;0;1;0;0;0;0;1;0;0;0;NA;NA;NA;0;0;0;0;NA;1;NA;NA;NA;NA;NA;NA;NA;NA;NA;NA;NA;NA;NA;NA;NA;NA;NA;NA;NA;NA;NA;NA;NA;NA;NA;NA;NA;NA;0;0;NA;0;NA;NA;0;NA;NA;1;0;NA;NA;NA;NA;NA;0;NA;NA;NA;NA;NA;NA;NA;NA;NA;NA;NA;0;NA;0;NA;NA;0;0;0;0;0;NA;NA;NA;NA;NA;NA;NA;NA;NA;NA;NA;NA;NA;NA;NA;NA
rbbhf - hf;1565;0;1;0;0;0;0;0;0;0;0;0;0;0;0;1;0;0;0;0;1;0;0;0;NA;NA;NA;0;0;0;0;NA;1;NA;NA;NA;NA;NA;NA;NA;NA;NA;NA;NA;NA;NA;NA;NA;NA;NA;NA;NA;NA;NA;NA;NA;NA;NA;NA;NA;NA;0;0;NA;0;NA;NA;0;NA;NA;1;0;NA;NA;NA;NA;NA;0;NA;NA;NA;NA;NA;NA;NA;NA;NA;NA;NA;0;NA;0;NA;NA;0;0;0;0;0;NA;NA;NA;NA;NA;NA;NA;NA;NA;NA;NA;NA;NA;NA;NA;NA
rbbhf - hf;1566;0;0;NA;0;0;0;0;0;0;0;0;0;0;0;1;0;0;0;0;0;NA;NA;NA;0;0;0;0;0;0;0;NA;1;NA;NA;NA;NA;NA;NA;NA;NA;NA;NA;NA;NA;NA;NA;NA;NA;NA;NA;NA;NA;NA;NA;NA;NA;NA;NA;NA;NA;0;0;NA;0;NA;NA;0;NA;NA;1;0;NA;NA;NA;NA;NA;0;NA;NA;NA;NA;NA;NA;NA;NA;NA;NA;NA;0;NA;0;NA;NA;0;0;0;0;0;NA;NA;NA;NA;NA;NA;NA;NA;NA;NA;NA;NA;NA;NA;NA;NA
rbbhf - hf;1567;0;1;0;0;0;0;0;0;0;0;0;0;0;0;1;0;0;0;0;0;NA;NA;NA;0;0;0;0;0;0;0;NA;1;NA;NA;NA;NA;NA;NA;NA;NA;NA;NA;NA;NA;NA;NA;NA;NA;NA;NA;NA;NA;NA;NA;NA;NA;NA;NA;NA;NA;0;0;NA;0;NA;NA;0;NA;NA;1;0;NA;NA;NA;NA;NA;0;NA;NA;NA;NA;NA;NA;NA;NA;NA;NA;NA;0;NA;0;NA;NA;0;0;0;0;0;NA;NA;NA;NA;NA;NA;NA;NA;NA;NA;NA;NA;NA;NA;NA;NA
rbbhf - hf;1568;0;0;NA;0;0;0;0;0;0;0;0;0;0;0;0;NA;NA;NA;NA;NA;NA;NA;NA;NA;NA;NA;0;0;0;0;1;NA;NA;1;NA;NA;NA;NA;NA;NA;NA;NA;NA;NA;NA;NA;NA;NA;NA;NA;NA;NA;NA;NA;NA;NA;NA;NA;NA;NA;0;0;NA;0;NA;NA;0;NA;NA;1;0;NA;NA;NA;NA;NA;0;NA;NA;NA;NA;NA;NA;NA;NA;NA;NA;NA;0;NA;0;NA;NA;0;0;0;0;0;NA;NA;NA;NA;NA;NA;NA;NA;NA;NA;NA;NA;NA;NA;NA;NA
rbbhf - hf;1569;0;1;0;0;0;0;0;0;0;0;0;0;0;0;0;NA;NA;NA;NA;NA;NA;NA;NA;NA;NA;NA;0;0;0;0;1;NA;NA;1;NA;NA;NA;NA;NA;NA;NA;NA;NA;NA;NA;NA;NA;NA;NA;NA;NA;NA;NA;NA;NA;NA;NA;NA;NA;NA;0;0;NA;0;NA;NA;0;NA;NA;1;0;NA;NA;NA;NA;NA;0;NA;NA;NA;NA;NA;NA;NA;NA;NA;NA;NA;0;NA;0;NA;NA;0;0;0;0;0;NA;NA;NA;NA;NA;NA;NA;NA;NA;NA;NA;NA;NA;NA;NA;NA
rbbhf - hf;1570;0;0;NA;0;0;0;0;0;0;0;0;0;0;0;1;0;0;0;0;1;0;0;0;NA;NA;NA;0;0;0;0;1;NA;NA;1;NA;NA;NA;NA;NA;NA;NA;NA;NA;NA;NA;NA;NA;NA;NA;NA;NA;NA;NA;NA;NA;NA;NA;NA;NA;NA;0;0;NA;0;NA;NA;0;NA;NA;1;0;NA;NA;NA;NA;NA;0;NA;NA;NA;NA;NA;NA;NA;NA;NA;NA;NA;0;NA;0;NA;NA;0;0;0;0;0;NA;NA;NA;NA;NA;NA;NA;NA;NA;NA;NA;NA;NA;NA;NA;NA
rbbhf - hf;1571;0;1;0;0;0;0;0;0;0;0;0;0;0;0;1;0;0;0;0;1;0;0;0;NA;NA;NA;0;0;0;0;1;NA;NA;1;NA;NA;NA;NA;NA;NA;NA;NA;NA;NA;NA;NA;NA;NA;NA;NA;NA;NA;NA;NA;NA;NA;NA;NA;NA;NA;0;0;NA;0;NA;NA;0;NA;NA;1;0;NA;NA;NA;NA;NA;0;NA;NA;NA;NA;NA;NA;NA;NA;NA;NA;NA;0;NA;0;NA;NA;0;0;0;0;0;NA;NA;NA;NA;NA;NA;NA;NA;NA;NA;NA;NA;NA;NA;NA;NA
rbbhf - hf;1572;0;0;NA;0;0;0;0;0;0;0;0;0;0;0;1;0;0;0;0;0;NA;NA;NA;0;0;0;0;0;0;0;1;NA;NA;1;NA;NA;NA;NA;NA;NA;NA;NA;NA;NA;NA;NA;NA;NA;NA;NA;NA;NA;NA;NA;NA;NA;NA;NA;NA;NA;0;0;NA;0;NA;NA;0;NA;NA;1;0;NA;NA;NA;NA;NA;0;NA;NA;NA;NA;NA;NA;NA;NA;NA;NA;NA;0;NA;0;NA;NA;0;0;0;0;0;NA;NA;NA;NA;NA;NA;NA;NA;NA;NA;NA;NA;NA;NA;NA;NA
rbbhf - hf;1573;0;1;0;0;0;0;0;0;0;0;0;0;0;0;1;0;0;0;0;0;NA;NA;NA;0;0;0;0;0;0;0;1;NA;NA;1;NA;NA;NA;NA;NA;NA;NA;NA;NA;NA;NA;NA;NA;NA;NA;NA;NA;NA;NA;NA;NA;NA;NA;NA;NA;NA;0;0;NA;0;NA;NA;0;NA;NA;1;0;NA;NA;NA;NA;NA;0;NA;NA;NA;NA;NA;NA;NA;NA;NA;NA;NA;0;NA;0;NA;NA;0;0;0;0;0;NA;NA;NA;NA;NA;NA;NA;NA;NA;NA;NA;NA;NA;NA;NA;NA
rbbhf - hf;1574;0;0;NA;0;0;0;0;0;0;0;0;0;0;0;0;NA;NA;NA;NA;NA;NA;NA;NA;NA;NA;NA;0;0;0;1;NA;NA;NA;1;NA;NA;NA;NA;NA;NA;0;0;NA;NA;NA;NA;NA;NA;0;1;NA;NA;NA;NA;NA;NA;NA;NA;NA;NA;0;0;NA;0;NA;NA;0;NA;NA;1;0;NA;NA;NA;NA;NA;0;NA;NA;NA;NA;NA;NA;NA;NA;NA;NA;NA;0;NA;0;NA;NA;0;0;0;0;0;NA;NA;NA;NA;NA;NA;NA;NA;NA;NA;NA;NA;NA;NA;NA;NA
rbbhf - hf;1575;0;1;0;0;0;0;0;0;0;0;0;0;0;0;0;NA;NA;NA;NA;NA;NA;NA;NA;NA;NA;NA;0;0;0;1;NA;NA;NA;1;NA;NA;NA;NA;NA;NA;0;0;NA;NA;NA;NA;NA;NA;0;1;NA;NA;NA;NA;NA;NA;NA;NA;NA;NA;0;0;NA;0;NA;NA;0;NA;NA;1;0;NA;NA;NA;NA;NA;0;NA;NA;NA;NA;NA;NA;NA;NA;NA;NA;NA;0;NA;0;NA;NA;0;0;0;0;0;NA;NA;NA;NA;NA;NA;NA;NA;NA;NA;NA;NA;NA;NA;NA;NA
rbbhf - hf;1576;0;0;NA;0;0;0;0;0;0;0;0;0;0;0;1;0;0;0;0;1;0;0;0;NA;NA;NA;0;0;0;1;NA;NA;NA;1;NA;NA;NA;NA;NA;NA;0;0;NA;NA;NA;NA;NA;NA;0;1;NA;NA;NA;NA;NA;NA;NA;NA;NA;NA;0;0;NA;0;NA;NA;0;NA;NA;1;0;NA;NA;NA;NA;NA;0;NA;NA;NA;NA;NA;NA;NA;NA;NA;NA;NA;0;NA;0;NA;NA;0;0;0;0;0;NA;NA;NA;NA;NA;NA;NA;NA;NA;NA;NA;NA;NA;NA;NA;NA
rbbhf - hf;1577;0;1;0;0;0;0;0;0;0;0;0;0;0;0;1;0;0;0;0;1;0;0;0;NA;NA;NA;0;0;0;1;NA;NA;NA;1;NA;NA;NA;NA;NA;NA;0;0;NA;NA;NA;NA;NA;NA;0;1;NA;NA;NA;NA;NA;NA;NA;NA;NA;NA;0;0;NA;0;NA;NA;0;NA;NA;1;0;NA;NA;NA;NA;NA;0;NA;NA;NA;NA;NA;NA;NA;NA;NA;NA;NA;0;NA;0;NA;NA;0;0;0;0;0;NA;NA;NA;NA;NA;NA;NA;NA;NA;NA;NA;NA;NA;NA;NA;NA
rbbhf - hf;1578;0;0;NA;0;0;0;0;0;0;0;0;0;0;0;1;0;0;0;0;0;NA;NA;NA;0;0;0;0;0;0;1;NA;NA;NA;1;NA;NA;NA;NA;NA;NA;0;0;NA;NA;NA;NA;NA;NA;0;1;NA;NA;NA;NA;NA;NA;NA;NA;NA;NA;0;0;NA;0;NA;NA;0;NA;NA;1;0;NA;NA;NA;NA;NA;0;NA;NA;NA;NA;NA;NA;NA;NA;NA;NA;NA;0;NA;0;NA;NA;0;0;0;0;0;NA;NA;NA;NA;NA;NA;NA;NA;NA;NA;NA;NA;NA;NA;NA;NA
rbbhf - hf;1579;0;1;0;0;0;0;0;0;0;0;0;0;0;0;1;0;0;0;0;0;NA;NA;NA;0;0;0;0;0;0;1;NA;NA;NA;1;NA;NA;NA;NA;NA;NA;0;0;NA;NA;NA;NA;NA;NA;0;1;NA;NA;NA;NA;NA;NA;NA;NA;NA;NA;0;0;NA;0;NA;NA;0;NA;NA;1;0;NA;NA;NA;NA;NA;0;NA;NA;NA;NA;NA;NA;NA;NA;NA;NA;NA;0;NA;0;NA;NA;0;0;0;0;0;NA;NA;NA;NA;NA;NA;NA;NA;NA;NA;NA;NA;NA;NA;NA;NA
rbbhf - hf;1580;0;0;NA;0;0;0;0;0;0;0;0;0;0;0;0;NA;NA;NA;NA;NA;NA;NA;NA;NA;NA;NA;0;0;0;1;NA;NA;NA;NA;NA;NA;NA;NA;NA;NA;0;0;NA;NA;NA;NA;NA;NA;0;0;1;NA;NA;NA;NA;NA;NA;NA;NA;NA;0;0;NA;0;NA;NA;0;NA;NA;1;0;NA;NA;NA;NA;NA;0;NA;NA;NA;NA;NA;NA;NA;NA;NA;NA;NA;0;NA;0;NA;NA;0;0;0;0;0;NA;NA;NA;NA;NA;NA;NA;NA;NA;NA;NA;NA;NA;NA;NA;NA
rbbhf - hf;1581;0;1;0;0;0;0;0;0;0;0;0;0;0;0;0;NA;NA;NA;NA;NA;NA;NA;NA;NA;NA;NA;0;0;0;1;NA;NA;NA;NA;NA;NA;NA;NA;NA;NA;0;0;NA;NA;NA;NA;NA;NA;0;0;1;NA;NA;NA;NA;NA;NA;NA;NA;NA;0;0;NA;0;NA;NA;0;NA;NA;1;0;NA;NA;NA;NA;NA;0;NA;NA;NA;NA;NA;NA;NA;NA;NA;NA;NA;0;NA;0;NA;NA;0;0;0;0;0;NA;NA;NA;NA;NA;NA;NA;NA;NA;NA;NA;NA;NA;NA;NA;NA
rbbhf - hf;1582;0;0;NA;0;0;0;0;0;0;0;0;0;0;0;1;0;0;0;0;1;0;0;0;NA;NA;NA;0;0;0;1;NA;NA;NA;NA;NA;NA;NA;NA;NA;NA;0;0;NA;NA;NA;NA;NA;NA;0;0;1;NA;NA;NA;NA;NA;NA;NA;NA;NA;0;0;NA;0;NA;NA;0;NA;NA;1;0;NA;NA;NA;NA;NA;0;NA;NA;NA;NA;NA;NA;NA;NA;NA;NA;NA;0;NA;0;NA;NA;0;0;0;0;0;NA;NA;NA;NA;NA;NA;NA;NA;NA;NA;NA;NA;NA;NA;NA;NA
rbbhf - hf;1583;0;1;0;0;0;0;0;0;0;0;0;0;0;0;1;0;0;0;0;1;0;0;0;NA;NA;NA;0;0;0;1;NA;NA;NA;NA;NA;NA;NA;NA;NA;NA;0;0;NA;NA;NA;NA;NA;NA;0;0;1;NA;NA;NA;NA;NA;NA;NA;NA;NA;0;0;NA;0;NA;NA;0;NA;NA;1;0;NA;NA;NA;NA;NA;0;NA;NA;NA;NA;NA;NA;NA;NA;NA;NA;NA;0;NA;0;NA;NA;0;0;0;0;0;NA;NA;NA;NA;NA;NA;NA;NA;NA;NA;NA;NA;NA;NA;NA;NA
rbbhf - hf;1584;0;0;NA;0;0;0;0;0;0;0;0;0;0;0;1;0;0;0;0;0;NA;NA;NA;0;0;0;0;0;0;1;NA;NA;NA;NA;NA;NA;NA;NA;NA;NA;0;0;NA;NA;NA;NA;NA;NA;0;0;1;NA;NA;NA;NA;NA;NA;NA;NA;NA;0;0;NA;0;NA;NA;0;NA;NA;1;0;NA;NA;NA;NA;NA;0;NA;NA;NA;NA;NA;NA;NA;NA;NA;NA;NA;0;NA;0;NA;NA;0;0;0;0;0;NA;NA;NA;NA;NA;NA;NA;NA;NA;NA;NA;NA;NA;NA;NA;NA
rbbhf - hf;1585;0;1;0;0;0;0;0;0;0;0;0;0;0;0;1;0;0;0;0;0;NA;NA;NA;0;0;0;0;0;0;1;NA;NA;NA;NA;NA;NA;NA;NA;NA;NA;0;0;NA;NA;NA;NA;NA;NA;0;0;1;NA;NA;NA;NA;NA;NA;NA;NA;NA;0;0;NA;0;NA;NA;0;NA;NA;1;0;NA;NA;NA;NA;NA;0;NA;NA;NA;NA;NA;NA;NA;NA;NA;NA;NA;0;NA;0;NA;NA;0;0;0;0;0;NA;NA;NA;NA;NA;NA;NA;NA;NA;NA;NA;NA;NA;NA;NA;NA
rbbhf - hf;1586;0;0;NA;0;0;0;0;0;0;0;0;0;0;0;0;NA;NA;NA;NA;NA;NA;NA;NA;NA;NA;NA;0;0;0;0;NA;1;NA;NA;NA;NA;NA;NA;NA;NA;NA;NA;NA;NA;NA;NA;NA;NA;NA;NA;NA;NA;NA;NA;NA;NA;NA;NA;NA;NA;0;0;NA;0;NA;NA;0;NA;NA;0;NA;NA;NA;NA;NA;NA;1;0;NA;NA;NA;NA;NA;NA;NA;NA;NA;NA;0;NA;0;NA;NA;0;0;0;0;0;NA;NA;NA;NA;NA;NA;NA;NA;NA;NA;NA;NA;NA;NA;NA;NA
rbbhf - hf;1587;0;1;0;0;0;0;0;0;0;0;0;0;0;0;0;NA;NA;NA;NA;NA;NA;NA;NA;NA;NA;NA;0;0;0;0;NA;1;NA;NA;NA;NA;NA;NA;NA;NA;NA;NA;NA;NA;NA;NA;NA;NA;NA;NA;NA;NA;NA;NA;NA;NA;NA;NA;NA;NA;0;0;NA;0;NA;NA;0;NA;NA;0;NA;NA;NA;NA;NA;NA;1;0;NA;NA;NA;NA;NA;NA;NA;NA;NA;NA;0;NA;0;NA;NA;0;0;0;0;0;NA;NA;NA;NA;NA;NA;NA;NA;NA;NA;NA;NA;NA;NA;NA;NA
rbbhf - hf;1588;0;0;NA;0;0;0;0;0;0;0;0;0;0;0;1;0;0;0;0;1;0;0;0;NA;NA;NA;0;0;0;0;NA;1;NA;NA;NA;NA;NA;NA;NA;NA;NA;NA;NA;NA;NA;NA;NA;NA;NA;NA;NA;NA;NA;NA;NA;NA;NA;NA;NA;NA;0;0;NA;0;NA;NA;0;NA;NA;0;NA;NA;NA;NA;NA;NA;1;0;NA;NA;NA;NA;NA;NA;NA;NA;NA;NA;0;NA;0;NA;NA;0;0;0;0;0;NA;NA;NA;NA;NA;NA;NA;NA;NA;NA;NA;NA;NA;NA;NA;NA
rbbhf - hf;1589;0;1;0;0;0;0;0;0;0;0;0;0;0;0;1;0;0;0;0;1;0;0;0;NA;NA;NA;0;0;0;0;NA;1;NA;NA;NA;NA;NA;NA;NA;NA;NA;NA;NA;NA;NA;NA;NA;NA;NA;NA;NA;NA;NA;NA;NA;NA;NA;NA;NA;NA;0;0;NA;0;NA;NA;0;NA;NA;0;NA;NA;NA;NA;NA;NA;1;0;NA;NA;NA;NA;NA;NA;NA;NA;NA;NA;0;NA;0;NA;NA;0;0;0;0;0;NA;NA;NA;NA;NA;NA;NA;NA;NA;NA;NA;NA;NA;NA;NA;NA
rbbhf - hf;1590;0;0;NA;0;0;0;0;0;0;0;0;0;0;0;1;0;0;0;0;0;NA;NA;NA;0;0;0;0;0;0;0;NA;1;NA;NA;NA;NA;NA;NA;NA;NA;NA;NA;NA;NA;NA;NA;NA;NA;NA;NA;NA;NA;NA;NA;NA;NA;NA;NA;NA;NA;0;0;NA;0;NA;NA;0;NA;NA;0;NA;NA;NA;NA;NA;NA;1;0;NA;NA;NA;NA;NA;NA;NA;NA;NA;NA;0;NA;0;NA;NA;0;0;0;0;0;NA;NA;NA;NA;NA;NA;NA;NA;NA;NA;NA;NA;NA;NA;NA;NA
rbbhf - hf;1591;0;1;0;0;0;0;0;0;0;0;0;0;0;0;1;0;0;0;0;0;NA;NA;NA;0;0;0;0;0;0;0;NA;1;NA;NA;NA;NA;NA;NA;NA;NA;NA;NA;NA;NA;NA;NA;NA;NA;NA;NA;NA;NA;NA;NA;NA;NA;NA;NA;NA;NA;0;0;NA;0;NA;NA;0;NA;NA;0;NA;NA;NA;NA;NA;NA;1;0;NA;NA;NA;NA;NA;NA;NA;NA;NA;NA;0;NA;0;NA;NA;0;0;0;0;0;NA;NA;NA;NA;NA;NA;NA;NA;NA;NA;NA;NA;NA;NA;NA;NA
rbbhf - hf;1592;0;0;NA;0;0;0;0;0;0;0;0;0;0;0;0;NA;NA;NA;NA;NA;NA;NA;NA;NA;NA;NA;0;0;0;0;1;NA;NA;1;NA;NA;NA;NA;NA;NA;NA;NA;NA;NA;NA;NA;NA;NA;NA;NA;NA;NA;NA;NA;NA;NA;NA;NA;NA;NA;0;0;NA;0;NA;NA;0;NA;NA;0;NA;NA;NA;NA;NA;NA;1;0;NA;NA;NA;NA;NA;NA;NA;NA;NA;NA;0;NA;0;NA;NA;0;0;0;0;0;NA;NA;NA;NA;NA;NA;NA;NA;NA;NA;NA;NA;NA;NA;NA;NA
rbbhf - hf;1593;0;1;0;0;0;0;0;0;0;0;0;0;0;0;0;NA;NA;NA;NA;NA;NA;NA;NA;NA;NA;NA;0;0;0;0;1;NA;NA;1;NA;NA;NA;NA;NA;NA;NA;NA;NA;NA;NA;NA;NA;NA;NA;NA;NA;NA;NA;NA;NA;NA;NA;NA;NA;NA;0;0;NA;0;NA;NA;0;NA;NA;0;NA;NA;NA;NA;NA;NA;1;0;NA;NA;NA;NA;NA;NA;NA;NA;NA;NA;0;NA;0;NA;NA;0;0;0;0;0;NA;NA;NA;NA;NA;NA;NA;NA;NA;NA;NA;NA;NA;NA;NA;NA
rbbhf - hf;1594;0;0;NA;0;0;0;0;0;0;0;0;0;0;0;1;0;0;0;0;1;0;0;0;NA;NA;NA;0;0;0;0;1;NA;NA;1;NA;NA;NA;NA;NA;NA;NA;NA;NA;NA;NA;NA;NA;NA;NA;NA;NA;NA;NA;NA;NA;NA;NA;NA;NA;NA;0;0;NA;0;NA;NA;0;NA;NA;0;NA;NA;NA;NA;NA;NA;1;0;NA;NA;NA;NA;NA;NA;NA;NA;NA;NA;0;NA;0;NA;NA;0;0;0;0;0;NA;NA;NA;NA;NA;NA;NA;NA;NA;NA;NA;NA;NA;NA;NA;NA
rbbhf - hf;1595;0;1;0;0;0;0;0;0;0;0;0;0;0;0;1;0;0;0;0;1;0;0;0;NA;NA;NA;0;0;0;0;1;NA;NA;1;NA;NA;NA;NA;NA;NA;NA;NA;NA;NA;NA;NA;NA;NA;NA;NA;NA;NA;NA;NA;NA;NA;NA;NA;NA;NA;0;0;NA;0;NA;NA;0;NA;NA;0;NA;NA;NA;NA;NA;NA;1;0;NA;NA;NA;NA;NA;NA;NA;NA;NA;NA;0;NA;0;NA;NA;0;0;0;0;0;NA;NA;NA;NA;NA;NA;NA;NA;NA;NA;NA;NA;NA;NA;NA;NA
rbbhf - hf;1596;0;0;NA;0;0;0;0;0;0;0;0;0;0;0;1;0;0;0;0;0;NA;NA;NA;0;0;0;0;0;0;0;1;NA;NA;1;NA;NA;NA;NA;NA;NA;NA;NA;NA;NA;NA;NA;NA;NA;NA;NA;NA;NA;NA;NA;NA;NA;NA;NA;NA;NA;0;0;NA;0;NA;NA;0;NA;NA;0;NA;NA;NA;NA;NA;NA;1;0;NA;NA;NA;NA;NA;NA;NA;NA;NA;NA;0;NA;0;NA;NA;0;0;0;0;0;NA;NA;NA;NA;NA;NA;NA;NA;NA;NA;NA;NA;NA;NA;NA;NA
rbbhf - hf;1597;0;1;0;0;0;0;0;0;0;0;0;0;0;0;1;0;0;0;0;0;NA;NA;NA;0;0;0;0;0;0;0;1;NA;NA;1;NA;NA;NA;NA;NA;NA;NA;NA;NA;NA;NA;NA;NA;NA;NA;NA;NA;NA;NA;NA;NA;NA;NA;NA;NA;NA;0;0;NA;0;NA;NA;0;NA;NA;0;NA;NA;NA;NA;NA;NA;1;0;NA;NA;NA;NA;NA;NA;NA;NA;NA;NA;0;NA;0;NA;NA;0;0;0;0;0;NA;NA;NA;NA;NA;NA;NA;NA;NA;NA;NA;NA;NA;NA;NA;NA
rbbhf - hf;1598;0;0;NA;0;0;0;0;0;0;0;0;0;0;0;0;NA;NA;NA;NA;NA;NA;NA;NA;NA;NA;NA;0;0;0;1;NA;NA;NA;1;NA;NA;NA;NA;NA;NA;0;0;NA;NA;NA;NA;NA;NA;0;1;NA;NA;NA;NA;NA;NA;NA;NA;NA;NA;0;0;NA;0;NA;NA;0;NA;NA;0;NA;NA;NA;NA;NA;NA;1;0;NA;NA;NA;NA;NA;NA;NA;NA;NA;NA;0;NA;0;NA;NA;0;0;0;0;0;NA;NA;NA;NA;NA;NA;NA;NA;NA;NA;NA;NA;NA;NA;NA;NA
rbbhf - hf;1599;0;1;0;0;0;0;0;0;0;0;0;0;0;0;0;NA;NA;NA;NA;NA;NA;NA;NA;NA;NA;NA;0;0;0;1;NA;NA;NA;1;NA;NA;NA;NA;NA;NA;0;0;NA;NA;NA;NA;NA;NA;0;1;NA;NA;NA;NA;NA;NA;NA;NA;NA;NA;0;0;NA;0;NA;NA;0;NA;NA;0;NA;NA;NA;NA;NA;NA;1;0;NA;NA;NA;NA;NA;NA;NA;NA;NA;NA;0;NA;0;NA;NA;0;0;0;0;0;NA;NA;NA;NA;NA;NA;NA;NA;NA;NA;NA;NA;NA;NA;NA;NA
rbbhf - hf;1600;0;0;NA;0;0;0;0;0;0;0;0;0;0;0;1;0;0;0;0;1;0;0;0;NA;NA;NA;0;0;0;1;NA;NA;NA;1;NA;NA;NA;NA;NA;NA;0;0;NA;NA;NA;NA;NA;NA;0;1;NA;NA;NA;NA;NA;NA;NA;NA;NA;NA;0;0;NA;0;NA;NA;0;NA;NA;0;NA;NA;NA;NA;NA;NA;1;0;NA;NA;NA;NA;NA;NA;NA;NA;NA;NA;0;NA;0;NA;NA;0;0;0;0;0;NA;NA;NA;NA;NA;NA;NA;NA;NA;NA;NA;NA;NA;NA;NA;NA
rbbhf - hf;1601;0;1;0;0;0;0;0;0;0;0;0;0;0;0;1;0;0;0;0;1;0;0;0;NA;NA;NA;0;0;0;1;NA;NA;NA;1;NA;NA;NA;NA;NA;NA;0;0;NA;NA;NA;NA;NA;NA;0;1;NA;NA;NA;NA;NA;NA;NA;NA;NA;NA;0;0;NA;0;NA;NA;0;NA;NA;0;NA;NA;NA;NA;NA;NA;1;0;NA;NA;NA;NA;NA;NA;NA;NA;NA;NA;0;NA;0;NA;NA;0;0;0;0;0;NA;NA;NA;NA;NA;NA;NA;NA;NA;NA;NA;NA;NA;NA;NA;NA
rbbhf - hf;1602;0;0;NA;0;0;0;0;0;0;0;0;0;0;0;1;0;0;0;0;0;NA;NA;NA;0;0;0;0;0;0;1;NA;NA;NA;1;NA;NA;NA;NA;NA;NA;0;0;NA;NA;NA;NA;NA;NA;0;1;NA;NA;NA;NA;NA;NA;NA;NA;NA;NA;0;0;NA;0;NA;NA;0;NA;NA;0;NA;NA;NA;NA;NA;NA;1;0;NA;NA;NA;NA;NA;NA;NA;NA;NA;NA;0;NA;0;NA;NA;0;0;0;0;0;NA;NA;NA;NA;NA;NA;NA;NA;NA;NA;NA;NA;NA;NA;NA;NA
rbbhf - hf;1603;0;1;0;0;0;0;0;0;0;0;0;0;0;0;1;0;0;0;0;0;NA;NA;NA;0;0;0;0;0;0;1;NA;NA;NA;1;NA;NA;NA;NA;NA;NA;0;0;NA;NA;NA;NA;NA;NA;0;1;NA;NA;NA;NA;NA;NA;NA;NA;NA;NA;0;0;NA;0;NA;NA;0;NA;NA;0;NA;NA;NA;NA;NA;NA;1;0;NA;NA;NA;NA;NA;NA;NA;NA;NA;NA;0;NA;0;NA;NA;0;0;0;0;0;NA;NA;NA;NA;NA;NA;NA;NA;NA;NA;NA;NA;NA;NA;NA;NA
rbbhf - hf;1604;0;0;NA;0;0;0;0;0;0;0;0;0;0;0;0;NA;NA;NA;NA;NA;NA;NA;NA;NA;NA;NA;0;0;0;1;NA;NA;NA;NA;NA;NA;NA;NA;NA;NA;0;0;NA;NA;NA;NA;NA;NA;0;0;1;NA;NA;NA;NA;NA;NA;NA;NA;NA;0;0;NA;0;NA;NA;0;NA;NA;0;NA;NA;NA;NA;NA;NA;1;0;NA;NA;NA;NA;NA;NA;NA;NA;NA;NA;0;NA;0;NA;NA;0;0;0;0;0;NA;NA;NA;NA;NA;NA;NA;NA;NA;NA;NA;NA;NA;NA;NA;NA
rbbhf - hf;1605;0;1;0;0;0;0;0;0;0;0;0;0;0;0;0;NA;NA;NA;NA;NA;NA;NA;NA;NA;NA;NA;0;0;0;1;NA;NA;NA;NA;NA;NA;NA;NA;NA;NA;0;0;NA;NA;NA;NA;NA;NA;0;0;1;NA;NA;NA;NA;NA;NA;NA;NA;NA;0;0;NA;0;NA;NA;0;NA;NA;0;NA;NA;NA;NA;NA;NA;1;0;NA;NA;NA;NA;NA;NA;NA;NA;NA;NA;0;NA;0;NA;NA;0;0;0;0;0;NA;NA;NA;NA;NA;NA;NA;NA;NA;NA;NA;NA;NA;NA;NA;NA
rbbhf - hf;1606;0;0;NA;0;0;0;0;0;0;0;0;0;0;0;1;0;0;0;0;1;0;0;0;NA;NA;NA;0;0;0;1;NA;NA;NA;NA;NA;NA;NA;NA;NA;NA;0;0;NA;NA;NA;NA;NA;NA;0;0;1;NA;NA;NA;NA;NA;NA;NA;NA;NA;0;0;NA;0;NA;NA;0;NA;NA;0;NA;NA;NA;NA;NA;NA;1;0;NA;NA;NA;NA;NA;NA;NA;NA;NA;NA;0;NA;0;NA;NA;0;0;0;0;0;NA;NA;NA;NA;NA;NA;NA;NA;NA;NA;NA;NA;NA;NA;NA;NA
rbbhf - hf;1607;0;1;0;0;0;0;0;0;0;0;0;0;0;0;1;0;0;0;0;1;0;0;0;NA;NA;NA;0;0;0;1;NA;NA;NA;NA;NA;NA;NA;NA;NA;NA;0;0;NA;NA;NA;NA;NA;NA;0;0;1;NA;NA;NA;NA;NA;NA;NA;NA;NA;0;0;NA;0;NA;NA;0;NA;NA;0;NA;NA;NA;NA;NA;NA;1;0;NA;NA;NA;NA;NA;NA;NA;NA;NA;NA;0;NA;0;NA;NA;0;0;0;0;0;NA;NA;NA;NA;NA;NA;NA;NA;NA;NA;NA;NA;NA;NA;NA;NA
rbbhf - hf;1608;0;0;NA;0;0;0;0;0;0;0;0;0;0;0;1;0;0;0;0;0;NA;NA;NA;0;0;0;0;0;0;1;NA;NA;NA;NA;NA;NA;NA;NA;NA;NA;0;0;NA;NA;NA;NA;NA;NA;0;0;1;NA;NA;NA;NA;NA;NA;NA;NA;NA;0;0;NA;0;NA;NA;0;NA;NA;0;NA;NA;NA;NA;NA;NA;1;0;NA;NA;NA;NA;NA;NA;NA;NA;NA;NA;0;NA;0;NA;NA;0;0;0;0;0;NA;NA;NA;NA;NA;NA;NA;NA;NA;NA;NA;NA;NA;NA;NA;NA
rbbhf - hf;1609;0;1;0;0;0;0;0;0;0;0;0;0;0;0;1;0;0;0;0;0;NA;NA;NA;0;0;0;0;0;0;1;NA;NA;NA;NA;NA;NA;NA;NA;NA;NA;0;0;NA;NA;NA;NA;NA;NA;0;0;1;NA;NA;NA;NA;NA;NA;NA;NA;NA;0;0;NA;0;NA;NA;0;NA;NA;0;NA;NA;NA;NA;NA;NA;1;0;NA;NA;NA;NA;NA;NA;NA;NA;NA;NA;0;NA;0;NA;NA;0;0;0;0;0;NA;NA;NA;NA;NA;NA;NA;NA;NA;NA;NA;NA;NA;NA;NA;NA
rbbhf - hf;1610;0;0;NA;0;0;0;0;0;0;0;0;0;0;0;0;NA;NA;NA;NA;NA;NA;NA;NA;NA;NA;NA;0;0;0;0;NA;1;NA;NA;NA;NA;NA;NA;NA;NA;NA;NA;NA;NA;NA;NA;NA;NA;NA;NA;NA;NA;NA;NA;NA;NA;NA;NA;NA;NA;0;0;NA;0;NA;NA;0;NA;NA;1;0;NA;NA;NA;NA;NA;1;0;NA;NA;NA;NA;NA;NA;NA;NA;NA;NA;0;NA;0;NA;NA;0;0;0;0;0;NA;NA;NA;NA;NA;NA;NA;NA;NA;NA;NA;NA;NA;NA;NA;NA
rbbhf - hf;1611;0;1;0;0;0;0;0;0;0;0;0;0;0;0;0;NA;NA;NA;NA;NA;NA;NA;NA;NA;NA;NA;0;0;0;0;NA;1;NA;NA;NA;NA;NA;NA;NA;NA;NA;NA;NA;NA;NA;NA;NA;NA;NA;NA;NA;NA;NA;NA;NA;NA;NA;NA;NA;NA;0;0;NA;0;NA;NA;0;NA;NA;1;0;NA;NA;NA;NA;NA;1;0;NA;NA;NA;NA;NA;NA;NA;NA;NA;NA;0;NA;0;NA;NA;0;0;0;0;0;NA;NA;NA;NA;NA;NA;NA;NA;NA;NA;NA;NA;NA;NA;NA;NA
rbbhf - hf;1612;0;0;NA;0;0;0;0;0;0;0;0;0;0;0;1;0;0;0;0;1;0;0;0;NA;NA;NA;0;0;0;0;NA;1;NA;NA;NA;NA;NA;NA;NA;NA;NA;NA;NA;NA;NA;NA;NA;NA;NA;NA;NA;NA;NA;NA;NA;NA;NA;NA;NA;NA;0;0;NA;0;NA;NA;0;NA;NA;1;0;NA;NA;NA;NA;NA;1;0;NA;NA;NA;NA;NA;NA;NA;NA;NA;NA;0;NA;0;NA;NA;0;0;0;0;0;NA;NA;NA;NA;NA;NA;NA;NA;NA;NA;NA;NA;NA;NA;NA;NA
rbbhf - hf;1613;0;1;0;0;0;0;0;0;0;0;0;0;0;0;1;0;0;0;0;1;0;0;0;NA;NA;NA;0;0;0;0;NA;1;NA;NA;NA;NA;NA;NA;NA;NA;NA;NA;NA;NA;NA;NA;NA;NA;NA;NA;NA;NA;NA;NA;NA;NA;NA;NA;NA;NA;0;0;NA;0;NA;NA;0;NA;NA;1;0;NA;NA;NA;NA;NA;1;0;NA;NA;NA;NA;NA;NA;NA;NA;NA;NA;0;NA;0;NA;NA;0;0;0;0;0;NA;NA;NA;NA;NA;NA;NA;NA;NA;NA;NA;NA;NA;NA;NA;NA
rbbhf - hf;1614;0;0;NA;0;0;0;0;0;0;0;0;0;0;0;1;0;0;0;0;0;NA;NA;NA;0;0;0;0;0;0;0;NA;1;NA;NA;NA;NA;NA;NA;NA;NA;NA;NA;NA;NA;NA;NA;NA;NA;NA;NA;NA;NA;NA;NA;NA;NA;NA;NA;NA;NA;0;0;NA;0;NA;NA;0;NA;NA;1;0;NA;NA;NA;NA;NA;1;0;NA;NA;NA;NA;NA;NA;NA;NA;NA;NA;0;NA;0;NA;NA;0;0;0;0;0;NA;NA;NA;NA;NA;NA;NA;NA;NA;NA;NA;NA;NA;NA;NA;NA
rbbhf - hf;1615;0;1;0;0;0;0;0;0;0;0;0;0;0;0;1;0;0;0;0;0;NA;NA;NA;0;0;0;0;0;0;0;NA;1;NA;NA;NA;NA;NA;NA;NA;NA;NA;NA;NA;NA;NA;NA;NA;NA;NA;NA;NA;NA;NA;NA;NA;NA;NA;NA;NA;NA;0;0;NA;0;NA;NA;0;NA;NA;1;0;NA;NA;NA;NA;NA;1;0;NA;NA;NA;NA;NA;NA;NA;NA;NA;NA;0;NA;0;NA;NA;0;0;0;0;0;NA;NA;NA;NA;NA;NA;NA;NA;NA;NA;NA;NA;NA;NA;NA;NA
rbbhf - hf;1616;0;0;NA;0;0;0;0;0;0;0;0;0;0;0;0;NA;NA;NA;NA;NA;NA;NA;NA;NA;NA;NA;0;0;0;0;1;NA;NA;1;NA;NA;NA;NA;NA;NA;NA;NA;NA;NA;NA;NA;NA;NA;NA;NA;NA;NA;NA;NA;NA;NA;NA;NA;NA;NA;0;0;NA;0;NA;NA;0;NA;NA;1;0;NA;NA;NA;NA;NA;1;0;NA;NA;NA;NA;NA;NA;NA;NA;NA;NA;0;NA;0;NA;NA;0;0;0;0;0;NA;NA;NA;NA;NA;NA;NA;NA;NA;NA;NA;NA;NA;NA;NA;NA
rbbhf - hf;1617;0;1;0;0;0;0;0;0;0;0;0;0;0;0;0;NA;NA;NA;NA;NA;NA;NA;NA;NA;NA;NA;0;0;0;0;1;NA;NA;1;NA;NA;NA;NA;NA;NA;NA;NA;NA;NA;NA;NA;NA;NA;NA;NA;NA;NA;NA;NA;NA;NA;NA;NA;NA;NA;0;0;NA;0;NA;NA;0;NA;NA;1;0;NA;NA;NA;NA;NA;1;0;NA;NA;NA;NA;NA;NA;NA;NA;NA;NA;0;NA;0;NA;NA;0;0;0;0;0;NA;NA;NA;NA;NA;NA;NA;NA;NA;NA;NA;NA;NA;NA;NA;NA
rbbhf - hf;1618;0;0;NA;0;0;0;0;0;0;0;0;0;0;0;1;0;0;0;0;1;0;0;0;NA;NA;NA;0;0;0;0;1;NA;NA;1;NA;NA;NA;NA;NA;NA;NA;NA;NA;NA;NA;NA;NA;NA;NA;NA;NA;NA;NA;NA;NA;NA;NA;NA;NA;NA;0;0;NA;0;NA;NA;0;NA;NA;1;0;NA;NA;NA;NA;NA;1;0;NA;NA;NA;NA;NA;NA;NA;NA;NA;NA;0;NA;0;NA;NA;0;0;0;0;0;NA;NA;NA;NA;NA;NA;NA;NA;NA;NA;NA;NA;NA;NA;NA;NA
rbbhf - hf;1619;0;1;0;0;0;0;0;0;0;0;0;0;0;0;1;0;0;0;0;1;0;0;0;NA;NA;NA;0;0;0;0;1;NA;NA;1;NA;NA;NA;NA;NA;NA;NA;NA;NA;NA;NA;NA;NA;NA;NA;NA;NA;NA;NA;NA;NA;NA;NA;NA;NA;NA;0;0;NA;0;NA;NA;0;NA;NA;1;0;NA;NA;NA;NA;NA;1;0;NA;NA;NA;NA;NA;NA;NA;NA;NA;NA;0;NA;0;NA;NA;0;0;0;0;0;NA;NA;NA;NA;NA;NA;NA;NA;NA;NA;NA;NA;NA;NA;NA;NA
rbbhf - hf;1620;0;0;NA;0;0;0;0;0;0;0;0;0;0;0;1;0;0;0;0;0;NA;NA;NA;0;0;0;0;0;0;0;1;NA;NA;1;NA;NA;NA;NA;NA;NA;NA;NA;NA;NA;NA;NA;NA;NA;NA;NA;NA;NA;NA;NA;NA;NA;NA;NA;NA;NA;0;0;NA;0;NA;NA;0;NA;NA;1;0;NA;NA;NA;NA;NA;1;0;NA;NA;NA;NA;NA;NA;NA;NA;NA;NA;0;NA;0;NA;NA;0;0;0;0;0;NA;NA;NA;NA;NA;NA;NA;NA;NA;NA;NA;NA;NA;NA;NA;NA
rbbhf - hf;1621;0;1;0;0;0;0;0;0;0;0;0;0;0;0;1;0;0;0;0;0;NA;NA;NA;0;0;0;0;0;0;0;1;NA;NA;1;NA;NA;NA;NA;NA;NA;NA;NA;NA;NA;NA;NA;NA;NA;NA;NA;NA;NA;NA;NA;NA;NA;NA;NA;NA;NA;0;0;NA;0;NA;NA;0;NA;NA;1;0;NA;NA;NA;NA;NA;1;0;NA;NA;NA;NA;NA;NA;NA;NA;NA;NA;0;NA;0;NA;NA;0;0;0;0;0;NA;NA;NA;NA;NA;NA;NA;NA;NA;NA;NA;NA;NA;NA;NA;NA
rbbhf - hf;1622;0;0;NA;0;0;0;0;0;0;0;0;0;0;0;0;NA;NA;NA;NA;NA;NA;NA;NA;NA;NA;NA;0;0;0;1;NA;NA;NA;1;NA;NA;NA;NA;NA;NA;0;0;NA;NA;NA;NA;NA;NA;0;1;NA;NA;NA;NA;NA;NA;NA;NA;NA;NA;0;0;NA;0;NA;NA;0;NA;NA;1;0;NA;NA;NA;NA;NA;1;0;NA;NA;NA;NA;NA;NA;NA;NA;NA;NA;0;NA;0;NA;NA;0;0;0;0;0;NA;NA;NA;NA;NA;NA;NA;NA;NA;NA;NA;NA;NA;NA;NA;NA
rbbhf - hf;1623;0;1;0;0;0;0;0;0;0;0;0;0;0;0;0;NA;NA;NA;NA;NA;NA;NA;NA;NA;NA;NA;0;0;0;1;NA;NA;NA;1;NA;NA;NA;NA;NA;NA;0;0;NA;NA;NA;NA;NA;NA;0;1;NA;NA;NA;NA;NA;NA;NA;NA;NA;NA;0;0;NA;0;NA;NA;0;NA;NA;1;0;NA;NA;NA;NA;NA;1;0;NA;NA;NA;NA;NA;NA;NA;NA;NA;NA;0;NA;0;NA;NA;0;0;0;0;0;NA;NA;NA;NA;NA;NA;NA;NA;NA;NA;NA;NA;NA;NA;NA;NA
rbbhf - hf;1624;0;0;NA;0;0;0;0;0;0;0;0;0;0;0;1;0;0;0;0;1;0;0;0;NA;NA;NA;0;0;0;1;NA;NA;NA;1;NA;NA;NA;NA;NA;NA;0;0;NA;NA;NA;NA;NA;NA;0;1;NA;NA;NA;NA;NA;NA;NA;NA;NA;NA;0;0;NA;0;NA;NA;0;NA;NA;1;0;NA;NA;NA;NA;NA;1;0;NA;NA;NA;NA;NA;NA;NA;NA;NA;NA;0;NA;0;NA;NA;0;0;0;0;0;NA;NA;NA;NA;NA;NA;NA;NA;NA;NA;NA;NA;NA;NA;NA;NA
rbbhf - hf;1625;0;1;0;0;0;0;0;0;0;0;0;0;0;0;1;0;0;0;0;1;0;0;0;NA;NA;NA;0;0;0;1;NA;NA;NA;1;NA;NA;NA;NA;NA;NA;0;0;NA;NA;NA;NA;NA;NA;0;1;NA;NA;NA;NA;NA;NA;NA;NA;NA;NA;0;0;NA;0;NA;NA;0;NA;NA;1;0;NA;NA;NA;NA;NA;1;0;NA;NA;NA;NA;NA;NA;NA;NA;NA;NA;0;NA;0;NA;NA;0;0;0;0;0;NA;NA;NA;NA;NA;NA;NA;NA;NA;NA;NA;NA;NA;NA;NA;NA
rbbhf - hf;1626;0;0;NA;0;0;0;0;0;0;0;0;0;0;0;1;0;0;0;0;0;NA;NA;NA;0;0;0;0;0;0;1;NA;NA;NA;1;NA;NA;NA;NA;NA;NA;0;0;NA;NA;NA;NA;NA;NA;0;1;NA;NA;NA;NA;NA;NA;NA;NA;NA;NA;0;0;NA;0;NA;NA;0;NA;NA;1;0;NA;NA;NA;NA;NA;1;0;NA;NA;NA;NA;NA;NA;NA;NA;NA;NA;0;NA;0;NA;NA;0;0;0;0;0;NA;NA;NA;NA;NA;NA;NA;NA;NA;NA;NA;NA;NA;NA;NA;NA
rbbhf - hf;1627;0;1;0;0;0;0;0;0;0;0;0;0;0;0;1;0;0;0;0;0;NA;NA;NA;0;0;0;0;0;0;1;NA;NA;NA;1;NA;NA;NA;NA;NA;NA;0;0;NA;NA;NA;NA;NA;NA;0;1;NA;NA;NA;NA;NA;NA;NA;NA;NA;NA;0;0;NA;0;NA;NA;0;NA;NA;1;0;NA;NA;NA;NA;NA;1;0;NA;NA;NA;NA;NA;NA;NA;NA;NA;NA;0;NA;0;NA;NA;0;0;0;0;0;NA;NA;NA;NA;NA;NA;NA;NA;NA;NA;NA;NA;NA;NA;NA;NA
rbbhf - hf;1628;0;0;NA;0;0;0;0;0;0;0;0;0;0;0;0;NA;NA;NA;NA;NA;NA;NA;NA;NA;NA;NA;0;0;0;1;NA;NA;NA;NA;NA;NA;NA;NA;NA;NA;0;0;NA;NA;NA;NA;NA;NA;0;0;1;NA;NA;NA;NA;NA;NA;NA;NA;NA;0;0;NA;0;NA;NA;0;NA;NA;1;0;NA;NA;NA;NA;NA;1;0;NA;NA;NA;NA;NA;NA;NA;NA;NA;NA;0;NA;0;NA;NA;0;0;0;0;0;NA;NA;NA;NA;NA;NA;NA;NA;NA;NA;NA;NA;NA;NA;NA;NA
rbbhf - hf;1629;0;1;0;0;0;0;0;0;0;0;0;0;0;0;0;NA;NA;NA;NA;NA;NA;NA;NA;NA;NA;NA;0;0;0;1;NA;NA;NA;NA;NA;NA;NA;NA;NA;NA;0;0;NA;NA;NA;NA;NA;NA;0;0;1;NA;NA;NA;NA;NA;NA;NA;NA;NA;0;0;NA;0;NA;NA;0;NA;NA;1;0;NA;NA;NA;NA;NA;1;0;NA;NA;NA;NA;NA;NA;NA;NA;NA;NA;0;NA;0;NA;NA;0;0;0;0;0;NA;NA;NA;NA;NA;NA;NA;NA;NA;NA;NA;NA;NA;NA;NA;NA
rbbhf - hf;1630;0;0;NA;0;0;0;0;0;0;0;0;0;0;0;1;0;0;0;0;1;0;0;0;NA;NA;NA;0;0;0;1;NA;NA;NA;NA;NA;NA;NA;NA;NA;NA;0;0;NA;NA;NA;NA;NA;NA;0;0;1;NA;NA;NA;NA;NA;NA;NA;NA;NA;0;0;NA;0;NA;NA;0;NA;NA;1;0;NA;NA;NA;NA;NA;1;0;NA;NA;NA;NA;NA;NA;NA;NA;NA;NA;0;NA;0;NA;NA;0;0;0;0;0;NA;NA;NA;NA;NA;NA;NA;NA;NA;NA;NA;NA;NA;NA;NA;NA
rbbhf - hf;1631;0;1;0;0;0;0;0;0;0;0;0;0;0;0;1;0;0;0;0;1;0;0;0;NA;NA;NA;0;0;0;1;NA;NA;NA;NA;NA;NA;NA;NA;NA;NA;0;0;NA;NA;NA;NA;NA;NA;0;0;1;NA;NA;NA;NA;NA;NA;NA;NA;NA;0;0;NA;0;NA;NA;0;NA;NA;1;0;NA;NA;NA;NA;NA;1;0;NA;NA;NA;NA;NA;NA;NA;NA;NA;NA;0;NA;0;NA;NA;0;0;0;0;0;NA;NA;NA;NA;NA;NA;NA;NA;NA;NA;NA;NA;NA;NA;NA;NA
rbbhf - hf;1632;0;0;NA;0;0;0;0;0;0;0;0;0;0;0;1;0;0;0;0;0;NA;NA;NA;0;0;0;0;0;0;1;NA;NA;NA;NA;NA;NA;NA;NA;NA;NA;0;0;NA;NA;NA;NA;NA;NA;0;0;1;NA;NA;NA;NA;NA;NA;NA;NA;NA;0;0;NA;0;NA;NA;0;NA;NA;1;0;NA;NA;NA;NA;NA;1;0;NA;NA;NA;NA;NA;NA;NA;NA;NA;NA;0;NA;0;NA;NA;0;0;0;0;0;NA;NA;NA;NA;NA;NA;NA;NA;NA;NA;NA;NA;NA;NA;NA;NA
rbbhf - hf;1633;0;1;0;0;0;0;0;0;0;0;0;0;0;0;1;0;0;0;0;0;NA;NA;NA;0;0;0;0;0;0;1;NA;NA;NA;NA;NA;NA;NA;NA;NA;NA;0;0;NA;NA;NA;NA;NA;NA;0;0;1;NA;NA;NA;NA;NA;NA;NA;NA;NA;0;0;NA;0;NA;NA;0;NA;NA;1;0;NA;NA;NA;NA;NA;1;0;NA;NA;NA;NA;NA;NA;NA;NA;NA;NA;0;NA;0;NA;NA;0;0;0;0;0;NA;NA;NA;NA;NA;NA;NA;NA;NA;NA;NA;NA;NA;NA;NA;NA
rbbhf - hf_min;1634;0;0;NA;0;0;0;0;0;0;0;0;0;0;0;0;NA;NA;NA;NA;NA;NA;NA;NA;NA;NA;NA;0;0;0;0;NA;1;NA;NA;NA;NA;NA;NA;NA;NA;NA;NA;NA;NA;NA;NA;NA;NA;NA;NA;NA;NA;NA;NA;NA;NA;NA;NA;NA;NA;0;0;NA;0;NA;NA;0;NA;NA;0;NA;NA;NA;NA;NA;NA;0;NA;NA;NA;NA;NA;NA;NA;NA;NA;NA;NA;1;1;NA;NA;NA;1;NA;NA;NA;NA;NA;NA;NA;NA;NA;NA;NA;NA;NA;NA;NA;NA;NA;NA;NA;NA
rbbhf - hf_min;1635;0;1;0;0;0;0;0;0;0;0;0;0;0;0;0;NA;NA;NA;NA;NA;NA;NA;NA;NA;NA;NA;0;0;0;0;NA;1;NA;NA;NA;NA;NA;NA;NA;NA;NA;NA;NA;NA;NA;NA;NA;NA;NA;NA;NA;NA;NA;NA;NA;NA;NA;NA;NA;NA;0;0;NA;0;NA;NA;0;NA;NA;0;NA;NA;NA;NA;NA;NA;0;NA;NA;NA;NA;NA;NA;NA;NA;NA;NA;NA;1;1;NA;NA;NA;1;NA;NA;NA;NA;NA;NA;NA;NA;NA;NA;NA;NA;NA;NA;NA;NA;NA;NA;NA;NA
rbbhf - hf_min;1636;0;0;NA;0;0;0;0;0;0;0;0;0;0;0;1;0;0;0;0;1;0;0;0;NA;NA;NA;0;0;0;0;NA;1;NA;NA;NA;NA;NA;NA;NA;NA;NA;NA;NA;NA;NA;NA;NA;NA;NA;NA;NA;NA;NA;NA;NA;NA;NA;NA;NA;NA;0;0;NA;0;NA;NA;0;NA;NA;0;NA;NA;NA;NA;NA;NA;0;NA;NA;NA;NA;NA;NA;NA;NA;NA;NA;NA;1;1;NA;NA;NA;1;NA;NA;NA;NA;NA;NA;NA;NA;NA;NA;NA;NA;NA;NA;NA;NA;NA;NA;NA;NA
rbbhf - hf_min;1637;0;1;0;0;0;0;0;0;0;0;0;0;0;0;1;0;0;0;0;1;0;0;0;NA;NA;NA;0;0;0;0;NA;1;NA;NA;NA;NA;NA;NA;NA;NA;NA;NA;NA;NA;NA;NA;NA;NA;NA;NA;NA;NA;NA;NA;NA;NA;NA;NA;NA;NA;0;0;NA;0;NA;NA;0;NA;NA;0;NA;NA;NA;NA;NA;NA;0;NA;NA;NA;NA;NA;NA;NA;NA;NA;NA;NA;1;1;NA;NA;NA;1;NA;NA;NA;NA;NA;NA;NA;NA;NA;NA;NA;NA;NA;NA;NA;NA;NA;NA;NA;NA
rbbhf - hf_min;1638;0;0;NA;0;0;0;0;0;0;0;0;0;0;0;1;0;0;0;0;0;NA;NA;NA;0;0;0;0;0;0;0;NA;1;NA;NA;NA;NA;NA;NA;NA;NA;NA;NA;NA;NA;NA;NA;NA;NA;NA;NA;NA;NA;NA;NA;NA;NA;NA;NA;NA;NA;0;0;NA;0;NA;NA;0;NA;NA;0;NA;NA;NA;NA;NA;NA;0;NA;NA;NA;NA;NA;NA;NA;NA;NA;NA;NA;1;1;NA;NA;NA;1;NA;NA;NA;NA;NA;NA;NA;NA;NA;NA;NA;NA;NA;NA;NA;NA;NA;NA;NA;NA
rbbhf - hf_min;1639;0;1;0;0;0;0;0;0;0;0;0;0;0;0;1;0;0;0;0;0;NA;NA;NA;0;0;0;0;0;0;0;NA;1;NA;NA;NA;NA;NA;NA;NA;NA;NA;NA;NA;NA;NA;NA;NA;NA;NA;NA;NA;NA;NA;NA;NA;NA;NA;NA;NA;NA;0;0;NA;0;NA;NA;0;NA;NA;0;NA;NA;NA;NA;NA;NA;0;NA;NA;NA;NA;NA;NA;NA;NA;NA;NA;NA;1;1;NA;NA;NA;1;NA;NA;NA;NA;NA;NA;NA;NA;NA;NA;NA;NA;NA;NA;NA;NA;NA;NA;NA;NA
rbbhf - hf_min;1640;0;0;NA;0;0;0;0;0;0;0;0;0;0;0;0;NA;NA;NA;NA;NA;NA;NA;NA;NA;NA;NA;0;0;0;0;1;NA;NA;1;NA;NA;NA;NA;NA;NA;NA;NA;NA;NA;NA;NA;NA;NA;NA;NA;NA;NA;NA;NA;NA;NA;NA;NA;NA;NA;0;0;NA;0;NA;NA;0;NA;NA;0;NA;NA;NA;NA;NA;NA;0;NA;NA;NA;NA;NA;NA;NA;NA;NA;NA;NA;1;1;NA;NA;NA;1;NA;NA;NA;NA;NA;NA;NA;NA;NA;NA;NA;NA;NA;NA;NA;NA;NA;NA;NA;NA
rbbhf - hf_min;1641;0;1;0;0;0;0;0;0;0;0;0;0;0;0;0;NA;NA;NA;NA;NA;NA;NA;NA;NA;NA;NA;0;0;0;0;1;NA;NA;1;NA;NA;NA;NA;NA;NA;NA;NA;NA;NA;NA;NA;NA;NA;NA;NA;NA;NA;NA;NA;NA;NA;NA;NA;NA;NA;0;0;NA;0;NA;NA;0;NA;NA;0;NA;NA;NA;NA;NA;NA;0;NA;NA;NA;NA;NA;NA;NA;NA;NA;NA;NA;1;1;NA;NA;NA;1;NA;NA;NA;NA;NA;NA;NA;NA;NA;NA;NA;NA;NA;NA;NA;NA;NA;NA;NA;NA
rbbhf - hf_min;1642;0;0;NA;0;0;0;0;0;0;0;0;0;0;0;1;0;0;0;0;1;0;0;0;NA;NA;NA;0;0;0;0;1;NA;NA;1;NA;NA;NA;NA;NA;NA;NA;NA;NA;NA;NA;NA;NA;NA;NA;NA;NA;NA;NA;NA;NA;NA;NA;NA;NA;NA;0;0;NA;0;NA;NA;0;NA;NA;0;NA;NA;NA;NA;NA;NA;0;NA;NA;NA;NA;NA;NA;NA;NA;NA;NA;NA;1;1;NA;NA;NA;1;NA;NA;NA;NA;NA;NA;NA;NA;NA;NA;NA;NA;NA;NA;NA;NA;NA;NA;NA;NA
rbbhf - hf_min;1643;0;1;0;0;0;0;0;0;0;0;0;0;0;0;1;0;0;0;0;1;0;0;0;NA;NA;NA;0;0;0;0;1;NA;NA;1;NA;NA;NA;NA;NA;NA;NA;NA;NA;NA;NA;NA;NA;NA;NA;NA;NA;NA;NA;NA;NA;NA;NA;NA;NA;NA;0;0;NA;0;NA;NA;0;NA;NA;0;NA;NA;NA;NA;NA;NA;0;NA;NA;NA;NA;NA;NA;NA;NA;NA;NA;NA;1;1;NA;NA;NA;1;NA;NA;NA;NA;NA;NA;NA;NA;NA;NA;NA;NA;NA;NA;NA;NA;NA;NA;NA;NA
rbbhf - hf_min;1644;0;0;NA;0;0;0;0;0;0;0;0;0;0;0;1;0;0;0;0;0;NA;NA;NA;0;0;0;0;0;0;0;1;NA;NA;1;NA;NA;NA;NA;NA;NA;NA;NA;NA;NA;NA;NA;NA;NA;NA;NA;NA;NA;NA;NA;NA;NA;NA;NA;NA;NA;0;0;NA;0;NA;NA;0;NA;NA;0;NA;NA;NA;NA;NA;NA;0;NA;NA;NA;NA;NA;NA;NA;NA;NA;NA;NA;1;1;NA;NA;NA;1;NA;NA;NA;NA;NA;NA;NA;NA;NA;NA;NA;NA;NA;NA;NA;NA;NA;NA;NA;NA
rbbhf - hf_min;1645;0;1;0;0;0;0;0;0;0;0;0;0;0;0;1;0;0;0;0;0;NA;NA;NA;0;0;0;0;0;0;0;1;NA;NA;1;NA;NA;NA;NA;NA;NA;NA;NA;NA;NA;NA;NA;NA;NA;NA;NA;NA;NA;NA;NA;NA;NA;NA;NA;NA;NA;0;0;NA;0;NA;NA;0;NA;NA;0;NA;NA;NA;NA;NA;NA;0;NA;NA;NA;NA;NA;NA;NA;NA;NA;NA;NA;1;1;NA;NA;NA;1;NA;NA;NA;NA;NA;NA;NA;NA;NA;NA;NA;NA;NA;NA;NA;NA;NA;NA;NA;NA
rbbhf - hf_min;1646;0;0;NA;0;0;0;0;0;0;0;0;0;0;0;0;NA;NA;NA;NA;NA;NA;NA;NA;NA;NA;NA;0;0;0;1;NA;NA;NA;1;NA;NA;NA;NA;NA;NA;0;0;NA;NA;NA;NA;NA;NA;0;1;NA;NA;NA;NA;NA;NA;NA;NA;NA;NA;0;0;NA;0;NA;NA;0;NA;NA;0;NA;NA;NA;NA;NA;NA;0;NA;NA;NA;NA;NA;NA;NA;NA;NA;NA;NA;1;1;NA;NA;NA;1;NA;NA;NA;NA;NA;NA;NA;NA;NA;NA;NA;NA;NA;NA;NA;NA;NA;NA;NA;NA
rbbhf - hf_min;1647;0;1;0;0;0;0;0;0;0;0;0;0;0;0;0;NA;NA;NA;NA;NA;NA;NA;NA;NA;NA;NA;0;0;0;1;NA;NA;NA;1;NA;NA;NA;NA;NA;NA;0;0;NA;NA;NA;NA;NA;NA;0;1;NA;NA;NA;NA;NA;NA;NA;NA;NA;NA;0;0;NA;0;NA;NA;0;NA;NA;0;NA;NA;NA;NA;NA;NA;0;NA;NA;NA;NA;NA;NA;NA;NA;NA;NA;NA;1;1;NA;NA;NA;1;NA;NA;NA;NA;NA;NA;NA;NA;NA;NA;NA;NA;NA;NA;NA;NA;NA;NA;NA;NA
rbbhf - hf_min;1648;0;0;NA;0;0;0;0;0;0;0;0;0;0;0;1;0;0;0;0;1;0;0;0;NA;NA;NA;0;0;0;1;NA;NA;NA;1;NA;NA;NA;NA;NA;NA;0;0;NA;NA;NA;NA;NA;NA;0;1;NA;NA;NA;NA;NA;NA;NA;NA;NA;NA;0;0;NA;0;NA;NA;0;NA;NA;0;NA;NA;NA;NA;NA;NA;0;NA;NA;NA;NA;NA;NA;NA;NA;NA;NA;NA;1;1;NA;NA;NA;1;NA;NA;NA;NA;NA;NA;NA;NA;NA;NA;NA;NA;NA;NA;NA;NA;NA;NA;NA;NA
rbbhf - hf_min;1649;0;1;0;0;0;0;0;0;0;0;0;0;0;0;1;0;0;0;0;1;0;0;0;NA;NA;NA;0;0;0;1;NA;NA;NA;1;NA;NA;NA;NA;NA;NA;0;0;NA;NA;NA;NA;NA;NA;0;1;NA;NA;NA;NA;NA;NA;NA;NA;NA;NA;0;0;NA;0;NA;NA;0;NA;NA;0;NA;NA;NA;NA;NA;NA;0;NA;NA;NA;NA;NA;NA;NA;NA;NA;NA;NA;1;1;NA;NA;NA;1;NA;NA;NA;NA;NA;NA;NA;NA;NA;NA;NA;NA;NA;NA;NA;NA;NA;NA;NA;NA
rbbhf - hf_min;1650;0;0;NA;0;0;0;0;0;0;0;0;0;0;0;1;0;0;0;0;0;NA;NA;NA;0;0;0;0;0;0;1;NA;NA;NA;1;NA;NA;NA;NA;NA;NA;0;0;NA;NA;NA;NA;NA;NA;0;1;NA;NA;NA;NA;NA;NA;NA;NA;NA;NA;0;0;NA;0;NA;NA;0;NA;NA;0;NA;NA;NA;NA;NA;NA;0;NA;NA;NA;NA;NA;NA;NA;NA;NA;NA;NA;1;1;NA;NA;NA;1;NA;NA;NA;NA;NA;NA;NA;NA;NA;NA;NA;NA;NA;NA;NA;NA;NA;NA;NA;NA
rbbhf - hf_min;1651;0;1;0;0;0;0;0;0;0;0;0;0;0;0;1;0;0;0;0;0;NA;NA;NA;0;0;0;0;0;0;1;NA;NA;NA;1;NA;NA;NA;NA;NA;NA;0;0;NA;NA;NA;NA;NA;NA;0;1;NA;NA;NA;NA;NA;NA;NA;NA;NA;NA;0;0;NA;0;NA;NA;0;NA;NA;0;NA;NA;NA;NA;NA;NA;0;NA;NA;NA;NA;NA;NA;NA;NA;NA;NA;NA;1;1;NA;NA;NA;1;NA;NA;NA;NA;NA;NA;NA;NA;NA;NA;NA;NA;NA;NA;NA;NA;NA;NA;NA;NA
rbbhf - hf_min;1652;0;0;NA;0;0;0;0;0;0;0;0;0;0;0;0;NA;NA;NA;NA;NA;NA;NA;NA;NA;NA;NA;0;0;0;1;NA;NA;NA;NA;NA;NA;NA;NA;NA;NA;0;0;NA;NA;NA;NA;NA;NA;0;0;1;NA;NA;NA;NA;NA;NA;NA;NA;NA;0;0;NA;0;NA;NA;0;NA;NA;0;NA;NA;NA;NA;NA;NA;0;NA;NA;NA;NA;NA;NA;NA;NA;NA;NA;NA;1;1;NA;NA;NA;1;NA;NA;NA;NA;NA;NA;NA;NA;NA;NA;NA;NA;NA;NA;NA;NA;NA;NA;NA;NA
rbbhf - hf_min;1653;0;1;0;0;0;0;0;0;0;0;0;0;0;0;0;NA;NA;NA;NA;NA;NA;NA;NA;NA;NA;NA;0;0;0;1;NA;NA;NA;NA;NA;NA;NA;NA;NA;NA;0;0;NA;NA;NA;NA;NA;NA;0;0;1;NA;NA;NA;NA;NA;NA;NA;NA;NA;0;0;NA;0;NA;NA;0;NA;NA;0;NA;NA;NA;NA;NA;NA;0;NA;NA;NA;NA;NA;NA;NA;NA;NA;NA;NA;1;1;NA;NA;NA;1;NA;NA;NA;NA;NA;NA;NA;NA;NA;NA;NA;NA;NA;NA;NA;NA;NA;NA;NA;NA
rbbhf - hf_min;1654;0;0;NA;0;0;0;0;0;0;0;0;0;0;0;1;0;0;0;0;1;0;0;0;NA;NA;NA;0;0;0;1;NA;NA;NA;NA;NA;NA;NA;NA;NA;NA;0;0;NA;NA;NA;NA;NA;NA;0;0;1;NA;NA;NA;NA;NA;NA;NA;NA;NA;0;0;NA;0;NA;NA;0;NA;NA;0;NA;NA;NA;NA;NA;NA;0;NA;NA;NA;NA;NA;NA;NA;NA;NA;NA;NA;1;1;NA;NA;NA;1;NA;NA;NA;NA;NA;NA;NA;NA;NA;NA;NA;NA;NA;NA;NA;NA;NA;NA;NA;NA
rbbhf - hf_min;1655;0;1;0;0;0;0;0;0;0;0;0;0;0;0;1;0;0;0;0;1;0;0;0;NA;NA;NA;0;0;0;1;NA;NA;NA;NA;NA;NA;NA;NA;NA;NA;0;0;NA;NA;NA;NA;NA;NA;0;0;1;NA;NA;NA;NA;NA;NA;NA;NA;NA;0;0;NA;0;NA;NA;0;NA;NA;0;NA;NA;NA;NA;NA;NA;0;NA;NA;NA;NA;NA;NA;NA;NA;NA;NA;NA;1;1;NA;NA;NA;1;NA;NA;NA;NA;NA;NA;NA;NA;NA;NA;NA;NA;NA;NA;NA;NA;NA;NA;NA;NA
rbbhf - hf_min;1656;0;0;NA;0;0;0;0;0;0;0;0;0;0;0;1;0;0;0;0;0;NA;NA;NA;0;0;0;0;0;0;1;NA;NA;NA;NA;NA;NA;NA;NA;NA;NA;0;0;NA;NA;NA;NA;NA;NA;0;0;1;NA;NA;NA;NA;NA;NA;NA;NA;NA;0;0;NA;0;NA;NA;0;NA;NA;0;NA;NA;NA;NA;NA;NA;0;NA;NA;NA;NA;NA;NA;NA;NA;NA;NA;NA;1;1;NA;NA;NA;1;NA;NA;NA;NA;NA;NA;NA;NA;NA;NA;NA;NA;NA;NA;NA;NA;NA;NA;NA;NA
rbbhf - hf_min;1657;0;1;0;0;0;0;0;0;0;0;0;0;0;0;1;0;0;0;0;0;NA;NA;NA;0;0;0;0;0;0;1;NA;NA;NA;NA;NA;NA;NA;NA;NA;NA;0;0;NA;NA;NA;NA;NA;NA;0;0;1;NA;NA;NA;NA;NA;NA;NA;NA;NA;0;0;NA;0;NA;NA;0;NA;NA;0;NA;NA;NA;NA;NA;NA;0;NA;NA;NA;NA;NA;NA;NA;NA;NA;NA;NA;1;1;NA;NA;NA;1;NA;NA;NA;NA;NA;NA;NA;NA;NA;NA;NA;NA;NA;NA;NA;NA;NA;NA;NA;NA
rbbhf - hf_min;1658;0;0;NA;0;0;0;0;0;0;0;0;0;0;0;0;NA;NA;NA;NA;NA;NA;NA;NA;NA;NA;NA;0;0;0;0;NA;1;NA;NA;NA;NA;NA;NA;NA;NA;NA;NA;NA;NA;NA;NA;NA;NA;NA;NA;NA;NA;NA;NA;NA;NA;NA;NA;NA;NA;0;0;NA;0;NA;NA;0;NA;NA;1;0;NA;NA;NA;NA;NA;0;NA;NA;NA;NA;NA;NA;NA;NA;NA;NA;NA;1;1;NA;NA;NA;1;NA;NA;NA;NA;NA;NA;NA;NA;NA;NA;NA;NA;NA;NA;NA;NA;NA;NA;NA;NA
rbbhf - hf_min;1659;0;1;0;0;0;0;0;0;0;0;0;0;0;0;0;NA;NA;NA;NA;NA;NA;NA;NA;NA;NA;NA;0;0;0;0;NA;1;NA;NA;NA;NA;NA;NA;NA;NA;NA;NA;NA;NA;NA;NA;NA;NA;NA;NA;NA;NA;NA;NA;NA;NA;NA;NA;NA;NA;0;0;NA;0;NA;NA;0;NA;NA;1;0;NA;NA;NA;NA;NA;0;NA;NA;NA;NA;NA;NA;NA;NA;NA;NA;NA;1;1;NA;NA;NA;1;NA;NA;NA;NA;NA;NA;NA;NA;NA;NA;NA;NA;NA;NA;NA;NA;NA;NA;NA;NA
rbbhf - hf_min;1660;0;0;NA;0;0;0;0;0;0;0;0;0;0;0;1;0;0;0;0;1;0;0;0;NA;NA;NA;0;0;0;0;NA;1;NA;NA;NA;NA;NA;NA;NA;NA;NA;NA;NA;NA;NA;NA;NA;NA;NA;NA;NA;NA;NA;NA;NA;NA;NA;NA;NA;NA;0;0;NA;0;NA;NA;0;NA;NA;1;0;NA;NA;NA;NA;NA;0;NA;NA;NA;NA;NA;NA;NA;NA;NA;NA;NA;1;1;NA;NA;NA;1;NA;NA;NA;NA;NA;NA;NA;NA;NA;NA;NA;NA;NA;NA;NA;NA;NA;NA;NA;NA
rbbhf - hf_min;1661;0;1;0;0;0;0;0;0;0;0;0;0;0;0;1;0;0;0;0;1;0;0;0;NA;NA;NA;0;0;0;0;NA;1;NA;NA;NA;NA;NA;NA;NA;NA;NA;NA;NA;NA;NA;NA;NA;NA;NA;NA;NA;NA;NA;NA;NA;NA;NA;NA;NA;NA;0;0;NA;0;NA;NA;0;NA;NA;1;0;NA;NA;NA;NA;NA;0;NA;NA;NA;NA;NA;NA;NA;NA;NA;NA;NA;1;1;NA;NA;NA;1;NA;NA;NA;NA;NA;NA;NA;NA;NA;NA;NA;NA;NA;NA;NA;NA;NA;NA;NA;NA
rbbhf - hf_min;1662;0;0;NA;0;0;0;0;0;0;0;0;0;0;0;1;0;0;0;0;0;NA;NA;NA;0;0;0;0;0;0;0;NA;1;NA;NA;NA;NA;NA;NA;NA;NA;NA;NA;NA;NA;NA;NA;NA;NA;NA;NA;NA;NA;NA;NA;NA;NA;NA;NA;NA;NA;0;0;NA;0;NA;NA;0;NA;NA;1;0;NA;NA;NA;NA;NA;0;NA;NA;NA;NA;NA;NA;NA;NA;NA;NA;NA;1;1;NA;NA;NA;1;NA;NA;NA;NA;NA;NA;NA;NA;NA;NA;NA;NA;NA;NA;NA;NA;NA;NA;NA;NA
rbbhf - hf_min;1663;0;1;0;0;0;0;0;0;0;0;0;0;0;0;1;0;0;0;0;0;NA;NA;NA;0;0;0;0;0;0;0;NA;1;NA;NA;NA;NA;NA;NA;NA;NA;NA;NA;NA;NA;NA;NA;NA;NA;NA;NA;NA;NA;NA;NA;NA;NA;NA;NA;NA;NA;0;0;NA;0;NA;NA;0;NA;NA;1;0;NA;NA;NA;NA;NA;0;NA;NA;NA;NA;NA;NA;NA;NA;NA;NA;NA;1;1;NA;NA;NA;1;NA;NA;NA;NA;NA;NA;NA;NA;NA;NA;NA;NA;NA;NA;NA;NA;NA;NA;NA;NA
rbbhf - hf_min;1664;0;0;NA;0;0;0;0;0;0;0;0;0;0;0;0;NA;NA;NA;NA;NA;NA;NA;NA;NA;NA;NA;0;0;0;0;1;NA;NA;1;NA;NA;NA;NA;NA;NA;NA;NA;NA;NA;NA;NA;NA;NA;NA;NA;NA;NA;NA;NA;NA;NA;NA;NA;NA;NA;0;0;NA;0;NA;NA;0;NA;NA;1;0;NA;NA;NA;NA;NA;0;NA;NA;NA;NA;NA;NA;NA;NA;NA;NA;NA;1;1;NA;NA;NA;1;NA;NA;NA;NA;NA;NA;NA;NA;NA;NA;NA;NA;NA;NA;NA;NA;NA;NA;NA;NA
rbbhf - hf_min;1665;0;1;0;0;0;0;0;0;0;0;0;0;0;0;0;NA;NA;NA;NA;NA;NA;NA;NA;NA;NA;NA;0;0;0;0;1;NA;NA;1;NA;NA;NA;NA;NA;NA;NA;NA;NA;NA;NA;NA;NA;NA;NA;NA;NA;NA;NA;NA;NA;NA;NA;NA;NA;NA;0;0;NA;0;NA;NA;0;NA;NA;1;0;NA;NA;NA;NA;NA;0;NA;NA;NA;NA;NA;NA;NA;NA;NA;NA;NA;1;1;NA;NA;NA;1;NA;NA;NA;NA;NA;NA;NA;NA;NA;NA;NA;NA;NA;NA;NA;NA;NA;NA;NA;NA
rbbhf - hf_min;1666;0;0;NA;0;0;0;0;0;0;0;0;0;0;0;1;0;0;0;0;1;0;0;0;NA;NA;NA;0;0;0;0;1;NA;NA;1;NA;NA;NA;NA;NA;NA;NA;NA;NA;NA;NA;NA;NA;NA;NA;NA;NA;NA;NA;NA;NA;NA;NA;NA;NA;NA;0;0;NA;0;NA;NA;0;NA;NA;1;0;NA;NA;NA;NA;NA;0;NA;NA;NA;NA;NA;NA;NA;NA;NA;NA;NA;1;1;NA;NA;NA;1;NA;NA;NA;NA;NA;NA;NA;NA;NA;NA;NA;NA;NA;NA;NA;NA;NA;NA;NA;NA
rbbhf - hf_min;1667;0;1;0;0;0;0;0;0;0;0;0;0;0;0;1;0;0;0;0;1;0;0;0;NA;NA;NA;0;0;0;0;1;NA;NA;1;NA;NA;NA;NA;NA;NA;NA;NA;NA;NA;NA;NA;NA;NA;NA;NA;NA;NA;NA;NA;NA;NA;NA;NA;NA;NA;0;0;NA;0;NA;NA;0;NA;NA;1;0;NA;NA;NA;NA;NA;0;NA;NA;NA;NA;NA;NA;NA;NA;NA;NA;NA;1;1;NA;NA;NA;1;NA;NA;NA;NA;NA;NA;NA;NA;NA;NA;NA;NA;NA;NA;NA;NA;NA;NA;NA;NA
rbbhf - hf_min;1668;0;0;NA;0;0;0;0;0;0;0;0;0;0;0;1;0;0;0;0;0;NA;NA;NA;0;0;0;0;0;0;0;1;NA;NA;1;NA;NA;NA;NA;NA;NA;NA;NA;NA;NA;NA;NA;NA;NA;NA;NA;NA;NA;NA;NA;NA;NA;NA;NA;NA;NA;0;0;NA;0;NA;NA;0;NA;NA;1;0;NA;NA;NA;NA;NA;0;NA;NA;NA;NA;NA;NA;NA;NA;NA;NA;NA;1;1;NA;NA;NA;1;NA;NA;NA;NA;NA;NA;NA;NA;NA;NA;NA;NA;NA;NA;NA;NA;NA;NA;NA;NA
rbbhf - hf_min;1669;0;1;0;0;0;0;0;0;0;0;0;0;0;0;1;0;0;0;0;0;NA;NA;NA;0;0;0;0;0;0;0;1;NA;NA;1;NA;NA;NA;NA;NA;NA;NA;NA;NA;NA;NA;NA;NA;NA;NA;NA;NA;NA;NA;NA;NA;NA;NA;NA;NA;NA;0;0;NA;0;NA;NA;0;NA;NA;1;0;NA;NA;NA;NA;NA;0;NA;NA;NA;NA;NA;NA;NA;NA;NA;NA;NA;1;1;NA;NA;NA;1;NA;NA;NA;NA;NA;NA;NA;NA;NA;NA;NA;NA;NA;NA;NA;NA;NA;NA;NA;NA
rbbhf - hf_min;1670;0;0;NA;0;0;0;0;0;0;0;0;0;0;0;0;NA;NA;NA;NA;NA;NA;NA;NA;NA;NA;NA;0;0;0;1;NA;NA;NA;1;NA;NA;NA;NA;NA;NA;0;0;NA;NA;NA;NA;NA;NA;0;1;NA;NA;NA;NA;NA;NA;NA;NA;NA;NA;0;0;NA;0;NA;NA;0;NA;NA;1;0;NA;NA;NA;NA;NA;0;NA;NA;NA;NA;NA;NA;NA;NA;NA;NA;NA;1;1;NA;NA;NA;1;NA;NA;NA;NA;NA;NA;NA;NA;NA;NA;NA;NA;NA;NA;NA;NA;NA;NA;NA;NA
rbbhf - hf_min;1671;0;1;0;0;0;0;0;0;0;0;0;0;0;0;0;NA;NA;NA;NA;NA;NA;NA;NA;NA;NA;NA;0;0;0;1;NA;NA;NA;1;NA;NA;NA;NA;NA;NA;0;0;NA;NA;NA;NA;NA;NA;0;1;NA;NA;NA;NA;NA;NA;NA;NA;NA;NA;0;0;NA;0;NA;NA;0;NA;NA;1;0;NA;NA;NA;NA;NA;0;NA;NA;NA;NA;NA;NA;NA;NA;NA;NA;NA;1;1;NA;NA;NA;1;NA;NA;NA;NA;NA;NA;NA;NA;NA;NA;NA;NA;NA;NA;NA;NA;NA;NA;NA;NA
rbbhf - hf_min;1672;0;0;NA;0;0;0;0;0;0;0;0;0;0;0;1;0;0;0;0;1;0;0;0;NA;NA;NA;0;0;0;1;NA;NA;NA;1;NA;NA;NA;NA;NA;NA;0;0;NA;NA;NA;NA;NA;NA;0;1;NA;NA;NA;NA;NA;NA;NA;NA;NA;NA;0;0;NA;0;NA;NA;0;NA;NA;1;0;NA;NA;NA;NA;NA;0;NA;NA;NA;NA;NA;NA;NA;NA;NA;NA;NA;1;1;NA;NA;NA;1;NA;NA;NA;NA;NA;NA;NA;NA;NA;NA;NA;NA;NA;NA;NA;NA;NA;NA;NA;NA
rbbhf - hf_min;1673;0;1;0;0;0;0;0;0;0;0;0;0;0;0;1;0;0;0;0;1;0;0;0;NA;NA;NA;0;0;0;1;NA;NA;NA;1;NA;NA;NA;NA;NA;NA;0;0;NA;NA;NA;NA;NA;NA;0;1;NA;NA;NA;NA;NA;NA;NA;NA;NA;NA;0;0;NA;0;NA;NA;0;NA;NA;1;0;NA;NA;NA;NA;NA;0;NA;NA;NA;NA;NA;NA;NA;NA;NA;NA;NA;1;1;NA;NA;NA;1;NA;NA;NA;NA;NA;NA;NA;NA;NA;NA;NA;NA;NA;NA;NA;NA;NA;NA;NA;NA
rbbhf - hf_min;1674;0;0;NA;0;0;0;0;0;0;0;0;0;0;0;1;0;0;0;0;0;NA;NA;NA;0;0;0;0;0;0;1;NA;NA;NA;1;NA;NA;NA;NA;NA;NA;0;0;NA;NA;NA;NA;NA;NA;0;1;NA;NA;NA;NA;NA;NA;NA;NA;NA;NA;0;0;NA;0;NA;NA;0;NA;NA;1;0;NA;NA;NA;NA;NA;0;NA;NA;NA;NA;NA;NA;NA;NA;NA;NA;NA;1;1;NA;NA;NA;1;NA;NA;NA;NA;NA;NA;NA;NA;NA;NA;NA;NA;NA;NA;NA;NA;NA;NA;NA;NA
rbbhf - hf_min;1675;0;1;0;0;0;0;0;0;0;0;0;0;0;0;1;0;0;0;0;0;NA;NA;NA;0;0;0;0;0;0;1;NA;NA;NA;1;NA;NA;NA;NA;NA;NA;0;0;NA;NA;NA;NA;NA;NA;0;1;NA;NA;NA;NA;NA;NA;NA;NA;NA;NA;0;0;NA;0;NA;NA;0;NA;NA;1;0;NA;NA;NA;NA;NA;0;NA;NA;NA;NA;NA;NA;NA;NA;NA;NA;NA;1;1;NA;NA;NA;1;NA;NA;NA;NA;NA;NA;NA;NA;NA;NA;NA;NA;NA;NA;NA;NA;NA;NA;NA;NA
rbbhf - hf_min;1676;0;0;NA;0;0;0;0;0;0;0;0;0;0;0;0;NA;NA;NA;NA;NA;NA;NA;NA;NA;NA;NA;0;0;0;1;NA;NA;NA;NA;NA;NA;NA;NA;NA;NA;0;0;NA;NA;NA;NA;NA;NA;0;0;1;NA;NA;NA;NA;NA;NA;NA;NA;NA;0;0;NA;0;NA;NA;0;NA;NA;1;0;NA;NA;NA;NA;NA;0;NA;NA;NA;NA;NA;NA;NA;NA;NA;NA;NA;1;1;NA;NA;NA;1;NA;NA;NA;NA;NA;NA;NA;NA;NA;NA;NA;NA;NA;NA;NA;NA;NA;NA;NA;NA
rbbhf - hf_min;1677;0;1;0;0;0;0;0;0;0;0;0;0;0;0;0;NA;NA;NA;NA;NA;NA;NA;NA;NA;NA;NA;0;0;0;1;NA;NA;NA;NA;NA;NA;NA;NA;NA;NA;0;0;NA;NA;NA;NA;NA;NA;0;0;1;NA;NA;NA;NA;NA;NA;NA;NA;NA;0;0;NA;0;NA;NA;0;NA;NA;1;0;NA;NA;NA;NA;NA;0;NA;NA;NA;NA;NA;NA;NA;NA;NA;NA;NA;1;1;NA;NA;NA;1;NA;NA;NA;NA;NA;NA;NA;NA;NA;NA;NA;NA;NA;NA;NA;NA;NA;NA;NA;NA
rbbhf - hf_min;1678;0;0;NA;0;0;0;0;0;0;0;0;0;0;0;1;0;0;0;0;1;0;0;0;NA;NA;NA;0;0;0;1;NA;NA;NA;NA;NA;NA;NA;NA;NA;NA;0;0;NA;NA;NA;NA;NA;NA;0;0;1;NA;NA;NA;NA;NA;NA;NA;NA;NA;0;0;NA;0;NA;NA;0;NA;NA;1;0;NA;NA;NA;NA;NA;0;NA;NA;NA;NA;NA;NA;NA;NA;NA;NA;NA;1;1;NA;NA;NA;1;NA;NA;NA;NA;NA;NA;NA;NA;NA;NA;NA;NA;NA;NA;NA;NA;NA;NA;NA;NA
rbbhf - hf_min;1679;0;1;0;0;0;0;0;0;0;0;0;0;0;0;1;0;0;0;0;1;0;0;0;NA;NA;NA;0;0;0;1;NA;NA;NA;NA;NA;NA;NA;NA;NA;NA;0;0;NA;NA;NA;NA;NA;NA;0;0;1;NA;NA;NA;NA;NA;NA;NA;NA;NA;0;0;NA;0;NA;NA;0;NA;NA;1;0;NA;NA;NA;NA;NA;0;NA;NA;NA;NA;NA;NA;NA;NA;NA;NA;NA;1;1;NA;NA;NA;1;NA;NA;NA;NA;NA;NA;NA;NA;NA;NA;NA;NA;NA;NA;NA;NA;NA;NA;NA;NA
rbbhf - hf_min;1680;0;0;NA;0;0;0;0;0;0;0;0;0;0;0;1;0;0;0;0;0;NA;NA;NA;0;0;0;0;0;0;1;NA;NA;NA;NA;NA;NA;NA;NA;NA;NA;0;0;NA;NA;NA;NA;NA;NA;0;0;1;NA;NA;NA;NA;NA;NA;NA;NA;NA;0;0;NA;0;NA;NA;0;NA;NA;1;0;NA;NA;NA;NA;NA;0;NA;NA;NA;NA;NA;NA;NA;NA;NA;NA;NA;1;1;NA;NA;NA;1;NA;NA;NA;NA;NA;NA;NA;NA;NA;NA;NA;NA;NA;NA;NA;NA;NA;NA;NA;NA
rbbhf - hf_min;1681;0;1;0;0;0;0;0;0;0;0;0;0;0;0;1;0;0;0;0;0;NA;NA;NA;0;0;0;0;0;0;1;NA;NA;NA;NA;NA;NA;NA;NA;NA;NA;0;0;NA;NA;NA;NA;NA;NA;0;0;1;NA;NA;NA;NA;NA;NA;NA;NA;NA;0;0;NA;0;NA;NA;0;NA;NA;1;0;NA;NA;NA;NA;NA;0;NA;NA;NA;NA;NA;NA;NA;NA;NA;NA;NA;1;1;NA;NA;NA;1;NA;NA;NA;NA;NA;NA;NA;NA;NA;NA;NA;NA;NA;NA;NA;NA;NA;NA;NA;NA
rbbhf - hf_min;1682;0;0;NA;0;0;0;0;0;0;0;0;0;0;0;0;NA;NA;NA;NA;NA;NA;NA;NA;NA;NA;NA;0;0;0;0;NA;1;NA;NA;NA;NA;NA;NA;NA;NA;NA;NA;NA;NA;NA;NA;NA;NA;NA;NA;NA;NA;NA;NA;NA;NA;NA;NA;NA;NA;0;0;NA;0;NA;NA;0;NA;NA;0;NA;NA;NA;NA;NA;NA;1;0;NA;NA;NA;NA;NA;NA;NA;NA;NA;NA;1;1;NA;NA;NA;1;NA;NA;NA;NA;NA;NA;NA;NA;NA;NA;NA;NA;NA;NA;NA;NA;NA;NA;NA;NA
rbbhf - hf_min;1683;0;1;0;0;0;0;0;0;0;0;0;0;0;0;0;NA;NA;NA;NA;NA;NA;NA;NA;NA;NA;NA;0;0;0;0;NA;1;NA;NA;NA;NA;NA;NA;NA;NA;NA;NA;NA;NA;NA;NA;NA;NA;NA;NA;NA;NA;NA;NA;NA;NA;NA;NA;NA;NA;0;0;NA;0;NA;NA;0;NA;NA;0;NA;NA;NA;NA;NA;NA;1;0;NA;NA;NA;NA;NA;NA;NA;NA;NA;NA;1;1;NA;NA;NA;1;NA;NA;NA;NA;NA;NA;NA;NA;NA;NA;NA;NA;NA;NA;NA;NA;NA;NA;NA;NA
rbbhf - hf_min;1684;0;0;NA;0;0;0;0;0;0;0;0;0;0;0;1;0;0;0;0;1;0;0;0;NA;NA;NA;0;0;0;0;NA;1;NA;NA;NA;NA;NA;NA;NA;NA;NA;NA;NA;NA;NA;NA;NA;NA;NA;NA;NA;NA;NA;NA;NA;NA;NA;NA;NA;NA;0;0;NA;0;NA;NA;0;NA;NA;0;NA;NA;NA;NA;NA;NA;1;0;NA;NA;NA;NA;NA;NA;NA;NA;NA;NA;1;1;NA;NA;NA;1;NA;NA;NA;NA;NA;NA;NA;NA;NA;NA;NA;NA;NA;NA;NA;NA;NA;NA;NA;NA
rbbhf - hf_min;1685;0;1;0;0;0;0;0;0;0;0;0;0;0;0;1;0;0;0;0;1;0;0;0;NA;NA;NA;0;0;0;0;NA;1;NA;NA;NA;NA;NA;NA;NA;NA;NA;NA;NA;NA;NA;NA;NA;NA;NA;NA;NA;NA;NA;NA;NA;NA;NA;NA;NA;NA;0;0;NA;0;NA;NA;0;NA;NA;0;NA;NA;NA;NA;NA;NA;1;0;NA;NA;NA;NA;NA;NA;NA;NA;NA;NA;1;1;NA;NA;NA;1;NA;NA;NA;NA;NA;NA;NA;NA;NA;NA;NA;NA;NA;NA;NA;NA;NA;NA;NA;NA
rbbhf - hf_min;1686;0;0;NA;0;0;0;0;0;0;0;0;0;0;0;1;0;0;0;0;0;NA;NA;NA;0;0;0;0;0;0;0;NA;1;NA;NA;NA;NA;NA;NA;NA;NA;NA;NA;NA;NA;NA;NA;NA;NA;NA;NA;NA;NA;NA;NA;NA;NA;NA;NA;NA;NA;0;0;NA;0;NA;NA;0;NA;NA;0;NA;NA;NA;NA;NA;NA;1;0;NA;NA;NA;NA;NA;NA;NA;NA;NA;NA;1;1;NA;NA;NA;1;NA;NA;NA;NA;NA;NA;NA;NA;NA;NA;NA;NA;NA;NA;NA;NA;NA;NA;NA;NA
rbbhf - hf_min;1687;0;1;0;0;0;0;0;0;0;0;0;0;0;0;1;0;0;0;0;0;NA;NA;NA;0;0;0;0;0;0;0;NA;1;NA;NA;NA;NA;NA;NA;NA;NA;NA;NA;NA;NA;NA;NA;NA;NA;NA;NA;NA;NA;NA;NA;NA;NA;NA;NA;NA;NA;0;0;NA;0;NA;NA;0;NA;NA;0;NA;NA;NA;NA;NA;NA;1;0;NA;NA;NA;NA;NA;NA;NA;NA;NA;NA;1;1;NA;NA;NA;1;NA;NA;NA;NA;NA;NA;NA;NA;NA;NA;NA;NA;NA;NA;NA;NA;NA;NA;NA;NA
rbbhf - hf_min;1688;0;0;NA;0;0;0;0;0;0;0;0;0;0;0;0;NA;NA;NA;NA;NA;NA;NA;NA;NA;NA;NA;0;0;0;0;1;NA;NA;1;NA;NA;NA;NA;NA;NA;NA;NA;NA;NA;NA;NA;NA;NA;NA;NA;NA;NA;NA;NA;NA;NA;NA;NA;NA;NA;0;0;NA;0;NA;NA;0;NA;NA;0;NA;NA;NA;NA;NA;NA;1;0;NA;NA;NA;NA;NA;NA;NA;NA;NA;NA;1;1;NA;NA;NA;1;NA;NA;NA;NA;NA;NA;NA;NA;NA;NA;NA;NA;NA;NA;NA;NA;NA;NA;NA;NA
rbbhf - hf_min;1689;0;1;0;0;0;0;0;0;0;0;0;0;0;0;0;NA;NA;NA;NA;NA;NA;NA;NA;NA;NA;NA;0;0;0;0;1;NA;NA;1;NA;NA;NA;NA;NA;NA;NA;NA;NA;NA;NA;NA;NA;NA;NA;NA;NA;NA;NA;NA;NA;NA;NA;NA;NA;NA;0;0;NA;0;NA;NA;0;NA;NA;0;NA;NA;NA;NA;NA;NA;1;0;NA;NA;NA;NA;NA;NA;NA;NA;NA;NA;1;1;NA;NA;NA;1;NA;NA;NA;NA;NA;NA;NA;NA;NA;NA;NA;NA;NA;NA;NA;NA;NA;NA;NA;NA
rbbhf - hf_min;1690;0;0;NA;0;0;0;0;0;0;0;0;0;0;0;1;0;0;0;0;1;0;0;0;NA;NA;NA;0;0;0;0;1;NA;NA;1;NA;NA;NA;NA;NA;NA;NA;NA;NA;NA;NA;NA;NA;NA;NA;NA;NA;NA;NA;NA;NA;NA;NA;NA;NA;NA;0;0;NA;0;NA;NA;0;NA;NA;0;NA;NA;NA;NA;NA;NA;1;0;NA;NA;NA;NA;NA;NA;NA;NA;NA;NA;1;1;NA;NA;NA;1;NA;NA;NA;NA;NA;NA;NA;NA;NA;NA;NA;NA;NA;NA;NA;NA;NA;NA;NA;NA
rbbhf - hf_min;1691;0;1;0;0;0;0;0;0;0;0;0;0;0;0;1;0;0;0;0;1;0;0;0;NA;NA;NA;0;0;0;0;1;NA;NA;1;NA;NA;NA;NA;NA;NA;NA;NA;NA;NA;NA;NA;NA;NA;NA;NA;NA;NA;NA;NA;NA;NA;NA;NA;NA;NA;0;0;NA;0;NA;NA;0;NA;NA;0;NA;NA;NA;NA;NA;NA;1;0;NA;NA;NA;NA;NA;NA;NA;NA;NA;NA;1;1;NA;NA;NA;1;NA;NA;NA;NA;NA;NA;NA;NA;NA;NA;NA;NA;NA;NA;NA;NA;NA;NA;NA;NA
rbbhf - hf_min;1692;0;0;NA;0;0;0;0;0;0;0;0;0;0;0;1;0;0;0;0;0;NA;NA;NA;0;0;0;0;0;0;0;1;NA;NA;1;NA;NA;NA;NA;NA;NA;NA;NA;NA;NA;NA;NA;NA;NA;NA;NA;NA;NA;NA;NA;NA;NA;NA;NA;NA;NA;0;0;NA;0;NA;NA;0;NA;NA;0;NA;NA;NA;NA;NA;NA;1;0;NA;NA;NA;NA;NA;NA;NA;NA;NA;NA;1;1;NA;NA;NA;1;NA;NA;NA;NA;NA;NA;NA;NA;NA;NA;NA;NA;NA;NA;NA;NA;NA;NA;NA;NA
rbbhf - hf_min;1693;0;1;0;0;0;0;0;0;0;0;0;0;0;0;1;0;0;0;0;0;NA;NA;NA;0;0;0;0;0;0;0;1;NA;NA;1;NA;NA;NA;NA;NA;NA;NA;NA;NA;NA;NA;NA;NA;NA;NA;NA;NA;NA;NA;NA;NA;NA;NA;NA;NA;NA;0;0;NA;0;NA;NA;0;NA;NA;0;NA;NA;NA;NA;NA;NA;1;0;NA;NA;NA;NA;NA;NA;NA;NA;NA;NA;1;1;NA;NA;NA;1;NA;NA;NA;NA;NA;NA;NA;NA;NA;NA;NA;NA;NA;NA;NA;NA;NA;NA;NA;NA
rbbhf - hf_min;1694;0;0;NA;0;0;0;0;0;0;0;0;0;0;0;0;NA;NA;NA;NA;NA;NA;NA;NA;NA;NA;NA;0;0;0;1;NA;NA;NA;1;NA;NA;NA;NA;NA;NA;0;0;NA;NA;NA;NA;NA;NA;0;1;NA;NA;NA;NA;NA;NA;NA;NA;NA;NA;0;0;NA;0;NA;NA;0;NA;NA;0;NA;NA;NA;NA;NA;NA;1;0;NA;NA;NA;NA;NA;NA;NA;NA;NA;NA;1;1;NA;NA;NA;1;NA;NA;NA;NA;NA;NA;NA;NA;NA;NA;NA;NA;NA;NA;NA;NA;NA;NA;NA;NA
rbbhf - hf_min;1695;0;1;0;0;0;0;0;0;0;0;0;0;0;0;0;NA;NA;NA;NA;NA;NA;NA;NA;NA;NA;NA;0;0;0;1;NA;NA;NA;1;NA;NA;NA;NA;NA;NA;0;0;NA;NA;NA;NA;NA;NA;0;1;NA;NA;NA;NA;NA;NA;NA;NA;NA;NA;0;0;NA;0;NA;NA;0;NA;NA;0;NA;NA;NA;NA;NA;NA;1;0;NA;NA;NA;NA;NA;NA;NA;NA;NA;NA;1;1;NA;NA;NA;1;NA;NA;NA;NA;NA;NA;NA;NA;NA;NA;NA;NA;NA;NA;NA;NA;NA;NA;NA;NA
rbbhf - hf_min;1696;0;0;NA;0;0;0;0;0;0;0;0;0;0;0;1;0;0;0;0;1;0;0;0;NA;NA;NA;0;0;0;1;NA;NA;NA;1;NA;NA;NA;NA;NA;NA;0;0;NA;NA;NA;NA;NA;NA;0;1;NA;NA;NA;NA;NA;NA;NA;NA;NA;NA;0;0;NA;0;NA;NA;0;NA;NA;0;NA;NA;NA;NA;NA;NA;1;0;NA;NA;NA;NA;NA;NA;NA;NA;NA;NA;1;1;NA;NA;NA;1;NA;NA;NA;NA;NA;NA;NA;NA;NA;NA;NA;NA;NA;NA;NA;NA;NA;NA;NA;NA
rbbhf - hf_min;1697;0;1;0;0;0;0;0;0;0;0;0;0;0;0;1;0;0;0;0;1;0;0;0;NA;NA;NA;0;0;0;1;NA;NA;NA;1;NA;NA;NA;NA;NA;NA;0;0;NA;NA;NA;NA;NA;NA;0;1;NA;NA;NA;NA;NA;NA;NA;NA;NA;NA;0;0;NA;0;NA;NA;0;NA;NA;0;NA;NA;NA;NA;NA;NA;1;0;NA;NA;NA;NA;NA;NA;NA;NA;NA;NA;1;1;NA;NA;NA;1;NA;NA;NA;NA;NA;NA;NA;NA;NA;NA;NA;NA;NA;NA;NA;NA;NA;NA;NA;NA
rbbhf - hf_min;1698;0;0;NA;0;0;0;0;0;0;0;0;0;0;0;1;0;0;0;0;0;NA;NA;NA;0;0;0;0;0;0;1;NA;NA;NA;1;NA;NA;NA;NA;NA;NA;0;0;NA;NA;NA;NA;NA;NA;0;1;NA;NA;NA;NA;NA;NA;NA;NA;NA;NA;0;0;NA;0;NA;NA;0;NA;NA;0;NA;NA;NA;NA;NA;NA;1;0;NA;NA;NA;NA;NA;NA;NA;NA;NA;NA;1;1;NA;NA;NA;1;NA;NA;NA;NA;NA;NA;NA;NA;NA;NA;NA;NA;NA;NA;NA;NA;NA;NA;NA;NA
rbbhf - hf_min;1699;0;1;0;0;0;0;0;0;0;0;0;0;0;0;1;0;0;0;0;0;NA;NA;NA;0;0;0;0;0;0;1;NA;NA;NA;1;NA;NA;NA;NA;NA;NA;0;0;NA;NA;NA;NA;NA;NA;0;1;NA;NA;NA;NA;NA;NA;NA;NA;NA;NA;0;0;NA;0;NA;NA;0;NA;NA;0;NA;NA;NA;NA;NA;NA;1;0;NA;NA;NA;NA;NA;NA;NA;NA;NA;NA;1;1;NA;NA;NA;1;NA;NA;NA;NA;NA;NA;NA;NA;NA;NA;NA;NA;NA;NA;NA;NA;NA;NA;NA;NA
rbbhf - hf_min;1700;0;0;NA;0;0;0;0;0;0;0;0;0;0;0;0;NA;NA;NA;NA;NA;NA;NA;NA;NA;NA;NA;0;0;0;1;NA;NA;NA;NA;NA;NA;NA;NA;NA;NA;0;0;NA;NA;NA;NA;NA;NA;0;0;1;NA;NA;NA;NA;NA;NA;NA;NA;NA;0;0;NA;0;NA;NA;0;NA;NA;0;NA;NA;NA;NA;NA;NA;1;0;NA;NA;NA;NA;NA;NA;NA;NA;NA;NA;1;1;NA;NA;NA;1;NA;NA;NA;NA;NA;NA;NA;NA;NA;NA;NA;NA;NA;NA;NA;NA;NA;NA;NA;NA
rbbhf - hf_min;1701;0;1;0;0;0;0;0;0;0;0;0;0;0;0;0;NA;NA;NA;NA;NA;NA;NA;NA;NA;NA;NA;0;0;0;1;NA;NA;NA;NA;NA;NA;NA;NA;NA;NA;0;0;NA;NA;NA;NA;NA;NA;0;0;1;NA;NA;NA;NA;NA;NA;NA;NA;NA;0;0;NA;0;NA;NA;0;NA;NA;0;NA;NA;NA;NA;NA;NA;1;0;NA;NA;NA;NA;NA;NA;NA;NA;NA;NA;1;1;NA;NA;NA;1;NA;NA;NA;NA;NA;NA;NA;NA;NA;NA;NA;NA;NA;NA;NA;NA;NA;NA;NA;NA
rbbhf - hf_min;1702;0;0;NA;0;0;0;0;0;0;0;0;0;0;0;1;0;0;0;0;1;0;0;0;NA;NA;NA;0;0;0;1;NA;NA;NA;NA;NA;NA;NA;NA;NA;NA;0;0;NA;NA;NA;NA;NA;NA;0;0;1;NA;NA;NA;NA;NA;NA;NA;NA;NA;0;0;NA;0;NA;NA;0;NA;NA;0;NA;NA;NA;NA;NA;NA;1;0;NA;NA;NA;NA;NA;NA;NA;NA;NA;NA;1;1;NA;NA;NA;1;NA;NA;NA;NA;NA;NA;NA;NA;NA;NA;NA;NA;NA;NA;NA;NA;NA;NA;NA;NA
rbbhf - hf_min;1703;0;1;0;0;0;0;0;0;0;0;0;0;0;0;1;0;0;0;0;1;0;0;0;NA;NA;NA;0;0;0;1;NA;NA;NA;NA;NA;NA;NA;NA;NA;NA;0;0;NA;NA;NA;NA;NA;NA;0;0;1;NA;NA;NA;NA;NA;NA;NA;NA;NA;0;0;NA;0;NA;NA;0;NA;NA;0;NA;NA;NA;NA;NA;NA;1;0;NA;NA;NA;NA;NA;NA;NA;NA;NA;NA;1;1;NA;NA;NA;1;NA;NA;NA;NA;NA;NA;NA;NA;NA;NA;NA;NA;NA;NA;NA;NA;NA;NA;NA;NA
rbbhf - hf_min;1704;0;0;NA;0;0;0;0;0;0;0;0;0;0;0;1;0;0;0;0;0;NA;NA;NA;0;0;0;0;0;0;1;NA;NA;NA;NA;NA;NA;NA;NA;NA;NA;0;0;NA;NA;NA;NA;NA;NA;0;0;1;NA;NA;NA;NA;NA;NA;NA;NA;NA;0;0;NA;0;NA;NA;0;NA;NA;0;NA;NA;NA;NA;NA;NA;1;0;NA;NA;NA;NA;NA;NA;NA;NA;NA;NA;1;1;NA;NA;NA;1;NA;NA;NA;NA;NA;NA;NA;NA;NA;NA;NA;NA;NA;NA;NA;NA;NA;NA;NA;NA
rbbhf - hf_min;1705;0;1;0;0;0;0;0;0;0;0;0;0;0;0;1;0;0;0;0;0;NA;NA;NA;0;0;0;0;0;0;1;NA;NA;NA;NA;NA;NA;NA;NA;NA;NA;0;0;NA;NA;NA;NA;NA;NA;0;0;1;NA;NA;NA;NA;NA;NA;NA;NA;NA;0;0;NA;0;NA;NA;0;NA;NA;0;NA;NA;NA;NA;NA;NA;1;0;NA;NA;NA;NA;NA;NA;NA;NA;NA;NA;1;1;NA;NA;NA;1;NA;NA;NA;NA;NA;NA;NA;NA;NA;NA;NA;NA;NA;NA;NA;NA;NA;NA;NA;NA
rbbhf - hf_min;1706;0;0;NA;0;0;0;0;0;0;0;0;0;0;0;0;NA;NA;NA;NA;NA;NA;NA;NA;NA;NA;NA;0;0;0;0;NA;1;NA;NA;NA;NA;NA;NA;NA;NA;NA;NA;NA;NA;NA;NA;NA;NA;NA;NA;NA;NA;NA;NA;NA;NA;NA;NA;NA;NA;0;0;NA;0;NA;NA;0;NA;NA;1;0;NA;NA;NA;NA;NA;1;0;NA;NA;NA;NA;NA;NA;NA;NA;NA;NA;1;1;NA;NA;NA;1;NA;NA;NA;NA;NA;NA;NA;NA;NA;NA;NA;NA;NA;NA;NA;NA;NA;NA;NA;NA
rbbhf - hf_min;1707;0;1;0;0;0;0;0;0;0;0;0;0;0;0;0;NA;NA;NA;NA;NA;NA;NA;NA;NA;NA;NA;0;0;0;0;NA;1;NA;NA;NA;NA;NA;NA;NA;NA;NA;NA;NA;NA;NA;NA;NA;NA;NA;NA;NA;NA;NA;NA;NA;NA;NA;NA;NA;NA;0;0;NA;0;NA;NA;0;NA;NA;1;0;NA;NA;NA;NA;NA;1;0;NA;NA;NA;NA;NA;NA;NA;NA;NA;NA;1;1;NA;NA;NA;1;NA;NA;NA;NA;NA;NA;NA;NA;NA;NA;NA;NA;NA;NA;NA;NA;NA;NA;NA;NA
rbbhf - hf_min;1708;0;0;NA;0;0;0;0;0;0;0;0;0;0;0;1;0;0;0;0;1;0;0;0;NA;NA;NA;0;0;0;0;NA;1;NA;NA;NA;NA;NA;NA;NA;NA;NA;NA;NA;NA;NA;NA;NA;NA;NA;NA;NA;NA;NA;NA;NA;NA;NA;NA;NA;NA;0;0;NA;0;NA;NA;0;NA;NA;1;0;NA;NA;NA;NA;NA;1;0;NA;NA;NA;NA;NA;NA;NA;NA;NA;NA;1;1;NA;NA;NA;1;NA;NA;NA;NA;NA;NA;NA;NA;NA;NA;NA;NA;NA;NA;NA;NA;NA;NA;NA;NA
rbbhf - hf_min;1709;0;1;0;0;0;0;0;0;0;0;0;0;0;0;1;0;0;0;0;1;0;0;0;NA;NA;NA;0;0;0;0;NA;1;NA;NA;NA;NA;NA;NA;NA;NA;NA;NA;NA;NA;NA;NA;NA;NA;NA;NA;NA;NA;NA;NA;NA;NA;NA;NA;NA;NA;0;0;NA;0;NA;NA;0;NA;NA;1;0;NA;NA;NA;NA;NA;1;0;NA;NA;NA;NA;NA;NA;NA;NA;NA;NA;1;1;NA;NA;NA;1;NA;NA;NA;NA;NA;NA;NA;NA;NA;NA;NA;NA;NA;NA;NA;NA;NA;NA;NA;NA
rbbhf - hf_min;1710;0;0;NA;0;0;0;0;0;0;0;0;0;0;0;1;0;0;0;0;0;NA;NA;NA;0;0;0;0;0;0;0;NA;1;NA;NA;NA;NA;NA;NA;NA;NA;NA;NA;NA;NA;NA;NA;NA;NA;NA;NA;NA;NA;NA;NA;NA;NA;NA;NA;NA;NA;0;0;NA;0;NA;NA;0;NA;NA;1;0;NA;NA;NA;NA;NA;1;0;NA;NA;NA;NA;NA;NA;NA;NA;NA;NA;1;1;NA;NA;NA;1;NA;NA;NA;NA;NA;NA;NA;NA;NA;NA;NA;NA;NA;NA;NA;NA;NA;NA;NA;NA
rbbhf - hf_min;1711;0;1;0;0;0;0;0;0;0;0;0;0;0;0;1;0;0;0;0;0;NA;NA;NA;0;0;0;0;0;0;0;NA;1;NA;NA;NA;NA;NA;NA;NA;NA;NA;NA;NA;NA;NA;NA;NA;NA;NA;NA;NA;NA;NA;NA;NA;NA;NA;NA;NA;NA;0;0;NA;0;NA;NA;0;NA;NA;1;0;NA;NA;NA;NA;NA;1;0;NA;NA;NA;NA;NA;NA;NA;NA;NA;NA;1;1;NA;NA;NA;1;NA;NA;NA;NA;NA;NA;NA;NA;NA;NA;NA;NA;NA;NA;NA;NA;NA;NA;NA;NA
rbbhf - hf_min;1712;0;0;NA;0;0;0;0;0;0;0;0;0;0;0;0;NA;NA;NA;NA;NA;NA;NA;NA;NA;NA;NA;0;0;0;0;1;NA;NA;1;NA;NA;NA;NA;NA;NA;NA;NA;NA;NA;NA;NA;NA;NA;NA;NA;NA;NA;NA;NA;NA;NA;NA;NA;NA;NA;0;0;NA;0;NA;NA;0;NA;NA;1;0;NA;NA;NA;NA;NA;1;0;NA;NA;NA;NA;NA;NA;NA;NA;NA;NA;1;1;NA;NA;NA;1;NA;NA;NA;NA;NA;NA;NA;NA;NA;NA;NA;NA;NA;NA;NA;NA;NA;NA;NA;NA
rbbhf - hf_min;1713;0;1;0;0;0;0;0;0;0;0;0;0;0;0;0;NA;NA;NA;NA;NA;NA;NA;NA;NA;NA;NA;0;0;0;0;1;NA;NA;1;NA;NA;NA;NA;NA;NA;NA;NA;NA;NA;NA;NA;NA;NA;NA;NA;NA;NA;NA;NA;NA;NA;NA;NA;NA;NA;0;0;NA;0;NA;NA;0;NA;NA;1;0;NA;NA;NA;NA;NA;1;0;NA;NA;NA;NA;NA;NA;NA;NA;NA;NA;1;1;NA;NA;NA;1;NA;NA;NA;NA;NA;NA;NA;NA;NA;NA;NA;NA;NA;NA;NA;NA;NA;NA;NA;NA
rbbhf - hf_min;1714;0;0;NA;0;0;0;0;0;0;0;0;0;0;0;1;0;0;0;0;1;0;0;0;NA;NA;NA;0;0;0;0;1;NA;NA;1;NA;NA;NA;NA;NA;NA;NA;NA;NA;NA;NA;NA;NA;NA;NA;NA;NA;NA;NA;NA;NA;NA;NA;NA;NA;NA;0;0;NA;0;NA;NA;0;NA;NA;1;0;NA;NA;NA;NA;NA;1;0;NA;NA;NA;NA;NA;NA;NA;NA;NA;NA;1;1;NA;NA;NA;1;NA;NA;NA;NA;NA;NA;NA;NA;NA;NA;NA;NA;NA;NA;NA;NA;NA;NA;NA;NA
rbbhf - hf_min;1715;0;1;0;0;0;0;0;0;0;0;0;0;0;0;1;0;0;0;0;1;0;0;0;NA;NA;NA;0;0;0;0;1;NA;NA;1;NA;NA;NA;NA;NA;NA;NA;NA;NA;NA;NA;NA;NA;NA;NA;NA;NA;NA;NA;NA;NA;NA;NA;NA;NA;NA;0;0;NA;0;NA;NA;0;NA;NA;1;0;NA;NA;NA;NA;NA;1;0;NA;NA;NA;NA;NA;NA;NA;NA;NA;NA;1;1;NA;NA;NA;1;NA;NA;NA;NA;NA;NA;NA;NA;NA;NA;NA;NA;NA;NA;NA;NA;NA;NA;NA;NA
rbbhf - hf_min;1716;0;0;NA;0;0;0;0;0;0;0;0;0;0;0;1;0;0;0;0;0;NA;NA;NA;0;0;0;0;0;0;0;1;NA;NA;1;NA;NA;NA;NA;NA;NA;NA;NA;NA;NA;NA;NA;NA;NA;NA;NA;NA;NA;NA;NA;NA;NA;NA;NA;NA;NA;0;0;NA;0;NA;NA;0;NA;NA;1;0;NA;NA;NA;NA;NA;1;0;NA;NA;NA;NA;NA;NA;NA;NA;NA;NA;1;1;NA;NA;NA;1;NA;NA;NA;NA;NA;NA;NA;NA;NA;NA;NA;NA;NA;NA;NA;NA;NA;NA;NA;NA
rbbhf - hf_min;1717;0;1;0;0;0;0;0;0;0;0;0;0;0;0;1;0;0;0;0;0;NA;NA;NA;0;0;0;0;0;0;0;1;NA;NA;1;NA;NA;NA;NA;NA;NA;NA;NA;NA;NA;NA;NA;NA;NA;NA;NA;NA;NA;NA;NA;NA;NA;NA;NA;NA;NA;0;0;NA;0;NA;NA;0;NA;NA;1;0;NA;NA;NA;NA;NA;1;0;NA;NA;NA;NA;NA;NA;NA;NA;NA;NA;1;1;NA;NA;NA;1;NA;NA;NA;NA;NA;NA;NA;NA;NA;NA;NA;NA;NA;NA;NA;NA;NA;NA;NA;NA
rbbhf - hf_min;1718;0;0;NA;0;0;0;0;0;0;0;0;0;0;0;0;NA;NA;NA;NA;NA;NA;NA;NA;NA;NA;NA;0;0;0;1;NA;NA;NA;1;NA;NA;NA;NA;NA;NA;0;0;NA;NA;NA;NA;NA;NA;0;1;NA;NA;NA;NA;NA;NA;NA;NA;NA;NA;0;0;NA;0;NA;NA;0;NA;NA;1;0;NA;NA;NA;NA;NA;1;0;NA;NA;NA;NA;NA;NA;NA;NA;NA;NA;1;1;NA;NA;NA;1;NA;NA;NA;NA;NA;NA;NA;NA;NA;NA;NA;NA;NA;NA;NA;NA;NA;NA;NA;NA
rbbhf - hf_min;1719;0;1;0;0;0;0;0;0;0;0;0;0;0;0;0;NA;NA;NA;NA;NA;NA;NA;NA;NA;NA;NA;0;0;0;1;NA;NA;NA;1;NA;NA;NA;NA;NA;NA;0;0;NA;NA;NA;NA;NA;NA;0;1;NA;NA;NA;NA;NA;NA;NA;NA;NA;NA;0;0;NA;0;NA;NA;0;NA;NA;1;0;NA;NA;NA;NA;NA;1;0;NA;NA;NA;NA;NA;NA;NA;NA;NA;NA;1;1;NA;NA;NA;1;NA;NA;NA;NA;NA;NA;NA;NA;NA;NA;NA;NA;NA;NA;NA;NA;NA;NA;NA;NA
rbbhf - hf_min;1720;0;0;NA;0;0;0;0;0;0;0;0;0;0;0;1;0;0;0;0;1;0;0;0;NA;NA;NA;0;0;0;1;NA;NA;NA;1;NA;NA;NA;NA;NA;NA;0;0;NA;NA;NA;NA;NA;NA;0;1;NA;NA;NA;NA;NA;NA;NA;NA;NA;NA;0;0;NA;0;NA;NA;0;NA;NA;1;0;NA;NA;NA;NA;NA;1;0;NA;NA;NA;NA;NA;NA;NA;NA;NA;NA;1;1;NA;NA;NA;1;NA;NA;NA;NA;NA;NA;NA;NA;NA;NA;NA;NA;NA;NA;NA;NA;NA;NA;NA;NA
rbbhf - hf_min;1721;0;1;0;0;0;0;0;0;0;0;0;0;0;0;1;0;0;0;0;1;0;0;0;NA;NA;NA;0;0;0;1;NA;NA;NA;1;NA;NA;NA;NA;NA;NA;0;0;NA;NA;NA;NA;NA;NA;0;1;NA;NA;NA;NA;NA;NA;NA;NA;NA;NA;0;0;NA;0;NA;NA;0;NA;NA;1;0;NA;NA;NA;NA;NA;1;0;NA;NA;NA;NA;NA;NA;NA;NA;NA;NA;1;1;NA;NA;NA;1;NA;NA;NA;NA;NA;NA;NA;NA;NA;NA;NA;NA;NA;NA;NA;NA;NA;NA;NA;NA
rbbhf - hf_min;1722;0;0;NA;0;0;0;0;0;0;0;0;0;0;0;1;0;0;0;0;0;NA;NA;NA;0;0;0;0;0;0;1;NA;NA;NA;1;NA;NA;NA;NA;NA;NA;0;0;NA;NA;NA;NA;NA;NA;0;1;NA;NA;NA;NA;NA;NA;NA;NA;NA;NA;0;0;NA;0;NA;NA;0;NA;NA;1;0;NA;NA;NA;NA;NA;1;0;NA;NA;NA;NA;NA;NA;NA;NA;NA;NA;1;1;NA;NA;NA;1;NA;NA;NA;NA;NA;NA;NA;NA;NA;NA;NA;NA;NA;NA;NA;NA;NA;NA;NA;NA
rbbhf - hf_min;1723;0;1;0;0;0;0;0;0;0;0;0;0;0;0;1;0;0;0;0;0;NA;NA;NA;0;0;0;0;0;0;1;NA;NA;NA;1;NA;NA;NA;NA;NA;NA;0;0;NA;NA;NA;NA;NA;NA;0;1;NA;NA;NA;NA;NA;NA;NA;NA;NA;NA;0;0;NA;0;NA;NA;0;NA;NA;1;0;NA;NA;NA;NA;NA;1;0;NA;NA;NA;NA;NA;NA;NA;NA;NA;NA;1;1;NA;NA;NA;1;NA;NA;NA;NA;NA;NA;NA;NA;NA;NA;NA;NA;NA;NA;NA;NA;NA;NA;NA;NA
rbbhf - hf_min;1724;0;0;NA;0;0;0;0;0;0;0;0;0;0;0;0;NA;NA;NA;NA;NA;NA;NA;NA;NA;NA;NA;0;0;0;1;NA;NA;NA;NA;NA;NA;NA;NA;NA;NA;0;0;NA;NA;NA;NA;NA;NA;0;0;1;NA;NA;NA;NA;NA;NA;NA;NA;NA;0;0;NA;0;NA;NA;0;NA;NA;1;0;NA;NA;NA;NA;NA;1;0;NA;NA;NA;NA;NA;NA;NA;NA;NA;NA;1;1;NA;NA;NA;1;NA;NA;NA;NA;NA;NA;NA;NA;NA;NA;NA;NA;NA;NA;NA;NA;NA;NA;NA;NA
rbbhf - hf_min;1725;0;1;0;0;0;0;0;0;0;0;0;0;0;0;0;NA;NA;NA;NA;NA;NA;NA;NA;NA;NA;NA;0;0;0;1;NA;NA;NA;NA;NA;NA;NA;NA;NA;NA;0;0;NA;NA;NA;NA;NA;NA;0;0;1;NA;NA;NA;NA;NA;NA;NA;NA;NA;0;0;NA;0;NA;NA;0;NA;NA;1;0;NA;NA;NA;NA;NA;1;0;NA;NA;NA;NA;NA;NA;NA;NA;NA;NA;1;1;NA;NA;NA;1;NA;NA;NA;NA;NA;NA;NA;NA;NA;NA;NA;NA;NA;NA;NA;NA;NA;NA;NA;NA
rbbhf - hf_min;1726;0;0;NA;0;0;0;0;0;0;0;0;0;0;0;1;0;0;0;0;1;0;0;0;NA;NA;NA;0;0;0;1;NA;NA;NA;NA;NA;NA;NA;NA;NA;NA;0;0;NA;NA;NA;NA;NA;NA;0;0;1;NA;NA;NA;NA;NA;NA;NA;NA;NA;0;0;NA;0;NA;NA;0;NA;NA;1;0;NA;NA;NA;NA;NA;1;0;NA;NA;NA;NA;NA;NA;NA;NA;NA;NA;1;1;NA;NA;NA;1;NA;NA;NA;NA;NA;NA;NA;NA;NA;NA;NA;NA;NA;NA;NA;NA;NA;NA;NA;NA
rbbhf - hf_min;1727;0;1;0;0;0;0;0;0;0;0;0;0;0;0;1;0;0;0;0;1;0;0;0;NA;NA;NA;0;0;0;1;NA;NA;NA;NA;NA;NA;NA;NA;NA;NA;0;0;NA;NA;NA;NA;NA;NA;0;0;1;NA;NA;NA;NA;NA;NA;NA;NA;NA;0;0;NA;0;NA;NA;0;NA;NA;1;0;NA;NA;NA;NA;NA;1;0;NA;NA;NA;NA;NA;NA;NA;NA;NA;NA;1;1;NA;NA;NA;1;NA;NA;NA;NA;NA;NA;NA;NA;NA;NA;NA;NA;NA;NA;NA;NA;NA;NA;NA;NA
rbbhf - hf_min;1728;0;0;NA;0;0;0;0;0;0;0;0;0;0;0;1;0;0;0;0;0;NA;NA;NA;0;0;0;0;0;0;1;NA;NA;NA;NA;NA;NA;NA;NA;NA;NA;0;0;NA;NA;NA;NA;NA;NA;0;0;1;NA;NA;NA;NA;NA;NA;NA;NA;NA;0;0;NA;0;NA;NA;0;NA;NA;1;0;NA;NA;NA;NA;NA;1;0;NA;NA;NA;NA;NA;NA;NA;NA;NA;NA;1;1;NA;NA;NA;1;NA;NA;NA;NA;NA;NA;NA;NA;NA;NA;NA;NA;NA;NA;NA;NA;NA;NA;NA;NA
rbbhf - hf_min;1729;0;1;0;0;0;0;0;0;0;0;0;0;0;0;1;0;0;0;0;0;NA;NA;NA;0;0;0;0;0;0;1;NA;NA;NA;NA;NA;NA;NA;NA;NA;NA;0;0;NA;NA;NA;NA;NA;NA;0;0;1;NA;NA;NA;NA;NA;NA;NA;NA;NA;0;0;NA;0;NA;NA;0;NA;NA;1;0;NA;NA;NA;NA;NA;1;0;NA;NA;NA;NA;NA;NA;NA;NA;NA;NA;1;1;NA;NA;NA;1;NA;NA;NA;NA;NA;NA;NA;NA;NA;NA;NA;NA;NA;NA;NA;NA;NA;NA;NA;NA
rbbhf - hf_min;1730;0;0;NA;0;0;0;0;0;0;0;0;0;0;0;0;NA;NA;NA;NA;NA;NA;NA;NA;NA;NA;NA;0;0;0;0;NA;1;NA;NA;NA;NA;NA;NA;NA;NA;NA;NA;NA;NA;NA;NA;NA;NA;NA;NA;NA;NA;NA;NA;NA;NA;NA;NA;NA;NA;0;0;NA;0;NA;NA;0;NA;NA;0;NA;NA;NA;NA;NA;NA;0;NA;NA;NA;NA;NA;NA;NA;NA;NA;NA;NA;0;NA;0;NA;NA;1;NA;NA;NA;NA;NA;NA;NA;NA;NA;NA;NA;NA;NA;NA;NA;NA;NA;NA;NA;NA
rbbhf - hf_min;1731;0;1;0;0;0;0;0;0;0;0;0;0;0;0;0;NA;NA;NA;NA;NA;NA;NA;NA;NA;NA;NA;0;0;0;0;NA;1;NA;NA;NA;NA;NA;NA;NA;NA;NA;NA;NA;NA;NA;NA;NA;NA;NA;NA;NA;NA;NA;NA;NA;NA;NA;NA;NA;NA;0;0;NA;0;NA;NA;0;NA;NA;0;NA;NA;NA;NA;NA;NA;0;NA;NA;NA;NA;NA;NA;NA;NA;NA;NA;NA;0;NA;0;NA;NA;1;NA;NA;NA;NA;NA;NA;NA;NA;NA;NA;NA;NA;NA;NA;NA;NA;NA;NA;NA;NA
rbbhf - hf_min;1732;0;0;NA;0;0;0;0;0;0;0;0;0;0;0;1;0;0;0;0;1;0;0;0;NA;NA;NA;0;0;0;0;NA;1;NA;NA;NA;NA;NA;NA;NA;NA;NA;NA;NA;NA;NA;NA;NA;NA;NA;NA;NA;NA;NA;NA;NA;NA;NA;NA;NA;NA;0;0;NA;0;NA;NA;0;NA;NA;0;NA;NA;NA;NA;NA;NA;0;NA;NA;NA;NA;NA;NA;NA;NA;NA;NA;NA;0;NA;0;NA;NA;1;NA;NA;NA;NA;NA;NA;NA;NA;NA;NA;NA;NA;NA;NA;NA;NA;NA;NA;NA;NA
rbbhf - hf_min;1733;0;1;0;0;0;0;0;0;0;0;0;0;0;0;1;0;0;0;0;1;0;0;0;NA;NA;NA;0;0;0;0;NA;1;NA;NA;NA;NA;NA;NA;NA;NA;NA;NA;NA;NA;NA;NA;NA;NA;NA;NA;NA;NA;NA;NA;NA;NA;NA;NA;NA;NA;0;0;NA;0;NA;NA;0;NA;NA;0;NA;NA;NA;NA;NA;NA;0;NA;NA;NA;NA;NA;NA;NA;NA;NA;NA;NA;0;NA;0;NA;NA;1;NA;NA;NA;NA;NA;NA;NA;NA;NA;NA;NA;NA;NA;NA;NA;NA;NA;NA;NA;NA
rbbhf - hf_min;1734;0;0;NA;0;0;0;0;0;0;0;0;0;0;0;1;0;0;0;0;0;NA;NA;NA;0;0;0;0;0;0;0;NA;1;NA;NA;NA;NA;NA;NA;NA;NA;NA;NA;NA;NA;NA;NA;NA;NA;NA;NA;NA;NA;NA;NA;NA;NA;NA;NA;NA;NA;0;0;NA;0;NA;NA;0;NA;NA;0;NA;NA;NA;NA;NA;NA;0;NA;NA;NA;NA;NA;NA;NA;NA;NA;NA;NA;0;NA;0;NA;NA;1;NA;NA;NA;NA;NA;NA;NA;NA;NA;NA;NA;NA;NA;NA;NA;NA;NA;NA;NA;NA
rbbhf - hf_min;1735;0;1;0;0;0;0;0;0;0;0;0;0;0;0;1;0;0;0;0;0;NA;NA;NA;0;0;0;0;0;0;0;NA;1;NA;NA;NA;NA;NA;NA;NA;NA;NA;NA;NA;NA;NA;NA;NA;NA;NA;NA;NA;NA;NA;NA;NA;NA;NA;NA;NA;NA;0;0;NA;0;NA;NA;0;NA;NA;0;NA;NA;NA;NA;NA;NA;0;NA;NA;NA;NA;NA;NA;NA;NA;NA;NA;NA;0;NA;0;NA;NA;1;NA;NA;NA;NA;NA;NA;NA;NA;NA;NA;NA;NA;NA;NA;NA;NA;NA;NA;NA;NA
rbbhf - hf_min;1736;0;0;NA;0;0;0;0;0;0;0;0;0;0;0;0;NA;NA;NA;NA;NA;NA;NA;NA;NA;NA;NA;0;0;0;0;1;NA;NA;1;NA;NA;NA;NA;NA;NA;NA;NA;NA;NA;NA;NA;NA;NA;NA;NA;NA;NA;NA;NA;NA;NA;NA;NA;NA;NA;0;0;NA;0;NA;NA;0;NA;NA;0;NA;NA;NA;NA;NA;NA;0;NA;NA;NA;NA;NA;NA;NA;NA;NA;NA;NA;0;NA;0;NA;NA;1;NA;NA;NA;NA;NA;NA;NA;NA;NA;NA;NA;NA;NA;NA;NA;NA;NA;NA;NA;NA
rbbhf - hf_min;1737;0;1;0;0;0;0;0;0;0;0;0;0;0;0;0;NA;NA;NA;NA;NA;NA;NA;NA;NA;NA;NA;0;0;0;0;1;NA;NA;1;NA;NA;NA;NA;NA;NA;NA;NA;NA;NA;NA;NA;NA;NA;NA;NA;NA;NA;NA;NA;NA;NA;NA;NA;NA;NA;0;0;NA;0;NA;NA;0;NA;NA;0;NA;NA;NA;NA;NA;NA;0;NA;NA;NA;NA;NA;NA;NA;NA;NA;NA;NA;0;NA;0;NA;NA;1;NA;NA;NA;NA;NA;NA;NA;NA;NA;NA;NA;NA;NA;NA;NA;NA;NA;NA;NA;NA
rbbhf - hf_min;1738;0;0;NA;0;0;0;0;0;0;0;0;0;0;0;1;0;0;0;0;1;0;0;0;NA;NA;NA;0;0;0;0;1;NA;NA;1;NA;NA;NA;NA;NA;NA;NA;NA;NA;NA;NA;NA;NA;NA;NA;NA;NA;NA;NA;NA;NA;NA;NA;NA;NA;NA;0;0;NA;0;NA;NA;0;NA;NA;0;NA;NA;NA;NA;NA;NA;0;NA;NA;NA;NA;NA;NA;NA;NA;NA;NA;NA;0;NA;0;NA;NA;1;NA;NA;NA;NA;NA;NA;NA;NA;NA;NA;NA;NA;NA;NA;NA;NA;NA;NA;NA;NA
rbbhf - hf_min;1739;0;1;0;0;0;0;0;0;0;0;0;0;0;0;1;0;0;0;0;1;0;0;0;NA;NA;NA;0;0;0;0;1;NA;NA;1;NA;NA;NA;NA;NA;NA;NA;NA;NA;NA;NA;NA;NA;NA;NA;NA;NA;NA;NA;NA;NA;NA;NA;NA;NA;NA;0;0;NA;0;NA;NA;0;NA;NA;0;NA;NA;NA;NA;NA;NA;0;NA;NA;NA;NA;NA;NA;NA;NA;NA;NA;NA;0;NA;0;NA;NA;1;NA;NA;NA;NA;NA;NA;NA;NA;NA;NA;NA;NA;NA;NA;NA;NA;NA;NA;NA;NA
rbbhf - hf_min;1740;0;0;NA;0;0;0;0;0;0;0;0;0;0;0;1;0;0;0;0;0;NA;NA;NA;0;0;0;0;0;0;0;1;NA;NA;1;NA;NA;NA;NA;NA;NA;NA;NA;NA;NA;NA;NA;NA;NA;NA;NA;NA;NA;NA;NA;NA;NA;NA;NA;NA;NA;0;0;NA;0;NA;NA;0;NA;NA;0;NA;NA;NA;NA;NA;NA;0;NA;NA;NA;NA;NA;NA;NA;NA;NA;NA;NA;0;NA;0;NA;NA;1;NA;NA;NA;NA;NA;NA;NA;NA;NA;NA;NA;NA;NA;NA;NA;NA;NA;NA;NA;NA
rbbhf - hf_min;1741;0;1;0;0;0;0;0;0;0;0;0;0;0;0;1;0;0;0;0;0;NA;NA;NA;0;0;0;0;0;0;0;1;NA;NA;1;NA;NA;NA;NA;NA;NA;NA;NA;NA;NA;NA;NA;NA;NA;NA;NA;NA;NA;NA;NA;NA;NA;NA;NA;NA;NA;0;0;NA;0;NA;NA;0;NA;NA;0;NA;NA;NA;NA;NA;NA;0;NA;NA;NA;NA;NA;NA;NA;NA;NA;NA;NA;0;NA;0;NA;NA;1;NA;NA;NA;NA;NA;NA;NA;NA;NA;NA;NA;NA;NA;NA;NA;NA;NA;NA;NA;NA
rbbhf - hf_min;1742;0;0;NA;0;0;0;0;0;0;0;0;0;0;0;0;NA;NA;NA;NA;NA;NA;NA;NA;NA;NA;NA;0;0;0;1;NA;NA;NA;1;NA;NA;NA;NA;NA;NA;0;0;NA;NA;NA;NA;NA;NA;0;1;NA;NA;NA;NA;NA;NA;NA;NA;NA;NA;0;0;NA;0;NA;NA;0;NA;NA;0;NA;NA;NA;NA;NA;NA;0;NA;NA;NA;NA;NA;NA;NA;NA;NA;NA;NA;0;NA;0;NA;NA;1;NA;NA;NA;NA;NA;NA;NA;NA;NA;NA;NA;NA;NA;NA;NA;NA;NA;NA;NA;NA
rbbhf - hf_min;1743;0;1;0;0;0;0;0;0;0;0;0;0;0;0;0;NA;NA;NA;NA;NA;NA;NA;NA;NA;NA;NA;0;0;0;1;NA;NA;NA;1;NA;NA;NA;NA;NA;NA;0;0;NA;NA;NA;NA;NA;NA;0;1;NA;NA;NA;NA;NA;NA;NA;NA;NA;NA;0;0;NA;0;NA;NA;0;NA;NA;0;NA;NA;NA;NA;NA;NA;0;NA;NA;NA;NA;NA;NA;NA;NA;NA;NA;NA;0;NA;0;NA;NA;1;NA;NA;NA;NA;NA;NA;NA;NA;NA;NA;NA;NA;NA;NA;NA;NA;NA;NA;NA;NA
rbbhf - hf_min;1744;0;0;NA;0;0;0;0;0;0;0;0;0;0;0;1;0;0;0;0;1;0;0;0;NA;NA;NA;0;0;0;1;NA;NA;NA;1;NA;NA;NA;NA;NA;NA;0;0;NA;NA;NA;NA;NA;NA;0;1;NA;NA;NA;NA;NA;NA;NA;NA;NA;NA;0;0;NA;0;NA;NA;0;NA;NA;0;NA;NA;NA;NA;NA;NA;0;NA;NA;NA;NA;NA;NA;NA;NA;NA;NA;NA;0;NA;0;NA;NA;1;NA;NA;NA;NA;NA;NA;NA;NA;NA;NA;NA;NA;NA;NA;NA;NA;NA;NA;NA;NA
rbbhf - hf_min;1745;0;1;0;0;0;0;0;0;0;0;0;0;0;0;1;0;0;0;0;1;0;0;0;NA;NA;NA;0;0;0;1;NA;NA;NA;1;NA;NA;NA;NA;NA;NA;0;0;NA;NA;NA;NA;NA;NA;0;1;NA;NA;NA;NA;NA;NA;NA;NA;NA;NA;0;0;NA;0;NA;NA;0;NA;NA;0;NA;NA;NA;NA;NA;NA;0;NA;NA;NA;NA;NA;NA;NA;NA;NA;NA;NA;0;NA;0;NA;NA;1;NA;NA;NA;NA;NA;NA;NA;NA;NA;NA;NA;NA;NA;NA;NA;NA;NA;NA;NA;NA
rbbhf - hf_min;1746;0;0;NA;0;0;0;0;0;0;0;0;0;0;0;1;0;0;0;0;0;NA;NA;NA;0;0;0;0;0;0;1;NA;NA;NA;1;NA;NA;NA;NA;NA;NA;0;0;NA;NA;NA;NA;NA;NA;0;1;NA;NA;NA;NA;NA;NA;NA;NA;NA;NA;0;0;NA;0;NA;NA;0;NA;NA;0;NA;NA;NA;NA;NA;NA;0;NA;NA;NA;NA;NA;NA;NA;NA;NA;NA;NA;0;NA;0;NA;NA;1;NA;NA;NA;NA;NA;NA;NA;NA;NA;NA;NA;NA;NA;NA;NA;NA;NA;NA;NA;NA
rbbhf - hf_min;1747;0;1;0;0;0;0;0;0;0;0;0;0;0;0;1;0;0;0;0;0;NA;NA;NA;0;0;0;0;0;0;1;NA;NA;NA;1;NA;NA;NA;NA;NA;NA;0;0;NA;NA;NA;NA;NA;NA;0;1;NA;NA;NA;NA;NA;NA;NA;NA;NA;NA;0;0;NA;0;NA;NA;0;NA;NA;0;NA;NA;NA;NA;NA;NA;0;NA;NA;NA;NA;NA;NA;NA;NA;NA;NA;NA;0;NA;0;NA;NA;1;NA;NA;NA;NA;NA;NA;NA;NA;NA;NA;NA;NA;NA;NA;NA;NA;NA;NA;NA;NA
rbbhf - hf_min;1748;0;0;NA;0;0;0;0;0;0;0;0;0;0;0;0;NA;NA;NA;NA;NA;NA;NA;NA;NA;NA;NA;0;0;0;1;NA;NA;NA;NA;NA;NA;NA;NA;NA;NA;0;0;NA;NA;NA;NA;NA;NA;0;0;1;NA;NA;NA;NA;NA;NA;NA;NA;NA;0;0;NA;0;NA;NA;0;NA;NA;0;NA;NA;NA;NA;NA;NA;0;NA;NA;NA;NA;NA;NA;NA;NA;NA;NA;NA;0;NA;0;NA;NA;1;NA;NA;NA;NA;NA;NA;NA;NA;NA;NA;NA;NA;NA;NA;NA;NA;NA;NA;NA;NA
rbbhf - hf_min;1749;0;1;0;0;0;0;0;0;0;0;0;0;0;0;0;NA;NA;NA;NA;NA;NA;NA;NA;NA;NA;NA;0;0;0;1;NA;NA;NA;NA;NA;NA;NA;NA;NA;NA;0;0;NA;NA;NA;NA;NA;NA;0;0;1;NA;NA;NA;NA;NA;NA;NA;NA;NA;0;0;NA;0;NA;NA;0;NA;NA;0;NA;NA;NA;NA;NA;NA;0;NA;NA;NA;NA;NA;NA;NA;NA;NA;NA;NA;0;NA;0;NA;NA;1;NA;NA;NA;NA;NA;NA;NA;NA;NA;NA;NA;NA;NA;NA;NA;NA;NA;NA;NA;NA
rbbhf - hf_min;1750;0;0;NA;0;0;0;0;0;0;0;0;0;0;0;1;0;0;0;0;1;0;0;0;NA;NA;NA;0;0;0;1;NA;NA;NA;NA;NA;NA;NA;NA;NA;NA;0;0;NA;NA;NA;NA;NA;NA;0;0;1;NA;NA;NA;NA;NA;NA;NA;NA;NA;0;0;NA;0;NA;NA;0;NA;NA;0;NA;NA;NA;NA;NA;NA;0;NA;NA;NA;NA;NA;NA;NA;NA;NA;NA;NA;0;NA;0;NA;NA;1;NA;NA;NA;NA;NA;NA;NA;NA;NA;NA;NA;NA;NA;NA;NA;NA;NA;NA;NA;NA
rbbhf - hf_min;1751;0;1;0;0;0;0;0;0;0;0;0;0;0;0;1;0;0;0;0;1;0;0;0;NA;NA;NA;0;0;0;1;NA;NA;NA;NA;NA;NA;NA;NA;NA;NA;0;0;NA;NA;NA;NA;NA;NA;0;0;1;NA;NA;NA;NA;NA;NA;NA;NA;NA;0;0;NA;0;NA;NA;0;NA;NA;0;NA;NA;NA;NA;NA;NA;0;NA;NA;NA;NA;NA;NA;NA;NA;NA;NA;NA;0;NA;0;NA;NA;1;NA;NA;NA;NA;NA;NA;NA;NA;NA;NA;NA;NA;NA;NA;NA;NA;NA;NA;NA;NA
rbbhf - hf_min;1752;0;0;NA;0;0;0;0;0;0;0;0;0;0;0;1;0;0;0;0;0;NA;NA;NA;0;0;0;0;0;0;1;NA;NA;NA;NA;NA;NA;NA;NA;NA;NA;0;0;NA;NA;NA;NA;NA;NA;0;0;1;NA;NA;NA;NA;NA;NA;NA;NA;NA;0;0;NA;0;NA;NA;0;NA;NA;0;NA;NA;NA;NA;NA;NA;0;NA;NA;NA;NA;NA;NA;NA;NA;NA;NA;NA;0;NA;0;NA;NA;1;NA;NA;NA;NA;NA;NA;NA;NA;NA;NA;NA;NA;NA;NA;NA;NA;NA;NA;NA;NA
rbbhf - hf_min;1753;0;1;0;0;0;0;0;0;0;0;0;0;0;0;1;0;0;0;0;0;NA;NA;NA;0;0;0;0;0;0;1;NA;NA;NA;NA;NA;NA;NA;NA;NA;NA;0;0;NA;NA;NA;NA;NA;NA;0;0;1;NA;NA;NA;NA;NA;NA;NA;NA;NA;0;0;NA;0;NA;NA;0;NA;NA;0;NA;NA;NA;NA;NA;NA;0;NA;NA;NA;NA;NA;NA;NA;NA;NA;NA;NA;0;NA;0;NA;NA;1;NA;NA;NA;NA;NA;NA;NA;NA;NA;NA;NA;NA;NA;NA;NA;NA;NA;NA;NA;NA
rbbhf - hf_min;1754;0;0;NA;0;0;0;0;0;0;0;0;0;0;0;0;NA;NA;NA;NA;NA;NA;NA;NA;NA;NA;NA;0;0;0;0;NA;1;NA;NA;NA;NA;NA;NA;NA;NA;NA;NA;NA;NA;NA;NA;NA;NA;NA;NA;NA;NA;NA;NA;NA;NA;NA;NA;NA;NA;0;0;NA;0;NA;NA;0;NA;NA;1;0;NA;NA;NA;NA;NA;0;NA;NA;NA;NA;NA;NA;NA;NA;NA;NA;NA;0;NA;0;NA;NA;1;NA;NA;NA;NA;NA;NA;NA;NA;NA;NA;NA;NA;NA;NA;NA;NA;NA;NA;NA;NA
rbbhf - hf_min;1755;0;1;0;0;0;0;0;0;0;0;0;0;0;0;0;NA;NA;NA;NA;NA;NA;NA;NA;NA;NA;NA;0;0;0;0;NA;1;NA;NA;NA;NA;NA;NA;NA;NA;NA;NA;NA;NA;NA;NA;NA;NA;NA;NA;NA;NA;NA;NA;NA;NA;NA;NA;NA;NA;0;0;NA;0;NA;NA;0;NA;NA;1;0;NA;NA;NA;NA;NA;0;NA;NA;NA;NA;NA;NA;NA;NA;NA;NA;NA;0;NA;0;NA;NA;1;NA;NA;NA;NA;NA;NA;NA;NA;NA;NA;NA;NA;NA;NA;NA;NA;NA;NA;NA;NA
rbbhf - hf_min;1756;0;0;NA;0;0;0;0;0;0;0;0;0;0;0;1;0;0;0;0;1;0;0;0;NA;NA;NA;0;0;0;0;NA;1;NA;NA;NA;NA;NA;NA;NA;NA;NA;NA;NA;NA;NA;NA;NA;NA;NA;NA;NA;NA;NA;NA;NA;NA;NA;NA;NA;NA;0;0;NA;0;NA;NA;0;NA;NA;1;0;NA;NA;NA;NA;NA;0;NA;NA;NA;NA;NA;NA;NA;NA;NA;NA;NA;0;NA;0;NA;NA;1;NA;NA;NA;NA;NA;NA;NA;NA;NA;NA;NA;NA;NA;NA;NA;NA;NA;NA;NA;NA
rbbhf - hf_min;1757;0;1;0;0;0;0;0;0;0;0;0;0;0;0;1;0;0;0;0;1;0;0;0;NA;NA;NA;0;0;0;0;NA;1;NA;NA;NA;NA;NA;NA;NA;NA;NA;NA;NA;NA;NA;NA;NA;NA;NA;NA;NA;NA;NA;NA;NA;NA;NA;NA;NA;NA;0;0;NA;0;NA;NA;0;NA;NA;1;0;NA;NA;NA;NA;NA;0;NA;NA;NA;NA;NA;NA;NA;NA;NA;NA;NA;0;NA;0;NA;NA;1;NA;NA;NA;NA;NA;NA;NA;NA;NA;NA;NA;NA;NA;NA;NA;NA;NA;NA;NA;NA
rbbhf - hf_min;1758;0;0;NA;0;0;0;0;0;0;0;0;0;0;0;1;0;0;0;0;0;NA;NA;NA;0;0;0;0;0;0;0;NA;1;NA;NA;NA;NA;NA;NA;NA;NA;NA;NA;NA;NA;NA;NA;NA;NA;NA;NA;NA;NA;NA;NA;NA;NA;NA;NA;NA;NA;0;0;NA;0;NA;NA;0;NA;NA;1;0;NA;NA;NA;NA;NA;0;NA;NA;NA;NA;NA;NA;NA;NA;NA;NA;NA;0;NA;0;NA;NA;1;NA;NA;NA;NA;NA;NA;NA;NA;NA;NA;NA;NA;NA;NA;NA;NA;NA;NA;NA;NA
rbbhf - hf_min;1759;0;1;0;0;0;0;0;0;0;0;0;0;0;0;1;0;0;0;0;0;NA;NA;NA;0;0;0;0;0;0;0;NA;1;NA;NA;NA;NA;NA;NA;NA;NA;NA;NA;NA;NA;NA;NA;NA;NA;NA;NA;NA;NA;NA;NA;NA;NA;NA;NA;NA;NA;0;0;NA;0;NA;NA;0;NA;NA;1;0;NA;NA;NA;NA;NA;0;NA;NA;NA;NA;NA;NA;NA;NA;NA;NA;NA;0;NA;0;NA;NA;1;NA;NA;NA;NA;NA;NA;NA;NA;NA;NA;NA;NA;NA;NA;NA;NA;NA;NA;NA;NA
rbbhf - hf_min;1760;0;0;NA;0;0;0;0;0;0;0;0;0;0;0;0;NA;NA;NA;NA;NA;NA;NA;NA;NA;NA;NA;0;0;0;0;1;NA;NA;1;NA;NA;NA;NA;NA;NA;NA;NA;NA;NA;NA;NA;NA;NA;NA;NA;NA;NA;NA;NA;NA;NA;NA;NA;NA;NA;0;0;NA;0;NA;NA;0;NA;NA;1;0;NA;NA;NA;NA;NA;0;NA;NA;NA;NA;NA;NA;NA;NA;NA;NA;NA;0;NA;0;NA;NA;1;NA;NA;NA;NA;NA;NA;NA;NA;NA;NA;NA;NA;NA;NA;NA;NA;NA;NA;NA;NA
rbbhf - hf_min;1761;0;1;0;0;0;0;0;0;0;0;0;0;0;0;0;NA;NA;NA;NA;NA;NA;NA;NA;NA;NA;NA;0;0;0;0;1;NA;NA;1;NA;NA;NA;NA;NA;NA;NA;NA;NA;NA;NA;NA;NA;NA;NA;NA;NA;NA;NA;NA;NA;NA;NA;NA;NA;NA;0;0;NA;0;NA;NA;0;NA;NA;1;0;NA;NA;NA;NA;NA;0;NA;NA;NA;NA;NA;NA;NA;NA;NA;NA;NA;0;NA;0;NA;NA;1;NA;NA;NA;NA;NA;NA;NA;NA;NA;NA;NA;NA;NA;NA;NA;NA;NA;NA;NA;NA
rbbhf - hf_min;1762;0;0;NA;0;0;0;0;0;0;0;0;0;0;0;1;0;0;0;0;1;0;0;0;NA;NA;NA;0;0;0;0;1;NA;NA;1;NA;NA;NA;NA;NA;NA;NA;NA;NA;NA;NA;NA;NA;NA;NA;NA;NA;NA;NA;NA;NA;NA;NA;NA;NA;NA;0;0;NA;0;NA;NA;0;NA;NA;1;0;NA;NA;NA;NA;NA;0;NA;NA;NA;NA;NA;NA;NA;NA;NA;NA;NA;0;NA;0;NA;NA;1;NA;NA;NA;NA;NA;NA;NA;NA;NA;NA;NA;NA;NA;NA;NA;NA;NA;NA;NA;NA
rbbhf - hf_min;1763;0;1;0;0;0;0;0;0;0;0;0;0;0;0;1;0;0;0;0;1;0;0;0;NA;NA;NA;0;0;0;0;1;NA;NA;1;NA;NA;NA;NA;NA;NA;NA;NA;NA;NA;NA;NA;NA;NA;NA;NA;NA;NA;NA;NA;NA;NA;NA;NA;NA;NA;0;0;NA;0;NA;NA;0;NA;NA;1;0;NA;NA;NA;NA;NA;0;NA;NA;NA;NA;NA;NA;NA;NA;NA;NA;NA;0;NA;0;NA;NA;1;NA;NA;NA;NA;NA;NA;NA;NA;NA;NA;NA;NA;NA;NA;NA;NA;NA;NA;NA;NA
rbbhf - hf_min;1764;0;0;NA;0;0;0;0;0;0;0;0;0;0;0;1;0;0;0;0;0;NA;NA;NA;0;0;0;0;0;0;0;1;NA;NA;1;NA;NA;NA;NA;NA;NA;NA;NA;NA;NA;NA;NA;NA;NA;NA;NA;NA;NA;NA;NA;NA;NA;NA;NA;NA;NA;0;0;NA;0;NA;NA;0;NA;NA;1;0;NA;NA;NA;NA;NA;0;NA;NA;NA;NA;NA;NA;NA;NA;NA;NA;NA;0;NA;0;NA;NA;1;NA;NA;NA;NA;NA;NA;NA;NA;NA;NA;NA;NA;NA;NA;NA;NA;NA;NA;NA;NA
rbbhf - hf_min;1765;0;1;0;0;0;0;0;0;0;0;0;0;0;0;1;0;0;0;0;0;NA;NA;NA;0;0;0;0;0;0;0;1;NA;NA;1;NA;NA;NA;NA;NA;NA;NA;NA;NA;NA;NA;NA;NA;NA;NA;NA;NA;NA;NA;NA;NA;NA;NA;NA;NA;NA;0;0;NA;0;NA;NA;0;NA;NA;1;0;NA;NA;NA;NA;NA;0;NA;NA;NA;NA;NA;NA;NA;NA;NA;NA;NA;0;NA;0;NA;NA;1;NA;NA;NA;NA;NA;NA;NA;NA;NA;NA;NA;NA;NA;NA;NA;NA;NA;NA;NA;NA
rbbhf - hf_min;1766;0;0;NA;0;0;0;0;0;0;0;0;0;0;0;0;NA;NA;NA;NA;NA;NA;NA;NA;NA;NA;NA;0;0;0;1;NA;NA;NA;1;NA;NA;NA;NA;NA;NA;0;0;NA;NA;NA;NA;NA;NA;0;1;NA;NA;NA;NA;NA;NA;NA;NA;NA;NA;0;0;NA;0;NA;NA;0;NA;NA;1;0;NA;NA;NA;NA;NA;0;NA;NA;NA;NA;NA;NA;NA;NA;NA;NA;NA;0;NA;0;NA;NA;1;NA;NA;NA;NA;NA;NA;NA;NA;NA;NA;NA;NA;NA;NA;NA;NA;NA;NA;NA;NA
rbbhf - hf_min;1767;0;1;0;0;0;0;0;0;0;0;0;0;0;0;0;NA;NA;NA;NA;NA;NA;NA;NA;NA;NA;NA;0;0;0;1;NA;NA;NA;1;NA;NA;NA;NA;NA;NA;0;0;NA;NA;NA;NA;NA;NA;0;1;NA;NA;NA;NA;NA;NA;NA;NA;NA;NA;0;0;NA;0;NA;NA;0;NA;NA;1;0;NA;NA;NA;NA;NA;0;NA;NA;NA;NA;NA;NA;NA;NA;NA;NA;NA;0;NA;0;NA;NA;1;NA;NA;NA;NA;NA;NA;NA;NA;NA;NA;NA;NA;NA;NA;NA;NA;NA;NA;NA;NA
rbbhf - hf_min;1768;0;0;NA;0;0;0;0;0;0;0;0;0;0;0;1;0;0;0;0;1;0;0;0;NA;NA;NA;0;0;0;1;NA;NA;NA;1;NA;NA;NA;NA;NA;NA;0;0;NA;NA;NA;NA;NA;NA;0;1;NA;NA;NA;NA;NA;NA;NA;NA;NA;NA;0;0;NA;0;NA;NA;0;NA;NA;1;0;NA;NA;NA;NA;NA;0;NA;NA;NA;NA;NA;NA;NA;NA;NA;NA;NA;0;NA;0;NA;NA;1;NA;NA;NA;NA;NA;NA;NA;NA;NA;NA;NA;NA;NA;NA;NA;NA;NA;NA;NA;NA
rbbhf - hf_min;1769;0;1;0;0;0;0;0;0;0;0;0;0;0;0;1;0;0;0;0;1;0;0;0;NA;NA;NA;0;0;0;1;NA;NA;NA;1;NA;NA;NA;NA;NA;NA;0;0;NA;NA;NA;NA;NA;NA;0;1;NA;NA;NA;NA;NA;NA;NA;NA;NA;NA;0;0;NA;0;NA;NA;0;NA;NA;1;0;NA;NA;NA;NA;NA;0;NA;NA;NA;NA;NA;NA;NA;NA;NA;NA;NA;0;NA;0;NA;NA;1;NA;NA;NA;NA;NA;NA;NA;NA;NA;NA;NA;NA;NA;NA;NA;NA;NA;NA;NA;NA
rbbhf - hf_min;1770;0;0;NA;0;0;0;0;0;0;0;0;0;0;0;1;0;0;0;0;0;NA;NA;NA;0;0;0;0;0;0;1;NA;NA;NA;1;NA;NA;NA;NA;NA;NA;0;0;NA;NA;NA;NA;NA;NA;0;1;NA;NA;NA;NA;NA;NA;NA;NA;NA;NA;0;0;NA;0;NA;NA;0;NA;NA;1;0;NA;NA;NA;NA;NA;0;NA;NA;NA;NA;NA;NA;NA;NA;NA;NA;NA;0;NA;0;NA;NA;1;NA;NA;NA;NA;NA;NA;NA;NA;NA;NA;NA;NA;NA;NA;NA;NA;NA;NA;NA;NA
rbbhf - hf_min;1771;0;1;0;0;0;0;0;0;0;0;0;0;0;0;1;0;0;0;0;0;NA;NA;NA;0;0;0;0;0;0;1;NA;NA;NA;1;NA;NA;NA;NA;NA;NA;0;0;NA;NA;NA;NA;NA;NA;0;1;NA;NA;NA;NA;NA;NA;NA;NA;NA;NA;0;0;NA;0;NA;NA;0;NA;NA;1;0;NA;NA;NA;NA;NA;0;NA;NA;NA;NA;NA;NA;NA;NA;NA;NA;NA;0;NA;0;NA;NA;1;NA;NA;NA;NA;NA;NA;NA;NA;NA;NA;NA;NA;NA;NA;NA;NA;NA;NA;NA;NA
rbbhf - hf_min;1772;0;0;NA;0;0;0;0;0;0;0;0;0;0;0;0;NA;NA;NA;NA;NA;NA;NA;NA;NA;NA;NA;0;0;0;1;NA;NA;NA;NA;NA;NA;NA;NA;NA;NA;0;0;NA;NA;NA;NA;NA;NA;0;0;1;NA;NA;NA;NA;NA;NA;NA;NA;NA;0;0;NA;0;NA;NA;0;NA;NA;1;0;NA;NA;NA;NA;NA;0;NA;NA;NA;NA;NA;NA;NA;NA;NA;NA;NA;0;NA;0;NA;NA;1;NA;NA;NA;NA;NA;NA;NA;NA;NA;NA;NA;NA;NA;NA;NA;NA;NA;NA;NA;NA
rbbhf - hf_min;1773;0;1;0;0;0;0;0;0;0;0;0;0;0;0;0;NA;NA;NA;NA;NA;NA;NA;NA;NA;NA;NA;0;0;0;1;NA;NA;NA;NA;NA;NA;NA;NA;NA;NA;0;0;NA;NA;NA;NA;NA;NA;0;0;1;NA;NA;NA;NA;NA;NA;NA;NA;NA;0;0;NA;0;NA;NA;0;NA;NA;1;0;NA;NA;NA;NA;NA;0;NA;NA;NA;NA;NA;NA;NA;NA;NA;NA;NA;0;NA;0;NA;NA;1;NA;NA;NA;NA;NA;NA;NA;NA;NA;NA;NA;NA;NA;NA;NA;NA;NA;NA;NA;NA
rbbhf - hf_min;1774;0;0;NA;0;0;0;0;0;0;0;0;0;0;0;1;0;0;0;0;1;0;0;0;NA;NA;NA;0;0;0;1;NA;NA;NA;NA;NA;NA;NA;NA;NA;NA;0;0;NA;NA;NA;NA;NA;NA;0;0;1;NA;NA;NA;NA;NA;NA;NA;NA;NA;0;0;NA;0;NA;NA;0;NA;NA;1;0;NA;NA;NA;NA;NA;0;NA;NA;NA;NA;NA;NA;NA;NA;NA;NA;NA;0;NA;0;NA;NA;1;NA;NA;NA;NA;NA;NA;NA;NA;NA;NA;NA;NA;NA;NA;NA;NA;NA;NA;NA;NA
rbbhf - hf_min;1775;0;1;0;0;0;0;0;0;0;0;0;0;0;0;1;0;0;0;0;1;0;0;0;NA;NA;NA;0;0;0;1;NA;NA;NA;NA;NA;NA;NA;NA;NA;NA;0;0;NA;NA;NA;NA;NA;NA;0;0;1;NA;NA;NA;NA;NA;NA;NA;NA;NA;0;0;NA;0;NA;NA;0;NA;NA;1;0;NA;NA;NA;NA;NA;0;NA;NA;NA;NA;NA;NA;NA;NA;NA;NA;NA;0;NA;0;NA;NA;1;NA;NA;NA;NA;NA;NA;NA;NA;NA;NA;NA;NA;NA;NA;NA;NA;NA;NA;NA;NA
rbbhf - hf_min;1776;0;0;NA;0;0;0;0;0;0;0;0;0;0;0;1;0;0;0;0;0;NA;NA;NA;0;0;0;0;0;0;1;NA;NA;NA;NA;NA;NA;NA;NA;NA;NA;0;0;NA;NA;NA;NA;NA;NA;0;0;1;NA;NA;NA;NA;NA;NA;NA;NA;NA;0;0;NA;0;NA;NA;0;NA;NA;1;0;NA;NA;NA;NA;NA;0;NA;NA;NA;NA;NA;NA;NA;NA;NA;NA;NA;0;NA;0;NA;NA;1;NA;NA;NA;NA;NA;NA;NA;NA;NA;NA;NA;NA;NA;NA;NA;NA;NA;NA;NA;NA
rbbhf - hf_min;1777;0;1;0;0;0;0;0;0;0;0;0;0;0;0;1;0;0;0;0;0;NA;NA;NA;0;0;0;0;0;0;1;NA;NA;NA;NA;NA;NA;NA;NA;NA;NA;0;0;NA;NA;NA;NA;NA;NA;0;0;1;NA;NA;NA;NA;NA;NA;NA;NA;NA;0;0;NA;0;NA;NA;0;NA;NA;1;0;NA;NA;NA;NA;NA;0;NA;NA;NA;NA;NA;NA;NA;NA;NA;NA;NA;0;NA;0;NA;NA;1;NA;NA;NA;NA;NA;NA;NA;NA;NA;NA;NA;NA;NA;NA;NA;NA;NA;NA;NA;NA
rbbhf - hf_min;1778;0;0;NA;0;0;0;0;0;0;0;0;0;0;0;0;NA;NA;NA;NA;NA;NA;NA;NA;NA;NA;NA;0;0;0;0;NA;1;NA;NA;NA;NA;NA;NA;NA;NA;NA;NA;NA;NA;NA;NA;NA;NA;NA;NA;NA;NA;NA;NA;NA;NA;NA;NA;NA;NA;0;0;NA;0;NA;NA;0;NA;NA;0;NA;NA;NA;NA;NA;NA;1;0;NA;NA;NA;NA;NA;NA;NA;NA;NA;NA;0;NA;0;NA;NA;1;NA;NA;NA;NA;NA;NA;NA;NA;NA;NA;NA;NA;NA;NA;NA;NA;NA;NA;NA;NA
rbbhf - hf_min;1779;0;1;0;0;0;0;0;0;0;0;0;0;0;0;0;NA;NA;NA;NA;NA;NA;NA;NA;NA;NA;NA;0;0;0;0;NA;1;NA;NA;NA;NA;NA;NA;NA;NA;NA;NA;NA;NA;NA;NA;NA;NA;NA;NA;NA;NA;NA;NA;NA;NA;NA;NA;NA;NA;0;0;NA;0;NA;NA;0;NA;NA;0;NA;NA;NA;NA;NA;NA;1;0;NA;NA;NA;NA;NA;NA;NA;NA;NA;NA;0;NA;0;NA;NA;1;NA;NA;NA;NA;NA;NA;NA;NA;NA;NA;NA;NA;NA;NA;NA;NA;NA;NA;NA;NA
rbbhf - hf_min;1780;0;0;NA;0;0;0;0;0;0;0;0;0;0;0;1;0;0;0;0;1;0;0;0;NA;NA;NA;0;0;0;0;NA;1;NA;NA;NA;NA;NA;NA;NA;NA;NA;NA;NA;NA;NA;NA;NA;NA;NA;NA;NA;NA;NA;NA;NA;NA;NA;NA;NA;NA;0;0;NA;0;NA;NA;0;NA;NA;0;NA;NA;NA;NA;NA;NA;1;0;NA;NA;NA;NA;NA;NA;NA;NA;NA;NA;0;NA;0;NA;NA;1;NA;NA;NA;NA;NA;NA;NA;NA;NA;NA;NA;NA;NA;NA;NA;NA;NA;NA;NA;NA
rbbhf - hf_min;1781;0;1;0;0;0;0;0;0;0;0;0;0;0;0;1;0;0;0;0;1;0;0;0;NA;NA;NA;0;0;0;0;NA;1;NA;NA;NA;NA;NA;NA;NA;NA;NA;NA;NA;NA;NA;NA;NA;NA;NA;NA;NA;NA;NA;NA;NA;NA;NA;NA;NA;NA;0;0;NA;0;NA;NA;0;NA;NA;0;NA;NA;NA;NA;NA;NA;1;0;NA;NA;NA;NA;NA;NA;NA;NA;NA;NA;0;NA;0;NA;NA;1;NA;NA;NA;NA;NA;NA;NA;NA;NA;NA;NA;NA;NA;NA;NA;NA;NA;NA;NA;NA
rbbhf - hf_min;1782;0;0;NA;0;0;0;0;0;0;0;0;0;0;0;1;0;0;0;0;0;NA;NA;NA;0;0;0;0;0;0;0;NA;1;NA;NA;NA;NA;NA;NA;NA;NA;NA;NA;NA;NA;NA;NA;NA;NA;NA;NA;NA;NA;NA;NA;NA;NA;NA;NA;NA;NA;0;0;NA;0;NA;NA;0;NA;NA;0;NA;NA;NA;NA;NA;NA;1;0;NA;NA;NA;NA;NA;NA;NA;NA;NA;NA;0;NA;0;NA;NA;1;NA;NA;NA;NA;NA;NA;NA;NA;NA;NA;NA;NA;NA;NA;NA;NA;NA;NA;NA;NA
rbbhf - hf_min;1783;0;1;0;0;0;0;0;0;0;0;0;0;0;0;1;0;0;0;0;0;NA;NA;NA;0;0;0;0;0;0;0;NA;1;NA;NA;NA;NA;NA;NA;NA;NA;NA;NA;NA;NA;NA;NA;NA;NA;NA;NA;NA;NA;NA;NA;NA;NA;NA;NA;NA;NA;0;0;NA;0;NA;NA;0;NA;NA;0;NA;NA;NA;NA;NA;NA;1;0;NA;NA;NA;NA;NA;NA;NA;NA;NA;NA;0;NA;0;NA;NA;1;NA;NA;NA;NA;NA;NA;NA;NA;NA;NA;NA;NA;NA;NA;NA;NA;NA;NA;NA;NA
rbbhf - hf_min;1784;0;0;NA;0;0;0;0;0;0;0;0;0;0;0;0;NA;NA;NA;NA;NA;NA;NA;NA;NA;NA;NA;0;0;0;0;1;NA;NA;1;NA;NA;NA;NA;NA;NA;NA;NA;NA;NA;NA;NA;NA;NA;NA;NA;NA;NA;NA;NA;NA;NA;NA;NA;NA;NA;0;0;NA;0;NA;NA;0;NA;NA;0;NA;NA;NA;NA;NA;NA;1;0;NA;NA;NA;NA;NA;NA;NA;NA;NA;NA;0;NA;0;NA;NA;1;NA;NA;NA;NA;NA;NA;NA;NA;NA;NA;NA;NA;NA;NA;NA;NA;NA;NA;NA;NA
rbbhf - hf_min;1785;0;1;0;0;0;0;0;0;0;0;0;0;0;0;0;NA;NA;NA;NA;NA;NA;NA;NA;NA;NA;NA;0;0;0;0;1;NA;NA;1;NA;NA;NA;NA;NA;NA;NA;NA;NA;NA;NA;NA;NA;NA;NA;NA;NA;NA;NA;NA;NA;NA;NA;NA;NA;NA;0;0;NA;0;NA;NA;0;NA;NA;0;NA;NA;NA;NA;NA;NA;1;0;NA;NA;NA;NA;NA;NA;NA;NA;NA;NA;0;NA;0;NA;NA;1;NA;NA;NA;NA;NA;NA;NA;NA;NA;NA;NA;NA;NA;NA;NA;NA;NA;NA;NA;NA
rbbhf - hf_min;1786;0;0;NA;0;0;0;0;0;0;0;0;0;0;0;1;0;0;0;0;1;0;0;0;NA;NA;NA;0;0;0;0;1;NA;NA;1;NA;NA;NA;NA;NA;NA;NA;NA;NA;NA;NA;NA;NA;NA;NA;NA;NA;NA;NA;NA;NA;NA;NA;NA;NA;NA;0;0;NA;0;NA;NA;0;NA;NA;0;NA;NA;NA;NA;NA;NA;1;0;NA;NA;NA;NA;NA;NA;NA;NA;NA;NA;0;NA;0;NA;NA;1;NA;NA;NA;NA;NA;NA;NA;NA;NA;NA;NA;NA;NA;NA;NA;NA;NA;NA;NA;NA
rbbhf - hf_min;1787;0;1;0;0;0;0;0;0;0;0;0;0;0;0;1;0;0;0;0;1;0;0;0;NA;NA;NA;0;0;0;0;1;NA;NA;1;NA;NA;NA;NA;NA;NA;NA;NA;NA;NA;NA;NA;NA;NA;NA;NA;NA;NA;NA;NA;NA;NA;NA;NA;NA;NA;0;0;NA;0;NA;NA;0;NA;NA;0;NA;NA;NA;NA;NA;NA;1;0;NA;NA;NA;NA;NA;NA;NA;NA;NA;NA;0;NA;0;NA;NA;1;NA;NA;NA;NA;NA;NA;NA;NA;NA;NA;NA;NA;NA;NA;NA;NA;NA;NA;NA;NA
rbbhf - hf_min;1788;0;0;NA;0;0;0;0;0;0;0;0;0;0;0;1;0;0;0;0;0;NA;NA;NA;0;0;0;0;0;0;0;1;NA;NA;1;NA;NA;NA;NA;NA;NA;NA;NA;NA;NA;NA;NA;NA;NA;NA;NA;NA;NA;NA;NA;NA;NA;NA;NA;NA;NA;0;0;NA;0;NA;NA;0;NA;NA;0;NA;NA;NA;NA;NA;NA;1;0;NA;NA;NA;NA;NA;NA;NA;NA;NA;NA;0;NA;0;NA;NA;1;NA;NA;NA;NA;NA;NA;NA;NA;NA;NA;NA;NA;NA;NA;NA;NA;NA;NA;NA;NA
rbbhf - hf_min;1789;0;1;0;0;0;0;0;0;0;0;0;0;0;0;1;0;0;0;0;0;NA;NA;NA;0;0;0;0;0;0;0;1;NA;NA;1;NA;NA;NA;NA;NA;NA;NA;NA;NA;NA;NA;NA;NA;NA;NA;NA;NA;NA;NA;NA;NA;NA;NA;NA;NA;NA;0;0;NA;0;NA;NA;0;NA;NA;0;NA;NA;NA;NA;NA;NA;1;0;NA;NA;NA;NA;NA;NA;NA;NA;NA;NA;0;NA;0;NA;NA;1;NA;NA;NA;NA;NA;NA;NA;NA;NA;NA;NA;NA;NA;NA;NA;NA;NA;NA;NA;NA
rbbhf - hf_min;1790;0;0;NA;0;0;0;0;0;0;0;0;0;0;0;0;NA;NA;NA;NA;NA;NA;NA;NA;NA;NA;NA;0;0;0;1;NA;NA;NA;1;NA;NA;NA;NA;NA;NA;0;0;NA;NA;NA;NA;NA;NA;0;1;NA;NA;NA;NA;NA;NA;NA;NA;NA;NA;0;0;NA;0;NA;NA;0;NA;NA;0;NA;NA;NA;NA;NA;NA;1;0;NA;NA;NA;NA;NA;NA;NA;NA;NA;NA;0;NA;0;NA;NA;1;NA;NA;NA;NA;NA;NA;NA;NA;NA;NA;NA;NA;NA;NA;NA;NA;NA;NA;NA;NA
rbbhf - hf_min;1791;0;1;0;0;0;0;0;0;0;0;0;0;0;0;0;NA;NA;NA;NA;NA;NA;NA;NA;NA;NA;NA;0;0;0;1;NA;NA;NA;1;NA;NA;NA;NA;NA;NA;0;0;NA;NA;NA;NA;NA;NA;0;1;NA;NA;NA;NA;NA;NA;NA;NA;NA;NA;0;0;NA;0;NA;NA;0;NA;NA;0;NA;NA;NA;NA;NA;NA;1;0;NA;NA;NA;NA;NA;NA;NA;NA;NA;NA;0;NA;0;NA;NA;1;NA;NA;NA;NA;NA;NA;NA;NA;NA;NA;NA;NA;NA;NA;NA;NA;NA;NA;NA;NA
rbbhf - hf_min;1792;0;0;NA;0;0;0;0;0;0;0;0;0;0;0;1;0;0;0;0;1;0;0;0;NA;NA;NA;0;0;0;1;NA;NA;NA;1;NA;NA;NA;NA;NA;NA;0;0;NA;NA;NA;NA;NA;NA;0;1;NA;NA;NA;NA;NA;NA;NA;NA;NA;NA;0;0;NA;0;NA;NA;0;NA;NA;0;NA;NA;NA;NA;NA;NA;1;0;NA;NA;NA;NA;NA;NA;NA;NA;NA;NA;0;NA;0;NA;NA;1;NA;NA;NA;NA;NA;NA;NA;NA;NA;NA;NA;NA;NA;NA;NA;NA;NA;NA;NA;NA
rbbhf - hf_min;1793;0;1;0;0;0;0;0;0;0;0;0;0;0;0;1;0;0;0;0;1;0;0;0;NA;NA;NA;0;0;0;1;NA;NA;NA;1;NA;NA;NA;NA;NA;NA;0;0;NA;NA;NA;NA;NA;NA;0;1;NA;NA;NA;NA;NA;NA;NA;NA;NA;NA;0;0;NA;0;NA;NA;0;NA;NA;0;NA;NA;NA;NA;NA;NA;1;0;NA;NA;NA;NA;NA;NA;NA;NA;NA;NA;0;NA;0;NA;NA;1;NA;NA;NA;NA;NA;NA;NA;NA;NA;NA;NA;NA;NA;NA;NA;NA;NA;NA;NA;NA
rbbhf - hf_min;1794;0;0;NA;0;0;0;0;0;0;0;0;0;0;0;1;0;0;0;0;0;NA;NA;NA;0;0;0;0;0;0;1;NA;NA;NA;1;NA;NA;NA;NA;NA;NA;0;0;NA;NA;NA;NA;NA;NA;0;1;NA;NA;NA;NA;NA;NA;NA;NA;NA;NA;0;0;NA;0;NA;NA;0;NA;NA;0;NA;NA;NA;NA;NA;NA;1;0;NA;NA;NA;NA;NA;NA;NA;NA;NA;NA;0;NA;0;NA;NA;1;NA;NA;NA;NA;NA;NA;NA;NA;NA;NA;NA;NA;NA;NA;NA;NA;NA;NA;NA;NA
rbbhf - hf_min;1795;0;1;0;0;0;0;0;0;0;0;0;0;0;0;1;0;0;0;0;0;NA;NA;NA;0;0;0;0;0;0;1;NA;NA;NA;1;NA;NA;NA;NA;NA;NA;0;0;NA;NA;NA;NA;NA;NA;0;1;NA;NA;NA;NA;NA;NA;NA;NA;NA;NA;0;0;NA;0;NA;NA;0;NA;NA;0;NA;NA;NA;NA;NA;NA;1;0;NA;NA;NA;NA;NA;NA;NA;NA;NA;NA;0;NA;0;NA;NA;1;NA;NA;NA;NA;NA;NA;NA;NA;NA;NA;NA;NA;NA;NA;NA;NA;NA;NA;NA;NA
rbbhf - hf_min;1796;0;0;NA;0;0;0;0;0;0;0;0;0;0;0;0;NA;NA;NA;NA;NA;NA;NA;NA;NA;NA;NA;0;0;0;1;NA;NA;NA;NA;NA;NA;NA;NA;NA;NA;0;0;NA;NA;NA;NA;NA;NA;0;0;1;NA;NA;NA;NA;NA;NA;NA;NA;NA;0;0;NA;0;NA;NA;0;NA;NA;0;NA;NA;NA;NA;NA;NA;1;0;NA;NA;NA;NA;NA;NA;NA;NA;NA;NA;0;NA;0;NA;NA;1;NA;NA;NA;NA;NA;NA;NA;NA;NA;NA;NA;NA;NA;NA;NA;NA;NA;NA;NA;NA
rbbhf - hf_min;1797;0;1;0;0;0;0;0;0;0;0;0;0;0;0;0;NA;NA;NA;NA;NA;NA;NA;NA;NA;NA;NA;0;0;0;1;NA;NA;NA;NA;NA;NA;NA;NA;NA;NA;0;0;NA;NA;NA;NA;NA;NA;0;0;1;NA;NA;NA;NA;NA;NA;NA;NA;NA;0;0;NA;0;NA;NA;0;NA;NA;0;NA;NA;NA;NA;NA;NA;1;0;NA;NA;NA;NA;NA;NA;NA;NA;NA;NA;0;NA;0;NA;NA;1;NA;NA;NA;NA;NA;NA;NA;NA;NA;NA;NA;NA;NA;NA;NA;NA;NA;NA;NA;NA
rbbhf - hf_min;1798;0;0;NA;0;0;0;0;0;0;0;0;0;0;0;1;0;0;0;0;1;0;0;0;NA;NA;NA;0;0;0;1;NA;NA;NA;NA;NA;NA;NA;NA;NA;NA;0;0;NA;NA;NA;NA;NA;NA;0;0;1;NA;NA;NA;NA;NA;NA;NA;NA;NA;0;0;NA;0;NA;NA;0;NA;NA;0;NA;NA;NA;NA;NA;NA;1;0;NA;NA;NA;NA;NA;NA;NA;NA;NA;NA;0;NA;0;NA;NA;1;NA;NA;NA;NA;NA;NA;NA;NA;NA;NA;NA;NA;NA;NA;NA;NA;NA;NA;NA;NA
rbbhf - hf_min;1799;0;1;0;0;0;0;0;0;0;0;0;0;0;0;1;0;0;0;0;1;0;0;0;NA;NA;NA;0;0;0;1;NA;NA;NA;NA;NA;NA;NA;NA;NA;NA;0;0;NA;NA;NA;NA;NA;NA;0;0;1;NA;NA;NA;NA;NA;NA;NA;NA;NA;0;0;NA;0;NA;NA;0;NA;NA;0;NA;NA;NA;NA;NA;NA;1;0;NA;NA;NA;NA;NA;NA;NA;NA;NA;NA;0;NA;0;NA;NA;1;NA;NA;NA;NA;NA;NA;NA;NA;NA;NA;NA;NA;NA;NA;NA;NA;NA;NA;NA;NA
rbbhf - hf_min;1800;0;0;NA;0;0;0;0;0;0;0;0;0;0;0;1;0;0;0;0;0;NA;NA;NA;0;0;0;0;0;0;1;NA;NA;NA;NA;NA;NA;NA;NA;NA;NA;0;0;NA;NA;NA;NA;NA;NA;0;0;1;NA;NA;NA;NA;NA;NA;NA;NA;NA;0;0;NA;0;NA;NA;0;NA;NA;0;NA;NA;NA;NA;NA;NA;1;0;NA;NA;NA;NA;NA;NA;NA;NA;NA;NA;0;NA;0;NA;NA;1;NA;NA;NA;NA;NA;NA;NA;NA;NA;NA;NA;NA;NA;NA;NA;NA;NA;NA;NA;NA
rbbhf - hf_min;1801;0;1;0;0;0;0;0;0;0;0;0;0;0;0;1;0;0;0;0;0;NA;NA;NA;0;0;0;0;0;0;1;NA;NA;NA;NA;NA;NA;NA;NA;NA;NA;0;0;NA;NA;NA;NA;NA;NA;0;0;1;NA;NA;NA;NA;NA;NA;NA;NA;NA;0;0;NA;0;NA;NA;0;NA;NA;0;NA;NA;NA;NA;NA;NA;1;0;NA;NA;NA;NA;NA;NA;NA;NA;NA;NA;0;NA;0;NA;NA;1;NA;NA;NA;NA;NA;NA;NA;NA;NA;NA;NA;NA;NA;NA;NA;NA;NA;NA;NA;NA
rbbhf - hf_min;1802;0;0;NA;0;0;0;0;0;0;0;0;0;0;0;0;NA;NA;NA;NA;NA;NA;NA;NA;NA;NA;NA;0;0;0;0;NA;1;NA;NA;NA;NA;NA;NA;NA;NA;NA;NA;NA;NA;NA;NA;NA;NA;NA;NA;NA;NA;NA;NA;NA;NA;NA;NA;NA;NA;0;0;NA;0;NA;NA;0;NA;NA;1;0;NA;NA;NA;NA;NA;1;0;NA;NA;NA;NA;NA;NA;NA;NA;NA;NA;0;NA;0;NA;NA;1;NA;NA;NA;NA;NA;NA;NA;NA;NA;NA;NA;NA;NA;NA;NA;NA;NA;NA;NA;NA
rbbhf - hf_min;1803;0;1;0;0;0;0;0;0;0;0;0;0;0;0;0;NA;NA;NA;NA;NA;NA;NA;NA;NA;NA;NA;0;0;0;0;NA;1;NA;NA;NA;NA;NA;NA;NA;NA;NA;NA;NA;NA;NA;NA;NA;NA;NA;NA;NA;NA;NA;NA;NA;NA;NA;NA;NA;NA;0;0;NA;0;NA;NA;0;NA;NA;1;0;NA;NA;NA;NA;NA;1;0;NA;NA;NA;NA;NA;NA;NA;NA;NA;NA;0;NA;0;NA;NA;1;NA;NA;NA;NA;NA;NA;NA;NA;NA;NA;NA;NA;NA;NA;NA;NA;NA;NA;NA;NA
rbbhf - hf_min;1804;0;0;NA;0;0;0;0;0;0;0;0;0;0;0;1;0;0;0;0;1;0;0;0;NA;NA;NA;0;0;0;0;NA;1;NA;NA;NA;NA;NA;NA;NA;NA;NA;NA;NA;NA;NA;NA;NA;NA;NA;NA;NA;NA;NA;NA;NA;NA;NA;NA;NA;NA;0;0;NA;0;NA;NA;0;NA;NA;1;0;NA;NA;NA;NA;NA;1;0;NA;NA;NA;NA;NA;NA;NA;NA;NA;NA;0;NA;0;NA;NA;1;NA;NA;NA;NA;NA;NA;NA;NA;NA;NA;NA;NA;NA;NA;NA;NA;NA;NA;NA;NA
rbbhf - hf_min;1805;0;1;0;0;0;0;0;0;0;0;0;0;0;0;1;0;0;0;0;1;0;0;0;NA;NA;NA;0;0;0;0;NA;1;NA;NA;NA;NA;NA;NA;NA;NA;NA;NA;NA;NA;NA;NA;NA;NA;NA;NA;NA;NA;NA;NA;NA;NA;NA;NA;NA;NA;0;0;NA;0;NA;NA;0;NA;NA;1;0;NA;NA;NA;NA;NA;1;0;NA;NA;NA;NA;NA;NA;NA;NA;NA;NA;0;NA;0;NA;NA;1;NA;NA;NA;NA;NA;NA;NA;NA;NA;NA;NA;NA;NA;NA;NA;NA;NA;NA;NA;NA
rbbhf - hf_min;1806;0;0;NA;0;0;0;0;0;0;0;0;0;0;0;1;0;0;0;0;0;NA;NA;NA;0;0;0;0;0;0;0;NA;1;NA;NA;NA;NA;NA;NA;NA;NA;NA;NA;NA;NA;NA;NA;NA;NA;NA;NA;NA;NA;NA;NA;NA;NA;NA;NA;NA;NA;0;0;NA;0;NA;NA;0;NA;NA;1;0;NA;NA;NA;NA;NA;1;0;NA;NA;NA;NA;NA;NA;NA;NA;NA;NA;0;NA;0;NA;NA;1;NA;NA;NA;NA;NA;NA;NA;NA;NA;NA;NA;NA;NA;NA;NA;NA;NA;NA;NA;NA
rbbhf - hf_min;1807;0;1;0;0;0;0;0;0;0;0;0;0;0;0;1;0;0;0;0;0;NA;NA;NA;0;0;0;0;0;0;0;NA;1;NA;NA;NA;NA;NA;NA;NA;NA;NA;NA;NA;NA;NA;NA;NA;NA;NA;NA;NA;NA;NA;NA;NA;NA;NA;NA;NA;NA;0;0;NA;0;NA;NA;0;NA;NA;1;0;NA;NA;NA;NA;NA;1;0;NA;NA;NA;NA;NA;NA;NA;NA;NA;NA;0;NA;0;NA;NA;1;NA;NA;NA;NA;NA;NA;NA;NA;NA;NA;NA;NA;NA;NA;NA;NA;NA;NA;NA;NA
rbbhf - hf_min;1808;0;0;NA;0;0;0;0;0;0;0;0;0;0;0;0;NA;NA;NA;NA;NA;NA;NA;NA;NA;NA;NA;0;0;0;0;1;NA;NA;1;NA;NA;NA;NA;NA;NA;NA;NA;NA;NA;NA;NA;NA;NA;NA;NA;NA;NA;NA;NA;NA;NA;NA;NA;NA;NA;0;0;NA;0;NA;NA;0;NA;NA;1;0;NA;NA;NA;NA;NA;1;0;NA;NA;NA;NA;NA;NA;NA;NA;NA;NA;0;NA;0;NA;NA;1;NA;NA;NA;NA;NA;NA;NA;NA;NA;NA;NA;NA;NA;NA;NA;NA;NA;NA;NA;NA
rbbhf - hf_min;1809;0;1;0;0;0;0;0;0;0;0;0;0;0;0;0;NA;NA;NA;NA;NA;NA;NA;NA;NA;NA;NA;0;0;0;0;1;NA;NA;1;NA;NA;NA;NA;NA;NA;NA;NA;NA;NA;NA;NA;NA;NA;NA;NA;NA;NA;NA;NA;NA;NA;NA;NA;NA;NA;0;0;NA;0;NA;NA;0;NA;NA;1;0;NA;NA;NA;NA;NA;1;0;NA;NA;NA;NA;NA;NA;NA;NA;NA;NA;0;NA;0;NA;NA;1;NA;NA;NA;NA;NA;NA;NA;NA;NA;NA;NA;NA;NA;NA;NA;NA;NA;NA;NA;NA
rbbhf - hf_min;1810;0;0;NA;0;0;0;0;0;0;0;0;0;0;0;1;0;0;0;0;1;0;0;0;NA;NA;NA;0;0;0;0;1;NA;NA;1;NA;NA;NA;NA;NA;NA;NA;NA;NA;NA;NA;NA;NA;NA;NA;NA;NA;NA;NA;NA;NA;NA;NA;NA;NA;NA;0;0;NA;0;NA;NA;0;NA;NA;1;0;NA;NA;NA;NA;NA;1;0;NA;NA;NA;NA;NA;NA;NA;NA;NA;NA;0;NA;0;NA;NA;1;NA;NA;NA;NA;NA;NA;NA;NA;NA;NA;NA;NA;NA;NA;NA;NA;NA;NA;NA;NA
rbbhf - hf_min;1811;0;1;0;0;0;0;0;0;0;0;0;0;0;0;1;0;0;0;0;1;0;0;0;NA;NA;NA;0;0;0;0;1;NA;NA;1;NA;NA;NA;NA;NA;NA;NA;NA;NA;NA;NA;NA;NA;NA;NA;NA;NA;NA;NA;NA;NA;NA;NA;NA;NA;NA;0;0;NA;0;NA;NA;0;NA;NA;1;0;NA;NA;NA;NA;NA;1;0;NA;NA;NA;NA;NA;NA;NA;NA;NA;NA;0;NA;0;NA;NA;1;NA;NA;NA;NA;NA;NA;NA;NA;NA;NA;NA;NA;NA;NA;NA;NA;NA;NA;NA;NA
rbbhf - hf_min;1812;0;0;NA;0;0;0;0;0;0;0;0;0;0;0;1;0;0;0;0;0;NA;NA;NA;0;0;0;0;0;0;0;1;NA;NA;1;NA;NA;NA;NA;NA;NA;NA;NA;NA;NA;NA;NA;NA;NA;NA;NA;NA;NA;NA;NA;NA;NA;NA;NA;NA;NA;0;0;NA;0;NA;NA;0;NA;NA;1;0;NA;NA;NA;NA;NA;1;0;NA;NA;NA;NA;NA;NA;NA;NA;NA;NA;0;NA;0;NA;NA;1;NA;NA;NA;NA;NA;NA;NA;NA;NA;NA;NA;NA;NA;NA;NA;NA;NA;NA;NA;NA
rbbhf - hf_min;1813;0;1;0;0;0;0;0;0;0;0;0;0;0;0;1;0;0;0;0;0;NA;NA;NA;0;0;0;0;0;0;0;1;NA;NA;1;NA;NA;NA;NA;NA;NA;NA;NA;NA;NA;NA;NA;NA;NA;NA;NA;NA;NA;NA;NA;NA;NA;NA;NA;NA;NA;0;0;NA;0;NA;NA;0;NA;NA;1;0;NA;NA;NA;NA;NA;1;0;NA;NA;NA;NA;NA;NA;NA;NA;NA;NA;0;NA;0;NA;NA;1;NA;NA;NA;NA;NA;NA;NA;NA;NA;NA;NA;NA;NA;NA;NA;NA;NA;NA;NA;NA
rbbhf - hf_min;1814;0;0;NA;0;0;0;0;0;0;0;0;0;0;0;0;NA;NA;NA;NA;NA;NA;NA;NA;NA;NA;NA;0;0;0;1;NA;NA;NA;1;NA;NA;NA;NA;NA;NA;0;0;NA;NA;NA;NA;NA;NA;0;1;NA;NA;NA;NA;NA;NA;NA;NA;NA;NA;0;0;NA;0;NA;NA;0;NA;NA;1;0;NA;NA;NA;NA;NA;1;0;NA;NA;NA;NA;NA;NA;NA;NA;NA;NA;0;NA;0;NA;NA;1;NA;NA;NA;NA;NA;NA;NA;NA;NA;NA;NA;NA;NA;NA;NA;NA;NA;NA;NA;NA
rbbhf - hf_min;1815;0;1;0;0;0;0;0;0;0;0;0;0;0;0;0;NA;NA;NA;NA;NA;NA;NA;NA;NA;NA;NA;0;0;0;1;NA;NA;NA;1;NA;NA;NA;NA;NA;NA;0;0;NA;NA;NA;NA;NA;NA;0;1;NA;NA;NA;NA;NA;NA;NA;NA;NA;NA;0;0;NA;0;NA;NA;0;NA;NA;1;0;NA;NA;NA;NA;NA;1;0;NA;NA;NA;NA;NA;NA;NA;NA;NA;NA;0;NA;0;NA;NA;1;NA;NA;NA;NA;NA;NA;NA;NA;NA;NA;NA;NA;NA;NA;NA;NA;NA;NA;NA;NA
rbbhf - hf_min;1816;0;0;NA;0;0;0;0;0;0;0;0;0;0;0;1;0;0;0;0;1;0;0;0;NA;NA;NA;0;0;0;1;NA;NA;NA;1;NA;NA;NA;NA;NA;NA;0;0;NA;NA;NA;NA;NA;NA;0;1;NA;NA;NA;NA;NA;NA;NA;NA;NA;NA;0;0;NA;0;NA;NA;0;NA;NA;1;0;NA;NA;NA;NA;NA;1;0;NA;NA;NA;NA;NA;NA;NA;NA;NA;NA;0;NA;0;NA;NA;1;NA;NA;NA;NA;NA;NA;NA;NA;NA;NA;NA;NA;NA;NA;NA;NA;NA;NA;NA;NA
rbbhf - hf_min;1817;0;1;0;0;0;0;0;0;0;0;0;0;0;0;1;0;0;0;0;1;0;0;0;NA;NA;NA;0;0;0;1;NA;NA;NA;1;NA;NA;NA;NA;NA;NA;0;0;NA;NA;NA;NA;NA;NA;0;1;NA;NA;NA;NA;NA;NA;NA;NA;NA;NA;0;0;NA;0;NA;NA;0;NA;NA;1;0;NA;NA;NA;NA;NA;1;0;NA;NA;NA;NA;NA;NA;NA;NA;NA;NA;0;NA;0;NA;NA;1;NA;NA;NA;NA;NA;NA;NA;NA;NA;NA;NA;NA;NA;NA;NA;NA;NA;NA;NA;NA
rbbhf - hf_min;1818;0;0;NA;0;0;0;0;0;0;0;0;0;0;0;1;0;0;0;0;0;NA;NA;NA;0;0;0;0;0;0;1;NA;NA;NA;1;NA;NA;NA;NA;NA;NA;0;0;NA;NA;NA;NA;NA;NA;0;1;NA;NA;NA;NA;NA;NA;NA;NA;NA;NA;0;0;NA;0;NA;NA;0;NA;NA;1;0;NA;NA;NA;NA;NA;1;0;NA;NA;NA;NA;NA;NA;NA;NA;NA;NA;0;NA;0;NA;NA;1;NA;NA;NA;NA;NA;NA;NA;NA;NA;NA;NA;NA;NA;NA;NA;NA;NA;NA;NA;NA
rbbhf - hf_min;1819;0;1;0;0;0;0;0;0;0;0;0;0;0;0;1;0;0;0;0;0;NA;NA;NA;0;0;0;0;0;0;1;NA;NA;NA;1;NA;NA;NA;NA;NA;NA;0;0;NA;NA;NA;NA;NA;NA;0;1;NA;NA;NA;NA;NA;NA;NA;NA;NA;NA;0;0;NA;0;NA;NA;0;NA;NA;1;0;NA;NA;NA;NA;NA;1;0;NA;NA;NA;NA;NA;NA;NA;NA;NA;NA;0;NA;0;NA;NA;1;NA;NA;NA;NA;NA;NA;NA;NA;NA;NA;NA;NA;NA;NA;NA;NA;NA;NA;NA;NA
rbbhf - hf_min;1820;0;0;NA;0;0;0;0;0;0;0;0;0;0;0;0;NA;NA;NA;NA;NA;NA;NA;NA;NA;NA;NA;0;0;0;1;NA;NA;NA;NA;NA;NA;NA;NA;NA;NA;0;0;NA;NA;NA;NA;NA;NA;0;0;1;NA;NA;NA;NA;NA;NA;NA;NA;NA;0;0;NA;0;NA;NA;0;NA;NA;1;0;NA;NA;NA;NA;NA;1;0;NA;NA;NA;NA;NA;NA;NA;NA;NA;NA;0;NA;0;NA;NA;1;NA;NA;NA;NA;NA;NA;NA;NA;NA;NA;NA;NA;NA;NA;NA;NA;NA;NA;NA;NA
rbbhf - hf_min;1821;0;1;0;0;0;0;0;0;0;0;0;0;0;0;0;NA;NA;NA;NA;NA;NA;NA;NA;NA;NA;NA;0;0;0;1;NA;NA;NA;NA;NA;NA;NA;NA;NA;NA;0;0;NA;NA;NA;NA;NA;NA;0;0;1;NA;NA;NA;NA;NA;NA;NA;NA;NA;0;0;NA;0;NA;NA;0;NA;NA;1;0;NA;NA;NA;NA;NA;1;0;NA;NA;NA;NA;NA;NA;NA;NA;NA;NA;0;NA;0;NA;NA;1;NA;NA;NA;NA;NA;NA;NA;NA;NA;NA;NA;NA;NA;NA;NA;NA;NA;NA;NA;NA
rbbhf - hf_min;1822;0;0;NA;0;0;0;0;0;0;0;0;0;0;0;1;0;0;0;0;1;0;0;0;NA;NA;NA;0;0;0;1;NA;NA;NA;NA;NA;NA;NA;NA;NA;NA;0;0;NA;NA;NA;NA;NA;NA;0;0;1;NA;NA;NA;NA;NA;NA;NA;NA;NA;0;0;NA;0;NA;NA;0;NA;NA;1;0;NA;NA;NA;NA;NA;1;0;NA;NA;NA;NA;NA;NA;NA;NA;NA;NA;0;NA;0;NA;NA;1;NA;NA;NA;NA;NA;NA;NA;NA;NA;NA;NA;NA;NA;NA;NA;NA;NA;NA;NA;NA
rbbhf - hf_min;1823;0;1;0;0;0;0;0;0;0;0;0;0;0;0;1;0;0;0;0;1;0;0;0;NA;NA;NA;0;0;0;1;NA;NA;NA;NA;NA;NA;NA;NA;NA;NA;0;0;NA;NA;NA;NA;NA;NA;0;0;1;NA;NA;NA;NA;NA;NA;NA;NA;NA;0;0;NA;0;NA;NA;0;NA;NA;1;0;NA;NA;NA;NA;NA;1;0;NA;NA;NA;NA;NA;NA;NA;NA;NA;NA;0;NA;0;NA;NA;1;NA;NA;NA;NA;NA;NA;NA;NA;NA;NA;NA;NA;NA;NA;NA;NA;NA;NA;NA;NA
rbbhf - hf_min;1824;0;0;NA;0;0;0;0;0;0;0;0;0;0;0;1;0;0;0;0;0;NA;NA;NA;0;0;0;0;0;0;1;NA;NA;NA;NA;NA;NA;NA;NA;NA;NA;0;0;NA;NA;NA;NA;NA;NA;0;0;1;NA;NA;NA;NA;NA;NA;NA;NA;NA;0;0;NA;0;NA;NA;0;NA;NA;1;0;NA;NA;NA;NA;NA;1;0;NA;NA;NA;NA;NA;NA;NA;NA;NA;NA;0;NA;0;NA;NA;1;NA;NA;NA;NA;NA;NA;NA;NA;NA;NA;NA;NA;NA;NA;NA;NA;NA;NA;NA;NA
rbbhf - hf_min;1825;0;1;0;0;0;0;0;0;0;0;0;0;0;0;1;0;0;0;0;0;NA;NA;NA;0;0;0;0;0;0;1;NA;NA;NA;NA;NA;NA;NA;NA;NA;NA;0;0;NA;NA;NA;NA;NA;NA;0;0;1;NA;NA;NA;NA;NA;NA;NA;NA;NA;0;0;NA;0;NA;NA;0;NA;NA;1;0;NA;NA;NA;NA;NA;1;0;NA;NA;NA;NA;NA;NA;NA;NA;NA;NA;0;NA;0;NA;NA;1;NA;NA;NA;NA;NA;NA;NA;NA;NA;NA;NA;NA;NA;NA;NA;NA;NA;NA;NA;NA
rbbhf - hf_min;1826;0;0;NA;0;0;0;0;0;0;0;0;0;0;0;0;NA;NA;NA;NA;NA;NA;NA;NA;NA;NA;NA;0;0;0;0;NA;1;NA;NA;NA;NA;NA;NA;NA;NA;NA;NA;NA;NA;NA;NA;NA;NA;NA;NA;NA;NA;NA;NA;NA;NA;NA;NA;NA;NA;0;0;NA;0;NA;NA;0;NA;NA;0;NA;NA;NA;NA;NA;NA;0;NA;NA;NA;NA;NA;NA;NA;NA;NA;NA;NA;1;1;NA;NA;NA;NA;1;NA;NA;NA;NA;NA;NA;NA;NA;NA;NA;NA;NA;NA;NA;NA;NA;NA;NA;NA
rbbhf - hf_min;1827;0;1;0;0;0;0;0;0;0;0;0;0;0;0;0;NA;NA;NA;NA;NA;NA;NA;NA;NA;NA;NA;0;0;0;0;NA;1;NA;NA;NA;NA;NA;NA;NA;NA;NA;NA;NA;NA;NA;NA;NA;NA;NA;NA;NA;NA;NA;NA;NA;NA;NA;NA;NA;NA;0;0;NA;0;NA;NA;0;NA;NA;0;NA;NA;NA;NA;NA;NA;0;NA;NA;NA;NA;NA;NA;NA;NA;NA;NA;NA;1;1;NA;NA;NA;NA;1;NA;NA;NA;NA;NA;NA;NA;NA;NA;NA;NA;NA;NA;NA;NA;NA;NA;NA;NA
rbbhf - hf_min;1828;0;0;NA;0;0;0;0;0;0;0;0;0;0;0;1;0;0;0;0;1;0;0;0;NA;NA;NA;0;0;0;0;NA;1;NA;NA;NA;NA;NA;NA;NA;NA;NA;NA;NA;NA;NA;NA;NA;NA;NA;NA;NA;NA;NA;NA;NA;NA;NA;NA;NA;NA;0;0;NA;0;NA;NA;0;NA;NA;0;NA;NA;NA;NA;NA;NA;0;NA;NA;NA;NA;NA;NA;NA;NA;NA;NA;NA;1;1;NA;NA;NA;NA;1;NA;NA;NA;NA;NA;NA;NA;NA;NA;NA;NA;NA;NA;NA;NA;NA;NA;NA;NA
rbbhf - hf_min;1829;0;1;0;0;0;0;0;0;0;0;0;0;0;0;1;0;0;0;0;1;0;0;0;NA;NA;NA;0;0;0;0;NA;1;NA;NA;NA;NA;NA;NA;NA;NA;NA;NA;NA;NA;NA;NA;NA;NA;NA;NA;NA;NA;NA;NA;NA;NA;NA;NA;NA;NA;0;0;NA;0;NA;NA;0;NA;NA;0;NA;NA;NA;NA;NA;NA;0;NA;NA;NA;NA;NA;NA;NA;NA;NA;NA;NA;1;1;NA;NA;NA;NA;1;NA;NA;NA;NA;NA;NA;NA;NA;NA;NA;NA;NA;NA;NA;NA;NA;NA;NA;NA
rbbhf - hf_min;1830;0;0;NA;0;0;0;0;0;0;0;0;0;0;0;1;0;0;0;0;0;NA;NA;NA;0;0;0;0;0;0;0;NA;1;NA;NA;NA;NA;NA;NA;NA;NA;NA;NA;NA;NA;NA;NA;NA;NA;NA;NA;NA;NA;NA;NA;NA;NA;NA;NA;NA;NA;0;0;NA;0;NA;NA;0;NA;NA;0;NA;NA;NA;NA;NA;NA;0;NA;NA;NA;NA;NA;NA;NA;NA;NA;NA;NA;1;1;NA;NA;NA;NA;1;NA;NA;NA;NA;NA;NA;NA;NA;NA;NA;NA;NA;NA;NA;NA;NA;NA;NA;NA
rbbhf - hf_min;1831;0;1;0;0;0;0;0;0;0;0;0;0;0;0;1;0;0;0;0;0;NA;NA;NA;0;0;0;0;0;0;0;NA;1;NA;NA;NA;NA;NA;NA;NA;NA;NA;NA;NA;NA;NA;NA;NA;NA;NA;NA;NA;NA;NA;NA;NA;NA;NA;NA;NA;NA;0;0;NA;0;NA;NA;0;NA;NA;0;NA;NA;NA;NA;NA;NA;0;NA;NA;NA;NA;NA;NA;NA;NA;NA;NA;NA;1;1;NA;NA;NA;NA;1;NA;NA;NA;NA;NA;NA;NA;NA;NA;NA;NA;NA;NA;NA;NA;NA;NA;NA;NA
rbbhf - hf_min;1832;0;0;NA;0;0;0;0;0;0;0;0;0;0;0;0;NA;NA;NA;NA;NA;NA;NA;NA;NA;NA;NA;0;0;0;0;1;NA;NA;1;NA;NA;NA;NA;NA;NA;NA;NA;NA;NA;NA;NA;NA;NA;NA;NA;NA;NA;NA;NA;NA;NA;NA;NA;NA;NA;0;0;NA;0;NA;NA;0;NA;NA;0;NA;NA;NA;NA;NA;NA;0;NA;NA;NA;NA;NA;NA;NA;NA;NA;NA;NA;1;1;NA;NA;NA;NA;1;NA;NA;NA;NA;NA;NA;NA;NA;NA;NA;NA;NA;NA;NA;NA;NA;NA;NA;NA
rbbhf - hf_min;1833;0;1;0;0;0;0;0;0;0;0;0;0;0;0;0;NA;NA;NA;NA;NA;NA;NA;NA;NA;NA;NA;0;0;0;0;1;NA;NA;1;NA;NA;NA;NA;NA;NA;NA;NA;NA;NA;NA;NA;NA;NA;NA;NA;NA;NA;NA;NA;NA;NA;NA;NA;NA;NA;0;0;NA;0;NA;NA;0;NA;NA;0;NA;NA;NA;NA;NA;NA;0;NA;NA;NA;NA;NA;NA;NA;NA;NA;NA;NA;1;1;NA;NA;NA;NA;1;NA;NA;NA;NA;NA;NA;NA;NA;NA;NA;NA;NA;NA;NA;NA;NA;NA;NA;NA
rbbhf - hf_min;1834;0;0;NA;0;0;0;0;0;0;0;0;0;0;0;1;0;0;0;0;1;0;0;0;NA;NA;NA;0;0;0;0;1;NA;NA;1;NA;NA;NA;NA;NA;NA;NA;NA;NA;NA;NA;NA;NA;NA;NA;NA;NA;NA;NA;NA;NA;NA;NA;NA;NA;NA;0;0;NA;0;NA;NA;0;NA;NA;0;NA;NA;NA;NA;NA;NA;0;NA;NA;NA;NA;NA;NA;NA;NA;NA;NA;NA;1;1;NA;NA;NA;NA;1;NA;NA;NA;NA;NA;NA;NA;NA;NA;NA;NA;NA;NA;NA;NA;NA;NA;NA;NA
rbbhf - hf_min;1835;0;1;0;0;0;0;0;0;0;0;0;0;0;0;1;0;0;0;0;1;0;0;0;NA;NA;NA;0;0;0;0;1;NA;NA;1;NA;NA;NA;NA;NA;NA;NA;NA;NA;NA;NA;NA;NA;NA;NA;NA;NA;NA;NA;NA;NA;NA;NA;NA;NA;NA;0;0;NA;0;NA;NA;0;NA;NA;0;NA;NA;NA;NA;NA;NA;0;NA;NA;NA;NA;NA;NA;NA;NA;NA;NA;NA;1;1;NA;NA;NA;NA;1;NA;NA;NA;NA;NA;NA;NA;NA;NA;NA;NA;NA;NA;NA;NA;NA;NA;NA;NA
rbbhf - hf_min;1836;0;0;NA;0;0;0;0;0;0;0;0;0;0;0;1;0;0;0;0;0;NA;NA;NA;0;0;0;0;0;0;0;1;NA;NA;1;NA;NA;NA;NA;NA;NA;NA;NA;NA;NA;NA;NA;NA;NA;NA;NA;NA;NA;NA;NA;NA;NA;NA;NA;NA;NA;0;0;NA;0;NA;NA;0;NA;NA;0;NA;NA;NA;NA;NA;NA;0;NA;NA;NA;NA;NA;NA;NA;NA;NA;NA;NA;1;1;NA;NA;NA;NA;1;NA;NA;NA;NA;NA;NA;NA;NA;NA;NA;NA;NA;NA;NA;NA;NA;NA;NA;NA
rbbhf - hf_min;1837;0;1;0;0;0;0;0;0;0;0;0;0;0;0;1;0;0;0;0;0;NA;NA;NA;0;0;0;0;0;0;0;1;NA;NA;1;NA;NA;NA;NA;NA;NA;NA;NA;NA;NA;NA;NA;NA;NA;NA;NA;NA;NA;NA;NA;NA;NA;NA;NA;NA;NA;0;0;NA;0;NA;NA;0;NA;NA;0;NA;NA;NA;NA;NA;NA;0;NA;NA;NA;NA;NA;NA;NA;NA;NA;NA;NA;1;1;NA;NA;NA;NA;1;NA;NA;NA;NA;NA;NA;NA;NA;NA;NA;NA;NA;NA;NA;NA;NA;NA;NA;NA
rbbhf - hf_min;1838;0;0;NA;0;0;0;0;0;0;0;0;0;0;0;0;NA;NA;NA;NA;NA;NA;NA;NA;NA;NA;NA;0;0;0;1;NA;NA;NA;1;NA;NA;NA;NA;NA;NA;0;0;NA;NA;NA;NA;NA;NA;0;1;NA;NA;NA;NA;NA;NA;NA;NA;NA;NA;0;0;NA;0;NA;NA;0;NA;NA;0;NA;NA;NA;NA;NA;NA;0;NA;NA;NA;NA;NA;NA;NA;NA;NA;NA;NA;1;1;NA;NA;NA;NA;1;NA;NA;NA;NA;NA;NA;NA;NA;NA;NA;NA;NA;NA;NA;NA;NA;NA;NA;NA
rbbhf - hf_min;1839;0;1;0;0;0;0;0;0;0;0;0;0;0;0;0;NA;NA;NA;NA;NA;NA;NA;NA;NA;NA;NA;0;0;0;1;NA;NA;NA;1;NA;NA;NA;NA;NA;NA;0;0;NA;NA;NA;NA;NA;NA;0;1;NA;NA;NA;NA;NA;NA;NA;NA;NA;NA;0;0;NA;0;NA;NA;0;NA;NA;0;NA;NA;NA;NA;NA;NA;0;NA;NA;NA;NA;NA;NA;NA;NA;NA;NA;NA;1;1;NA;NA;NA;NA;1;NA;NA;NA;NA;NA;NA;NA;NA;NA;NA;NA;NA;NA;NA;NA;NA;NA;NA;NA
rbbhf - hf_min;1840;0;0;NA;0;0;0;0;0;0;0;0;0;0;0;1;0;0;0;0;1;0;0;0;NA;NA;NA;0;0;0;1;NA;NA;NA;1;NA;NA;NA;NA;NA;NA;0;0;NA;NA;NA;NA;NA;NA;0;1;NA;NA;NA;NA;NA;NA;NA;NA;NA;NA;0;0;NA;0;NA;NA;0;NA;NA;0;NA;NA;NA;NA;NA;NA;0;NA;NA;NA;NA;NA;NA;NA;NA;NA;NA;NA;1;1;NA;NA;NA;NA;1;NA;NA;NA;NA;NA;NA;NA;NA;NA;NA;NA;NA;NA;NA;NA;NA;NA;NA;NA
rbbhf - hf_min;1841;0;1;0;0;0;0;0;0;0;0;0;0;0;0;1;0;0;0;0;1;0;0;0;NA;NA;NA;0;0;0;1;NA;NA;NA;1;NA;NA;NA;NA;NA;NA;0;0;NA;NA;NA;NA;NA;NA;0;1;NA;NA;NA;NA;NA;NA;NA;NA;NA;NA;0;0;NA;0;NA;NA;0;NA;NA;0;NA;NA;NA;NA;NA;NA;0;NA;NA;NA;NA;NA;NA;NA;NA;NA;NA;NA;1;1;NA;NA;NA;NA;1;NA;NA;NA;NA;NA;NA;NA;NA;NA;NA;NA;NA;NA;NA;NA;NA;NA;NA;NA
rbbhf - hf_min;1842;0;0;NA;0;0;0;0;0;0;0;0;0;0;0;1;0;0;0;0;0;NA;NA;NA;0;0;0;0;0;0;1;NA;NA;NA;1;NA;NA;NA;NA;NA;NA;0;0;NA;NA;NA;NA;NA;NA;0;1;NA;NA;NA;NA;NA;NA;NA;NA;NA;NA;0;0;NA;0;NA;NA;0;NA;NA;0;NA;NA;NA;NA;NA;NA;0;NA;NA;NA;NA;NA;NA;NA;NA;NA;NA;NA;1;1;NA;NA;NA;NA;1;NA;NA;NA;NA;NA;NA;NA;NA;NA;NA;NA;NA;NA;NA;NA;NA;NA;NA;NA
rbbhf - hf_min;1843;0;1;0;0;0;0;0;0;0;0;0;0;0;0;1;0;0;0;0;0;NA;NA;NA;0;0;0;0;0;0;1;NA;NA;NA;1;NA;NA;NA;NA;NA;NA;0;0;NA;NA;NA;NA;NA;NA;0;1;NA;NA;NA;NA;NA;NA;NA;NA;NA;NA;0;0;NA;0;NA;NA;0;NA;NA;0;NA;NA;NA;NA;NA;NA;0;NA;NA;NA;NA;NA;NA;NA;NA;NA;NA;NA;1;1;NA;NA;NA;NA;1;NA;NA;NA;NA;NA;NA;NA;NA;NA;NA;NA;NA;NA;NA;NA;NA;NA;NA;NA
rbbhf - hf_min;1844;0;0;NA;0;0;0;0;0;0;0;0;0;0;0;0;NA;NA;NA;NA;NA;NA;NA;NA;NA;NA;NA;0;0;0;1;NA;NA;NA;NA;NA;NA;NA;NA;NA;NA;0;0;NA;NA;NA;NA;NA;NA;0;0;1;NA;NA;NA;NA;NA;NA;NA;NA;NA;0;0;NA;0;NA;NA;0;NA;NA;0;NA;NA;NA;NA;NA;NA;0;NA;NA;NA;NA;NA;NA;NA;NA;NA;NA;NA;1;1;NA;NA;NA;NA;1;NA;NA;NA;NA;NA;NA;NA;NA;NA;NA;NA;NA;NA;NA;NA;NA;NA;NA;NA
rbbhf - hf_min;1845;0;1;0;0;0;0;0;0;0;0;0;0;0;0;0;NA;NA;NA;NA;NA;NA;NA;NA;NA;NA;NA;0;0;0;1;NA;NA;NA;NA;NA;NA;NA;NA;NA;NA;0;0;NA;NA;NA;NA;NA;NA;0;0;1;NA;NA;NA;NA;NA;NA;NA;NA;NA;0;0;NA;0;NA;NA;0;NA;NA;0;NA;NA;NA;NA;NA;NA;0;NA;NA;NA;NA;NA;NA;NA;NA;NA;NA;NA;1;1;NA;NA;NA;NA;1;NA;NA;NA;NA;NA;NA;NA;NA;NA;NA;NA;NA;NA;NA;NA;NA;NA;NA;NA
rbbhf - hf_min;1846;0;0;NA;0;0;0;0;0;0;0;0;0;0;0;1;0;0;0;0;1;0;0;0;NA;NA;NA;0;0;0;1;NA;NA;NA;NA;NA;NA;NA;NA;NA;NA;0;0;NA;NA;NA;NA;NA;NA;0;0;1;NA;NA;NA;NA;NA;NA;NA;NA;NA;0;0;NA;0;NA;NA;0;NA;NA;0;NA;NA;NA;NA;NA;NA;0;NA;NA;NA;NA;NA;NA;NA;NA;NA;NA;NA;1;1;NA;NA;NA;NA;1;NA;NA;NA;NA;NA;NA;NA;NA;NA;NA;NA;NA;NA;NA;NA;NA;NA;NA;NA
rbbhf - hf_min;1847;0;1;0;0;0;0;0;0;0;0;0;0;0;0;1;0;0;0;0;1;0;0;0;NA;NA;NA;0;0;0;1;NA;NA;NA;NA;NA;NA;NA;NA;NA;NA;0;0;NA;NA;NA;NA;NA;NA;0;0;1;NA;NA;NA;NA;NA;NA;NA;NA;NA;0;0;NA;0;NA;NA;0;NA;NA;0;NA;NA;NA;NA;NA;NA;0;NA;NA;NA;NA;NA;NA;NA;NA;NA;NA;NA;1;1;NA;NA;NA;NA;1;NA;NA;NA;NA;NA;NA;NA;NA;NA;NA;NA;NA;NA;NA;NA;NA;NA;NA;NA
rbbhf - hf_min;1848;0;0;NA;0;0;0;0;0;0;0;0;0;0;0;1;0;0;0;0;0;NA;NA;NA;0;0;0;0;0;0;1;NA;NA;NA;NA;NA;NA;NA;NA;NA;NA;0;0;NA;NA;NA;NA;NA;NA;0;0;1;NA;NA;NA;NA;NA;NA;NA;NA;NA;0;0;NA;0;NA;NA;0;NA;NA;0;NA;NA;NA;NA;NA;NA;0;NA;NA;NA;NA;NA;NA;NA;NA;NA;NA;NA;1;1;NA;NA;NA;NA;1;NA;NA;NA;NA;NA;NA;NA;NA;NA;NA;NA;NA;NA;NA;NA;NA;NA;NA;NA
rbbhf - hf_min;1849;0;1;0;0;0;0;0;0;0;0;0;0;0;0;1;0;0;0;0;0;NA;NA;NA;0;0;0;0;0;0;1;NA;NA;NA;NA;NA;NA;NA;NA;NA;NA;0;0;NA;NA;NA;NA;NA;NA;0;0;1;NA;NA;NA;NA;NA;NA;NA;NA;NA;0;0;NA;0;NA;NA;0;NA;NA;0;NA;NA;NA;NA;NA;NA;0;NA;NA;NA;NA;NA;NA;NA;NA;NA;NA;NA;1;1;NA;NA;NA;NA;1;NA;NA;NA;NA;NA;NA;NA;NA;NA;NA;NA;NA;NA;NA;NA;NA;NA;NA;NA
rbbhf - hf_min;1850;0;0;NA;0;0;0;0;0;0;0;0;0;0;0;0;NA;NA;NA;NA;NA;NA;NA;NA;NA;NA;NA;0;0;0;0;NA;1;NA;NA;NA;NA;NA;NA;NA;NA;NA;NA;NA;NA;NA;NA;NA;NA;NA;NA;NA;NA;NA;NA;NA;NA;NA;NA;NA;NA;0;0;NA;0;NA;NA;0;NA;NA;1;0;NA;NA;NA;NA;NA;0;NA;NA;NA;NA;NA;NA;NA;NA;NA;NA;NA;1;1;NA;NA;NA;NA;1;NA;NA;NA;NA;NA;NA;NA;NA;NA;NA;NA;NA;NA;NA;NA;NA;NA;NA;NA
rbbhf - hf_min;1851;0;1;0;0;0;0;0;0;0;0;0;0;0;0;0;NA;NA;NA;NA;NA;NA;NA;NA;NA;NA;NA;0;0;0;0;NA;1;NA;NA;NA;NA;NA;NA;NA;NA;NA;NA;NA;NA;NA;NA;NA;NA;NA;NA;NA;NA;NA;NA;NA;NA;NA;NA;NA;NA;0;0;NA;0;NA;NA;0;NA;NA;1;0;NA;NA;NA;NA;NA;0;NA;NA;NA;NA;NA;NA;NA;NA;NA;NA;NA;1;1;NA;NA;NA;NA;1;NA;NA;NA;NA;NA;NA;NA;NA;NA;NA;NA;NA;NA;NA;NA;NA;NA;NA;NA
rbbhf - hf_min;1852;0;0;NA;0;0;0;0;0;0;0;0;0;0;0;1;0;0;0;0;1;0;0;0;NA;NA;NA;0;0;0;0;NA;1;NA;NA;NA;NA;NA;NA;NA;NA;NA;NA;NA;NA;NA;NA;NA;NA;NA;NA;NA;NA;NA;NA;NA;NA;NA;NA;NA;NA;0;0;NA;0;NA;NA;0;NA;NA;1;0;NA;NA;NA;NA;NA;0;NA;NA;NA;NA;NA;NA;NA;NA;NA;NA;NA;1;1;NA;NA;NA;NA;1;NA;NA;NA;NA;NA;NA;NA;NA;NA;NA;NA;NA;NA;NA;NA;NA;NA;NA;NA
rbbhf - hf_min;1853;0;1;0;0;0;0;0;0;0;0;0;0;0;0;1;0;0;0;0;1;0;0;0;NA;NA;NA;0;0;0;0;NA;1;NA;NA;NA;NA;NA;NA;NA;NA;NA;NA;NA;NA;NA;NA;NA;NA;NA;NA;NA;NA;NA;NA;NA;NA;NA;NA;NA;NA;0;0;NA;0;NA;NA;0;NA;NA;1;0;NA;NA;NA;NA;NA;0;NA;NA;NA;NA;NA;NA;NA;NA;NA;NA;NA;1;1;NA;NA;NA;NA;1;NA;NA;NA;NA;NA;NA;NA;NA;NA;NA;NA;NA;NA;NA;NA;NA;NA;NA;NA
rbbhf - hf_min;1854;0;0;NA;0;0;0;0;0;0;0;0;0;0;0;1;0;0;0;0;0;NA;NA;NA;0;0;0;0;0;0;0;NA;1;NA;NA;NA;NA;NA;NA;NA;NA;NA;NA;NA;NA;NA;NA;NA;NA;NA;NA;NA;NA;NA;NA;NA;NA;NA;NA;NA;NA;0;0;NA;0;NA;NA;0;NA;NA;1;0;NA;NA;NA;NA;NA;0;NA;NA;NA;NA;NA;NA;NA;NA;NA;NA;NA;1;1;NA;NA;NA;NA;1;NA;NA;NA;NA;NA;NA;NA;NA;NA;NA;NA;NA;NA;NA;NA;NA;NA;NA;NA
rbbhf - hf_min;1855;0;1;0;0;0;0;0;0;0;0;0;0;0;0;1;0;0;0;0;0;NA;NA;NA;0;0;0;0;0;0;0;NA;1;NA;NA;NA;NA;NA;NA;NA;NA;NA;NA;NA;NA;NA;NA;NA;NA;NA;NA;NA;NA;NA;NA;NA;NA;NA;NA;NA;NA;0;0;NA;0;NA;NA;0;NA;NA;1;0;NA;NA;NA;NA;NA;0;NA;NA;NA;NA;NA;NA;NA;NA;NA;NA;NA;1;1;NA;NA;NA;NA;1;NA;NA;NA;NA;NA;NA;NA;NA;NA;NA;NA;NA;NA;NA;NA;NA;NA;NA;NA
rbbhf - hf_min;1856;0;0;NA;0;0;0;0;0;0;0;0;0;0;0;0;NA;NA;NA;NA;NA;NA;NA;NA;NA;NA;NA;0;0;0;0;1;NA;NA;1;NA;NA;NA;NA;NA;NA;NA;NA;NA;NA;NA;NA;NA;NA;NA;NA;NA;NA;NA;NA;NA;NA;NA;NA;NA;NA;0;0;NA;0;NA;NA;0;NA;NA;1;0;NA;NA;NA;NA;NA;0;NA;NA;NA;NA;NA;NA;NA;NA;NA;NA;NA;1;1;NA;NA;NA;NA;1;NA;NA;NA;NA;NA;NA;NA;NA;NA;NA;NA;NA;NA;NA;NA;NA;NA;NA;NA
rbbhf - hf_min;1857;0;1;0;0;0;0;0;0;0;0;0;0;0;0;0;NA;NA;NA;NA;NA;NA;NA;NA;NA;NA;NA;0;0;0;0;1;NA;NA;1;NA;NA;NA;NA;NA;NA;NA;NA;NA;NA;NA;NA;NA;NA;NA;NA;NA;NA;NA;NA;NA;NA;NA;NA;NA;NA;0;0;NA;0;NA;NA;0;NA;NA;1;0;NA;NA;NA;NA;NA;0;NA;NA;NA;NA;NA;NA;NA;NA;NA;NA;NA;1;1;NA;NA;NA;NA;1;NA;NA;NA;NA;NA;NA;NA;NA;NA;NA;NA;NA;NA;NA;NA;NA;NA;NA;NA
rbbhf - hf_min;1858;0;0;NA;0;0;0;0;0;0;0;0;0;0;0;1;0;0;0;0;1;0;0;0;NA;NA;NA;0;0;0;0;1;NA;NA;1;NA;NA;NA;NA;NA;NA;NA;NA;NA;NA;NA;NA;NA;NA;NA;NA;NA;NA;NA;NA;NA;NA;NA;NA;NA;NA;0;0;NA;0;NA;NA;0;NA;NA;1;0;NA;NA;NA;NA;NA;0;NA;NA;NA;NA;NA;NA;NA;NA;NA;NA;NA;1;1;NA;NA;NA;NA;1;NA;NA;NA;NA;NA;NA;NA;NA;NA;NA;NA;NA;NA;NA;NA;NA;NA;NA;NA
rbbhf - hf_min;1859;0;1;0;0;0;0;0;0;0;0;0;0;0;0;1;0;0;0;0;1;0;0;0;NA;NA;NA;0;0;0;0;1;NA;NA;1;NA;NA;NA;NA;NA;NA;NA;NA;NA;NA;NA;NA;NA;NA;NA;NA;NA;NA;NA;NA;NA;NA;NA;NA;NA;NA;0;0;NA;0;NA;NA;0;NA;NA;1;0;NA;NA;NA;NA;NA;0;NA;NA;NA;NA;NA;NA;NA;NA;NA;NA;NA;1;1;NA;NA;NA;NA;1;NA;NA;NA;NA;NA;NA;NA;NA;NA;NA;NA;NA;NA;NA;NA;NA;NA;NA;NA
rbbhf - hf_min;1860;0;0;NA;0;0;0;0;0;0;0;0;0;0;0;1;0;0;0;0;0;NA;NA;NA;0;0;0;0;0;0;0;1;NA;NA;1;NA;NA;NA;NA;NA;NA;NA;NA;NA;NA;NA;NA;NA;NA;NA;NA;NA;NA;NA;NA;NA;NA;NA;NA;NA;NA;0;0;NA;0;NA;NA;0;NA;NA;1;0;NA;NA;NA;NA;NA;0;NA;NA;NA;NA;NA;NA;NA;NA;NA;NA;NA;1;1;NA;NA;NA;NA;1;NA;NA;NA;NA;NA;NA;NA;NA;NA;NA;NA;NA;NA;NA;NA;NA;NA;NA;NA
rbbhf - hf_min;1861;0;1;0;0;0;0;0;0;0;0;0;0;0;0;1;0;0;0;0;0;NA;NA;NA;0;0;0;0;0;0;0;1;NA;NA;1;NA;NA;NA;NA;NA;NA;NA;NA;NA;NA;NA;NA;NA;NA;NA;NA;NA;NA;NA;NA;NA;NA;NA;NA;NA;NA;0;0;NA;0;NA;NA;0;NA;NA;1;0;NA;NA;NA;NA;NA;0;NA;NA;NA;NA;NA;NA;NA;NA;NA;NA;NA;1;1;NA;NA;NA;NA;1;NA;NA;NA;NA;NA;NA;NA;NA;NA;NA;NA;NA;NA;NA;NA;NA;NA;NA;NA
rbbhf - hf_min;1862;0;0;NA;0;0;0;0;0;0;0;0;0;0;0;0;NA;NA;NA;NA;NA;NA;NA;NA;NA;NA;NA;0;0;0;1;NA;NA;NA;1;NA;NA;NA;NA;NA;NA;0;0;NA;NA;NA;NA;NA;NA;0;1;NA;NA;NA;NA;NA;NA;NA;NA;NA;NA;0;0;NA;0;NA;NA;0;NA;NA;1;0;NA;NA;NA;NA;NA;0;NA;NA;NA;NA;NA;NA;NA;NA;NA;NA;NA;1;1;NA;NA;NA;NA;1;NA;NA;NA;NA;NA;NA;NA;NA;NA;NA;NA;NA;NA;NA;NA;NA;NA;NA;NA
rbbhf - hf_min;1863;0;1;0;0;0;0;0;0;0;0;0;0;0;0;0;NA;NA;NA;NA;NA;NA;NA;NA;NA;NA;NA;0;0;0;1;NA;NA;NA;1;NA;NA;NA;NA;NA;NA;0;0;NA;NA;NA;NA;NA;NA;0;1;NA;NA;NA;NA;NA;NA;NA;NA;NA;NA;0;0;NA;0;NA;NA;0;NA;NA;1;0;NA;NA;NA;NA;NA;0;NA;NA;NA;NA;NA;NA;NA;NA;NA;NA;NA;1;1;NA;NA;NA;NA;1;NA;NA;NA;NA;NA;NA;NA;NA;NA;NA;NA;NA;NA;NA;NA;NA;NA;NA;NA
rbbhf - hf_min;1864;0;0;NA;0;0;0;0;0;0;0;0;0;0;0;1;0;0;0;0;1;0;0;0;NA;NA;NA;0;0;0;1;NA;NA;NA;1;NA;NA;NA;NA;NA;NA;0;0;NA;NA;NA;NA;NA;NA;0;1;NA;NA;NA;NA;NA;NA;NA;NA;NA;NA;0;0;NA;0;NA;NA;0;NA;NA;1;0;NA;NA;NA;NA;NA;0;NA;NA;NA;NA;NA;NA;NA;NA;NA;NA;NA;1;1;NA;NA;NA;NA;1;NA;NA;NA;NA;NA;NA;NA;NA;NA;NA;NA;NA;NA;NA;NA;NA;NA;NA;NA
rbbhf - hf_min;1865;0;1;0;0;0;0;0;0;0;0;0;0;0;0;1;0;0;0;0;1;0;0;0;NA;NA;NA;0;0;0;1;NA;NA;NA;1;NA;NA;NA;NA;NA;NA;0;0;NA;NA;NA;NA;NA;NA;0;1;NA;NA;NA;NA;NA;NA;NA;NA;NA;NA;0;0;NA;0;NA;NA;0;NA;NA;1;0;NA;NA;NA;NA;NA;0;NA;NA;NA;NA;NA;NA;NA;NA;NA;NA;NA;1;1;NA;NA;NA;NA;1;NA;NA;NA;NA;NA;NA;NA;NA;NA;NA;NA;NA;NA;NA;NA;NA;NA;NA;NA
rbbhf - hf_min;1866;0;0;NA;0;0;0;0;0;0;0;0;0;0;0;1;0;0;0;0;0;NA;NA;NA;0;0;0;0;0;0;1;NA;NA;NA;1;NA;NA;NA;NA;NA;NA;0;0;NA;NA;NA;NA;NA;NA;0;1;NA;NA;NA;NA;NA;NA;NA;NA;NA;NA;0;0;NA;0;NA;NA;0;NA;NA;1;0;NA;NA;NA;NA;NA;0;NA;NA;NA;NA;NA;NA;NA;NA;NA;NA;NA;1;1;NA;NA;NA;NA;1;NA;NA;NA;NA;NA;NA;NA;NA;NA;NA;NA;NA;NA;NA;NA;NA;NA;NA;NA
rbbhf - hf_min;1867;0;1;0;0;0;0;0;0;0;0;0;0;0;0;1;0;0;0;0;0;NA;NA;NA;0;0;0;0;0;0;1;NA;NA;NA;1;NA;NA;NA;NA;NA;NA;0;0;NA;NA;NA;NA;NA;NA;0;1;NA;NA;NA;NA;NA;NA;NA;NA;NA;NA;0;0;NA;0;NA;NA;0;NA;NA;1;0;NA;NA;NA;NA;NA;0;NA;NA;NA;NA;NA;NA;NA;NA;NA;NA;NA;1;1;NA;NA;NA;NA;1;NA;NA;NA;NA;NA;NA;NA;NA;NA;NA;NA;NA;NA;NA;NA;NA;NA;NA;NA
rbbhf - hf_min;1868;0;0;NA;0;0;0;0;0;0;0;0;0;0;0;0;NA;NA;NA;NA;NA;NA;NA;NA;NA;NA;NA;0;0;0;1;NA;NA;NA;NA;NA;NA;NA;NA;NA;NA;0;0;NA;NA;NA;NA;NA;NA;0;0;1;NA;NA;NA;NA;NA;NA;NA;NA;NA;0;0;NA;0;NA;NA;0;NA;NA;1;0;NA;NA;NA;NA;NA;0;NA;NA;NA;NA;NA;NA;NA;NA;NA;NA;NA;1;1;NA;NA;NA;NA;1;NA;NA;NA;NA;NA;NA;NA;NA;NA;NA;NA;NA;NA;NA;NA;NA;NA;NA;NA
rbbhf - hf_min;1869;0;1;0;0;0;0;0;0;0;0;0;0;0;0;0;NA;NA;NA;NA;NA;NA;NA;NA;NA;NA;NA;0;0;0;1;NA;NA;NA;NA;NA;NA;NA;NA;NA;NA;0;0;NA;NA;NA;NA;NA;NA;0;0;1;NA;NA;NA;NA;NA;NA;NA;NA;NA;0;0;NA;0;NA;NA;0;NA;NA;1;0;NA;NA;NA;NA;NA;0;NA;NA;NA;NA;NA;NA;NA;NA;NA;NA;NA;1;1;NA;NA;NA;NA;1;NA;NA;NA;NA;NA;NA;NA;NA;NA;NA;NA;NA;NA;NA;NA;NA;NA;NA;NA
rbbhf - hf_min;1870;0;0;NA;0;0;0;0;0;0;0;0;0;0;0;1;0;0;0;0;1;0;0;0;NA;NA;NA;0;0;0;1;NA;NA;NA;NA;NA;NA;NA;NA;NA;NA;0;0;NA;NA;NA;NA;NA;NA;0;0;1;NA;NA;NA;NA;NA;NA;NA;NA;NA;0;0;NA;0;NA;NA;0;NA;NA;1;0;NA;NA;NA;NA;NA;0;NA;NA;NA;NA;NA;NA;NA;NA;NA;NA;NA;1;1;NA;NA;NA;NA;1;NA;NA;NA;NA;NA;NA;NA;NA;NA;NA;NA;NA;NA;NA;NA;NA;NA;NA;NA
rbbhf - hf_min;1871;0;1;0;0;0;0;0;0;0;0;0;0;0;0;1;0;0;0;0;1;0;0;0;NA;NA;NA;0;0;0;1;NA;NA;NA;NA;NA;NA;NA;NA;NA;NA;0;0;NA;NA;NA;NA;NA;NA;0;0;1;NA;NA;NA;NA;NA;NA;NA;NA;NA;0;0;NA;0;NA;NA;0;NA;NA;1;0;NA;NA;NA;NA;NA;0;NA;NA;NA;NA;NA;NA;NA;NA;NA;NA;NA;1;1;NA;NA;NA;NA;1;NA;NA;NA;NA;NA;NA;NA;NA;NA;NA;NA;NA;NA;NA;NA;NA;NA;NA;NA
rbbhf - hf_min;1872;0;0;NA;0;0;0;0;0;0;0;0;0;0;0;1;0;0;0;0;0;NA;NA;NA;0;0;0;0;0;0;1;NA;NA;NA;NA;NA;NA;NA;NA;NA;NA;0;0;NA;NA;NA;NA;NA;NA;0;0;1;NA;NA;NA;NA;NA;NA;NA;NA;NA;0;0;NA;0;NA;NA;0;NA;NA;1;0;NA;NA;NA;NA;NA;0;NA;NA;NA;NA;NA;NA;NA;NA;NA;NA;NA;1;1;NA;NA;NA;NA;1;NA;NA;NA;NA;NA;NA;NA;NA;NA;NA;NA;NA;NA;NA;NA;NA;NA;NA;NA
rbbhf - hf_min;1873;0;1;0;0;0;0;0;0;0;0;0;0;0;0;1;0;0;0;0;0;NA;NA;NA;0;0;0;0;0;0;1;NA;NA;NA;NA;NA;NA;NA;NA;NA;NA;0;0;NA;NA;NA;NA;NA;NA;0;0;1;NA;NA;NA;NA;NA;NA;NA;NA;NA;0;0;NA;0;NA;NA;0;NA;NA;1;0;NA;NA;NA;NA;NA;0;NA;NA;NA;NA;NA;NA;NA;NA;NA;NA;NA;1;1;NA;NA;NA;NA;1;NA;NA;NA;NA;NA;NA;NA;NA;NA;NA;NA;NA;NA;NA;NA;NA;NA;NA;NA
rbbhf - hf_min;1874;0;0;NA;0;0;0;0;0;0;0;0;0;0;0;0;NA;NA;NA;NA;NA;NA;NA;NA;NA;NA;NA;0;0;0;0;NA;1;NA;NA;NA;NA;NA;NA;NA;NA;NA;NA;NA;NA;NA;NA;NA;NA;NA;NA;NA;NA;NA;NA;NA;NA;NA;NA;NA;NA;0;0;NA;0;NA;NA;0;NA;NA;0;NA;NA;NA;NA;NA;NA;1;0;NA;NA;NA;NA;NA;NA;NA;NA;NA;NA;1;1;NA;NA;NA;NA;1;NA;NA;NA;NA;NA;NA;NA;NA;NA;NA;NA;NA;NA;NA;NA;NA;NA;NA;NA
rbbhf - hf_min;1875;0;1;0;0;0;0;0;0;0;0;0;0;0;0;0;NA;NA;NA;NA;NA;NA;NA;NA;NA;NA;NA;0;0;0;0;NA;1;NA;NA;NA;NA;NA;NA;NA;NA;NA;NA;NA;NA;NA;NA;NA;NA;NA;NA;NA;NA;NA;NA;NA;NA;NA;NA;NA;NA;0;0;NA;0;NA;NA;0;NA;NA;0;NA;NA;NA;NA;NA;NA;1;0;NA;NA;NA;NA;NA;NA;NA;NA;NA;NA;1;1;NA;NA;NA;NA;1;NA;NA;NA;NA;NA;NA;NA;NA;NA;NA;NA;NA;NA;NA;NA;NA;NA;NA;NA
rbbhf - hf_min;1876;0;0;NA;0;0;0;0;0;0;0;0;0;0;0;1;0;0;0;0;1;0;0;0;NA;NA;NA;0;0;0;0;NA;1;NA;NA;NA;NA;NA;NA;NA;NA;NA;NA;NA;NA;NA;NA;NA;NA;NA;NA;NA;NA;NA;NA;NA;NA;NA;NA;NA;NA;0;0;NA;0;NA;NA;0;NA;NA;0;NA;NA;NA;NA;NA;NA;1;0;NA;NA;NA;NA;NA;NA;NA;NA;NA;NA;1;1;NA;NA;NA;NA;1;NA;NA;NA;NA;NA;NA;NA;NA;NA;NA;NA;NA;NA;NA;NA;NA;NA;NA;NA
rbbhf - hf_min;1877;0;1;0;0;0;0;0;0;0;0;0;0;0;0;1;0;0;0;0;1;0;0;0;NA;NA;NA;0;0;0;0;NA;1;NA;NA;NA;NA;NA;NA;NA;NA;NA;NA;NA;NA;NA;NA;NA;NA;NA;NA;NA;NA;NA;NA;NA;NA;NA;NA;NA;NA;0;0;NA;0;NA;NA;0;NA;NA;0;NA;NA;NA;NA;NA;NA;1;0;NA;NA;NA;NA;NA;NA;NA;NA;NA;NA;1;1;NA;NA;NA;NA;1;NA;NA;NA;NA;NA;NA;NA;NA;NA;NA;NA;NA;NA;NA;NA;NA;NA;NA;NA
rbbhf - hf_min;1878;0;0;NA;0;0;0;0;0;0;0;0;0;0;0;1;0;0;0;0;0;NA;NA;NA;0;0;0;0;0;0;0;NA;1;NA;NA;NA;NA;NA;NA;NA;NA;NA;NA;NA;NA;NA;NA;NA;NA;NA;NA;NA;NA;NA;NA;NA;NA;NA;NA;NA;NA;0;0;NA;0;NA;NA;0;NA;NA;0;NA;NA;NA;NA;NA;NA;1;0;NA;NA;NA;NA;NA;NA;NA;NA;NA;NA;1;1;NA;NA;NA;NA;1;NA;NA;NA;NA;NA;NA;NA;NA;NA;NA;NA;NA;NA;NA;NA;NA;NA;NA;NA
rbbhf - hf_min;1879;0;1;0;0;0;0;0;0;0;0;0;0;0;0;1;0;0;0;0;0;NA;NA;NA;0;0;0;0;0;0;0;NA;1;NA;NA;NA;NA;NA;NA;NA;NA;NA;NA;NA;NA;NA;NA;NA;NA;NA;NA;NA;NA;NA;NA;NA;NA;NA;NA;NA;NA;0;0;NA;0;NA;NA;0;NA;NA;0;NA;NA;NA;NA;NA;NA;1;0;NA;NA;NA;NA;NA;NA;NA;NA;NA;NA;1;1;NA;NA;NA;NA;1;NA;NA;NA;NA;NA;NA;NA;NA;NA;NA;NA;NA;NA;NA;NA;NA;NA;NA;NA
rbbhf - hf_min;1880;0;0;NA;0;0;0;0;0;0;0;0;0;0;0;0;NA;NA;NA;NA;NA;NA;NA;NA;NA;NA;NA;0;0;0;0;1;NA;NA;1;NA;NA;NA;NA;NA;NA;NA;NA;NA;NA;NA;NA;NA;NA;NA;NA;NA;NA;NA;NA;NA;NA;NA;NA;NA;NA;0;0;NA;0;NA;NA;0;NA;NA;0;NA;NA;NA;NA;NA;NA;1;0;NA;NA;NA;NA;NA;NA;NA;NA;NA;NA;1;1;NA;NA;NA;NA;1;NA;NA;NA;NA;NA;NA;NA;NA;NA;NA;NA;NA;NA;NA;NA;NA;NA;NA;NA
rbbhf - hf_min;1881;0;1;0;0;0;0;0;0;0;0;0;0;0;0;0;NA;NA;NA;NA;NA;NA;NA;NA;NA;NA;NA;0;0;0;0;1;NA;NA;1;NA;NA;NA;NA;NA;NA;NA;NA;NA;NA;NA;NA;NA;NA;NA;NA;NA;NA;NA;NA;NA;NA;NA;NA;NA;NA;0;0;NA;0;NA;NA;0;NA;NA;0;NA;NA;NA;NA;NA;NA;1;0;NA;NA;NA;NA;NA;NA;NA;NA;NA;NA;1;1;NA;NA;NA;NA;1;NA;NA;NA;NA;NA;NA;NA;NA;NA;NA;NA;NA;NA;NA;NA;NA;NA;NA;NA
rbbhf - hf_min;1882;0;0;NA;0;0;0;0;0;0;0;0;0;0;0;1;0;0;0;0;1;0;0;0;NA;NA;NA;0;0;0;0;1;NA;NA;1;NA;NA;NA;NA;NA;NA;NA;NA;NA;NA;NA;NA;NA;NA;NA;NA;NA;NA;NA;NA;NA;NA;NA;NA;NA;NA;0;0;NA;0;NA;NA;0;NA;NA;0;NA;NA;NA;NA;NA;NA;1;0;NA;NA;NA;NA;NA;NA;NA;NA;NA;NA;1;1;NA;NA;NA;NA;1;NA;NA;NA;NA;NA;NA;NA;NA;NA;NA;NA;NA;NA;NA;NA;NA;NA;NA;NA
rbbhf - hf_min;1883;0;1;0;0;0;0;0;0;0;0;0;0;0;0;1;0;0;0;0;1;0;0;0;NA;NA;NA;0;0;0;0;1;NA;NA;1;NA;NA;NA;NA;NA;NA;NA;NA;NA;NA;NA;NA;NA;NA;NA;NA;NA;NA;NA;NA;NA;NA;NA;NA;NA;NA;0;0;NA;0;NA;NA;0;NA;NA;0;NA;NA;NA;NA;NA;NA;1;0;NA;NA;NA;NA;NA;NA;NA;NA;NA;NA;1;1;NA;NA;NA;NA;1;NA;NA;NA;NA;NA;NA;NA;NA;NA;NA;NA;NA;NA;NA;NA;NA;NA;NA;NA
rbbhf - hf_min;1884;0;0;NA;0;0;0;0;0;0;0;0;0;0;0;1;0;0;0;0;0;NA;NA;NA;0;0;0;0;0;0;0;1;NA;NA;1;NA;NA;NA;NA;NA;NA;NA;NA;NA;NA;NA;NA;NA;NA;NA;NA;NA;NA;NA;NA;NA;NA;NA;NA;NA;NA;0;0;NA;0;NA;NA;0;NA;NA;0;NA;NA;NA;NA;NA;NA;1;0;NA;NA;NA;NA;NA;NA;NA;NA;NA;NA;1;1;NA;NA;NA;NA;1;NA;NA;NA;NA;NA;NA;NA;NA;NA;NA;NA;NA;NA;NA;NA;NA;NA;NA;NA
rbbhf - hf_min;1885;0;1;0;0;0;0;0;0;0;0;0;0;0;0;1;0;0;0;0;0;NA;NA;NA;0;0;0;0;0;0;0;1;NA;NA;1;NA;NA;NA;NA;NA;NA;NA;NA;NA;NA;NA;NA;NA;NA;NA;NA;NA;NA;NA;NA;NA;NA;NA;NA;NA;NA;0;0;NA;0;NA;NA;0;NA;NA;0;NA;NA;NA;NA;NA;NA;1;0;NA;NA;NA;NA;NA;NA;NA;NA;NA;NA;1;1;NA;NA;NA;NA;1;NA;NA;NA;NA;NA;NA;NA;NA;NA;NA;NA;NA;NA;NA;NA;NA;NA;NA;NA
rbbhf - hf_min;1886;0;0;NA;0;0;0;0;0;0;0;0;0;0;0;0;NA;NA;NA;NA;NA;NA;NA;NA;NA;NA;NA;0;0;0;1;NA;NA;NA;1;NA;NA;NA;NA;NA;NA;0;0;NA;NA;NA;NA;NA;NA;0;1;NA;NA;NA;NA;NA;NA;NA;NA;NA;NA;0;0;NA;0;NA;NA;0;NA;NA;0;NA;NA;NA;NA;NA;NA;1;0;NA;NA;NA;NA;NA;NA;NA;NA;NA;NA;1;1;NA;NA;NA;NA;1;NA;NA;NA;NA;NA;NA;NA;NA;NA;NA;NA;NA;NA;NA;NA;NA;NA;NA;NA
rbbhf - hf_min;1887;0;1;0;0;0;0;0;0;0;0;0;0;0;0;0;NA;NA;NA;NA;NA;NA;NA;NA;NA;NA;NA;0;0;0;1;NA;NA;NA;1;NA;NA;NA;NA;NA;NA;0;0;NA;NA;NA;NA;NA;NA;0;1;NA;NA;NA;NA;NA;NA;NA;NA;NA;NA;0;0;NA;0;NA;NA;0;NA;NA;0;NA;NA;NA;NA;NA;NA;1;0;NA;NA;NA;NA;NA;NA;NA;NA;NA;NA;1;1;NA;NA;NA;NA;1;NA;NA;NA;NA;NA;NA;NA;NA;NA;NA;NA;NA;NA;NA;NA;NA;NA;NA;NA
rbbhf - hf_min;1888;0;0;NA;0;0;0;0;0;0;0;0;0;0;0;1;0;0;0;0;1;0;0;0;NA;NA;NA;0;0;0;1;NA;NA;NA;1;NA;NA;NA;NA;NA;NA;0;0;NA;NA;NA;NA;NA;NA;0;1;NA;NA;NA;NA;NA;NA;NA;NA;NA;NA;0;0;NA;0;NA;NA;0;NA;NA;0;NA;NA;NA;NA;NA;NA;1;0;NA;NA;NA;NA;NA;NA;NA;NA;NA;NA;1;1;NA;NA;NA;NA;1;NA;NA;NA;NA;NA;NA;NA;NA;NA;NA;NA;NA;NA;NA;NA;NA;NA;NA;NA
rbbhf - hf_min;1889;0;1;0;0;0;0;0;0;0;0;0;0;0;0;1;0;0;0;0;1;0;0;0;NA;NA;NA;0;0;0;1;NA;NA;NA;1;NA;NA;NA;NA;NA;NA;0;0;NA;NA;NA;NA;NA;NA;0;1;NA;NA;NA;NA;NA;NA;NA;NA;NA;NA;0;0;NA;0;NA;NA;0;NA;NA;0;NA;NA;NA;NA;NA;NA;1;0;NA;NA;NA;NA;NA;NA;NA;NA;NA;NA;1;1;NA;NA;NA;NA;1;NA;NA;NA;NA;NA;NA;NA;NA;NA;NA;NA;NA;NA;NA;NA;NA;NA;NA;NA
rbbhf - hf_min;1890;0;0;NA;0;0;0;0;0;0;0;0;0;0;0;1;0;0;0;0;0;NA;NA;NA;0;0;0;0;0;0;1;NA;NA;NA;1;NA;NA;NA;NA;NA;NA;0;0;NA;NA;NA;NA;NA;NA;0;1;NA;NA;NA;NA;NA;NA;NA;NA;NA;NA;0;0;NA;0;NA;NA;0;NA;NA;0;NA;NA;NA;NA;NA;NA;1;0;NA;NA;NA;NA;NA;NA;NA;NA;NA;NA;1;1;NA;NA;NA;NA;1;NA;NA;NA;NA;NA;NA;NA;NA;NA;NA;NA;NA;NA;NA;NA;NA;NA;NA;NA
rbbhf - hf_min;1891;0;1;0;0;0;0;0;0;0;0;0;0;0;0;1;0;0;0;0;0;NA;NA;NA;0;0;0;0;0;0;1;NA;NA;NA;1;NA;NA;NA;NA;NA;NA;0;0;NA;NA;NA;NA;NA;NA;0;1;NA;NA;NA;NA;NA;NA;NA;NA;NA;NA;0;0;NA;0;NA;NA;0;NA;NA;0;NA;NA;NA;NA;NA;NA;1;0;NA;NA;NA;NA;NA;NA;NA;NA;NA;NA;1;1;NA;NA;NA;NA;1;NA;NA;NA;NA;NA;NA;NA;NA;NA;NA;NA;NA;NA;NA;NA;NA;NA;NA;NA
rbbhf - hf_min;1892;0;0;NA;0;0;0;0;0;0;0;0;0;0;0;0;NA;NA;NA;NA;NA;NA;NA;NA;NA;NA;NA;0;0;0;1;NA;NA;NA;NA;NA;NA;NA;NA;NA;NA;0;0;NA;NA;NA;NA;NA;NA;0;0;1;NA;NA;NA;NA;NA;NA;NA;NA;NA;0;0;NA;0;NA;NA;0;NA;NA;0;NA;NA;NA;NA;NA;NA;1;0;NA;NA;NA;NA;NA;NA;NA;NA;NA;NA;1;1;NA;NA;NA;NA;1;NA;NA;NA;NA;NA;NA;NA;NA;NA;NA;NA;NA;NA;NA;NA;NA;NA;NA;NA
rbbhf - hf_min;1893;0;1;0;0;0;0;0;0;0;0;0;0;0;0;0;NA;NA;NA;NA;NA;NA;NA;NA;NA;NA;NA;0;0;0;1;NA;NA;NA;NA;NA;NA;NA;NA;NA;NA;0;0;NA;NA;NA;NA;NA;NA;0;0;1;NA;NA;NA;NA;NA;NA;NA;NA;NA;0;0;NA;0;NA;NA;0;NA;NA;0;NA;NA;NA;NA;NA;NA;1;0;NA;NA;NA;NA;NA;NA;NA;NA;NA;NA;1;1;NA;NA;NA;NA;1;NA;NA;NA;NA;NA;NA;NA;NA;NA;NA;NA;NA;NA;NA;NA;NA;NA;NA;NA
rbbhf - hf_min;1894;0;0;NA;0;0;0;0;0;0;0;0;0;0;0;1;0;0;0;0;1;0;0;0;NA;NA;NA;0;0;0;1;NA;NA;NA;NA;NA;NA;NA;NA;NA;NA;0;0;NA;NA;NA;NA;NA;NA;0;0;1;NA;NA;NA;NA;NA;NA;NA;NA;NA;0;0;NA;0;NA;NA;0;NA;NA;0;NA;NA;NA;NA;NA;NA;1;0;NA;NA;NA;NA;NA;NA;NA;NA;NA;NA;1;1;NA;NA;NA;NA;1;NA;NA;NA;NA;NA;NA;NA;NA;NA;NA;NA;NA;NA;NA;NA;NA;NA;NA;NA
rbbhf - hf_min;1895;0;1;0;0;0;0;0;0;0;0;0;0;0;0;1;0;0;0;0;1;0;0;0;NA;NA;NA;0;0;0;1;NA;NA;NA;NA;NA;NA;NA;NA;NA;NA;0;0;NA;NA;NA;NA;NA;NA;0;0;1;NA;NA;NA;NA;NA;NA;NA;NA;NA;0;0;NA;0;NA;NA;0;NA;NA;0;NA;NA;NA;NA;NA;NA;1;0;NA;NA;NA;NA;NA;NA;NA;NA;NA;NA;1;1;NA;NA;NA;NA;1;NA;NA;NA;NA;NA;NA;NA;NA;NA;NA;NA;NA;NA;NA;NA;NA;NA;NA;NA
rbbhf - hf_min;1896;0;0;NA;0;0;0;0;0;0;0;0;0;0;0;1;0;0;0;0;0;NA;NA;NA;0;0;0;0;0;0;1;NA;NA;NA;NA;NA;NA;NA;NA;NA;NA;0;0;NA;NA;NA;NA;NA;NA;0;0;1;NA;NA;NA;NA;NA;NA;NA;NA;NA;0;0;NA;0;NA;NA;0;NA;NA;0;NA;NA;NA;NA;NA;NA;1;0;NA;NA;NA;NA;NA;NA;NA;NA;NA;NA;1;1;NA;NA;NA;NA;1;NA;NA;NA;NA;NA;NA;NA;NA;NA;NA;NA;NA;NA;NA;NA;NA;NA;NA;NA
rbbhf - hf_min;1897;0;1;0;0;0;0;0;0;0;0;0;0;0;0;1;0;0;0;0;0;NA;NA;NA;0;0;0;0;0;0;1;NA;NA;NA;NA;NA;NA;NA;NA;NA;NA;0;0;NA;NA;NA;NA;NA;NA;0;0;1;NA;NA;NA;NA;NA;NA;NA;NA;NA;0;0;NA;0;NA;NA;0;NA;NA;0;NA;NA;NA;NA;NA;NA;1;0;NA;NA;NA;NA;NA;NA;NA;NA;NA;NA;1;1;NA;NA;NA;NA;1;NA;NA;NA;NA;NA;NA;NA;NA;NA;NA;NA;NA;NA;NA;NA;NA;NA;NA;NA
rbbhf - hf_min;1898;0;0;NA;0;0;0;0;0;0;0;0;0;0;0;0;NA;NA;NA;NA;NA;NA;NA;NA;NA;NA;NA;0;0;0;0;NA;1;NA;NA;NA;NA;NA;NA;NA;NA;NA;NA;NA;NA;NA;NA;NA;NA;NA;NA;NA;NA;NA;NA;NA;NA;NA;NA;NA;NA;0;0;NA;0;NA;NA;0;NA;NA;1;0;NA;NA;NA;NA;NA;1;0;NA;NA;NA;NA;NA;NA;NA;NA;NA;NA;1;1;NA;NA;NA;NA;1;NA;NA;NA;NA;NA;NA;NA;NA;NA;NA;NA;NA;NA;NA;NA;NA;NA;NA;NA
rbbhf - hf_min;1899;0;1;0;0;0;0;0;0;0;0;0;0;0;0;0;NA;NA;NA;NA;NA;NA;NA;NA;NA;NA;NA;0;0;0;0;NA;1;NA;NA;NA;NA;NA;NA;NA;NA;NA;NA;NA;NA;NA;NA;NA;NA;NA;NA;NA;NA;NA;NA;NA;NA;NA;NA;NA;NA;0;0;NA;0;NA;NA;0;NA;NA;1;0;NA;NA;NA;NA;NA;1;0;NA;NA;NA;NA;NA;NA;NA;NA;NA;NA;1;1;NA;NA;NA;NA;1;NA;NA;NA;NA;NA;NA;NA;NA;NA;NA;NA;NA;NA;NA;NA;NA;NA;NA;NA
rbbhf - hf_min;1900;0;0;NA;0;0;0;0;0;0;0;0;0;0;0;1;0;0;0;0;1;0;0;0;NA;NA;NA;0;0;0;0;NA;1;NA;NA;NA;NA;NA;NA;NA;NA;NA;NA;NA;NA;NA;NA;NA;NA;NA;NA;NA;NA;NA;NA;NA;NA;NA;NA;NA;NA;0;0;NA;0;NA;NA;0;NA;NA;1;0;NA;NA;NA;NA;NA;1;0;NA;NA;NA;NA;NA;NA;NA;NA;NA;NA;1;1;NA;NA;NA;NA;1;NA;NA;NA;NA;NA;NA;NA;NA;NA;NA;NA;NA;NA;NA;NA;NA;NA;NA;NA
rbbhf - hf_min;1901;0;1;0;0;0;0;0;0;0;0;0;0;0;0;1;0;0;0;0;1;0;0;0;NA;NA;NA;0;0;0;0;NA;1;NA;NA;NA;NA;NA;NA;NA;NA;NA;NA;NA;NA;NA;NA;NA;NA;NA;NA;NA;NA;NA;NA;NA;NA;NA;NA;NA;NA;0;0;NA;0;NA;NA;0;NA;NA;1;0;NA;NA;NA;NA;NA;1;0;NA;NA;NA;NA;NA;NA;NA;NA;NA;NA;1;1;NA;NA;NA;NA;1;NA;NA;NA;NA;NA;NA;NA;NA;NA;NA;NA;NA;NA;NA;NA;NA;NA;NA;NA
rbbhf - hf_min;1902;0;0;NA;0;0;0;0;0;0;0;0;0;0;0;1;0;0;0;0;0;NA;NA;NA;0;0;0;0;0;0;0;NA;1;NA;NA;NA;NA;NA;NA;NA;NA;NA;NA;NA;NA;NA;NA;NA;NA;NA;NA;NA;NA;NA;NA;NA;NA;NA;NA;NA;NA;0;0;NA;0;NA;NA;0;NA;NA;1;0;NA;NA;NA;NA;NA;1;0;NA;NA;NA;NA;NA;NA;NA;NA;NA;NA;1;1;NA;NA;NA;NA;1;NA;NA;NA;NA;NA;NA;NA;NA;NA;NA;NA;NA;NA;NA;NA;NA;NA;NA;NA
rbbhf - hf_min;1903;0;1;0;0;0;0;0;0;0;0;0;0;0;0;1;0;0;0;0;0;NA;NA;NA;0;0;0;0;0;0;0;NA;1;NA;NA;NA;NA;NA;NA;NA;NA;NA;NA;NA;NA;NA;NA;NA;NA;NA;NA;NA;NA;NA;NA;NA;NA;NA;NA;NA;NA;0;0;NA;0;NA;NA;0;NA;NA;1;0;NA;NA;NA;NA;NA;1;0;NA;NA;NA;NA;NA;NA;NA;NA;NA;NA;1;1;NA;NA;NA;NA;1;NA;NA;NA;NA;NA;NA;NA;NA;NA;NA;NA;NA;NA;NA;NA;NA;NA;NA;NA
rbbhf - hf_min;1904;0;0;NA;0;0;0;0;0;0;0;0;0;0;0;0;NA;NA;NA;NA;NA;NA;NA;NA;NA;NA;NA;0;0;0;0;1;NA;NA;1;NA;NA;NA;NA;NA;NA;NA;NA;NA;NA;NA;NA;NA;NA;NA;NA;NA;NA;NA;NA;NA;NA;NA;NA;NA;NA;0;0;NA;0;NA;NA;0;NA;NA;1;0;NA;NA;NA;NA;NA;1;0;NA;NA;NA;NA;NA;NA;NA;NA;NA;NA;1;1;NA;NA;NA;NA;1;NA;NA;NA;NA;NA;NA;NA;NA;NA;NA;NA;NA;NA;NA;NA;NA;NA;NA;NA
rbbhf - hf_min;1905;0;1;0;0;0;0;0;0;0;0;0;0;0;0;0;NA;NA;NA;NA;NA;NA;NA;NA;NA;NA;NA;0;0;0;0;1;NA;NA;1;NA;NA;NA;NA;NA;NA;NA;NA;NA;NA;NA;NA;NA;NA;NA;NA;NA;NA;NA;NA;NA;NA;NA;NA;NA;NA;0;0;NA;0;NA;NA;0;NA;NA;1;0;NA;NA;NA;NA;NA;1;0;NA;NA;NA;NA;NA;NA;NA;NA;NA;NA;1;1;NA;NA;NA;NA;1;NA;NA;NA;NA;NA;NA;NA;NA;NA;NA;NA;NA;NA;NA;NA;NA;NA;NA;NA
rbbhf - hf_min;1906;0;0;NA;0;0;0;0;0;0;0;0;0;0;0;1;0;0;0;0;1;0;0;0;NA;NA;NA;0;0;0;0;1;NA;NA;1;NA;NA;NA;NA;NA;NA;NA;NA;NA;NA;NA;NA;NA;NA;NA;NA;NA;NA;NA;NA;NA;NA;NA;NA;NA;NA;0;0;NA;0;NA;NA;0;NA;NA;1;0;NA;NA;NA;NA;NA;1;0;NA;NA;NA;NA;NA;NA;NA;NA;NA;NA;1;1;NA;NA;NA;NA;1;NA;NA;NA;NA;NA;NA;NA;NA;NA;NA;NA;NA;NA;NA;NA;NA;NA;NA;NA
rbbhf - hf_min;1907;0;1;0;0;0;0;0;0;0;0;0;0;0;0;1;0;0;0;0;1;0;0;0;NA;NA;NA;0;0;0;0;1;NA;NA;1;NA;NA;NA;NA;NA;NA;NA;NA;NA;NA;NA;NA;NA;NA;NA;NA;NA;NA;NA;NA;NA;NA;NA;NA;NA;NA;0;0;NA;0;NA;NA;0;NA;NA;1;0;NA;NA;NA;NA;NA;1;0;NA;NA;NA;NA;NA;NA;NA;NA;NA;NA;1;1;NA;NA;NA;NA;1;NA;NA;NA;NA;NA;NA;NA;NA;NA;NA;NA;NA;NA;NA;NA;NA;NA;NA;NA
rbbhf - hf_min;1908;0;0;NA;0;0;0;0;0;0;0;0;0;0;0;1;0;0;0;0;0;NA;NA;NA;0;0;0;0;0;0;0;1;NA;NA;1;NA;NA;NA;NA;NA;NA;NA;NA;NA;NA;NA;NA;NA;NA;NA;NA;NA;NA;NA;NA;NA;NA;NA;NA;NA;NA;0;0;NA;0;NA;NA;0;NA;NA;1;0;NA;NA;NA;NA;NA;1;0;NA;NA;NA;NA;NA;NA;NA;NA;NA;NA;1;1;NA;NA;NA;NA;1;NA;NA;NA;NA;NA;NA;NA;NA;NA;NA;NA;NA;NA;NA;NA;NA;NA;NA;NA
rbbhf - hf_min;1909;0;1;0;0;0;0;0;0;0;0;0;0;0;0;1;0;0;0;0;0;NA;NA;NA;0;0;0;0;0;0;0;1;NA;NA;1;NA;NA;NA;NA;NA;NA;NA;NA;NA;NA;NA;NA;NA;NA;NA;NA;NA;NA;NA;NA;NA;NA;NA;NA;NA;NA;0;0;NA;0;NA;NA;0;NA;NA;1;0;NA;NA;NA;NA;NA;1;0;NA;NA;NA;NA;NA;NA;NA;NA;NA;NA;1;1;NA;NA;NA;NA;1;NA;NA;NA;NA;NA;NA;NA;NA;NA;NA;NA;NA;NA;NA;NA;NA;NA;NA;NA
rbbhf - hf_min;1910;0;0;NA;0;0;0;0;0;0;0;0;0;0;0;0;NA;NA;NA;NA;NA;NA;NA;NA;NA;NA;NA;0;0;0;1;NA;NA;NA;1;NA;NA;NA;NA;NA;NA;0;0;NA;NA;NA;NA;NA;NA;0;1;NA;NA;NA;NA;NA;NA;NA;NA;NA;NA;0;0;NA;0;NA;NA;0;NA;NA;1;0;NA;NA;NA;NA;NA;1;0;NA;NA;NA;NA;NA;NA;NA;NA;NA;NA;1;1;NA;NA;NA;NA;1;NA;NA;NA;NA;NA;NA;NA;NA;NA;NA;NA;NA;NA;NA;NA;NA;NA;NA;NA
rbbhf - hf_min;1911;0;1;0;0;0;0;0;0;0;0;0;0;0;0;0;NA;NA;NA;NA;NA;NA;NA;NA;NA;NA;NA;0;0;0;1;NA;NA;NA;1;NA;NA;NA;NA;NA;NA;0;0;NA;NA;NA;NA;NA;NA;0;1;NA;NA;NA;NA;NA;NA;NA;NA;NA;NA;0;0;NA;0;NA;NA;0;NA;NA;1;0;NA;NA;NA;NA;NA;1;0;NA;NA;NA;NA;NA;NA;NA;NA;NA;NA;1;1;NA;NA;NA;NA;1;NA;NA;NA;NA;NA;NA;NA;NA;NA;NA;NA;NA;NA;NA;NA;NA;NA;NA;NA
rbbhf - hf_min;1912;0;0;NA;0;0;0;0;0;0;0;0;0;0;0;1;0;0;0;0;1;0;0;0;NA;NA;NA;0;0;0;1;NA;NA;NA;1;NA;NA;NA;NA;NA;NA;0;0;NA;NA;NA;NA;NA;NA;0;1;NA;NA;NA;NA;NA;NA;NA;NA;NA;NA;0;0;NA;0;NA;NA;0;NA;NA;1;0;NA;NA;NA;NA;NA;1;0;NA;NA;NA;NA;NA;NA;NA;NA;NA;NA;1;1;NA;NA;NA;NA;1;NA;NA;NA;NA;NA;NA;NA;NA;NA;NA;NA;NA;NA;NA;NA;NA;NA;NA;NA
rbbhf - hf_min;1913;0;1;0;0;0;0;0;0;0;0;0;0;0;0;1;0;0;0;0;1;0;0;0;NA;NA;NA;0;0;0;1;NA;NA;NA;1;NA;NA;NA;NA;NA;NA;0;0;NA;NA;NA;NA;NA;NA;0;1;NA;NA;NA;NA;NA;NA;NA;NA;NA;NA;0;0;NA;0;NA;NA;0;NA;NA;1;0;NA;NA;NA;NA;NA;1;0;NA;NA;NA;NA;NA;NA;NA;NA;NA;NA;1;1;NA;NA;NA;NA;1;NA;NA;NA;NA;NA;NA;NA;NA;NA;NA;NA;NA;NA;NA;NA;NA;NA;NA;NA
rbbhf - hf_min;1914;0;0;NA;0;0;0;0;0;0;0;0;0;0;0;1;0;0;0;0;0;NA;NA;NA;0;0;0;0;0;0;1;NA;NA;NA;1;NA;NA;NA;NA;NA;NA;0;0;NA;NA;NA;NA;NA;NA;0;1;NA;NA;NA;NA;NA;NA;NA;NA;NA;NA;0;0;NA;0;NA;NA;0;NA;NA;1;0;NA;NA;NA;NA;NA;1;0;NA;NA;NA;NA;NA;NA;NA;NA;NA;NA;1;1;NA;NA;NA;NA;1;NA;NA;NA;NA;NA;NA;NA;NA;NA;NA;NA;NA;NA;NA;NA;NA;NA;NA;NA
rbbhf - hf_min;1915;0;1;0;0;0;0;0;0;0;0;0;0;0;0;1;0;0;0;0;0;NA;NA;NA;0;0;0;0;0;0;1;NA;NA;NA;1;NA;NA;NA;NA;NA;NA;0;0;NA;NA;NA;NA;NA;NA;0;1;NA;NA;NA;NA;NA;NA;NA;NA;NA;NA;0;0;NA;0;NA;NA;0;NA;NA;1;0;NA;NA;NA;NA;NA;1;0;NA;NA;NA;NA;NA;NA;NA;NA;NA;NA;1;1;NA;NA;NA;NA;1;NA;NA;NA;NA;NA;NA;NA;NA;NA;NA;NA;NA;NA;NA;NA;NA;NA;NA;NA
rbbhf - hf_min;1916;0;0;NA;0;0;0;0;0;0;0;0;0;0;0;0;NA;NA;NA;NA;NA;NA;NA;NA;NA;NA;NA;0;0;0;1;NA;NA;NA;NA;NA;NA;NA;NA;NA;NA;0;0;NA;NA;NA;NA;NA;NA;0;0;1;NA;NA;NA;NA;NA;NA;NA;NA;NA;0;0;NA;0;NA;NA;0;NA;NA;1;0;NA;NA;NA;NA;NA;1;0;NA;NA;NA;NA;NA;NA;NA;NA;NA;NA;1;1;NA;NA;NA;NA;1;NA;NA;NA;NA;NA;NA;NA;NA;NA;NA;NA;NA;NA;NA;NA;NA;NA;NA;NA
rbbhf - hf_min;1917;0;1;0;0;0;0;0;0;0;0;0;0;0;0;0;NA;NA;NA;NA;NA;NA;NA;NA;NA;NA;NA;0;0;0;1;NA;NA;NA;NA;NA;NA;NA;NA;NA;NA;0;0;NA;NA;NA;NA;NA;NA;0;0;1;NA;NA;NA;NA;NA;NA;NA;NA;NA;0;0;NA;0;NA;NA;0;NA;NA;1;0;NA;NA;NA;NA;NA;1;0;NA;NA;NA;NA;NA;NA;NA;NA;NA;NA;1;1;NA;NA;NA;NA;1;NA;NA;NA;NA;NA;NA;NA;NA;NA;NA;NA;NA;NA;NA;NA;NA;NA;NA;NA
rbbhf - hf_min;1918;0;0;NA;0;0;0;0;0;0;0;0;0;0;0;1;0;0;0;0;1;0;0;0;NA;NA;NA;0;0;0;1;NA;NA;NA;NA;NA;NA;NA;NA;NA;NA;0;0;NA;NA;NA;NA;NA;NA;0;0;1;NA;NA;NA;NA;NA;NA;NA;NA;NA;0;0;NA;0;NA;NA;0;NA;NA;1;0;NA;NA;NA;NA;NA;1;0;NA;NA;NA;NA;NA;NA;NA;NA;NA;NA;1;1;NA;NA;NA;NA;1;NA;NA;NA;NA;NA;NA;NA;NA;NA;NA;NA;NA;NA;NA;NA;NA;NA;NA;NA
rbbhf - hf_min;1919;0;1;0;0;0;0;0;0;0;0;0;0;0;0;1;0;0;0;0;1;0;0;0;NA;NA;NA;0;0;0;1;NA;NA;NA;NA;NA;NA;NA;NA;NA;NA;0;0;NA;NA;NA;NA;NA;NA;0;0;1;NA;NA;NA;NA;NA;NA;NA;NA;NA;0;0;NA;0;NA;NA;0;NA;NA;1;0;NA;NA;NA;NA;NA;1;0;NA;NA;NA;NA;NA;NA;NA;NA;NA;NA;1;1;NA;NA;NA;NA;1;NA;NA;NA;NA;NA;NA;NA;NA;NA;NA;NA;NA;NA;NA;NA;NA;NA;NA;NA
rbbhf - hf_min;1920;0;0;NA;0;0;0;0;0;0;0;0;0;0;0;1;0;0;0;0;0;NA;NA;NA;0;0;0;0;0;0;1;NA;NA;NA;NA;NA;NA;NA;NA;NA;NA;0;0;NA;NA;NA;NA;NA;NA;0;0;1;NA;NA;NA;NA;NA;NA;NA;NA;NA;0;0;NA;0;NA;NA;0;NA;NA;1;0;NA;NA;NA;NA;NA;1;0;NA;NA;NA;NA;NA;NA;NA;NA;NA;NA;1;1;NA;NA;NA;NA;1;NA;NA;NA;NA;NA;NA;NA;NA;NA;NA;NA;NA;NA;NA;NA;NA;NA;NA;NA
rbbhf - hf_min;1921;0;1;0;0;0;0;0;0;0;0;0;0;0;0;1;0;0;0;0;0;NA;NA;NA;0;0;0;0;0;0;1;NA;NA;NA;NA;NA;NA;NA;NA;NA;NA;0;0;NA;NA;NA;NA;NA;NA;0;0;1;NA;NA;NA;NA;NA;NA;NA;NA;NA;0;0;NA;0;NA;NA;0;NA;NA;1;0;NA;NA;NA;NA;NA;1;0;NA;NA;NA;NA;NA;NA;NA;NA;NA;NA;1;1;NA;NA;NA;NA;1;NA;NA;NA;NA;NA;NA;NA;NA;NA;NA;NA;NA;NA;NA;NA;NA;NA;NA;NA
rbbhf - hf_min;1922;0;0;NA;0;0;0;0;0;0;0;0;0;0;0;0;NA;NA;NA;NA;NA;NA;NA;NA;NA;NA;NA;0;0;0;0;NA;1;NA;NA;NA;NA;NA;NA;NA;NA;NA;NA;NA;NA;NA;NA;NA;NA;NA;NA;NA;NA;NA;NA;NA;NA;NA;NA;NA;NA;0;0;NA;0;NA;NA;0;NA;NA;0;NA;NA;NA;NA;NA;NA;0;NA;NA;NA;NA;NA;NA;NA;NA;NA;NA;NA;0;NA;0;NA;NA;NA;1;NA;NA;NA;NA;NA;NA;NA;NA;NA;NA;NA;NA;NA;NA;NA;NA;NA;NA;NA
rbbhf - hf_min;1923;0;1;0;0;0;0;0;0;0;0;0;0;0;0;0;NA;NA;NA;NA;NA;NA;NA;NA;NA;NA;NA;0;0;0;0;NA;1;NA;NA;NA;NA;NA;NA;NA;NA;NA;NA;NA;NA;NA;NA;NA;NA;NA;NA;NA;NA;NA;NA;NA;NA;NA;NA;NA;NA;0;0;NA;0;NA;NA;0;NA;NA;0;NA;NA;NA;NA;NA;NA;0;NA;NA;NA;NA;NA;NA;NA;NA;NA;NA;NA;0;NA;0;NA;NA;NA;1;NA;NA;NA;NA;NA;NA;NA;NA;NA;NA;NA;NA;NA;NA;NA;NA;NA;NA;NA
rbbhf - hf_min;1924;0;0;NA;0;0;0;0;0;0;0;0;0;0;0;1;0;0;0;0;1;0;0;0;NA;NA;NA;0;0;0;0;NA;1;NA;NA;NA;NA;NA;NA;NA;NA;NA;NA;NA;NA;NA;NA;NA;NA;NA;NA;NA;NA;NA;NA;NA;NA;NA;NA;NA;NA;0;0;NA;0;NA;NA;0;NA;NA;0;NA;NA;NA;NA;NA;NA;0;NA;NA;NA;NA;NA;NA;NA;NA;NA;NA;NA;0;NA;0;NA;NA;NA;1;NA;NA;NA;NA;NA;NA;NA;NA;NA;NA;NA;NA;NA;NA;NA;NA;NA;NA;NA
rbbhf - hf_min;1925;0;1;0;0;0;0;0;0;0;0;0;0;0;0;1;0;0;0;0;1;0;0;0;NA;NA;NA;0;0;0;0;NA;1;NA;NA;NA;NA;NA;NA;NA;NA;NA;NA;NA;NA;NA;NA;NA;NA;NA;NA;NA;NA;NA;NA;NA;NA;NA;NA;NA;NA;0;0;NA;0;NA;NA;0;NA;NA;0;NA;NA;NA;NA;NA;NA;0;NA;NA;NA;NA;NA;NA;NA;NA;NA;NA;NA;0;NA;0;NA;NA;NA;1;NA;NA;NA;NA;NA;NA;NA;NA;NA;NA;NA;NA;NA;NA;NA;NA;NA;NA;NA
rbbhf - hf_min;1926;0;0;NA;0;0;0;0;0;0;0;0;0;0;0;1;0;0;0;0;0;NA;NA;NA;0;0;0;0;0;0;0;NA;1;NA;NA;NA;NA;NA;NA;NA;NA;NA;NA;NA;NA;NA;NA;NA;NA;NA;NA;NA;NA;NA;NA;NA;NA;NA;NA;NA;NA;0;0;NA;0;NA;NA;0;NA;NA;0;NA;NA;NA;NA;NA;NA;0;NA;NA;NA;NA;NA;NA;NA;NA;NA;NA;NA;0;NA;0;NA;NA;NA;1;NA;NA;NA;NA;NA;NA;NA;NA;NA;NA;NA;NA;NA;NA;NA;NA;NA;NA;NA
rbbhf - hf_min;1927;0;1;0;0;0;0;0;0;0;0;0;0;0;0;1;0;0;0;0;0;NA;NA;NA;0;0;0;0;0;0;0;NA;1;NA;NA;NA;NA;NA;NA;NA;NA;NA;NA;NA;NA;NA;NA;NA;NA;NA;NA;NA;NA;NA;NA;NA;NA;NA;NA;NA;NA;0;0;NA;0;NA;NA;0;NA;NA;0;NA;NA;NA;NA;NA;NA;0;NA;NA;NA;NA;NA;NA;NA;NA;NA;NA;NA;0;NA;0;NA;NA;NA;1;NA;NA;NA;NA;NA;NA;NA;NA;NA;NA;NA;NA;NA;NA;NA;NA;NA;NA;NA
rbbhf - hf_min;1928;0;0;NA;0;0;0;0;0;0;0;0;0;0;0;0;NA;NA;NA;NA;NA;NA;NA;NA;NA;NA;NA;0;0;0;0;1;NA;NA;1;NA;NA;NA;NA;NA;NA;NA;NA;NA;NA;NA;NA;NA;NA;NA;NA;NA;NA;NA;NA;NA;NA;NA;NA;NA;NA;0;0;NA;0;NA;NA;0;NA;NA;0;NA;NA;NA;NA;NA;NA;0;NA;NA;NA;NA;NA;NA;NA;NA;NA;NA;NA;0;NA;0;NA;NA;NA;1;NA;NA;NA;NA;NA;NA;NA;NA;NA;NA;NA;NA;NA;NA;NA;NA;NA;NA;NA
rbbhf - hf_min;1929;0;1;0;0;0;0;0;0;0;0;0;0;0;0;0;NA;NA;NA;NA;NA;NA;NA;NA;NA;NA;NA;0;0;0;0;1;NA;NA;1;NA;NA;NA;NA;NA;NA;NA;NA;NA;NA;NA;NA;NA;NA;NA;NA;NA;NA;NA;NA;NA;NA;NA;NA;NA;NA;0;0;NA;0;NA;NA;0;NA;NA;0;NA;NA;NA;NA;NA;NA;0;NA;NA;NA;NA;NA;NA;NA;NA;NA;NA;NA;0;NA;0;NA;NA;NA;1;NA;NA;NA;NA;NA;NA;NA;NA;NA;NA;NA;NA;NA;NA;NA;NA;NA;NA;NA
rbbhf - hf_min;1930;0;0;NA;0;0;0;0;0;0;0;0;0;0;0;1;0;0;0;0;1;0;0;0;NA;NA;NA;0;0;0;0;1;NA;NA;1;NA;NA;NA;NA;NA;NA;NA;NA;NA;NA;NA;NA;NA;NA;NA;NA;NA;NA;NA;NA;NA;NA;NA;NA;NA;NA;0;0;NA;0;NA;NA;0;NA;NA;0;NA;NA;NA;NA;NA;NA;0;NA;NA;NA;NA;NA;NA;NA;NA;NA;NA;NA;0;NA;0;NA;NA;NA;1;NA;NA;NA;NA;NA;NA;NA;NA;NA;NA;NA;NA;NA;NA;NA;NA;NA;NA;NA
rbbhf - hf_min;1931;0;1;0;0;0;0;0;0;0;0;0;0;0;0;1;0;0;0;0;1;0;0;0;NA;NA;NA;0;0;0;0;1;NA;NA;1;NA;NA;NA;NA;NA;NA;NA;NA;NA;NA;NA;NA;NA;NA;NA;NA;NA;NA;NA;NA;NA;NA;NA;NA;NA;NA;0;0;NA;0;NA;NA;0;NA;NA;0;NA;NA;NA;NA;NA;NA;0;NA;NA;NA;NA;NA;NA;NA;NA;NA;NA;NA;0;NA;0;NA;NA;NA;1;NA;NA;NA;NA;NA;NA;NA;NA;NA;NA;NA;NA;NA;NA;NA;NA;NA;NA;NA
rbbhf - hf_min;1932;0;0;NA;0;0;0;0;0;0;0;0;0;0;0;1;0;0;0;0;0;NA;NA;NA;0;0;0;0;0;0;0;1;NA;NA;1;NA;NA;NA;NA;NA;NA;NA;NA;NA;NA;NA;NA;NA;NA;NA;NA;NA;NA;NA;NA;NA;NA;NA;NA;NA;NA;0;0;NA;0;NA;NA;0;NA;NA;0;NA;NA;NA;NA;NA;NA;0;NA;NA;NA;NA;NA;NA;NA;NA;NA;NA;NA;0;NA;0;NA;NA;NA;1;NA;NA;NA;NA;NA;NA;NA;NA;NA;NA;NA;NA;NA;NA;NA;NA;NA;NA;NA
rbbhf - hf_min;1933;0;1;0;0;0;0;0;0;0;0;0;0;0;0;1;0;0;0;0;0;NA;NA;NA;0;0;0;0;0;0;0;1;NA;NA;1;NA;NA;NA;NA;NA;NA;NA;NA;NA;NA;NA;NA;NA;NA;NA;NA;NA;NA;NA;NA;NA;NA;NA;NA;NA;NA;0;0;NA;0;NA;NA;0;NA;NA;0;NA;NA;NA;NA;NA;NA;0;NA;NA;NA;NA;NA;NA;NA;NA;NA;NA;NA;0;NA;0;NA;NA;NA;1;NA;NA;NA;NA;NA;NA;NA;NA;NA;NA;NA;NA;NA;NA;NA;NA;NA;NA;NA
rbbhf - hf_min;1934;0;0;NA;0;0;0;0;0;0;0;0;0;0;0;0;NA;NA;NA;NA;NA;NA;NA;NA;NA;NA;NA;0;0;0;1;NA;NA;NA;1;NA;NA;NA;NA;NA;NA;0;0;NA;NA;NA;NA;NA;NA;0;1;NA;NA;NA;NA;NA;NA;NA;NA;NA;NA;0;0;NA;0;NA;NA;0;NA;NA;0;NA;NA;NA;NA;NA;NA;0;NA;NA;NA;NA;NA;NA;NA;NA;NA;NA;NA;0;NA;0;NA;NA;NA;1;NA;NA;NA;NA;NA;NA;NA;NA;NA;NA;NA;NA;NA;NA;NA;NA;NA;NA;NA
rbbhf - hf_min;1935;0;1;0;0;0;0;0;0;0;0;0;0;0;0;0;NA;NA;NA;NA;NA;NA;NA;NA;NA;NA;NA;0;0;0;1;NA;NA;NA;1;NA;NA;NA;NA;NA;NA;0;0;NA;NA;NA;NA;NA;NA;0;1;NA;NA;NA;NA;NA;NA;NA;NA;NA;NA;0;0;NA;0;NA;NA;0;NA;NA;0;NA;NA;NA;NA;NA;NA;0;NA;NA;NA;NA;NA;NA;NA;NA;NA;NA;NA;0;NA;0;NA;NA;NA;1;NA;NA;NA;NA;NA;NA;NA;NA;NA;NA;NA;NA;NA;NA;NA;NA;NA;NA;NA
rbbhf - hf_min;1936;0;0;NA;0;0;0;0;0;0;0;0;0;0;0;1;0;0;0;0;1;0;0;0;NA;NA;NA;0;0;0;1;NA;NA;NA;1;NA;NA;NA;NA;NA;NA;0;0;NA;NA;NA;NA;NA;NA;0;1;NA;NA;NA;NA;NA;NA;NA;NA;NA;NA;0;0;NA;0;NA;NA;0;NA;NA;0;NA;NA;NA;NA;NA;NA;0;NA;NA;NA;NA;NA;NA;NA;NA;NA;NA;NA;0;NA;0;NA;NA;NA;1;NA;NA;NA;NA;NA;NA;NA;NA;NA;NA;NA;NA;NA;NA;NA;NA;NA;NA;NA
rbbhf - hf_min;1937;0;1;0;0;0;0;0;0;0;0;0;0;0;0;1;0;0;0;0;1;0;0;0;NA;NA;NA;0;0;0;1;NA;NA;NA;1;NA;NA;NA;NA;NA;NA;0;0;NA;NA;NA;NA;NA;NA;0;1;NA;NA;NA;NA;NA;NA;NA;NA;NA;NA;0;0;NA;0;NA;NA;0;NA;NA;0;NA;NA;NA;NA;NA;NA;0;NA;NA;NA;NA;NA;NA;NA;NA;NA;NA;NA;0;NA;0;NA;NA;NA;1;NA;NA;NA;NA;NA;NA;NA;NA;NA;NA;NA;NA;NA;NA;NA;NA;NA;NA;NA
rbbhf - hf_min;1938;0;0;NA;0;0;0;0;0;0;0;0;0;0;0;1;0;0;0;0;0;NA;NA;NA;0;0;0;0;0;0;1;NA;NA;NA;1;NA;NA;NA;NA;NA;NA;0;0;NA;NA;NA;NA;NA;NA;0;1;NA;NA;NA;NA;NA;NA;NA;NA;NA;NA;0;0;NA;0;NA;NA;0;NA;NA;0;NA;NA;NA;NA;NA;NA;0;NA;NA;NA;NA;NA;NA;NA;NA;NA;NA;NA;0;NA;0;NA;NA;NA;1;NA;NA;NA;NA;NA;NA;NA;NA;NA;NA;NA;NA;NA;NA;NA;NA;NA;NA;NA
rbbhf - hf_min;1939;0;1;0;0;0;0;0;0;0;0;0;0;0;0;1;0;0;0;0;0;NA;NA;NA;0;0;0;0;0;0;1;NA;NA;NA;1;NA;NA;NA;NA;NA;NA;0;0;NA;NA;NA;NA;NA;NA;0;1;NA;NA;NA;NA;NA;NA;NA;NA;NA;NA;0;0;NA;0;NA;NA;0;NA;NA;0;NA;NA;NA;NA;NA;NA;0;NA;NA;NA;NA;NA;NA;NA;NA;NA;NA;NA;0;NA;0;NA;NA;NA;1;NA;NA;NA;NA;NA;NA;NA;NA;NA;NA;NA;NA;NA;NA;NA;NA;NA;NA;NA
rbbhf - hf_min;1940;0;0;NA;0;0;0;0;0;0;0;0;0;0;0;0;NA;NA;NA;NA;NA;NA;NA;NA;NA;NA;NA;0;0;0;1;NA;NA;NA;NA;NA;NA;NA;NA;NA;NA;0;0;NA;NA;NA;NA;NA;NA;0;0;1;NA;NA;NA;NA;NA;NA;NA;NA;NA;0;0;NA;0;NA;NA;0;NA;NA;0;NA;NA;NA;NA;NA;NA;0;NA;NA;NA;NA;NA;NA;NA;NA;NA;NA;NA;0;NA;0;NA;NA;NA;1;NA;NA;NA;NA;NA;NA;NA;NA;NA;NA;NA;NA;NA;NA;NA;NA;NA;NA;NA
rbbhf - hf_min;1941;0;1;0;0;0;0;0;0;0;0;0;0;0;0;0;NA;NA;NA;NA;NA;NA;NA;NA;NA;NA;NA;0;0;0;1;NA;NA;NA;NA;NA;NA;NA;NA;NA;NA;0;0;NA;NA;NA;NA;NA;NA;0;0;1;NA;NA;NA;NA;NA;NA;NA;NA;NA;0;0;NA;0;NA;NA;0;NA;NA;0;NA;NA;NA;NA;NA;NA;0;NA;NA;NA;NA;NA;NA;NA;NA;NA;NA;NA;0;NA;0;NA;NA;NA;1;NA;NA;NA;NA;NA;NA;NA;NA;NA;NA;NA;NA;NA;NA;NA;NA;NA;NA;NA
rbbhf - hf_min;1942;0;0;NA;0;0;0;0;0;0;0;0;0;0;0;1;0;0;0;0;1;0;0;0;NA;NA;NA;0;0;0;1;NA;NA;NA;NA;NA;NA;NA;NA;NA;NA;0;0;NA;NA;NA;NA;NA;NA;0;0;1;NA;NA;NA;NA;NA;NA;NA;NA;NA;0;0;NA;0;NA;NA;0;NA;NA;0;NA;NA;NA;NA;NA;NA;0;NA;NA;NA;NA;NA;NA;NA;NA;NA;NA;NA;0;NA;0;NA;NA;NA;1;NA;NA;NA;NA;NA;NA;NA;NA;NA;NA;NA;NA;NA;NA;NA;NA;NA;NA;NA
rbbhf - hf_min;1943;0;1;0;0;0;0;0;0;0;0;0;0;0;0;1;0;0;0;0;1;0;0;0;NA;NA;NA;0;0;0;1;NA;NA;NA;NA;NA;NA;NA;NA;NA;NA;0;0;NA;NA;NA;NA;NA;NA;0;0;1;NA;NA;NA;NA;NA;NA;NA;NA;NA;0;0;NA;0;NA;NA;0;NA;NA;0;NA;NA;NA;NA;NA;NA;0;NA;NA;NA;NA;NA;NA;NA;NA;NA;NA;NA;0;NA;0;NA;NA;NA;1;NA;NA;NA;NA;NA;NA;NA;NA;NA;NA;NA;NA;NA;NA;NA;NA;NA;NA;NA
rbbhf - hf_min;1944;0;0;NA;0;0;0;0;0;0;0;0;0;0;0;1;0;0;0;0;0;NA;NA;NA;0;0;0;0;0;0;1;NA;NA;NA;NA;NA;NA;NA;NA;NA;NA;0;0;NA;NA;NA;NA;NA;NA;0;0;1;NA;NA;NA;NA;NA;NA;NA;NA;NA;0;0;NA;0;NA;NA;0;NA;NA;0;NA;NA;NA;NA;NA;NA;0;NA;NA;NA;NA;NA;NA;NA;NA;NA;NA;NA;0;NA;0;NA;NA;NA;1;NA;NA;NA;NA;NA;NA;NA;NA;NA;NA;NA;NA;NA;NA;NA;NA;NA;NA;NA
rbbhf - hf_min;1945;0;1;0;0;0;0;0;0;0;0;0;0;0;0;1;0;0;0;0;0;NA;NA;NA;0;0;0;0;0;0;1;NA;NA;NA;NA;NA;NA;NA;NA;NA;NA;0;0;NA;NA;NA;NA;NA;NA;0;0;1;NA;NA;NA;NA;NA;NA;NA;NA;NA;0;0;NA;0;NA;NA;0;NA;NA;0;NA;NA;NA;NA;NA;NA;0;NA;NA;NA;NA;NA;NA;NA;NA;NA;NA;NA;0;NA;0;NA;NA;NA;1;NA;NA;NA;NA;NA;NA;NA;NA;NA;NA;NA;NA;NA;NA;NA;NA;NA;NA;NA
rbbhf - hf_min;1946;0;0;NA;0;0;0;0;0;0;0;0;0;0;0;0;NA;NA;NA;NA;NA;NA;NA;NA;NA;NA;NA;0;0;0;0;NA;1;NA;NA;NA;NA;NA;NA;NA;NA;NA;NA;NA;NA;NA;NA;NA;NA;NA;NA;NA;NA;NA;NA;NA;NA;NA;NA;NA;NA;0;0;NA;0;NA;NA;0;NA;NA;1;0;NA;NA;NA;NA;NA;0;NA;NA;NA;NA;NA;NA;NA;NA;NA;NA;NA;0;NA;0;NA;NA;NA;1;NA;NA;NA;NA;NA;NA;NA;NA;NA;NA;NA;NA;NA;NA;NA;NA;NA;NA;NA
rbbhf - hf_min;1947;0;1;0;0;0;0;0;0;0;0;0;0;0;0;0;NA;NA;NA;NA;NA;NA;NA;NA;NA;NA;NA;0;0;0;0;NA;1;NA;NA;NA;NA;NA;NA;NA;NA;NA;NA;NA;NA;NA;NA;NA;NA;NA;NA;NA;NA;NA;NA;NA;NA;NA;NA;NA;NA;0;0;NA;0;NA;NA;0;NA;NA;1;0;NA;NA;NA;NA;NA;0;NA;NA;NA;NA;NA;NA;NA;NA;NA;NA;NA;0;NA;0;NA;NA;NA;1;NA;NA;NA;NA;NA;NA;NA;NA;NA;NA;NA;NA;NA;NA;NA;NA;NA;NA;NA
rbbhf - hf_min;1948;0;0;NA;0;0;0;0;0;0;0;0;0;0;0;1;0;0;0;0;1;0;0;0;NA;NA;NA;0;0;0;0;NA;1;NA;NA;NA;NA;NA;NA;NA;NA;NA;NA;NA;NA;NA;NA;NA;NA;NA;NA;NA;NA;NA;NA;NA;NA;NA;NA;NA;NA;0;0;NA;0;NA;NA;0;NA;NA;1;0;NA;NA;NA;NA;NA;0;NA;NA;NA;NA;NA;NA;NA;NA;NA;NA;NA;0;NA;0;NA;NA;NA;1;NA;NA;NA;NA;NA;NA;NA;NA;NA;NA;NA;NA;NA;NA;NA;NA;NA;NA;NA
rbbhf - hf_min;1949;0;1;0;0;0;0;0;0;0;0;0;0;0;0;1;0;0;0;0;1;0;0;0;NA;NA;NA;0;0;0;0;NA;1;NA;NA;NA;NA;NA;NA;NA;NA;NA;NA;NA;NA;NA;NA;NA;NA;NA;NA;NA;NA;NA;NA;NA;NA;NA;NA;NA;NA;0;0;NA;0;NA;NA;0;NA;NA;1;0;NA;NA;NA;NA;NA;0;NA;NA;NA;NA;NA;NA;NA;NA;NA;NA;NA;0;NA;0;NA;NA;NA;1;NA;NA;NA;NA;NA;NA;NA;NA;NA;NA;NA;NA;NA;NA;NA;NA;NA;NA;NA
rbbhf - hf_min;1950;0;0;NA;0;0;0;0;0;0;0;0;0;0;0;1;0;0;0;0;0;NA;NA;NA;0;0;0;0;0;0;0;NA;1;NA;NA;NA;NA;NA;NA;NA;NA;NA;NA;NA;NA;NA;NA;NA;NA;NA;NA;NA;NA;NA;NA;NA;NA;NA;NA;NA;NA;0;0;NA;0;NA;NA;0;NA;NA;1;0;NA;NA;NA;NA;NA;0;NA;NA;NA;NA;NA;NA;NA;NA;NA;NA;NA;0;NA;0;NA;NA;NA;1;NA;NA;NA;NA;NA;NA;NA;NA;NA;NA;NA;NA;NA;NA;NA;NA;NA;NA;NA
rbbhf - hf_min;1951;0;1;0;0;0;0;0;0;0;0;0;0;0;0;1;0;0;0;0;0;NA;NA;NA;0;0;0;0;0;0;0;NA;1;NA;NA;NA;NA;NA;NA;NA;NA;NA;NA;NA;NA;NA;NA;NA;NA;NA;NA;NA;NA;NA;NA;NA;NA;NA;NA;NA;NA;0;0;NA;0;NA;NA;0;NA;NA;1;0;NA;NA;NA;NA;NA;0;NA;NA;NA;NA;NA;NA;NA;NA;NA;NA;NA;0;NA;0;NA;NA;NA;1;NA;NA;NA;NA;NA;NA;NA;NA;NA;NA;NA;NA;NA;NA;NA;NA;NA;NA;NA
rbbhf - hf_min;1952;0;0;NA;0;0;0;0;0;0;0;0;0;0;0;0;NA;NA;NA;NA;NA;NA;NA;NA;NA;NA;NA;0;0;0;0;1;NA;NA;1;NA;NA;NA;NA;NA;NA;NA;NA;NA;NA;NA;NA;NA;NA;NA;NA;NA;NA;NA;NA;NA;NA;NA;NA;NA;NA;0;0;NA;0;NA;NA;0;NA;NA;1;0;NA;NA;NA;NA;NA;0;NA;NA;NA;NA;NA;NA;NA;NA;NA;NA;NA;0;NA;0;NA;NA;NA;1;NA;NA;NA;NA;NA;NA;NA;NA;NA;NA;NA;NA;NA;NA;NA;NA;NA;NA;NA
rbbhf - hf_min;1953;0;1;0;0;0;0;0;0;0;0;0;0;0;0;0;NA;NA;NA;NA;NA;NA;NA;NA;NA;NA;NA;0;0;0;0;1;NA;NA;1;NA;NA;NA;NA;NA;NA;NA;NA;NA;NA;NA;NA;NA;NA;NA;NA;NA;NA;NA;NA;NA;NA;NA;NA;NA;NA;0;0;NA;0;NA;NA;0;NA;NA;1;0;NA;NA;NA;NA;NA;0;NA;NA;NA;NA;NA;NA;NA;NA;NA;NA;NA;0;NA;0;NA;NA;NA;1;NA;NA;NA;NA;NA;NA;NA;NA;NA;NA;NA;NA;NA;NA;NA;NA;NA;NA;NA
rbbhf - hf_min;1954;0;0;NA;0;0;0;0;0;0;0;0;0;0;0;1;0;0;0;0;1;0;0;0;NA;NA;NA;0;0;0;0;1;NA;NA;1;NA;NA;NA;NA;NA;NA;NA;NA;NA;NA;NA;NA;NA;NA;NA;NA;NA;NA;NA;NA;NA;NA;NA;NA;NA;NA;0;0;NA;0;NA;NA;0;NA;NA;1;0;NA;NA;NA;NA;NA;0;NA;NA;NA;NA;NA;NA;NA;NA;NA;NA;NA;0;NA;0;NA;NA;NA;1;NA;NA;NA;NA;NA;NA;NA;NA;NA;NA;NA;NA;NA;NA;NA;NA;NA;NA;NA
rbbhf - hf_min;1955;0;1;0;0;0;0;0;0;0;0;0;0;0;0;1;0;0;0;0;1;0;0;0;NA;NA;NA;0;0;0;0;1;NA;NA;1;NA;NA;NA;NA;NA;NA;NA;NA;NA;NA;NA;NA;NA;NA;NA;NA;NA;NA;NA;NA;NA;NA;NA;NA;NA;NA;0;0;NA;0;NA;NA;0;NA;NA;1;0;NA;NA;NA;NA;NA;0;NA;NA;NA;NA;NA;NA;NA;NA;NA;NA;NA;0;NA;0;NA;NA;NA;1;NA;NA;NA;NA;NA;NA;NA;NA;NA;NA;NA;NA;NA;NA;NA;NA;NA;NA;NA
rbbhf - hf_min;1956;0;0;NA;0;0;0;0;0;0;0;0;0;0;0;1;0;0;0;0;0;NA;NA;NA;0;0;0;0;0;0;0;1;NA;NA;1;NA;NA;NA;NA;NA;NA;NA;NA;NA;NA;NA;NA;NA;NA;NA;NA;NA;NA;NA;NA;NA;NA;NA;NA;NA;NA;0;0;NA;0;NA;NA;0;NA;NA;1;0;NA;NA;NA;NA;NA;0;NA;NA;NA;NA;NA;NA;NA;NA;NA;NA;NA;0;NA;0;NA;NA;NA;1;NA;NA;NA;NA;NA;NA;NA;NA;NA;NA;NA;NA;NA;NA;NA;NA;NA;NA;NA
rbbhf - hf_min;1957;0;1;0;0;0;0;0;0;0;0;0;0;0;0;1;0;0;0;0;0;NA;NA;NA;0;0;0;0;0;0;0;1;NA;NA;1;NA;NA;NA;NA;NA;NA;NA;NA;NA;NA;NA;NA;NA;NA;NA;NA;NA;NA;NA;NA;NA;NA;NA;NA;NA;NA;0;0;NA;0;NA;NA;0;NA;NA;1;0;NA;NA;NA;NA;NA;0;NA;NA;NA;NA;NA;NA;NA;NA;NA;NA;NA;0;NA;0;NA;NA;NA;1;NA;NA;NA;NA;NA;NA;NA;NA;NA;NA;NA;NA;NA;NA;NA;NA;NA;NA;NA
rbbhf - hf_min;1958;0;0;NA;0;0;0;0;0;0;0;0;0;0;0;0;NA;NA;NA;NA;NA;NA;NA;NA;NA;NA;NA;0;0;0;1;NA;NA;NA;1;NA;NA;NA;NA;NA;NA;0;0;NA;NA;NA;NA;NA;NA;0;1;NA;NA;NA;NA;NA;NA;NA;NA;NA;NA;0;0;NA;0;NA;NA;0;NA;NA;1;0;NA;NA;NA;NA;NA;0;NA;NA;NA;NA;NA;NA;NA;NA;NA;NA;NA;0;NA;0;NA;NA;NA;1;NA;NA;NA;NA;NA;NA;NA;NA;NA;NA;NA;NA;NA;NA;NA;NA;NA;NA;NA
rbbhf - hf_min;1959;0;1;0;0;0;0;0;0;0;0;0;0;0;0;0;NA;NA;NA;NA;NA;NA;NA;NA;NA;NA;NA;0;0;0;1;NA;NA;NA;1;NA;NA;NA;NA;NA;NA;0;0;NA;NA;NA;NA;NA;NA;0;1;NA;NA;NA;NA;NA;NA;NA;NA;NA;NA;0;0;NA;0;NA;NA;0;NA;NA;1;0;NA;NA;NA;NA;NA;0;NA;NA;NA;NA;NA;NA;NA;NA;NA;NA;NA;0;NA;0;NA;NA;NA;1;NA;NA;NA;NA;NA;NA;NA;NA;NA;NA;NA;NA;NA;NA;NA;NA;NA;NA;NA
rbbhf - hf_min;1960;0;0;NA;0;0;0;0;0;0;0;0;0;0;0;1;0;0;0;0;1;0;0;0;NA;NA;NA;0;0;0;1;NA;NA;NA;1;NA;NA;NA;NA;NA;NA;0;0;NA;NA;NA;NA;NA;NA;0;1;NA;NA;NA;NA;NA;NA;NA;NA;NA;NA;0;0;NA;0;NA;NA;0;NA;NA;1;0;NA;NA;NA;NA;NA;0;NA;NA;NA;NA;NA;NA;NA;NA;NA;NA;NA;0;NA;0;NA;NA;NA;1;NA;NA;NA;NA;NA;NA;NA;NA;NA;NA;NA;NA;NA;NA;NA;NA;NA;NA;NA
rbbhf - hf_min;1961;0;1;0;0;0;0;0;0;0;0;0;0;0;0;1;0;0;0;0;1;0;0;0;NA;NA;NA;0;0;0;1;NA;NA;NA;1;NA;NA;NA;NA;NA;NA;0;0;NA;NA;NA;NA;NA;NA;0;1;NA;NA;NA;NA;NA;NA;NA;NA;NA;NA;0;0;NA;0;NA;NA;0;NA;NA;1;0;NA;NA;NA;NA;NA;0;NA;NA;NA;NA;NA;NA;NA;NA;NA;NA;NA;0;NA;0;NA;NA;NA;1;NA;NA;NA;NA;NA;NA;NA;NA;NA;NA;NA;NA;NA;NA;NA;NA;NA;NA;NA
rbbhf - hf_min;1962;0;0;NA;0;0;0;0;0;0;0;0;0;0;0;1;0;0;0;0;0;NA;NA;NA;0;0;0;0;0;0;1;NA;NA;NA;1;NA;NA;NA;NA;NA;NA;0;0;NA;NA;NA;NA;NA;NA;0;1;NA;NA;NA;NA;NA;NA;NA;NA;NA;NA;0;0;NA;0;NA;NA;0;NA;NA;1;0;NA;NA;NA;NA;NA;0;NA;NA;NA;NA;NA;NA;NA;NA;NA;NA;NA;0;NA;0;NA;NA;NA;1;NA;NA;NA;NA;NA;NA;NA;NA;NA;NA;NA;NA;NA;NA;NA;NA;NA;NA;NA
rbbhf - hf_min;1963;0;1;0;0;0;0;0;0;0;0;0;0;0;0;1;0;0;0;0;0;NA;NA;NA;0;0;0;0;0;0;1;NA;NA;NA;1;NA;NA;NA;NA;NA;NA;0;0;NA;NA;NA;NA;NA;NA;0;1;NA;NA;NA;NA;NA;NA;NA;NA;NA;NA;0;0;NA;0;NA;NA;0;NA;NA;1;0;NA;NA;NA;NA;NA;0;NA;NA;NA;NA;NA;NA;NA;NA;NA;NA;NA;0;NA;0;NA;NA;NA;1;NA;NA;NA;NA;NA;NA;NA;NA;NA;NA;NA;NA;NA;NA;NA;NA;NA;NA;NA
rbbhf - hf_min;1964;0;0;NA;0;0;0;0;0;0;0;0;0;0;0;0;NA;NA;NA;NA;NA;NA;NA;NA;NA;NA;NA;0;0;0;1;NA;NA;NA;NA;NA;NA;NA;NA;NA;NA;0;0;NA;NA;NA;NA;NA;NA;0;0;1;NA;NA;NA;NA;NA;NA;NA;NA;NA;0;0;NA;0;NA;NA;0;NA;NA;1;0;NA;NA;NA;NA;NA;0;NA;NA;NA;NA;NA;NA;NA;NA;NA;NA;NA;0;NA;0;NA;NA;NA;1;NA;NA;NA;NA;NA;NA;NA;NA;NA;NA;NA;NA;NA;NA;NA;NA;NA;NA;NA
rbbhf - hf_min;1965;0;1;0;0;0;0;0;0;0;0;0;0;0;0;0;NA;NA;NA;NA;NA;NA;NA;NA;NA;NA;NA;0;0;0;1;NA;NA;NA;NA;NA;NA;NA;NA;NA;NA;0;0;NA;NA;NA;NA;NA;NA;0;0;1;NA;NA;NA;NA;NA;NA;NA;NA;NA;0;0;NA;0;NA;NA;0;NA;NA;1;0;NA;NA;NA;NA;NA;0;NA;NA;NA;NA;NA;NA;NA;NA;NA;NA;NA;0;NA;0;NA;NA;NA;1;NA;NA;NA;NA;NA;NA;NA;NA;NA;NA;NA;NA;NA;NA;NA;NA;NA;NA;NA
rbbhf - hf_min;1966;0;0;NA;0;0;0;0;0;0;0;0;0;0;0;1;0;0;0;0;1;0;0;0;NA;NA;NA;0;0;0;1;NA;NA;NA;NA;NA;NA;NA;NA;NA;NA;0;0;NA;NA;NA;NA;NA;NA;0;0;1;NA;NA;NA;NA;NA;NA;NA;NA;NA;0;0;NA;0;NA;NA;0;NA;NA;1;0;NA;NA;NA;NA;NA;0;NA;NA;NA;NA;NA;NA;NA;NA;NA;NA;NA;0;NA;0;NA;NA;NA;1;NA;NA;NA;NA;NA;NA;NA;NA;NA;NA;NA;NA;NA;NA;NA;NA;NA;NA;NA
rbbhf - hf_min;1967;0;1;0;0;0;0;0;0;0;0;0;0;0;0;1;0;0;0;0;1;0;0;0;NA;NA;NA;0;0;0;1;NA;NA;NA;NA;NA;NA;NA;NA;NA;NA;0;0;NA;NA;NA;NA;NA;NA;0;0;1;NA;NA;NA;NA;NA;NA;NA;NA;NA;0;0;NA;0;NA;NA;0;NA;NA;1;0;NA;NA;NA;NA;NA;0;NA;NA;NA;NA;NA;NA;NA;NA;NA;NA;NA;0;NA;0;NA;NA;NA;1;NA;NA;NA;NA;NA;NA;NA;NA;NA;NA;NA;NA;NA;NA;NA;NA;NA;NA;NA
rbbhf - hf_min;1968;0;0;NA;0;0;0;0;0;0;0;0;0;0;0;1;0;0;0;0;0;NA;NA;NA;0;0;0;0;0;0;1;NA;NA;NA;NA;NA;NA;NA;NA;NA;NA;0;0;NA;NA;NA;NA;NA;NA;0;0;1;NA;NA;NA;NA;NA;NA;NA;NA;NA;0;0;NA;0;NA;NA;0;NA;NA;1;0;NA;NA;NA;NA;NA;0;NA;NA;NA;NA;NA;NA;NA;NA;NA;NA;NA;0;NA;0;NA;NA;NA;1;NA;NA;NA;NA;NA;NA;NA;NA;NA;NA;NA;NA;NA;NA;NA;NA;NA;NA;NA
rbbhf - hf_min;1969;0;1;0;0;0;0;0;0;0;0;0;0;0;0;1;0;0;0;0;0;NA;NA;NA;0;0;0;0;0;0;1;NA;NA;NA;NA;NA;NA;NA;NA;NA;NA;0;0;NA;NA;NA;NA;NA;NA;0;0;1;NA;NA;NA;NA;NA;NA;NA;NA;NA;0;0;NA;0;NA;NA;0;NA;NA;1;0;NA;NA;NA;NA;NA;0;NA;NA;NA;NA;NA;NA;NA;NA;NA;NA;NA;0;NA;0;NA;NA;NA;1;NA;NA;NA;NA;NA;NA;NA;NA;NA;NA;NA;NA;NA;NA;NA;NA;NA;NA;NA
rbbhf - hf_min;1970;0;0;NA;0;0;0;0;0;0;0;0;0;0;0;0;NA;NA;NA;NA;NA;NA;NA;NA;NA;NA;NA;0;0;0;0;NA;1;NA;NA;NA;NA;NA;NA;NA;NA;NA;NA;NA;NA;NA;NA;NA;NA;NA;NA;NA;NA;NA;NA;NA;NA;NA;NA;NA;NA;0;0;NA;0;NA;NA;0;NA;NA;0;NA;NA;NA;NA;NA;NA;1;0;NA;NA;NA;NA;NA;NA;NA;NA;NA;NA;0;NA;0;NA;NA;NA;1;NA;NA;NA;NA;NA;NA;NA;NA;NA;NA;NA;NA;NA;NA;NA;NA;NA;NA;NA
rbbhf - hf_min;1971;0;1;0;0;0;0;0;0;0;0;0;0;0;0;0;NA;NA;NA;NA;NA;NA;NA;NA;NA;NA;NA;0;0;0;0;NA;1;NA;NA;NA;NA;NA;NA;NA;NA;NA;NA;NA;NA;NA;NA;NA;NA;NA;NA;NA;NA;NA;NA;NA;NA;NA;NA;NA;NA;0;0;NA;0;NA;NA;0;NA;NA;0;NA;NA;NA;NA;NA;NA;1;0;NA;NA;NA;NA;NA;NA;NA;NA;NA;NA;0;NA;0;NA;NA;NA;1;NA;NA;NA;NA;NA;NA;NA;NA;NA;NA;NA;NA;NA;NA;NA;NA;NA;NA;NA
rbbhf - hf_min;1972;0;0;NA;0;0;0;0;0;0;0;0;0;0;0;1;0;0;0;0;1;0;0;0;NA;NA;NA;0;0;0;0;NA;1;NA;NA;NA;NA;NA;NA;NA;NA;NA;NA;NA;NA;NA;NA;NA;NA;NA;NA;NA;NA;NA;NA;NA;NA;NA;NA;NA;NA;0;0;NA;0;NA;NA;0;NA;NA;0;NA;NA;NA;NA;NA;NA;1;0;NA;NA;NA;NA;NA;NA;NA;NA;NA;NA;0;NA;0;NA;NA;NA;1;NA;NA;NA;NA;NA;NA;NA;NA;NA;NA;NA;NA;NA;NA;NA;NA;NA;NA;NA
rbbhf - hf_min;1973;0;1;0;0;0;0;0;0;0;0;0;0;0;0;1;0;0;0;0;1;0;0;0;NA;NA;NA;0;0;0;0;NA;1;NA;NA;NA;NA;NA;NA;NA;NA;NA;NA;NA;NA;NA;NA;NA;NA;NA;NA;NA;NA;NA;NA;NA;NA;NA;NA;NA;NA;0;0;NA;0;NA;NA;0;NA;NA;0;NA;NA;NA;NA;NA;NA;1;0;NA;NA;NA;NA;NA;NA;NA;NA;NA;NA;0;NA;0;NA;NA;NA;1;NA;NA;NA;NA;NA;NA;NA;NA;NA;NA;NA;NA;NA;NA;NA;NA;NA;NA;NA
rbbhf - hf_min;1974;0;0;NA;0;0;0;0;0;0;0;0;0;0;0;1;0;0;0;0;0;NA;NA;NA;0;0;0;0;0;0;0;NA;1;NA;NA;NA;NA;NA;NA;NA;NA;NA;NA;NA;NA;NA;NA;NA;NA;NA;NA;NA;NA;NA;NA;NA;NA;NA;NA;NA;NA;0;0;NA;0;NA;NA;0;NA;NA;0;NA;NA;NA;NA;NA;NA;1;0;NA;NA;NA;NA;NA;NA;NA;NA;NA;NA;0;NA;0;NA;NA;NA;1;NA;NA;NA;NA;NA;NA;NA;NA;NA;NA;NA;NA;NA;NA;NA;NA;NA;NA;NA
rbbhf - hf_min;1975;0;1;0;0;0;0;0;0;0;0;0;0;0;0;1;0;0;0;0;0;NA;NA;NA;0;0;0;0;0;0;0;NA;1;NA;NA;NA;NA;NA;NA;NA;NA;NA;NA;NA;NA;NA;NA;NA;NA;NA;NA;NA;NA;NA;NA;NA;NA;NA;NA;NA;NA;0;0;NA;0;NA;NA;0;NA;NA;0;NA;NA;NA;NA;NA;NA;1;0;NA;NA;NA;NA;NA;NA;NA;NA;NA;NA;0;NA;0;NA;NA;NA;1;NA;NA;NA;NA;NA;NA;NA;NA;NA;NA;NA;NA;NA;NA;NA;NA;NA;NA;NA
rbbhf - hf_min;1976;0;0;NA;0;0;0;0;0;0;0;0;0;0;0;0;NA;NA;NA;NA;NA;NA;NA;NA;NA;NA;NA;0;0;0;0;1;NA;NA;1;NA;NA;NA;NA;NA;NA;NA;NA;NA;NA;NA;NA;NA;NA;NA;NA;NA;NA;NA;NA;NA;NA;NA;NA;NA;NA;0;0;NA;0;NA;NA;0;NA;NA;0;NA;NA;NA;NA;NA;NA;1;0;NA;NA;NA;NA;NA;NA;NA;NA;NA;NA;0;NA;0;NA;NA;NA;1;NA;NA;NA;NA;NA;NA;NA;NA;NA;NA;NA;NA;NA;NA;NA;NA;NA;NA;NA
rbbhf - hf_min;1977;0;1;0;0;0;0;0;0;0;0;0;0;0;0;0;NA;NA;NA;NA;NA;NA;NA;NA;NA;NA;NA;0;0;0;0;1;NA;NA;1;NA;NA;NA;NA;NA;NA;NA;NA;NA;NA;NA;NA;NA;NA;NA;NA;NA;NA;NA;NA;NA;NA;NA;NA;NA;NA;0;0;NA;0;NA;NA;0;NA;NA;0;NA;NA;NA;NA;NA;NA;1;0;NA;NA;NA;NA;NA;NA;NA;NA;NA;NA;0;NA;0;NA;NA;NA;1;NA;NA;NA;NA;NA;NA;NA;NA;NA;NA;NA;NA;NA;NA;NA;NA;NA;NA;NA
rbbhf - hf_min;1978;0;0;NA;0;0;0;0;0;0;0;0;0;0;0;1;0;0;0;0;1;0;0;0;NA;NA;NA;0;0;0;0;1;NA;NA;1;NA;NA;NA;NA;NA;NA;NA;NA;NA;NA;NA;NA;NA;NA;NA;NA;NA;NA;NA;NA;NA;NA;NA;NA;NA;NA;0;0;NA;0;NA;NA;0;NA;NA;0;NA;NA;NA;NA;NA;NA;1;0;NA;NA;NA;NA;NA;NA;NA;NA;NA;NA;0;NA;0;NA;NA;NA;1;NA;NA;NA;NA;NA;NA;NA;NA;NA;NA;NA;NA;NA;NA;NA;NA;NA;NA;NA
rbbhf - hf_min;1979;0;1;0;0;0;0;0;0;0;0;0;0;0;0;1;0;0;0;0;1;0;0;0;NA;NA;NA;0;0;0;0;1;NA;NA;1;NA;NA;NA;NA;NA;NA;NA;NA;NA;NA;NA;NA;NA;NA;NA;NA;NA;NA;NA;NA;NA;NA;NA;NA;NA;NA;0;0;NA;0;NA;NA;0;NA;NA;0;NA;NA;NA;NA;NA;NA;1;0;NA;NA;NA;NA;NA;NA;NA;NA;NA;NA;0;NA;0;NA;NA;NA;1;NA;NA;NA;NA;NA;NA;NA;NA;NA;NA;NA;NA;NA;NA;NA;NA;NA;NA;NA
rbbhf - hf_min;1980;0;0;NA;0;0;0;0;0;0;0;0;0;0;0;1;0;0;0;0;0;NA;NA;NA;0;0;0;0;0;0;0;1;NA;NA;1;NA;NA;NA;NA;NA;NA;NA;NA;NA;NA;NA;NA;NA;NA;NA;NA;NA;NA;NA;NA;NA;NA;NA;NA;NA;NA;0;0;NA;0;NA;NA;0;NA;NA;0;NA;NA;NA;NA;NA;NA;1;0;NA;NA;NA;NA;NA;NA;NA;NA;NA;NA;0;NA;0;NA;NA;NA;1;NA;NA;NA;NA;NA;NA;NA;NA;NA;NA;NA;NA;NA;NA;NA;NA;NA;NA;NA
rbbhf - hf_min;1981;0;1;0;0;0;0;0;0;0;0;0;0;0;0;1;0;0;0;0;0;NA;NA;NA;0;0;0;0;0;0;0;1;NA;NA;1;NA;NA;NA;NA;NA;NA;NA;NA;NA;NA;NA;NA;NA;NA;NA;NA;NA;NA;NA;NA;NA;NA;NA;NA;NA;NA;0;0;NA;0;NA;NA;0;NA;NA;0;NA;NA;NA;NA;NA;NA;1;0;NA;NA;NA;NA;NA;NA;NA;NA;NA;NA;0;NA;0;NA;NA;NA;1;NA;NA;NA;NA;NA;NA;NA;NA;NA;NA;NA;NA;NA;NA;NA;NA;NA;NA;NA
rbbhf - hf_min;1982;0;0;NA;0;0;0;0;0;0;0;0;0;0;0;0;NA;NA;NA;NA;NA;NA;NA;NA;NA;NA;NA;0;0;0;1;NA;NA;NA;1;NA;NA;NA;NA;NA;NA;0;0;NA;NA;NA;NA;NA;NA;0;1;NA;NA;NA;NA;NA;NA;NA;NA;NA;NA;0;0;NA;0;NA;NA;0;NA;NA;0;NA;NA;NA;NA;NA;NA;1;0;NA;NA;NA;NA;NA;NA;NA;NA;NA;NA;0;NA;0;NA;NA;NA;1;NA;NA;NA;NA;NA;NA;NA;NA;NA;NA;NA;NA;NA;NA;NA;NA;NA;NA;NA
rbbhf - hf_min;1983;0;1;0;0;0;0;0;0;0;0;0;0;0;0;0;NA;NA;NA;NA;NA;NA;NA;NA;NA;NA;NA;0;0;0;1;NA;NA;NA;1;NA;NA;NA;NA;NA;NA;0;0;NA;NA;NA;NA;NA;NA;0;1;NA;NA;NA;NA;NA;NA;NA;NA;NA;NA;0;0;NA;0;NA;NA;0;NA;NA;0;NA;NA;NA;NA;NA;NA;1;0;NA;NA;NA;NA;NA;NA;NA;NA;NA;NA;0;NA;0;NA;NA;NA;1;NA;NA;NA;NA;NA;NA;NA;NA;NA;NA;NA;NA;NA;NA;NA;NA;NA;NA;NA
rbbhf - hf_min;1984;0;0;NA;0;0;0;0;0;0;0;0;0;0;0;1;0;0;0;0;1;0;0;0;NA;NA;NA;0;0;0;1;NA;NA;NA;1;NA;NA;NA;NA;NA;NA;0;0;NA;NA;NA;NA;NA;NA;0;1;NA;NA;NA;NA;NA;NA;NA;NA;NA;NA;0;0;NA;0;NA;NA;0;NA;NA;0;NA;NA;NA;NA;NA;NA;1;0;NA;NA;NA;NA;NA;NA;NA;NA;NA;NA;0;NA;0;NA;NA;NA;1;NA;NA;NA;NA;NA;NA;NA;NA;NA;NA;NA;NA;NA;NA;NA;NA;NA;NA;NA
rbbhf - hf_min;1985;0;1;0;0;0;0;0;0;0;0;0;0;0;0;1;0;0;0;0;1;0;0;0;NA;NA;NA;0;0;0;1;NA;NA;NA;1;NA;NA;NA;NA;NA;NA;0;0;NA;NA;NA;NA;NA;NA;0;1;NA;NA;NA;NA;NA;NA;NA;NA;NA;NA;0;0;NA;0;NA;NA;0;NA;NA;0;NA;NA;NA;NA;NA;NA;1;0;NA;NA;NA;NA;NA;NA;NA;NA;NA;NA;0;NA;0;NA;NA;NA;1;NA;NA;NA;NA;NA;NA;NA;NA;NA;NA;NA;NA;NA;NA;NA;NA;NA;NA;NA
rbbhf - hf_min;1986;0;0;NA;0;0;0;0;0;0;0;0;0;0;0;1;0;0;0;0;0;NA;NA;NA;0;0;0;0;0;0;1;NA;NA;NA;1;NA;NA;NA;NA;NA;NA;0;0;NA;NA;NA;NA;NA;NA;0;1;NA;NA;NA;NA;NA;NA;NA;NA;NA;NA;0;0;NA;0;NA;NA;0;NA;NA;0;NA;NA;NA;NA;NA;NA;1;0;NA;NA;NA;NA;NA;NA;NA;NA;NA;NA;0;NA;0;NA;NA;NA;1;NA;NA;NA;NA;NA;NA;NA;NA;NA;NA;NA;NA;NA;NA;NA;NA;NA;NA;NA
rbbhf - hf_min;1987;0;1;0;0;0;0;0;0;0;0;0;0;0;0;1;0;0;0;0;0;NA;NA;NA;0;0;0;0;0;0;1;NA;NA;NA;1;NA;NA;NA;NA;NA;NA;0;0;NA;NA;NA;NA;NA;NA;0;1;NA;NA;NA;NA;NA;NA;NA;NA;NA;NA;0;0;NA;0;NA;NA;0;NA;NA;0;NA;NA;NA;NA;NA;NA;1;0;NA;NA;NA;NA;NA;NA;NA;NA;NA;NA;0;NA;0;NA;NA;NA;1;NA;NA;NA;NA;NA;NA;NA;NA;NA;NA;NA;NA;NA;NA;NA;NA;NA;NA;NA
rbbhf - hf_min;1988;0;0;NA;0;0;0;0;0;0;0;0;0;0;0;0;NA;NA;NA;NA;NA;NA;NA;NA;NA;NA;NA;0;0;0;1;NA;NA;NA;NA;NA;NA;NA;NA;NA;NA;0;0;NA;NA;NA;NA;NA;NA;0;0;1;NA;NA;NA;NA;NA;NA;NA;NA;NA;0;0;NA;0;NA;NA;0;NA;NA;0;NA;NA;NA;NA;NA;NA;1;0;NA;NA;NA;NA;NA;NA;NA;NA;NA;NA;0;NA;0;NA;NA;NA;1;NA;NA;NA;NA;NA;NA;NA;NA;NA;NA;NA;NA;NA;NA;NA;NA;NA;NA;NA
rbbhf - hf_min;1989;0;1;0;0;0;0;0;0;0;0;0;0;0;0;0;NA;NA;NA;NA;NA;NA;NA;NA;NA;NA;NA;0;0;0;1;NA;NA;NA;NA;NA;NA;NA;NA;NA;NA;0;0;NA;NA;NA;NA;NA;NA;0;0;1;NA;NA;NA;NA;NA;NA;NA;NA;NA;0;0;NA;0;NA;NA;0;NA;NA;0;NA;NA;NA;NA;NA;NA;1;0;NA;NA;NA;NA;NA;NA;NA;NA;NA;NA;0;NA;0;NA;NA;NA;1;NA;NA;NA;NA;NA;NA;NA;NA;NA;NA;NA;NA;NA;NA;NA;NA;NA;NA;NA
rbbhf - hf_min;1990;0;0;NA;0;0;0;0;0;0;0;0;0;0;0;1;0;0;0;0;1;0;0;0;NA;NA;NA;0;0;0;1;NA;NA;NA;NA;NA;NA;NA;NA;NA;NA;0;0;NA;NA;NA;NA;NA;NA;0;0;1;NA;NA;NA;NA;NA;NA;NA;NA;NA;0;0;NA;0;NA;NA;0;NA;NA;0;NA;NA;NA;NA;NA;NA;1;0;NA;NA;NA;NA;NA;NA;NA;NA;NA;NA;0;NA;0;NA;NA;NA;1;NA;NA;NA;NA;NA;NA;NA;NA;NA;NA;NA;NA;NA;NA;NA;NA;NA;NA;NA
rbbhf - hf_min;1991;0;1;0;0;0;0;0;0;0;0;0;0;0;0;1;0;0;0;0;1;0;0;0;NA;NA;NA;0;0;0;1;NA;NA;NA;NA;NA;NA;NA;NA;NA;NA;0;0;NA;NA;NA;NA;NA;NA;0;0;1;NA;NA;NA;NA;NA;NA;NA;NA;NA;0;0;NA;0;NA;NA;0;NA;NA;0;NA;NA;NA;NA;NA;NA;1;0;NA;NA;NA;NA;NA;NA;NA;NA;NA;NA;0;NA;0;NA;NA;NA;1;NA;NA;NA;NA;NA;NA;NA;NA;NA;NA;NA;NA;NA;NA;NA;NA;NA;NA;NA
rbbhf - hf_min;1992;0;0;NA;0;0;0;0;0;0;0;0;0;0;0;1;0;0;0;0;0;NA;NA;NA;0;0;0;0;0;0;1;NA;NA;NA;NA;NA;NA;NA;NA;NA;NA;0;0;NA;NA;NA;NA;NA;NA;0;0;1;NA;NA;NA;NA;NA;NA;NA;NA;NA;0;0;NA;0;NA;NA;0;NA;NA;0;NA;NA;NA;NA;NA;NA;1;0;NA;NA;NA;NA;NA;NA;NA;NA;NA;NA;0;NA;0;NA;NA;NA;1;NA;NA;NA;NA;NA;NA;NA;NA;NA;NA;NA;NA;NA;NA;NA;NA;NA;NA;NA
rbbhf - hf_min;1993;0;1;0;0;0;0;0;0;0;0;0;0;0;0;1;0;0;0;0;0;NA;NA;NA;0;0;0;0;0;0;1;NA;NA;NA;NA;NA;NA;NA;NA;NA;NA;0;0;NA;NA;NA;NA;NA;NA;0;0;1;NA;NA;NA;NA;NA;NA;NA;NA;NA;0;0;NA;0;NA;NA;0;NA;NA;0;NA;NA;NA;NA;NA;NA;1;0;NA;NA;NA;NA;NA;NA;NA;NA;NA;NA;0;NA;0;NA;NA;NA;1;NA;NA;NA;NA;NA;NA;NA;NA;NA;NA;NA;NA;NA;NA;NA;NA;NA;NA;NA
rbbhf - hf_min;1994;0;0;NA;0;0;0;0;0;0;0;0;0;0;0;0;NA;NA;NA;NA;NA;NA;NA;NA;NA;NA;NA;0;0;0;0;NA;1;NA;NA;NA;NA;NA;NA;NA;NA;NA;NA;NA;NA;NA;NA;NA;NA;NA;NA;NA;NA;NA;NA;NA;NA;NA;NA;NA;NA;0;0;NA;0;NA;NA;0;NA;NA;1;0;NA;NA;NA;NA;NA;1;0;NA;NA;NA;NA;NA;NA;NA;NA;NA;NA;0;NA;0;NA;NA;NA;1;NA;NA;NA;NA;NA;NA;NA;NA;NA;NA;NA;NA;NA;NA;NA;NA;NA;NA;NA
rbbhf - hf_min;1995;0;1;0;0;0;0;0;0;0;0;0;0;0;0;0;NA;NA;NA;NA;NA;NA;NA;NA;NA;NA;NA;0;0;0;0;NA;1;NA;NA;NA;NA;NA;NA;NA;NA;NA;NA;NA;NA;NA;NA;NA;NA;NA;NA;NA;NA;NA;NA;NA;NA;NA;NA;NA;NA;0;0;NA;0;NA;NA;0;NA;NA;1;0;NA;NA;NA;NA;NA;1;0;NA;NA;NA;NA;NA;NA;NA;NA;NA;NA;0;NA;0;NA;NA;NA;1;NA;NA;NA;NA;NA;NA;NA;NA;NA;NA;NA;NA;NA;NA;NA;NA;NA;NA;NA
rbbhf - hf_min;1996;0;0;NA;0;0;0;0;0;0;0;0;0;0;0;1;0;0;0;0;1;0;0;0;NA;NA;NA;0;0;0;0;NA;1;NA;NA;NA;NA;NA;NA;NA;NA;NA;NA;NA;NA;NA;NA;NA;NA;NA;NA;NA;NA;NA;NA;NA;NA;NA;NA;NA;NA;0;0;NA;0;NA;NA;0;NA;NA;1;0;NA;NA;NA;NA;NA;1;0;NA;NA;NA;NA;NA;NA;NA;NA;NA;NA;0;NA;0;NA;NA;NA;1;NA;NA;NA;NA;NA;NA;NA;NA;NA;NA;NA;NA;NA;NA;NA;NA;NA;NA;NA
rbbhf - hf_min;1997;0;1;0;0;0;0;0;0;0;0;0;0;0;0;1;0;0;0;0;1;0;0;0;NA;NA;NA;0;0;0;0;NA;1;NA;NA;NA;NA;NA;NA;NA;NA;NA;NA;NA;NA;NA;NA;NA;NA;NA;NA;NA;NA;NA;NA;NA;NA;NA;NA;NA;NA;0;0;NA;0;NA;NA;0;NA;NA;1;0;NA;NA;NA;NA;NA;1;0;NA;NA;NA;NA;NA;NA;NA;NA;NA;NA;0;NA;0;NA;NA;NA;1;NA;NA;NA;NA;NA;NA;NA;NA;NA;NA;NA;NA;NA;NA;NA;NA;NA;NA;NA
rbbhf - hf_min;1998;0;0;NA;0;0;0;0;0;0;0;0;0;0;0;1;0;0;0;0;0;NA;NA;NA;0;0;0;0;0;0;0;NA;1;NA;NA;NA;NA;NA;NA;NA;NA;NA;NA;NA;NA;NA;NA;NA;NA;NA;NA;NA;NA;NA;NA;NA;NA;NA;NA;NA;NA;0;0;NA;0;NA;NA;0;NA;NA;1;0;NA;NA;NA;NA;NA;1;0;NA;NA;NA;NA;NA;NA;NA;NA;NA;NA;0;NA;0;NA;NA;NA;1;NA;NA;NA;NA;NA;NA;NA;NA;NA;NA;NA;NA;NA;NA;NA;NA;NA;NA;NA
rbbhf - hf_min;1999;0;1;0;0;0;0;0;0;0;0;0;0;0;0;1;0;0;0;0;0;NA;NA;NA;0;0;0;0;0;0;0;NA;1;NA;NA;NA;NA;NA;NA;NA;NA;NA;NA;NA;NA;NA;NA;NA;NA;NA;NA;NA;NA;NA;NA;NA;NA;NA;NA;NA;NA;0;0;NA;0;NA;NA;0;NA;NA;1;0;NA;NA;NA;NA;NA;1;0;NA;NA;NA;NA;NA;NA;NA;NA;NA;NA;0;NA;0;NA;NA;NA;1;NA;NA;NA;NA;NA;NA;NA;NA;NA;NA;NA;NA;NA;NA;NA;NA;NA;NA;NA
rbbhf - hf_min;2000;0;0;NA;0;0;0;0;0;0;0;0;0;0;0;0;NA;NA;NA;NA;NA;NA;NA;NA;NA;NA;NA;0;0;0;0;1;NA;NA;1;NA;NA;NA;NA;NA;NA;NA;NA;NA;NA;NA;NA;NA;NA;NA;NA;NA;NA;NA;NA;NA;NA;NA;NA;NA;NA;0;0;NA;0;NA;NA;0;NA;NA;1;0;NA;NA;NA;NA;NA;1;0;NA;NA;NA;NA;NA;NA;NA;NA;NA;NA;0;NA;0;NA;NA;NA;1;NA;NA;NA;NA;NA;NA;NA;NA;NA;NA;NA;NA;NA;NA;NA;NA;NA;NA;NA
rbbhf - hf_min;2001;0;1;0;0;0;0;0;0;0;0;0;0;0;0;0;NA;NA;NA;NA;NA;NA;NA;NA;NA;NA;NA;0;0;0;0;1;NA;NA;1;NA;NA;NA;NA;NA;NA;NA;NA;NA;NA;NA;NA;NA;NA;NA;NA;NA;NA;NA;NA;NA;NA;NA;NA;NA;NA;0;0;NA;0;NA;NA;0;NA;NA;1;0;NA;NA;NA;NA;NA;1;0;NA;NA;NA;NA;NA;NA;NA;NA;NA;NA;0;NA;0;NA;NA;NA;1;NA;NA;NA;NA;NA;NA;NA;NA;NA;NA;NA;NA;NA;NA;NA;NA;NA;NA;NA
rbbhf - hf_min;2002;0;0;NA;0;0;0;0;0;0;0;0;0;0;0;1;0;0;0;0;1;0;0;0;NA;NA;NA;0;0;0;0;1;NA;NA;1;NA;NA;NA;NA;NA;NA;NA;NA;NA;NA;NA;NA;NA;NA;NA;NA;NA;NA;NA;NA;NA;NA;NA;NA;NA;NA;0;0;NA;0;NA;NA;0;NA;NA;1;0;NA;NA;NA;NA;NA;1;0;NA;NA;NA;NA;NA;NA;NA;NA;NA;NA;0;NA;0;NA;NA;NA;1;NA;NA;NA;NA;NA;NA;NA;NA;NA;NA;NA;NA;NA;NA;NA;NA;NA;NA;NA
rbbhf - hf_min;2003;0;1;0;0;0;0;0;0;0;0;0;0;0;0;1;0;0;0;0;1;0;0;0;NA;NA;NA;0;0;0;0;1;NA;NA;1;NA;NA;NA;NA;NA;NA;NA;NA;NA;NA;NA;NA;NA;NA;NA;NA;NA;NA;NA;NA;NA;NA;NA;NA;NA;NA;0;0;NA;0;NA;NA;0;NA;NA;1;0;NA;NA;NA;NA;NA;1;0;NA;NA;NA;NA;NA;NA;NA;NA;NA;NA;0;NA;0;NA;NA;NA;1;NA;NA;NA;NA;NA;NA;NA;NA;NA;NA;NA;NA;NA;NA;NA;NA;NA;NA;NA
rbbhf - hf_min;2004;0;0;NA;0;0;0;0;0;0;0;0;0;0;0;1;0;0;0;0;0;NA;NA;NA;0;0;0;0;0;0;0;1;NA;NA;1;NA;NA;NA;NA;NA;NA;NA;NA;NA;NA;NA;NA;NA;NA;NA;NA;NA;NA;NA;NA;NA;NA;NA;NA;NA;NA;0;0;NA;0;NA;NA;0;NA;NA;1;0;NA;NA;NA;NA;NA;1;0;NA;NA;NA;NA;NA;NA;NA;NA;NA;NA;0;NA;0;NA;NA;NA;1;NA;NA;NA;NA;NA;NA;NA;NA;NA;NA;NA;NA;NA;NA;NA;NA;NA;NA;NA
rbbhf - hf_min;2005;0;1;0;0;0;0;0;0;0;0;0;0;0;0;1;0;0;0;0;0;NA;NA;NA;0;0;0;0;0;0;0;1;NA;NA;1;NA;NA;NA;NA;NA;NA;NA;NA;NA;NA;NA;NA;NA;NA;NA;NA;NA;NA;NA;NA;NA;NA;NA;NA;NA;NA;0;0;NA;0;NA;NA;0;NA;NA;1;0;NA;NA;NA;NA;NA;1;0;NA;NA;NA;NA;NA;NA;NA;NA;NA;NA;0;NA;0;NA;NA;NA;1;NA;NA;NA;NA;NA;NA;NA;NA;NA;NA;NA;NA;NA;NA;NA;NA;NA;NA;NA
rbbhf - hf_min;2006;0;0;NA;0;0;0;0;0;0;0;0;0;0;0;0;NA;NA;NA;NA;NA;NA;NA;NA;NA;NA;NA;0;0;0;1;NA;NA;NA;1;NA;NA;NA;NA;NA;NA;0;0;NA;NA;NA;NA;NA;NA;0;1;NA;NA;NA;NA;NA;NA;NA;NA;NA;NA;0;0;NA;0;NA;NA;0;NA;NA;1;0;NA;NA;NA;NA;NA;1;0;NA;NA;NA;NA;NA;NA;NA;NA;NA;NA;0;NA;0;NA;NA;NA;1;NA;NA;NA;NA;NA;NA;NA;NA;NA;NA;NA;NA;NA;NA;NA;NA;NA;NA;NA
rbbhf - hf_min;2007;0;1;0;0;0;0;0;0;0;0;0;0;0;0;0;NA;NA;NA;NA;NA;NA;NA;NA;NA;NA;NA;0;0;0;1;NA;NA;NA;1;NA;NA;NA;NA;NA;NA;0;0;NA;NA;NA;NA;NA;NA;0;1;NA;NA;NA;NA;NA;NA;NA;NA;NA;NA;0;0;NA;0;NA;NA;0;NA;NA;1;0;NA;NA;NA;NA;NA;1;0;NA;NA;NA;NA;NA;NA;NA;NA;NA;NA;0;NA;0;NA;NA;NA;1;NA;NA;NA;NA;NA;NA;NA;NA;NA;NA;NA;NA;NA;NA;NA;NA;NA;NA;NA
rbbhf - hf_min;2008;0;0;NA;0;0;0;0;0;0;0;0;0;0;0;1;0;0;0;0;1;0;0;0;NA;NA;NA;0;0;0;1;NA;NA;NA;1;NA;NA;NA;NA;NA;NA;0;0;NA;NA;NA;NA;NA;NA;0;1;NA;NA;NA;NA;NA;NA;NA;NA;NA;NA;0;0;NA;0;NA;NA;0;NA;NA;1;0;NA;NA;NA;NA;NA;1;0;NA;NA;NA;NA;NA;NA;NA;NA;NA;NA;0;NA;0;NA;NA;NA;1;NA;NA;NA;NA;NA;NA;NA;NA;NA;NA;NA;NA;NA;NA;NA;NA;NA;NA;NA
rbbhf - hf_min;2009;0;1;0;0;0;0;0;0;0;0;0;0;0;0;1;0;0;0;0;1;0;0;0;NA;NA;NA;0;0;0;1;NA;NA;NA;1;NA;NA;NA;NA;NA;NA;0;0;NA;NA;NA;NA;NA;NA;0;1;NA;NA;NA;NA;NA;NA;NA;NA;NA;NA;0;0;NA;0;NA;NA;0;NA;NA;1;0;NA;NA;NA;NA;NA;1;0;NA;NA;NA;NA;NA;NA;NA;NA;NA;NA;0;NA;0;NA;NA;NA;1;NA;NA;NA;NA;NA;NA;NA;NA;NA;NA;NA;NA;NA;NA;NA;NA;NA;NA;NA
rbbhf - hf_min;2010;0;0;NA;0;0;0;0;0;0;0;0;0;0;0;1;0;0;0;0;0;NA;NA;NA;0;0;0;0;0;0;1;NA;NA;NA;1;NA;NA;NA;NA;NA;NA;0;0;NA;NA;NA;NA;NA;NA;0;1;NA;NA;NA;NA;NA;NA;NA;NA;NA;NA;0;0;NA;0;NA;NA;0;NA;NA;1;0;NA;NA;NA;NA;NA;1;0;NA;NA;NA;NA;NA;NA;NA;NA;NA;NA;0;NA;0;NA;NA;NA;1;NA;NA;NA;NA;NA;NA;NA;NA;NA;NA;NA;NA;NA;NA;NA;NA;NA;NA;NA
rbbhf - hf_min;2011;0;1;0;0;0;0;0;0;0;0;0;0;0;0;1;0;0;0;0;0;NA;NA;NA;0;0;0;0;0;0;1;NA;NA;NA;1;NA;NA;NA;NA;NA;NA;0;0;NA;NA;NA;NA;NA;NA;0;1;NA;NA;NA;NA;NA;NA;NA;NA;NA;NA;0;0;NA;0;NA;NA;0;NA;NA;1;0;NA;NA;NA;NA;NA;1;0;NA;NA;NA;NA;NA;NA;NA;NA;NA;NA;0;NA;0;NA;NA;NA;1;NA;NA;NA;NA;NA;NA;NA;NA;NA;NA;NA;NA;NA;NA;NA;NA;NA;NA;NA
rbbhf - hf_min;2012;0;0;NA;0;0;0;0;0;0;0;0;0;0;0;0;NA;NA;NA;NA;NA;NA;NA;NA;NA;NA;NA;0;0;0;1;NA;NA;NA;NA;NA;NA;NA;NA;NA;NA;0;0;NA;NA;NA;NA;NA;NA;0;0;1;NA;NA;NA;NA;NA;NA;NA;NA;NA;0;0;NA;0;NA;NA;0;NA;NA;1;0;NA;NA;NA;NA;NA;1;0;NA;NA;NA;NA;NA;NA;NA;NA;NA;NA;0;NA;0;NA;NA;NA;1;NA;NA;NA;NA;NA;NA;NA;NA;NA;NA;NA;NA;NA;NA;NA;NA;NA;NA;NA
rbbhf - hf_min;2013;0;1;0;0;0;0;0;0;0;0;0;0;0;0;0;NA;NA;NA;NA;NA;NA;NA;NA;NA;NA;NA;0;0;0;1;NA;NA;NA;NA;NA;NA;NA;NA;NA;NA;0;0;NA;NA;NA;NA;NA;NA;0;0;1;NA;NA;NA;NA;NA;NA;NA;NA;NA;0;0;NA;0;NA;NA;0;NA;NA;1;0;NA;NA;NA;NA;NA;1;0;NA;NA;NA;NA;NA;NA;NA;NA;NA;NA;0;NA;0;NA;NA;NA;1;NA;NA;NA;NA;NA;NA;NA;NA;NA;NA;NA;NA;NA;NA;NA;NA;NA;NA;NA
rbbhf - hf_min;2014;0;0;NA;0;0;0;0;0;0;0;0;0;0;0;1;0;0;0;0;1;0;0;0;NA;NA;NA;0;0;0;1;NA;NA;NA;NA;NA;NA;NA;NA;NA;NA;0;0;NA;NA;NA;NA;NA;NA;0;0;1;NA;NA;NA;NA;NA;NA;NA;NA;NA;0;0;NA;0;NA;NA;0;NA;NA;1;0;NA;NA;NA;NA;NA;1;0;NA;NA;NA;NA;NA;NA;NA;NA;NA;NA;0;NA;0;NA;NA;NA;1;NA;NA;NA;NA;NA;NA;NA;NA;NA;NA;NA;NA;NA;NA;NA;NA;NA;NA;NA
rbbhf - hf_min;2015;0;1;0;0;0;0;0;0;0;0;0;0;0;0;1;0;0;0;0;1;0;0;0;NA;NA;NA;0;0;0;1;NA;NA;NA;NA;NA;NA;NA;NA;NA;NA;0;0;NA;NA;NA;NA;NA;NA;0;0;1;NA;NA;NA;NA;NA;NA;NA;NA;NA;0;0;NA;0;NA;NA;0;NA;NA;1;0;NA;NA;NA;NA;NA;1;0;NA;NA;NA;NA;NA;NA;NA;NA;NA;NA;0;NA;0;NA;NA;NA;1;NA;NA;NA;NA;NA;NA;NA;NA;NA;NA;NA;NA;NA;NA;NA;NA;NA;NA;NA
rbbhf - hf_min;2016;0;0;NA;0;0;0;0;0;0;0;0;0;0;0;1;0;0;0;0;0;NA;NA;NA;0;0;0;0;0;0;1;NA;NA;NA;NA;NA;NA;NA;NA;NA;NA;0;0;NA;NA;NA;NA;NA;NA;0;0;1;NA;NA;NA;NA;NA;NA;NA;NA;NA;0;0;NA;0;NA;NA;0;NA;NA;1;0;NA;NA;NA;NA;NA;1;0;NA;NA;NA;NA;NA;NA;NA;NA;NA;NA;0;NA;0;NA;NA;NA;1;NA;NA;NA;NA;NA;NA;NA;NA;NA;NA;NA;NA;NA;NA;NA;NA;NA;NA;NA
rbbhf - hf_min;2017;0;1;0;0;0;0;0;0;0;0;0;0;0;0;1;0;0;0;0;0;NA;NA;NA;0;0;0;0;0;0;1;NA;NA;NA;NA;NA;NA;NA;NA;NA;NA;0;0;NA;NA;NA;NA;NA;NA;0;0;1;NA;NA;NA;NA;NA;NA;NA;NA;NA;0;0;NA;0;NA;NA;0;NA;NA;1;0;NA;NA;NA;NA;NA;1;0;NA;NA;NA;NA;NA;NA;NA;NA;NA;NA;0;NA;0;NA;NA;NA;1;NA;NA;NA;NA;NA;NA;NA;NA;NA;NA;NA;NA;NA;NA;NA;NA;NA;NA;NA
rbbhf - hf_min;2018;0;0;NA;0;0;0;0;0;0;0;0;0;0;0;0;NA;NA;NA;NA;NA;NA;NA;NA;NA;NA;NA;0;0;0;0;NA;1;NA;NA;NA;NA;NA;NA;NA;NA;NA;NA;NA;NA;NA;NA;NA;NA;NA;NA;NA;NA;NA;NA;NA;NA;NA;NA;NA;NA;0;0;NA;0;NA;NA;0;NA;NA;0;NA;NA;NA;NA;NA;NA;0;NA;NA;NA;NA;NA;NA;NA;NA;NA;NA;NA;1;1;NA;NA;NA;NA;NA;1;NA;NA;NA;NA;NA;NA;NA;NA;NA;NA;NA;NA;NA;NA;NA;NA;NA;NA
rbbhf - hf_min;2019;0;1;0;0;0;0;0;0;0;0;0;0;0;0;0;NA;NA;NA;NA;NA;NA;NA;NA;NA;NA;NA;0;0;0;0;NA;1;NA;NA;NA;NA;NA;NA;NA;NA;NA;NA;NA;NA;NA;NA;NA;NA;NA;NA;NA;NA;NA;NA;NA;NA;NA;NA;NA;NA;0;0;NA;0;NA;NA;0;NA;NA;0;NA;NA;NA;NA;NA;NA;0;NA;NA;NA;NA;NA;NA;NA;NA;NA;NA;NA;1;1;NA;NA;NA;NA;NA;1;NA;NA;NA;NA;NA;NA;NA;NA;NA;NA;NA;NA;NA;NA;NA;NA;NA;NA
rbbhf - hf_min;2020;0;0;NA;0;0;0;0;0;0;0;0;0;0;0;1;0;0;0;0;1;0;0;0;NA;NA;NA;0;0;0;0;NA;1;NA;NA;NA;NA;NA;NA;NA;NA;NA;NA;NA;NA;NA;NA;NA;NA;NA;NA;NA;NA;NA;NA;NA;NA;NA;NA;NA;NA;0;0;NA;0;NA;NA;0;NA;NA;0;NA;NA;NA;NA;NA;NA;0;NA;NA;NA;NA;NA;NA;NA;NA;NA;NA;NA;1;1;NA;NA;NA;NA;NA;1;NA;NA;NA;NA;NA;NA;NA;NA;NA;NA;NA;NA;NA;NA;NA;NA;NA;NA
rbbhf - hf_min;2021;0;1;0;0;0;0;0;0;0;0;0;0;0;0;1;0;0;0;0;1;0;0;0;NA;NA;NA;0;0;0;0;NA;1;NA;NA;NA;NA;NA;NA;NA;NA;NA;NA;NA;NA;NA;NA;NA;NA;NA;NA;NA;NA;NA;NA;NA;NA;NA;NA;NA;NA;0;0;NA;0;NA;NA;0;NA;NA;0;NA;NA;NA;NA;NA;NA;0;NA;NA;NA;NA;NA;NA;NA;NA;NA;NA;NA;1;1;NA;NA;NA;NA;NA;1;NA;NA;NA;NA;NA;NA;NA;NA;NA;NA;NA;NA;NA;NA;NA;NA;NA;NA
rbbhf - hf_min;2022;0;0;NA;0;0;0;0;0;0;0;0;0;0;0;1;0;0;0;0;0;NA;NA;NA;0;0;0;0;0;0;0;NA;1;NA;NA;NA;NA;NA;NA;NA;NA;NA;NA;NA;NA;NA;NA;NA;NA;NA;NA;NA;NA;NA;NA;NA;NA;NA;NA;NA;NA;0;0;NA;0;NA;NA;0;NA;NA;0;NA;NA;NA;NA;NA;NA;0;NA;NA;NA;NA;NA;NA;NA;NA;NA;NA;NA;1;1;NA;NA;NA;NA;NA;1;NA;NA;NA;NA;NA;NA;NA;NA;NA;NA;NA;NA;NA;NA;NA;NA;NA;NA
rbbhf - hf_min;2023;0;1;0;0;0;0;0;0;0;0;0;0;0;0;1;0;0;0;0;0;NA;NA;NA;0;0;0;0;0;0;0;NA;1;NA;NA;NA;NA;NA;NA;NA;NA;NA;NA;NA;NA;NA;NA;NA;NA;NA;NA;NA;NA;NA;NA;NA;NA;NA;NA;NA;NA;0;0;NA;0;NA;NA;0;NA;NA;0;NA;NA;NA;NA;NA;NA;0;NA;NA;NA;NA;NA;NA;NA;NA;NA;NA;NA;1;1;NA;NA;NA;NA;NA;1;NA;NA;NA;NA;NA;NA;NA;NA;NA;NA;NA;NA;NA;NA;NA;NA;NA;NA
rbbhf - hf_min;2024;0;0;NA;0;0;0;0;0;0;0;0;0;0;0;0;NA;NA;NA;NA;NA;NA;NA;NA;NA;NA;NA;0;0;0;0;1;NA;NA;1;NA;NA;NA;NA;NA;NA;NA;NA;NA;NA;NA;NA;NA;NA;NA;NA;NA;NA;NA;NA;NA;NA;NA;NA;NA;NA;0;0;NA;0;NA;NA;0;NA;NA;0;NA;NA;NA;NA;NA;NA;0;NA;NA;NA;NA;NA;NA;NA;NA;NA;NA;NA;1;1;NA;NA;NA;NA;NA;1;NA;NA;NA;NA;NA;NA;NA;NA;NA;NA;NA;NA;NA;NA;NA;NA;NA;NA
rbbhf - hf_min;2025;0;1;0;0;0;0;0;0;0;0;0;0;0;0;0;NA;NA;NA;NA;NA;NA;NA;NA;NA;NA;NA;0;0;0;0;1;NA;NA;1;NA;NA;NA;NA;NA;NA;NA;NA;NA;NA;NA;NA;NA;NA;NA;NA;NA;NA;NA;NA;NA;NA;NA;NA;NA;NA;0;0;NA;0;NA;NA;0;NA;NA;0;NA;NA;NA;NA;NA;NA;0;NA;NA;NA;NA;NA;NA;NA;NA;NA;NA;NA;1;1;NA;NA;NA;NA;NA;1;NA;NA;NA;NA;NA;NA;NA;NA;NA;NA;NA;NA;NA;NA;NA;NA;NA;NA
rbbhf - hf_min;2026;0;0;NA;0;0;0;0;0;0;0;0;0;0;0;1;0;0;0;0;1;0;0;0;NA;NA;NA;0;0;0;0;1;NA;NA;1;NA;NA;NA;NA;NA;NA;NA;NA;NA;NA;NA;NA;NA;NA;NA;NA;NA;NA;NA;NA;NA;NA;NA;NA;NA;NA;0;0;NA;0;NA;NA;0;NA;NA;0;NA;NA;NA;NA;NA;NA;0;NA;NA;NA;NA;NA;NA;NA;NA;NA;NA;NA;1;1;NA;NA;NA;NA;NA;1;NA;NA;NA;NA;NA;NA;NA;NA;NA;NA;NA;NA;NA;NA;NA;NA;NA;NA
rbbhf - hf_min;2027;0;1;0;0;0;0;0;0;0;0;0;0;0;0;1;0;0;0;0;1;0;0;0;NA;NA;NA;0;0;0;0;1;NA;NA;1;NA;NA;NA;NA;NA;NA;NA;NA;NA;NA;NA;NA;NA;NA;NA;NA;NA;NA;NA;NA;NA;NA;NA;NA;NA;NA;0;0;NA;0;NA;NA;0;NA;NA;0;NA;NA;NA;NA;NA;NA;0;NA;NA;NA;NA;NA;NA;NA;NA;NA;NA;NA;1;1;NA;NA;NA;NA;NA;1;NA;NA;NA;NA;NA;NA;NA;NA;NA;NA;NA;NA;NA;NA;NA;NA;NA;NA
rbbhf - hf_min;2028;0;0;NA;0;0;0;0;0;0;0;0;0;0;0;1;0;0;0;0;0;NA;NA;NA;0;0;0;0;0;0;0;1;NA;NA;1;NA;NA;NA;NA;NA;NA;NA;NA;NA;NA;NA;NA;NA;NA;NA;NA;NA;NA;NA;NA;NA;NA;NA;NA;NA;NA;0;0;NA;0;NA;NA;0;NA;NA;0;NA;NA;NA;NA;NA;NA;0;NA;NA;NA;NA;NA;NA;NA;NA;NA;NA;NA;1;1;NA;NA;NA;NA;NA;1;NA;NA;NA;NA;NA;NA;NA;NA;NA;NA;NA;NA;NA;NA;NA;NA;NA;NA
rbbhf - hf_min;2029;0;1;0;0;0;0;0;0;0;0;0;0;0;0;1;0;0;0;0;0;NA;NA;NA;0;0;0;0;0;0;0;1;NA;NA;1;NA;NA;NA;NA;NA;NA;NA;NA;NA;NA;NA;NA;NA;NA;NA;NA;NA;NA;NA;NA;NA;NA;NA;NA;NA;NA;0;0;NA;0;NA;NA;0;NA;NA;0;NA;NA;NA;NA;NA;NA;0;NA;NA;NA;NA;NA;NA;NA;NA;NA;NA;NA;1;1;NA;NA;NA;NA;NA;1;NA;NA;NA;NA;NA;NA;NA;NA;NA;NA;NA;NA;NA;NA;NA;NA;NA;NA
rbbhf - hf_min;2030;0;0;NA;0;0;0;0;0;0;0;0;0;0;0;0;NA;NA;NA;NA;NA;NA;NA;NA;NA;NA;NA;0;0;0;1;NA;NA;NA;1;NA;NA;NA;NA;NA;NA;0;0;NA;NA;NA;NA;NA;NA;0;1;NA;NA;NA;NA;NA;NA;NA;NA;NA;NA;0;0;NA;0;NA;NA;0;NA;NA;0;NA;NA;NA;NA;NA;NA;0;NA;NA;NA;NA;NA;NA;NA;NA;NA;NA;NA;1;1;NA;NA;NA;NA;NA;1;NA;NA;NA;NA;NA;NA;NA;NA;NA;NA;NA;NA;NA;NA;NA;NA;NA;NA
rbbhf - hf_min;2031;0;1;0;0;0;0;0;0;0;0;0;0;0;0;0;NA;NA;NA;NA;NA;NA;NA;NA;NA;NA;NA;0;0;0;1;NA;NA;NA;1;NA;NA;NA;NA;NA;NA;0;0;NA;NA;NA;NA;NA;NA;0;1;NA;NA;NA;NA;NA;NA;NA;NA;NA;NA;0;0;NA;0;NA;NA;0;NA;NA;0;NA;NA;NA;NA;NA;NA;0;NA;NA;NA;NA;NA;NA;NA;NA;NA;NA;NA;1;1;NA;NA;NA;NA;NA;1;NA;NA;NA;NA;NA;NA;NA;NA;NA;NA;NA;NA;NA;NA;NA;NA;NA;NA
rbbhf - hf_min;2032;0;0;NA;0;0;0;0;0;0;0;0;0;0;0;1;0;0;0;0;1;0;0;0;NA;NA;NA;0;0;0;1;NA;NA;NA;1;NA;NA;NA;NA;NA;NA;0;0;NA;NA;NA;NA;NA;NA;0;1;NA;NA;NA;NA;NA;NA;NA;NA;NA;NA;0;0;NA;0;NA;NA;0;NA;NA;0;NA;NA;NA;NA;NA;NA;0;NA;NA;NA;NA;NA;NA;NA;NA;NA;NA;NA;1;1;NA;NA;NA;NA;NA;1;NA;NA;NA;NA;NA;NA;NA;NA;NA;NA;NA;NA;NA;NA;NA;NA;NA;NA
rbbhf - hf_min;2033;0;1;0;0;0;0;0;0;0;0;0;0;0;0;1;0;0;0;0;1;0;0;0;NA;NA;NA;0;0;0;1;NA;NA;NA;1;NA;NA;NA;NA;NA;NA;0;0;NA;NA;NA;NA;NA;NA;0;1;NA;NA;NA;NA;NA;NA;NA;NA;NA;NA;0;0;NA;0;NA;NA;0;NA;NA;0;NA;NA;NA;NA;NA;NA;0;NA;NA;NA;NA;NA;NA;NA;NA;NA;NA;NA;1;1;NA;NA;NA;NA;NA;1;NA;NA;NA;NA;NA;NA;NA;NA;NA;NA;NA;NA;NA;NA;NA;NA;NA;NA
rbbhf - hf_min;2034;0;0;NA;0;0;0;0;0;0;0;0;0;0;0;1;0;0;0;0;0;NA;NA;NA;0;0;0;0;0;0;1;NA;NA;NA;1;NA;NA;NA;NA;NA;NA;0;0;NA;NA;NA;NA;NA;NA;0;1;NA;NA;NA;NA;NA;NA;NA;NA;NA;NA;0;0;NA;0;NA;NA;0;NA;NA;0;NA;NA;NA;NA;NA;NA;0;NA;NA;NA;NA;NA;NA;NA;NA;NA;NA;NA;1;1;NA;NA;NA;NA;NA;1;NA;NA;NA;NA;NA;NA;NA;NA;NA;NA;NA;NA;NA;NA;NA;NA;NA;NA
rbbhf - hf_min;2035;0;1;0;0;0;0;0;0;0;0;0;0;0;0;1;0;0;0;0;0;NA;NA;NA;0;0;0;0;0;0;1;NA;NA;NA;1;NA;NA;NA;NA;NA;NA;0;0;NA;NA;NA;NA;NA;NA;0;1;NA;NA;NA;NA;NA;NA;NA;NA;NA;NA;0;0;NA;0;NA;NA;0;NA;NA;0;NA;NA;NA;NA;NA;NA;0;NA;NA;NA;NA;NA;NA;NA;NA;NA;NA;NA;1;1;NA;NA;NA;NA;NA;1;NA;NA;NA;NA;NA;NA;NA;NA;NA;NA;NA;NA;NA;NA;NA;NA;NA;NA
rbbhf - hf_min;2036;0;0;NA;0;0;0;0;0;0;0;0;0;0;0;0;NA;NA;NA;NA;NA;NA;NA;NA;NA;NA;NA;0;0;0;1;NA;NA;NA;NA;NA;NA;NA;NA;NA;NA;0;0;NA;NA;NA;NA;NA;NA;0;0;1;NA;NA;NA;NA;NA;NA;NA;NA;NA;0;0;NA;0;NA;NA;0;NA;NA;0;NA;NA;NA;NA;NA;NA;0;NA;NA;NA;NA;NA;NA;NA;NA;NA;NA;NA;1;1;NA;NA;NA;NA;NA;1;NA;NA;NA;NA;NA;NA;NA;NA;NA;NA;NA;NA;NA;NA;NA;NA;NA;NA
rbbhf - hf_min;2037;0;1;0;0;0;0;0;0;0;0;0;0;0;0;0;NA;NA;NA;NA;NA;NA;NA;NA;NA;NA;NA;0;0;0;1;NA;NA;NA;NA;NA;NA;NA;NA;NA;NA;0;0;NA;NA;NA;NA;NA;NA;0;0;1;NA;NA;NA;NA;NA;NA;NA;NA;NA;0;0;NA;0;NA;NA;0;NA;NA;0;NA;NA;NA;NA;NA;NA;0;NA;NA;NA;NA;NA;NA;NA;NA;NA;NA;NA;1;1;NA;NA;NA;NA;NA;1;NA;NA;NA;NA;NA;NA;NA;NA;NA;NA;NA;NA;NA;NA;NA;NA;NA;NA
rbbhf - hf_min;2038;0;0;NA;0;0;0;0;0;0;0;0;0;0;0;1;0;0;0;0;1;0;0;0;NA;NA;NA;0;0;0;1;NA;NA;NA;NA;NA;NA;NA;NA;NA;NA;0;0;NA;NA;NA;NA;NA;NA;0;0;1;NA;NA;NA;NA;NA;NA;NA;NA;NA;0;0;NA;0;NA;NA;0;NA;NA;0;NA;NA;NA;NA;NA;NA;0;NA;NA;NA;NA;NA;NA;NA;NA;NA;NA;NA;1;1;NA;NA;NA;NA;NA;1;NA;NA;NA;NA;NA;NA;NA;NA;NA;NA;NA;NA;NA;NA;NA;NA;NA;NA
rbbhf - hf_min;2039;0;1;0;0;0;0;0;0;0;0;0;0;0;0;1;0;0;0;0;1;0;0;0;NA;NA;NA;0;0;0;1;NA;NA;NA;NA;NA;NA;NA;NA;NA;NA;0;0;NA;NA;NA;NA;NA;NA;0;0;1;NA;NA;NA;NA;NA;NA;NA;NA;NA;0;0;NA;0;NA;NA;0;NA;NA;0;NA;NA;NA;NA;NA;NA;0;NA;NA;NA;NA;NA;NA;NA;NA;NA;NA;NA;1;1;NA;NA;NA;NA;NA;1;NA;NA;NA;NA;NA;NA;NA;NA;NA;NA;NA;NA;NA;NA;NA;NA;NA;NA
rbbhf - hf_min;2040;0;0;NA;0;0;0;0;0;0;0;0;0;0;0;1;0;0;0;0;0;NA;NA;NA;0;0;0;0;0;0;1;NA;NA;NA;NA;NA;NA;NA;NA;NA;NA;0;0;NA;NA;NA;NA;NA;NA;0;0;1;NA;NA;NA;NA;NA;NA;NA;NA;NA;0;0;NA;0;NA;NA;0;NA;NA;0;NA;NA;NA;NA;NA;NA;0;NA;NA;NA;NA;NA;NA;NA;NA;NA;NA;NA;1;1;NA;NA;NA;NA;NA;1;NA;NA;NA;NA;NA;NA;NA;NA;NA;NA;NA;NA;NA;NA;NA;NA;NA;NA
rbbhf - hf_min;2041;0;1;0;0;0;0;0;0;0;0;0;0;0;0;1;0;0;0;0;0;NA;NA;NA;0;0;0;0;0;0;1;NA;NA;NA;NA;NA;NA;NA;NA;NA;NA;0;0;NA;NA;NA;NA;NA;NA;0;0;1;NA;NA;NA;NA;NA;NA;NA;NA;NA;0;0;NA;0;NA;NA;0;NA;NA;0;NA;NA;NA;NA;NA;NA;0;NA;NA;NA;NA;NA;NA;NA;NA;NA;NA;NA;1;1;NA;NA;NA;NA;NA;1;NA;NA;NA;NA;NA;NA;NA;NA;NA;NA;NA;NA;NA;NA;NA;NA;NA;NA
rbbhf - hf_min;2042;0;0;NA;0;0;0;0;0;0;0;0;0;0;0;0;NA;NA;NA;NA;NA;NA;NA;NA;NA;NA;NA;0;0;0;0;NA;1;NA;NA;NA;NA;NA;NA;NA;NA;NA;NA;NA;NA;NA;NA;NA;NA;NA;NA;NA;NA;NA;NA;NA;NA;NA;NA;NA;NA;0;0;NA;0;NA;NA;0;NA;NA;1;0;NA;NA;NA;NA;NA;0;NA;NA;NA;NA;NA;NA;NA;NA;NA;NA;NA;1;1;NA;NA;NA;NA;NA;1;NA;NA;NA;NA;NA;NA;NA;NA;NA;NA;NA;NA;NA;NA;NA;NA;NA;NA
rbbhf - hf_min;2043;0;1;0;0;0;0;0;0;0;0;0;0;0;0;0;NA;NA;NA;NA;NA;NA;NA;NA;NA;NA;NA;0;0;0;0;NA;1;NA;NA;NA;NA;NA;NA;NA;NA;NA;NA;NA;NA;NA;NA;NA;NA;NA;NA;NA;NA;NA;NA;NA;NA;NA;NA;NA;NA;0;0;NA;0;NA;NA;0;NA;NA;1;0;NA;NA;NA;NA;NA;0;NA;NA;NA;NA;NA;NA;NA;NA;NA;NA;NA;1;1;NA;NA;NA;NA;NA;1;NA;NA;NA;NA;NA;NA;NA;NA;NA;NA;NA;NA;NA;NA;NA;NA;NA;NA
rbbhf - hf_min;2044;0;0;NA;0;0;0;0;0;0;0;0;0;0;0;1;0;0;0;0;1;0;0;0;NA;NA;NA;0;0;0;0;NA;1;NA;NA;NA;NA;NA;NA;NA;NA;NA;NA;NA;NA;NA;NA;NA;NA;NA;NA;NA;NA;NA;NA;NA;NA;NA;NA;NA;NA;0;0;NA;0;NA;NA;0;NA;NA;1;0;NA;NA;NA;NA;NA;0;NA;NA;NA;NA;NA;NA;NA;NA;NA;NA;NA;1;1;NA;NA;NA;NA;NA;1;NA;NA;NA;NA;NA;NA;NA;NA;NA;NA;NA;NA;NA;NA;NA;NA;NA;NA
rbbhf - hf_min;2045;0;1;0;0;0;0;0;0;0;0;0;0;0;0;1;0;0;0;0;1;0;0;0;NA;NA;NA;0;0;0;0;NA;1;NA;NA;NA;NA;NA;NA;NA;NA;NA;NA;NA;NA;NA;NA;NA;NA;NA;NA;NA;NA;NA;NA;NA;NA;NA;NA;NA;NA;0;0;NA;0;NA;NA;0;NA;NA;1;0;NA;NA;NA;NA;NA;0;NA;NA;NA;NA;NA;NA;NA;NA;NA;NA;NA;1;1;NA;NA;NA;NA;NA;1;NA;NA;NA;NA;NA;NA;NA;NA;NA;NA;NA;NA;NA;NA;NA;NA;NA;NA
rbbhf - hf_min;2046;0;0;NA;0;0;0;0;0;0;0;0;0;0;0;1;0;0;0;0;0;NA;NA;NA;0;0;0;0;0;0;0;NA;1;NA;NA;NA;NA;NA;NA;NA;NA;NA;NA;NA;NA;NA;NA;NA;NA;NA;NA;NA;NA;NA;NA;NA;NA;NA;NA;NA;NA;0;0;NA;0;NA;NA;0;NA;NA;1;0;NA;NA;NA;NA;NA;0;NA;NA;NA;NA;NA;NA;NA;NA;NA;NA;NA;1;1;NA;NA;NA;NA;NA;1;NA;NA;NA;NA;NA;NA;NA;NA;NA;NA;NA;NA;NA;NA;NA;NA;NA;NA
rbbhf - hf_min;2047;0;1;0;0;0;0;0;0;0;0;0;0;0;0;1;0;0;0;0;0;NA;NA;NA;0;0;0;0;0;0;0;NA;1;NA;NA;NA;NA;NA;NA;NA;NA;NA;NA;NA;NA;NA;NA;NA;NA;NA;NA;NA;NA;NA;NA;NA;NA;NA;NA;NA;NA;0;0;NA;0;NA;NA;0;NA;NA;1;0;NA;NA;NA;NA;NA;0;NA;NA;NA;NA;NA;NA;NA;NA;NA;NA;NA;1;1;NA;NA;NA;NA;NA;1;NA;NA;NA;NA;NA;NA;NA;NA;NA;NA;NA;NA;NA;NA;NA;NA;NA;NA
rbbhf - hf_min;2048;0;0;NA;0;0;0;0;0;0;0;0;0;0;0;0;NA;NA;NA;NA;NA;NA;NA;NA;NA;NA;NA;0;0;0;0;1;NA;NA;1;NA;NA;NA;NA;NA;NA;NA;NA;NA;NA;NA;NA;NA;NA;NA;NA;NA;NA;NA;NA;NA;NA;NA;NA;NA;NA;0;0;NA;0;NA;NA;0;NA;NA;1;0;NA;NA;NA;NA;NA;0;NA;NA;NA;NA;NA;NA;NA;NA;NA;NA;NA;1;1;NA;NA;NA;NA;NA;1;NA;NA;NA;NA;NA;NA;NA;NA;NA;NA;NA;NA;NA;NA;NA;NA;NA;NA
rbbhf - hf_min;2049;0;1;0;0;0;0;0;0;0;0;0;0;0;0;0;NA;NA;NA;NA;NA;NA;NA;NA;NA;NA;NA;0;0;0;0;1;NA;NA;1;NA;NA;NA;NA;NA;NA;NA;NA;NA;NA;NA;NA;NA;NA;NA;NA;NA;NA;NA;NA;NA;NA;NA;NA;NA;NA;0;0;NA;0;NA;NA;0;NA;NA;1;0;NA;NA;NA;NA;NA;0;NA;NA;NA;NA;NA;NA;NA;NA;NA;NA;NA;1;1;NA;NA;NA;NA;NA;1;NA;NA;NA;NA;NA;NA;NA;NA;NA;NA;NA;NA;NA;NA;NA;NA;NA;NA
rbbhf - hf_min;2050;0;0;NA;0;0;0;0;0;0;0;0;0;0;0;1;0;0;0;0;1;0;0;0;NA;NA;NA;0;0;0;0;1;NA;NA;1;NA;NA;NA;NA;NA;NA;NA;NA;NA;NA;NA;NA;NA;NA;NA;NA;NA;NA;NA;NA;NA;NA;NA;NA;NA;NA;0;0;NA;0;NA;NA;0;NA;NA;1;0;NA;NA;NA;NA;NA;0;NA;NA;NA;NA;NA;NA;NA;NA;NA;NA;NA;1;1;NA;NA;NA;NA;NA;1;NA;NA;NA;NA;NA;NA;NA;NA;NA;NA;NA;NA;NA;NA;NA;NA;NA;NA
rbbhf - hf_min;2051;0;1;0;0;0;0;0;0;0;0;0;0;0;0;1;0;0;0;0;1;0;0;0;NA;NA;NA;0;0;0;0;1;NA;NA;1;NA;NA;NA;NA;NA;NA;NA;NA;NA;NA;NA;NA;NA;NA;NA;NA;NA;NA;NA;NA;NA;NA;NA;NA;NA;NA;0;0;NA;0;NA;NA;0;NA;NA;1;0;NA;NA;NA;NA;NA;0;NA;NA;NA;NA;NA;NA;NA;NA;NA;NA;NA;1;1;NA;NA;NA;NA;NA;1;NA;NA;NA;NA;NA;NA;NA;NA;NA;NA;NA;NA;NA;NA;NA;NA;NA;NA
rbbhf - hf_min;2052;0;0;NA;0;0;0;0;0;0;0;0;0;0;0;1;0;0;0;0;0;NA;NA;NA;0;0;0;0;0;0;0;1;NA;NA;1;NA;NA;NA;NA;NA;NA;NA;NA;NA;NA;NA;NA;NA;NA;NA;NA;NA;NA;NA;NA;NA;NA;NA;NA;NA;NA;0;0;NA;0;NA;NA;0;NA;NA;1;0;NA;NA;NA;NA;NA;0;NA;NA;NA;NA;NA;NA;NA;NA;NA;NA;NA;1;1;NA;NA;NA;NA;NA;1;NA;NA;NA;NA;NA;NA;NA;NA;NA;NA;NA;NA;NA;NA;NA;NA;NA;NA
rbbhf - hf_min;2053;0;1;0;0;0;0;0;0;0;0;0;0;0;0;1;0;0;0;0;0;NA;NA;NA;0;0;0;0;0;0;0;1;NA;NA;1;NA;NA;NA;NA;NA;NA;NA;NA;NA;NA;NA;NA;NA;NA;NA;NA;NA;NA;NA;NA;NA;NA;NA;NA;NA;NA;0;0;NA;0;NA;NA;0;NA;NA;1;0;NA;NA;NA;NA;NA;0;NA;NA;NA;NA;NA;NA;NA;NA;NA;NA;NA;1;1;NA;NA;NA;NA;NA;1;NA;NA;NA;NA;NA;NA;NA;NA;NA;NA;NA;NA;NA;NA;NA;NA;NA;NA
rbbhf - hf_min;2054;0;0;NA;0;0;0;0;0;0;0;0;0;0;0;0;NA;NA;NA;NA;NA;NA;NA;NA;NA;NA;NA;0;0;0;1;NA;NA;NA;1;NA;NA;NA;NA;NA;NA;0;0;NA;NA;NA;NA;NA;NA;0;1;NA;NA;NA;NA;NA;NA;NA;NA;NA;NA;0;0;NA;0;NA;NA;0;NA;NA;1;0;NA;NA;NA;NA;NA;0;NA;NA;NA;NA;NA;NA;NA;NA;NA;NA;NA;1;1;NA;NA;NA;NA;NA;1;NA;NA;NA;NA;NA;NA;NA;NA;NA;NA;NA;NA;NA;NA;NA;NA;NA;NA
rbbhf - hf_min;2055;0;1;0;0;0;0;0;0;0;0;0;0;0;0;0;NA;NA;NA;NA;NA;NA;NA;NA;NA;NA;NA;0;0;0;1;NA;NA;NA;1;NA;NA;NA;NA;NA;NA;0;0;NA;NA;NA;NA;NA;NA;0;1;NA;NA;NA;NA;NA;NA;NA;NA;NA;NA;0;0;NA;0;NA;NA;0;NA;NA;1;0;NA;NA;NA;NA;NA;0;NA;NA;NA;NA;NA;NA;NA;NA;NA;NA;NA;1;1;NA;NA;NA;NA;NA;1;NA;NA;NA;NA;NA;NA;NA;NA;NA;NA;NA;NA;NA;NA;NA;NA;NA;NA
rbbhf - hf_min;2056;0;0;NA;0;0;0;0;0;0;0;0;0;0;0;1;0;0;0;0;1;0;0;0;NA;NA;NA;0;0;0;1;NA;NA;NA;1;NA;NA;NA;NA;NA;NA;0;0;NA;NA;NA;NA;NA;NA;0;1;NA;NA;NA;NA;NA;NA;NA;NA;NA;NA;0;0;NA;0;NA;NA;0;NA;NA;1;0;NA;NA;NA;NA;NA;0;NA;NA;NA;NA;NA;NA;NA;NA;NA;NA;NA;1;1;NA;NA;NA;NA;NA;1;NA;NA;NA;NA;NA;NA;NA;NA;NA;NA;NA;NA;NA;NA;NA;NA;NA;NA
rbbhf - hf_min;2057;0;1;0;0;0;0;0;0;0;0;0;0;0;0;1;0;0;0;0;1;0;0;0;NA;NA;NA;0;0;0;1;NA;NA;NA;1;NA;NA;NA;NA;NA;NA;0;0;NA;NA;NA;NA;NA;NA;0;1;NA;NA;NA;NA;NA;NA;NA;NA;NA;NA;0;0;NA;0;NA;NA;0;NA;NA;1;0;NA;NA;NA;NA;NA;0;NA;NA;NA;NA;NA;NA;NA;NA;NA;NA;NA;1;1;NA;NA;NA;NA;NA;1;NA;NA;NA;NA;NA;NA;NA;NA;NA;NA;NA;NA;NA;NA;NA;NA;NA;NA
rbbhf - hf_min;2058;0;0;NA;0;0;0;0;0;0;0;0;0;0;0;1;0;0;0;0;0;NA;NA;NA;0;0;0;0;0;0;1;NA;NA;NA;1;NA;NA;NA;NA;NA;NA;0;0;NA;NA;NA;NA;NA;NA;0;1;NA;NA;NA;NA;NA;NA;NA;NA;NA;NA;0;0;NA;0;NA;NA;0;NA;NA;1;0;NA;NA;NA;NA;NA;0;NA;NA;NA;NA;NA;NA;NA;NA;NA;NA;NA;1;1;NA;NA;NA;NA;NA;1;NA;NA;NA;NA;NA;NA;NA;NA;NA;NA;NA;NA;NA;NA;NA;NA;NA;NA
rbbhf - hf_min;2059;0;1;0;0;0;0;0;0;0;0;0;0;0;0;1;0;0;0;0;0;NA;NA;NA;0;0;0;0;0;0;1;NA;NA;NA;1;NA;NA;NA;NA;NA;NA;0;0;NA;NA;NA;NA;NA;NA;0;1;NA;NA;NA;NA;NA;NA;NA;NA;NA;NA;0;0;NA;0;NA;NA;0;NA;NA;1;0;NA;NA;NA;NA;NA;0;NA;NA;NA;NA;NA;NA;NA;NA;NA;NA;NA;1;1;NA;NA;NA;NA;NA;1;NA;NA;NA;NA;NA;NA;NA;NA;NA;NA;NA;NA;NA;NA;NA;NA;NA;NA
rbbhf - hf_min;2060;0;0;NA;0;0;0;0;0;0;0;0;0;0;0;0;NA;NA;NA;NA;NA;NA;NA;NA;NA;NA;NA;0;0;0;1;NA;NA;NA;NA;NA;NA;NA;NA;NA;NA;0;0;NA;NA;NA;NA;NA;NA;0;0;1;NA;NA;NA;NA;NA;NA;NA;NA;NA;0;0;NA;0;NA;NA;0;NA;NA;1;0;NA;NA;NA;NA;NA;0;NA;NA;NA;NA;NA;NA;NA;NA;NA;NA;NA;1;1;NA;NA;NA;NA;NA;1;NA;NA;NA;NA;NA;NA;NA;NA;NA;NA;NA;NA;NA;NA;NA;NA;NA;NA
rbbhf - hf_min;2061;0;1;0;0;0;0;0;0;0;0;0;0;0;0;0;NA;NA;NA;NA;NA;NA;NA;NA;NA;NA;NA;0;0;0;1;NA;NA;NA;NA;NA;NA;NA;NA;NA;NA;0;0;NA;NA;NA;NA;NA;NA;0;0;1;NA;NA;NA;NA;NA;NA;NA;NA;NA;0;0;NA;0;NA;NA;0;NA;NA;1;0;NA;NA;NA;NA;NA;0;NA;NA;NA;NA;NA;NA;NA;NA;NA;NA;NA;1;1;NA;NA;NA;NA;NA;1;NA;NA;NA;NA;NA;NA;NA;NA;NA;NA;NA;NA;NA;NA;NA;NA;NA;NA
rbbhf - hf_min;2062;0;0;NA;0;0;0;0;0;0;0;0;0;0;0;1;0;0;0;0;1;0;0;0;NA;NA;NA;0;0;0;1;NA;NA;NA;NA;NA;NA;NA;NA;NA;NA;0;0;NA;NA;NA;NA;NA;NA;0;0;1;NA;NA;NA;NA;NA;NA;NA;NA;NA;0;0;NA;0;NA;NA;0;NA;NA;1;0;NA;NA;NA;NA;NA;0;NA;NA;NA;NA;NA;NA;NA;NA;NA;NA;NA;1;1;NA;NA;NA;NA;NA;1;NA;NA;NA;NA;NA;NA;NA;NA;NA;NA;NA;NA;NA;NA;NA;NA;NA;NA
rbbhf - hf_min;2063;0;1;0;0;0;0;0;0;0;0;0;0;0;0;1;0;0;0;0;1;0;0;0;NA;NA;NA;0;0;0;1;NA;NA;NA;NA;NA;NA;NA;NA;NA;NA;0;0;NA;NA;NA;NA;NA;NA;0;0;1;NA;NA;NA;NA;NA;NA;NA;NA;NA;0;0;NA;0;NA;NA;0;NA;NA;1;0;NA;NA;NA;NA;NA;0;NA;NA;NA;NA;NA;NA;NA;NA;NA;NA;NA;1;1;NA;NA;NA;NA;NA;1;NA;NA;NA;NA;NA;NA;NA;NA;NA;NA;NA;NA;NA;NA;NA;NA;NA;NA
rbbhf - hf_min;2064;0;0;NA;0;0;0;0;0;0;0;0;0;0;0;1;0;0;0;0;0;NA;NA;NA;0;0;0;0;0;0;1;NA;NA;NA;NA;NA;NA;NA;NA;NA;NA;0;0;NA;NA;NA;NA;NA;NA;0;0;1;NA;NA;NA;NA;NA;NA;NA;NA;NA;0;0;NA;0;NA;NA;0;NA;NA;1;0;NA;NA;NA;NA;NA;0;NA;NA;NA;NA;NA;NA;NA;NA;NA;NA;NA;1;1;NA;NA;NA;NA;NA;1;NA;NA;NA;NA;NA;NA;NA;NA;NA;NA;NA;NA;NA;NA;NA;NA;NA;NA
rbbhf - hf_min;2065;0;1;0;0;0;0;0;0;0;0;0;0;0;0;1;0;0;0;0;0;NA;NA;NA;0;0;0;0;0;0;1;NA;NA;NA;NA;NA;NA;NA;NA;NA;NA;0;0;NA;NA;NA;NA;NA;NA;0;0;1;NA;NA;NA;NA;NA;NA;NA;NA;NA;0;0;NA;0;NA;NA;0;NA;NA;1;0;NA;NA;NA;NA;NA;0;NA;NA;NA;NA;NA;NA;NA;NA;NA;NA;NA;1;1;NA;NA;NA;NA;NA;1;NA;NA;NA;NA;NA;NA;NA;NA;NA;NA;NA;NA;NA;NA;NA;NA;NA;NA
rbbhf - hf_min;2066;0;0;NA;0;0;0;0;0;0;0;0;0;0;0;0;NA;NA;NA;NA;NA;NA;NA;NA;NA;NA;NA;0;0;0;0;NA;1;NA;NA;NA;NA;NA;NA;NA;NA;NA;NA;NA;NA;NA;NA;NA;NA;NA;NA;NA;NA;NA;NA;NA;NA;NA;NA;NA;NA;0;0;NA;0;NA;NA;0;NA;NA;0;NA;NA;NA;NA;NA;NA;1;0;NA;NA;NA;NA;NA;NA;NA;NA;NA;NA;1;1;NA;NA;NA;NA;NA;1;NA;NA;NA;NA;NA;NA;NA;NA;NA;NA;NA;NA;NA;NA;NA;NA;NA;NA
rbbhf - hf_min;2067;0;1;0;0;0;0;0;0;0;0;0;0;0;0;0;NA;NA;NA;NA;NA;NA;NA;NA;NA;NA;NA;0;0;0;0;NA;1;NA;NA;NA;NA;NA;NA;NA;NA;NA;NA;NA;NA;NA;NA;NA;NA;NA;NA;NA;NA;NA;NA;NA;NA;NA;NA;NA;NA;0;0;NA;0;NA;NA;0;NA;NA;0;NA;NA;NA;NA;NA;NA;1;0;NA;NA;NA;NA;NA;NA;NA;NA;NA;NA;1;1;NA;NA;NA;NA;NA;1;NA;NA;NA;NA;NA;NA;NA;NA;NA;NA;NA;NA;NA;NA;NA;NA;NA;NA
rbbhf - hf_min;2068;0;0;NA;0;0;0;0;0;0;0;0;0;0;0;1;0;0;0;0;1;0;0;0;NA;NA;NA;0;0;0;0;NA;1;NA;NA;NA;NA;NA;NA;NA;NA;NA;NA;NA;NA;NA;NA;NA;NA;NA;NA;NA;NA;NA;NA;NA;NA;NA;NA;NA;NA;0;0;NA;0;NA;NA;0;NA;NA;0;NA;NA;NA;NA;NA;NA;1;0;NA;NA;NA;NA;NA;NA;NA;NA;NA;NA;1;1;NA;NA;NA;NA;NA;1;NA;NA;NA;NA;NA;NA;NA;NA;NA;NA;NA;NA;NA;NA;NA;NA;NA;NA
rbbhf - hf_min;2069;0;1;0;0;0;0;0;0;0;0;0;0;0;0;1;0;0;0;0;1;0;0;0;NA;NA;NA;0;0;0;0;NA;1;NA;NA;NA;NA;NA;NA;NA;NA;NA;NA;NA;NA;NA;NA;NA;NA;NA;NA;NA;NA;NA;NA;NA;NA;NA;NA;NA;NA;0;0;NA;0;NA;NA;0;NA;NA;0;NA;NA;NA;NA;NA;NA;1;0;NA;NA;NA;NA;NA;NA;NA;NA;NA;NA;1;1;NA;NA;NA;NA;NA;1;NA;NA;NA;NA;NA;NA;NA;NA;NA;NA;NA;NA;NA;NA;NA;NA;NA;NA
rbbhf - hf_min;2070;0;0;NA;0;0;0;0;0;0;0;0;0;0;0;1;0;0;0;0;0;NA;NA;NA;0;0;0;0;0;0;0;NA;1;NA;NA;NA;NA;NA;NA;NA;NA;NA;NA;NA;NA;NA;NA;NA;NA;NA;NA;NA;NA;NA;NA;NA;NA;NA;NA;NA;NA;0;0;NA;0;NA;NA;0;NA;NA;0;NA;NA;NA;NA;NA;NA;1;0;NA;NA;NA;NA;NA;NA;NA;NA;NA;NA;1;1;NA;NA;NA;NA;NA;1;NA;NA;NA;NA;NA;NA;NA;NA;NA;NA;NA;NA;NA;NA;NA;NA;NA;NA
rbbhf - hf_min;2071;0;1;0;0;0;0;0;0;0;0;0;0;0;0;1;0;0;0;0;0;NA;NA;NA;0;0;0;0;0;0;0;NA;1;NA;NA;NA;NA;NA;NA;NA;NA;NA;NA;NA;NA;NA;NA;NA;NA;NA;NA;NA;NA;NA;NA;NA;NA;NA;NA;NA;NA;0;0;NA;0;NA;NA;0;NA;NA;0;NA;NA;NA;NA;NA;NA;1;0;NA;NA;NA;NA;NA;NA;NA;NA;NA;NA;1;1;NA;NA;NA;NA;NA;1;NA;NA;NA;NA;NA;NA;NA;NA;NA;NA;NA;NA;NA;NA;NA;NA;NA;NA
rbbhf - hf_min;2072;0;0;NA;0;0;0;0;0;0;0;0;0;0;0;0;NA;NA;NA;NA;NA;NA;NA;NA;NA;NA;NA;0;0;0;0;1;NA;NA;1;NA;NA;NA;NA;NA;NA;NA;NA;NA;NA;NA;NA;NA;NA;NA;NA;NA;NA;NA;NA;NA;NA;NA;NA;NA;NA;0;0;NA;0;NA;NA;0;NA;NA;0;NA;NA;NA;NA;NA;NA;1;0;NA;NA;NA;NA;NA;NA;NA;NA;NA;NA;1;1;NA;NA;NA;NA;NA;1;NA;NA;NA;NA;NA;NA;NA;NA;NA;NA;NA;NA;NA;NA;NA;NA;NA;NA
rbbhf - hf_min;2073;0;1;0;0;0;0;0;0;0;0;0;0;0;0;0;NA;NA;NA;NA;NA;NA;NA;NA;NA;NA;NA;0;0;0;0;1;NA;NA;1;NA;NA;NA;NA;NA;NA;NA;NA;NA;NA;NA;NA;NA;NA;NA;NA;NA;NA;NA;NA;NA;NA;NA;NA;NA;NA;0;0;NA;0;NA;NA;0;NA;NA;0;NA;NA;NA;NA;NA;NA;1;0;NA;NA;NA;NA;NA;NA;NA;NA;NA;NA;1;1;NA;NA;NA;NA;NA;1;NA;NA;NA;NA;NA;NA;NA;NA;NA;NA;NA;NA;NA;NA;NA;NA;NA;NA
rbbhf - hf_min;2074;0;0;NA;0;0;0;0;0;0;0;0;0;0;0;1;0;0;0;0;1;0;0;0;NA;NA;NA;0;0;0;0;1;NA;NA;1;NA;NA;NA;NA;NA;NA;NA;NA;NA;NA;NA;NA;NA;NA;NA;NA;NA;NA;NA;NA;NA;NA;NA;NA;NA;NA;0;0;NA;0;NA;NA;0;NA;NA;0;NA;NA;NA;NA;NA;NA;1;0;NA;NA;NA;NA;NA;NA;NA;NA;NA;NA;1;1;NA;NA;NA;NA;NA;1;NA;NA;NA;NA;NA;NA;NA;NA;NA;NA;NA;NA;NA;NA;NA;NA;NA;NA
rbbhf - hf_min;2075;0;1;0;0;0;0;0;0;0;0;0;0;0;0;1;0;0;0;0;1;0;0;0;NA;NA;NA;0;0;0;0;1;NA;NA;1;NA;NA;NA;NA;NA;NA;NA;NA;NA;NA;NA;NA;NA;NA;NA;NA;NA;NA;NA;NA;NA;NA;NA;NA;NA;NA;0;0;NA;0;NA;NA;0;NA;NA;0;NA;NA;NA;NA;NA;NA;1;0;NA;NA;NA;NA;NA;NA;NA;NA;NA;NA;1;1;NA;NA;NA;NA;NA;1;NA;NA;NA;NA;NA;NA;NA;NA;NA;NA;NA;NA;NA;NA;NA;NA;NA;NA
rbbhf - hf_min;2076;0;0;NA;0;0;0;0;0;0;0;0;0;0;0;1;0;0;0;0;0;NA;NA;NA;0;0;0;0;0;0;0;1;NA;NA;1;NA;NA;NA;NA;NA;NA;NA;NA;NA;NA;NA;NA;NA;NA;NA;NA;NA;NA;NA;NA;NA;NA;NA;NA;NA;NA;0;0;NA;0;NA;NA;0;NA;NA;0;NA;NA;NA;NA;NA;NA;1;0;NA;NA;NA;NA;NA;NA;NA;NA;NA;NA;1;1;NA;NA;NA;NA;NA;1;NA;NA;NA;NA;NA;NA;NA;NA;NA;NA;NA;NA;NA;NA;NA;NA;NA;NA
rbbhf - hf_min;2077;0;1;0;0;0;0;0;0;0;0;0;0;0;0;1;0;0;0;0;0;NA;NA;NA;0;0;0;0;0;0;0;1;NA;NA;1;NA;NA;NA;NA;NA;NA;NA;NA;NA;NA;NA;NA;NA;NA;NA;NA;NA;NA;NA;NA;NA;NA;NA;NA;NA;NA;0;0;NA;0;NA;NA;0;NA;NA;0;NA;NA;NA;NA;NA;NA;1;0;NA;NA;NA;NA;NA;NA;NA;NA;NA;NA;1;1;NA;NA;NA;NA;NA;1;NA;NA;NA;NA;NA;NA;NA;NA;NA;NA;NA;NA;NA;NA;NA;NA;NA;NA
rbbhf - hf_min;2078;0;0;NA;0;0;0;0;0;0;0;0;0;0;0;0;NA;NA;NA;NA;NA;NA;NA;NA;NA;NA;NA;0;0;0;1;NA;NA;NA;1;NA;NA;NA;NA;NA;NA;0;0;NA;NA;NA;NA;NA;NA;0;1;NA;NA;NA;NA;NA;NA;NA;NA;NA;NA;0;0;NA;0;NA;NA;0;NA;NA;0;NA;NA;NA;NA;NA;NA;1;0;NA;NA;NA;NA;NA;NA;NA;NA;NA;NA;1;1;NA;NA;NA;NA;NA;1;NA;NA;NA;NA;NA;NA;NA;NA;NA;NA;NA;NA;NA;NA;NA;NA;NA;NA
rbbhf - hf_min;2079;0;1;0;0;0;0;0;0;0;0;0;0;0;0;0;NA;NA;NA;NA;NA;NA;NA;NA;NA;NA;NA;0;0;0;1;NA;NA;NA;1;NA;NA;NA;NA;NA;NA;0;0;NA;NA;NA;NA;NA;NA;0;1;NA;NA;NA;NA;NA;NA;NA;NA;NA;NA;0;0;NA;0;NA;NA;0;NA;NA;0;NA;NA;NA;NA;NA;NA;1;0;NA;NA;NA;NA;NA;NA;NA;NA;NA;NA;1;1;NA;NA;NA;NA;NA;1;NA;NA;NA;NA;NA;NA;NA;NA;NA;NA;NA;NA;NA;NA;NA;NA;NA;NA
rbbhf - hf_min;2080;0;0;NA;0;0;0;0;0;0;0;0;0;0;0;1;0;0;0;0;1;0;0;0;NA;NA;NA;0;0;0;1;NA;NA;NA;1;NA;NA;NA;NA;NA;NA;0;0;NA;NA;NA;NA;NA;NA;0;1;NA;NA;NA;NA;NA;NA;NA;NA;NA;NA;0;0;NA;0;NA;NA;0;NA;NA;0;NA;NA;NA;NA;NA;NA;1;0;NA;NA;NA;NA;NA;NA;NA;NA;NA;NA;1;1;NA;NA;NA;NA;NA;1;NA;NA;NA;NA;NA;NA;NA;NA;NA;NA;NA;NA;NA;NA;NA;NA;NA;NA
rbbhf - hf_min;2081;0;1;0;0;0;0;0;0;0;0;0;0;0;0;1;0;0;0;0;1;0;0;0;NA;NA;NA;0;0;0;1;NA;NA;NA;1;NA;NA;NA;NA;NA;NA;0;0;NA;NA;NA;NA;NA;NA;0;1;NA;NA;NA;NA;NA;NA;NA;NA;NA;NA;0;0;NA;0;NA;NA;0;NA;NA;0;NA;NA;NA;NA;NA;NA;1;0;NA;NA;NA;NA;NA;NA;NA;NA;NA;NA;1;1;NA;NA;NA;NA;NA;1;NA;NA;NA;NA;NA;NA;NA;NA;NA;NA;NA;NA;NA;NA;NA;NA;NA;NA
rbbhf - hf_min;2082;0;0;NA;0;0;0;0;0;0;0;0;0;0;0;1;0;0;0;0;0;NA;NA;NA;0;0;0;0;0;0;1;NA;NA;NA;1;NA;NA;NA;NA;NA;NA;0;0;NA;NA;NA;NA;NA;NA;0;1;NA;NA;NA;NA;NA;NA;NA;NA;NA;NA;0;0;NA;0;NA;NA;0;NA;NA;0;NA;NA;NA;NA;NA;NA;1;0;NA;NA;NA;NA;NA;NA;NA;NA;NA;NA;1;1;NA;NA;NA;NA;NA;1;NA;NA;NA;NA;NA;NA;NA;NA;NA;NA;NA;NA;NA;NA;NA;NA;NA;NA
rbbhf - hf_min;2083;0;1;0;0;0;0;0;0;0;0;0;0;0;0;1;0;0;0;0;0;NA;NA;NA;0;0;0;0;0;0;1;NA;NA;NA;1;NA;NA;NA;NA;NA;NA;0;0;NA;NA;NA;NA;NA;NA;0;1;NA;NA;NA;NA;NA;NA;NA;NA;NA;NA;0;0;NA;0;NA;NA;0;NA;NA;0;NA;NA;NA;NA;NA;NA;1;0;NA;NA;NA;NA;NA;NA;NA;NA;NA;NA;1;1;NA;NA;NA;NA;NA;1;NA;NA;NA;NA;NA;NA;NA;NA;NA;NA;NA;NA;NA;NA;NA;NA;NA;NA
rbbhf - hf_min;2084;0;0;NA;0;0;0;0;0;0;0;0;0;0;0;0;NA;NA;NA;NA;NA;NA;NA;NA;NA;NA;NA;0;0;0;1;NA;NA;NA;NA;NA;NA;NA;NA;NA;NA;0;0;NA;NA;NA;NA;NA;NA;0;0;1;NA;NA;NA;NA;NA;NA;NA;NA;NA;0;0;NA;0;NA;NA;0;NA;NA;0;NA;NA;NA;NA;NA;NA;1;0;NA;NA;NA;NA;NA;NA;NA;NA;NA;NA;1;1;NA;NA;NA;NA;NA;1;NA;NA;NA;NA;NA;NA;NA;NA;NA;NA;NA;NA;NA;NA;NA;NA;NA;NA
rbbhf - hf_min;2085;0;1;0;0;0;0;0;0;0;0;0;0;0;0;0;NA;NA;NA;NA;NA;NA;NA;NA;NA;NA;NA;0;0;0;1;NA;NA;NA;NA;NA;NA;NA;NA;NA;NA;0;0;NA;NA;NA;NA;NA;NA;0;0;1;NA;NA;NA;NA;NA;NA;NA;NA;NA;0;0;NA;0;NA;NA;0;NA;NA;0;NA;NA;NA;NA;NA;NA;1;0;NA;NA;NA;NA;NA;NA;NA;NA;NA;NA;1;1;NA;NA;NA;NA;NA;1;NA;NA;NA;NA;NA;NA;NA;NA;NA;NA;NA;NA;NA;NA;NA;NA;NA;NA
rbbhf - hf_min;2086;0;0;NA;0;0;0;0;0;0;0;0;0;0;0;1;0;0;0;0;1;0;0;0;NA;NA;NA;0;0;0;1;NA;NA;NA;NA;NA;NA;NA;NA;NA;NA;0;0;NA;NA;NA;NA;NA;NA;0;0;1;NA;NA;NA;NA;NA;NA;NA;NA;NA;0;0;NA;0;NA;NA;0;NA;NA;0;NA;NA;NA;NA;NA;NA;1;0;NA;NA;NA;NA;NA;NA;NA;NA;NA;NA;1;1;NA;NA;NA;NA;NA;1;NA;NA;NA;NA;NA;NA;NA;NA;NA;NA;NA;NA;NA;NA;NA;NA;NA;NA
rbbhf - hf_min;2087;0;1;0;0;0;0;0;0;0;0;0;0;0;0;1;0;0;0;0;1;0;0;0;NA;NA;NA;0;0;0;1;NA;NA;NA;NA;NA;NA;NA;NA;NA;NA;0;0;NA;NA;NA;NA;NA;NA;0;0;1;NA;NA;NA;NA;NA;NA;NA;NA;NA;0;0;NA;0;NA;NA;0;NA;NA;0;NA;NA;NA;NA;NA;NA;1;0;NA;NA;NA;NA;NA;NA;NA;NA;NA;NA;1;1;NA;NA;NA;NA;NA;1;NA;NA;NA;NA;NA;NA;NA;NA;NA;NA;NA;NA;NA;NA;NA;NA;NA;NA
rbbhf - hf_min;2088;0;0;NA;0;0;0;0;0;0;0;0;0;0;0;1;0;0;0;0;0;NA;NA;NA;0;0;0;0;0;0;1;NA;NA;NA;NA;NA;NA;NA;NA;NA;NA;0;0;NA;NA;NA;NA;NA;NA;0;0;1;NA;NA;NA;NA;NA;NA;NA;NA;NA;0;0;NA;0;NA;NA;0;NA;NA;0;NA;NA;NA;NA;NA;NA;1;0;NA;NA;NA;NA;NA;NA;NA;NA;NA;NA;1;1;NA;NA;NA;NA;NA;1;NA;NA;NA;NA;NA;NA;NA;NA;NA;NA;NA;NA;NA;NA;NA;NA;NA;NA
rbbhf - hf_min;2089;0;1;0;0;0;0;0;0;0;0;0;0;0;0;1;0;0;0;0;0;NA;NA;NA;0;0;0;0;0;0;1;NA;NA;NA;NA;NA;NA;NA;NA;NA;NA;0;0;NA;NA;NA;NA;NA;NA;0;0;1;NA;NA;NA;NA;NA;NA;NA;NA;NA;0;0;NA;0;NA;NA;0;NA;NA;0;NA;NA;NA;NA;NA;NA;1;0;NA;NA;NA;NA;NA;NA;NA;NA;NA;NA;1;1;NA;NA;NA;NA;NA;1;NA;NA;NA;NA;NA;NA;NA;NA;NA;NA;NA;NA;NA;NA;NA;NA;NA;NA
rbbhf - hf_min;2090;0;0;NA;0;0;0;0;0;0;0;0;0;0;0;0;NA;NA;NA;NA;NA;NA;NA;NA;NA;NA;NA;0;0;0;0;NA;1;NA;NA;NA;NA;NA;NA;NA;NA;NA;NA;NA;NA;NA;NA;NA;NA;NA;NA;NA;NA;NA;NA;NA;NA;NA;NA;NA;NA;0;0;NA;0;NA;NA;0;NA;NA;1;0;NA;NA;NA;NA;NA;1;0;NA;NA;NA;NA;NA;NA;NA;NA;NA;NA;1;1;NA;NA;NA;NA;NA;1;NA;NA;NA;NA;NA;NA;NA;NA;NA;NA;NA;NA;NA;NA;NA;NA;NA;NA
rbbhf - hf_min;2091;0;1;0;0;0;0;0;0;0;0;0;0;0;0;0;NA;NA;NA;NA;NA;NA;NA;NA;NA;NA;NA;0;0;0;0;NA;1;NA;NA;NA;NA;NA;NA;NA;NA;NA;NA;NA;NA;NA;NA;NA;NA;NA;NA;NA;NA;NA;NA;NA;NA;NA;NA;NA;NA;0;0;NA;0;NA;NA;0;NA;NA;1;0;NA;NA;NA;NA;NA;1;0;NA;NA;NA;NA;NA;NA;NA;NA;NA;NA;1;1;NA;NA;NA;NA;NA;1;NA;NA;NA;NA;NA;NA;NA;NA;NA;NA;NA;NA;NA;NA;NA;NA;NA;NA
rbbhf - hf_min;2092;0;0;NA;0;0;0;0;0;0;0;0;0;0;0;1;0;0;0;0;1;0;0;0;NA;NA;NA;0;0;0;0;NA;1;NA;NA;NA;NA;NA;NA;NA;NA;NA;NA;NA;NA;NA;NA;NA;NA;NA;NA;NA;NA;NA;NA;NA;NA;NA;NA;NA;NA;0;0;NA;0;NA;NA;0;NA;NA;1;0;NA;NA;NA;NA;NA;1;0;NA;NA;NA;NA;NA;NA;NA;NA;NA;NA;1;1;NA;NA;NA;NA;NA;1;NA;NA;NA;NA;NA;NA;NA;NA;NA;NA;NA;NA;NA;NA;NA;NA;NA;NA
rbbhf - hf_min;2093;0;1;0;0;0;0;0;0;0;0;0;0;0;0;1;0;0;0;0;1;0;0;0;NA;NA;NA;0;0;0;0;NA;1;NA;NA;NA;NA;NA;NA;NA;NA;NA;NA;NA;NA;NA;NA;NA;NA;NA;NA;NA;NA;NA;NA;NA;NA;NA;NA;NA;NA;0;0;NA;0;NA;NA;0;NA;NA;1;0;NA;NA;NA;NA;NA;1;0;NA;NA;NA;NA;NA;NA;NA;NA;NA;NA;1;1;NA;NA;NA;NA;NA;1;NA;NA;NA;NA;NA;NA;NA;NA;NA;NA;NA;NA;NA;NA;NA;NA;NA;NA
rbbhf - hf_min;2094;0;0;NA;0;0;0;0;0;0;0;0;0;0;0;1;0;0;0;0;0;NA;NA;NA;0;0;0;0;0;0;0;NA;1;NA;NA;NA;NA;NA;NA;NA;NA;NA;NA;NA;NA;NA;NA;NA;NA;NA;NA;NA;NA;NA;NA;NA;NA;NA;NA;NA;NA;0;0;NA;0;NA;NA;0;NA;NA;1;0;NA;NA;NA;NA;NA;1;0;NA;NA;NA;NA;NA;NA;NA;NA;NA;NA;1;1;NA;NA;NA;NA;NA;1;NA;NA;NA;NA;NA;NA;NA;NA;NA;NA;NA;NA;NA;NA;NA;NA;NA;NA
rbbhf - hf_min;2095;0;1;0;0;0;0;0;0;0;0;0;0;0;0;1;0;0;0;0;0;NA;NA;NA;0;0;0;0;0;0;0;NA;1;NA;NA;NA;NA;NA;NA;NA;NA;NA;NA;NA;NA;NA;NA;NA;NA;NA;NA;NA;NA;NA;NA;NA;NA;NA;NA;NA;NA;0;0;NA;0;NA;NA;0;NA;NA;1;0;NA;NA;NA;NA;NA;1;0;NA;NA;NA;NA;NA;NA;NA;NA;NA;NA;1;1;NA;NA;NA;NA;NA;1;NA;NA;NA;NA;NA;NA;NA;NA;NA;NA;NA;NA;NA;NA;NA;NA;NA;NA
rbbhf - hf_min;2096;0;0;NA;0;0;0;0;0;0;0;0;0;0;0;0;NA;NA;NA;NA;NA;NA;NA;NA;NA;NA;NA;0;0;0;0;1;NA;NA;1;NA;NA;NA;NA;NA;NA;NA;NA;NA;NA;NA;NA;NA;NA;NA;NA;NA;NA;NA;NA;NA;NA;NA;NA;NA;NA;0;0;NA;0;NA;NA;0;NA;NA;1;0;NA;NA;NA;NA;NA;1;0;NA;NA;NA;NA;NA;NA;NA;NA;NA;NA;1;1;NA;NA;NA;NA;NA;1;NA;NA;NA;NA;NA;NA;NA;NA;NA;NA;NA;NA;NA;NA;NA;NA;NA;NA
rbbhf - hf_min;2097;0;1;0;0;0;0;0;0;0;0;0;0;0;0;0;NA;NA;NA;NA;NA;NA;NA;NA;NA;NA;NA;0;0;0;0;1;NA;NA;1;NA;NA;NA;NA;NA;NA;NA;NA;NA;NA;NA;NA;NA;NA;NA;NA;NA;NA;NA;NA;NA;NA;NA;NA;NA;NA;0;0;NA;0;NA;NA;0;NA;NA;1;0;NA;NA;NA;NA;NA;1;0;NA;NA;NA;NA;NA;NA;NA;NA;NA;NA;1;1;NA;NA;NA;NA;NA;1;NA;NA;NA;NA;NA;NA;NA;NA;NA;NA;NA;NA;NA;NA;NA;NA;NA;NA
rbbhf - hf_min;2098;0;0;NA;0;0;0;0;0;0;0;0;0;0;0;1;0;0;0;0;1;0;0;0;NA;NA;NA;0;0;0;0;1;NA;NA;1;NA;NA;NA;NA;NA;NA;NA;NA;NA;NA;NA;NA;NA;NA;NA;NA;NA;NA;NA;NA;NA;NA;NA;NA;NA;NA;0;0;NA;0;NA;NA;0;NA;NA;1;0;NA;NA;NA;NA;NA;1;0;NA;NA;NA;NA;NA;NA;NA;NA;NA;NA;1;1;NA;NA;NA;NA;NA;1;NA;NA;NA;NA;NA;NA;NA;NA;NA;NA;NA;NA;NA;NA;NA;NA;NA;NA
rbbhf - hf_min;2099;0;1;0;0;0;0;0;0;0;0;0;0;0;0;1;0;0;0;0;1;0;0;0;NA;NA;NA;0;0;0;0;1;NA;NA;1;NA;NA;NA;NA;NA;NA;NA;NA;NA;NA;NA;NA;NA;NA;NA;NA;NA;NA;NA;NA;NA;NA;NA;NA;NA;NA;0;0;NA;0;NA;NA;0;NA;NA;1;0;NA;NA;NA;NA;NA;1;0;NA;NA;NA;NA;NA;NA;NA;NA;NA;NA;1;1;NA;NA;NA;NA;NA;1;NA;NA;NA;NA;NA;NA;NA;NA;NA;NA;NA;NA;NA;NA;NA;NA;NA;NA
rbbhf - hf_min;2100;0;0;NA;0;0;0;0;0;0;0;0;0;0;0;1;0;0;0;0;0;NA;NA;NA;0;0;0;0;0;0;0;1;NA;NA;1;NA;NA;NA;NA;NA;NA;NA;NA;NA;NA;NA;NA;NA;NA;NA;NA;NA;NA;NA;NA;NA;NA;NA;NA;NA;NA;0;0;NA;0;NA;NA;0;NA;NA;1;0;NA;NA;NA;NA;NA;1;0;NA;NA;NA;NA;NA;NA;NA;NA;NA;NA;1;1;NA;NA;NA;NA;NA;1;NA;NA;NA;NA;NA;NA;NA;NA;NA;NA;NA;NA;NA;NA;NA;NA;NA;NA
rbbhf - hf_min;2101;0;1;0;0;0;0;0;0;0;0;0;0;0;0;1;0;0;0;0;0;NA;NA;NA;0;0;0;0;0;0;0;1;NA;NA;1;NA;NA;NA;NA;NA;NA;NA;NA;NA;NA;NA;NA;NA;NA;NA;NA;NA;NA;NA;NA;NA;NA;NA;NA;NA;NA;0;0;NA;0;NA;NA;0;NA;NA;1;0;NA;NA;NA;NA;NA;1;0;NA;NA;NA;NA;NA;NA;NA;NA;NA;NA;1;1;NA;NA;NA;NA;NA;1;NA;NA;NA;NA;NA;NA;NA;NA;NA;NA;NA;NA;NA;NA;NA;NA;NA;NA
rbbhf - hf_min;2102;0;0;NA;0;0;0;0;0;0;0;0;0;0;0;0;NA;NA;NA;NA;NA;NA;NA;NA;NA;NA;NA;0;0;0;1;NA;NA;NA;1;NA;NA;NA;NA;NA;NA;0;0;NA;NA;NA;NA;NA;NA;0;1;NA;NA;NA;NA;NA;NA;NA;NA;NA;NA;0;0;NA;0;NA;NA;0;NA;NA;1;0;NA;NA;NA;NA;NA;1;0;NA;NA;NA;NA;NA;NA;NA;NA;NA;NA;1;1;NA;NA;NA;NA;NA;1;NA;NA;NA;NA;NA;NA;NA;NA;NA;NA;NA;NA;NA;NA;NA;NA;NA;NA
rbbhf - hf_min;2103;0;1;0;0;0;0;0;0;0;0;0;0;0;0;0;NA;NA;NA;NA;NA;NA;NA;NA;NA;NA;NA;0;0;0;1;NA;NA;NA;1;NA;NA;NA;NA;NA;NA;0;0;NA;NA;NA;NA;NA;NA;0;1;NA;NA;NA;NA;NA;NA;NA;NA;NA;NA;0;0;NA;0;NA;NA;0;NA;NA;1;0;NA;NA;NA;NA;NA;1;0;NA;NA;NA;NA;NA;NA;NA;NA;NA;NA;1;1;NA;NA;NA;NA;NA;1;NA;NA;NA;NA;NA;NA;NA;NA;NA;NA;NA;NA;NA;NA;NA;NA;NA;NA
rbbhf - hf_min;2104;0;0;NA;0;0;0;0;0;0;0;0;0;0;0;1;0;0;0;0;1;0;0;0;NA;NA;NA;0;0;0;1;NA;NA;NA;1;NA;NA;NA;NA;NA;NA;0;0;NA;NA;NA;NA;NA;NA;0;1;NA;NA;NA;NA;NA;NA;NA;NA;NA;NA;0;0;NA;0;NA;NA;0;NA;NA;1;0;NA;NA;NA;NA;NA;1;0;NA;NA;NA;NA;NA;NA;NA;NA;NA;NA;1;1;NA;NA;NA;NA;NA;1;NA;NA;NA;NA;NA;NA;NA;NA;NA;NA;NA;NA;NA;NA;NA;NA;NA;NA
rbbhf - hf_min;2105;0;1;0;0;0;0;0;0;0;0;0;0;0;0;1;0;0;0;0;1;0;0;0;NA;NA;NA;0;0;0;1;NA;NA;NA;1;NA;NA;NA;NA;NA;NA;0;0;NA;NA;NA;NA;NA;NA;0;1;NA;NA;NA;NA;NA;NA;NA;NA;NA;NA;0;0;NA;0;NA;NA;0;NA;NA;1;0;NA;NA;NA;NA;NA;1;0;NA;NA;NA;NA;NA;NA;NA;NA;NA;NA;1;1;NA;NA;NA;NA;NA;1;NA;NA;NA;NA;NA;NA;NA;NA;NA;NA;NA;NA;NA;NA;NA;NA;NA;NA
rbbhf - hf_min;2106;0;0;NA;0;0;0;0;0;0;0;0;0;0;0;1;0;0;0;0;0;NA;NA;NA;0;0;0;0;0;0;1;NA;NA;NA;1;NA;NA;NA;NA;NA;NA;0;0;NA;NA;NA;NA;NA;NA;0;1;NA;NA;NA;NA;NA;NA;NA;NA;NA;NA;0;0;NA;0;NA;NA;0;NA;NA;1;0;NA;NA;NA;NA;NA;1;0;NA;NA;NA;NA;NA;NA;NA;NA;NA;NA;1;1;NA;NA;NA;NA;NA;1;NA;NA;NA;NA;NA;NA;NA;NA;NA;NA;NA;NA;NA;NA;NA;NA;NA;NA
rbbhf - hf_min;2107;0;1;0;0;0;0;0;0;0;0;0;0;0;0;1;0;0;0;0;0;NA;NA;NA;0;0;0;0;0;0;1;NA;NA;NA;1;NA;NA;NA;NA;NA;NA;0;0;NA;NA;NA;NA;NA;NA;0;1;NA;NA;NA;NA;NA;NA;NA;NA;NA;NA;0;0;NA;0;NA;NA;0;NA;NA;1;0;NA;NA;NA;NA;NA;1;0;NA;NA;NA;NA;NA;NA;NA;NA;NA;NA;1;1;NA;NA;NA;NA;NA;1;NA;NA;NA;NA;NA;NA;NA;NA;NA;NA;NA;NA;NA;NA;NA;NA;NA;NA
rbbhf - hf_min;2108;0;0;NA;0;0;0;0;0;0;0;0;0;0;0;0;NA;NA;NA;NA;NA;NA;NA;NA;NA;NA;NA;0;0;0;1;NA;NA;NA;NA;NA;NA;NA;NA;NA;NA;0;0;NA;NA;NA;NA;NA;NA;0;0;1;NA;NA;NA;NA;NA;NA;NA;NA;NA;0;0;NA;0;NA;NA;0;NA;NA;1;0;NA;NA;NA;NA;NA;1;0;NA;NA;NA;NA;NA;NA;NA;NA;NA;NA;1;1;NA;NA;NA;NA;NA;1;NA;NA;NA;NA;NA;NA;NA;NA;NA;NA;NA;NA;NA;NA;NA;NA;NA;NA
rbbhf - hf_min;2109;0;1;0;0;0;0;0;0;0;0;0;0;0;0;0;NA;NA;NA;NA;NA;NA;NA;NA;NA;NA;NA;0;0;0;1;NA;NA;NA;NA;NA;NA;NA;NA;NA;NA;0;0;NA;NA;NA;NA;NA;NA;0;0;1;NA;NA;NA;NA;NA;NA;NA;NA;NA;0;0;NA;0;NA;NA;0;NA;NA;1;0;NA;NA;NA;NA;NA;1;0;NA;NA;NA;NA;NA;NA;NA;NA;NA;NA;1;1;NA;NA;NA;NA;NA;1;NA;NA;NA;NA;NA;NA;NA;NA;NA;NA;NA;NA;NA;NA;NA;NA;NA;NA
rbbhf - hf_min;2110;0;0;NA;0;0;0;0;0;0;0;0;0;0;0;1;0;0;0;0;1;0;0;0;NA;NA;NA;0;0;0;1;NA;NA;NA;NA;NA;NA;NA;NA;NA;NA;0;0;NA;NA;NA;NA;NA;NA;0;0;1;NA;NA;NA;NA;NA;NA;NA;NA;NA;0;0;NA;0;NA;NA;0;NA;NA;1;0;NA;NA;NA;NA;NA;1;0;NA;NA;NA;NA;NA;NA;NA;NA;NA;NA;1;1;NA;NA;NA;NA;NA;1;NA;NA;NA;NA;NA;NA;NA;NA;NA;NA;NA;NA;NA;NA;NA;NA;NA;NA
rbbhf - hf_min;2111;0;1;0;0;0;0;0;0;0;0;0;0;0;0;1;0;0;0;0;1;0;0;0;NA;NA;NA;0;0;0;1;NA;NA;NA;NA;NA;NA;NA;NA;NA;NA;0;0;NA;NA;NA;NA;NA;NA;0;0;1;NA;NA;NA;NA;NA;NA;NA;NA;NA;0;0;NA;0;NA;NA;0;NA;NA;1;0;NA;NA;NA;NA;NA;1;0;NA;NA;NA;NA;NA;NA;NA;NA;NA;NA;1;1;NA;NA;NA;NA;NA;1;NA;NA;NA;NA;NA;NA;NA;NA;NA;NA;NA;NA;NA;NA;NA;NA;NA;NA
rbbhf - hf_min;2112;0;0;NA;0;0;0;0;0;0;0;0;0;0;0;1;0;0;0;0;0;NA;NA;NA;0;0;0;0;0;0;1;NA;NA;NA;NA;NA;NA;NA;NA;NA;NA;0;0;NA;NA;NA;NA;NA;NA;0;0;1;NA;NA;NA;NA;NA;NA;NA;NA;NA;0;0;NA;0;NA;NA;0;NA;NA;1;0;NA;NA;NA;NA;NA;1;0;NA;NA;NA;NA;NA;NA;NA;NA;NA;NA;1;1;NA;NA;NA;NA;NA;1;NA;NA;NA;NA;NA;NA;NA;NA;NA;NA;NA;NA;NA;NA;NA;NA;NA;NA
rbbhf - hf_min;2113;0;1;0;0;0;0;0;0;0;0;0;0;0;0;1;0;0;0;0;0;NA;NA;NA;0;0;0;0;0;0;1;NA;NA;NA;NA;NA;NA;NA;NA;NA;NA;0;0;NA;NA;NA;NA;NA;NA;0;0;1;NA;NA;NA;NA;NA;NA;NA;NA;NA;0;0;NA;0;NA;NA;0;NA;NA;1;0;NA;NA;NA;NA;NA;1;0;NA;NA;NA;NA;NA;NA;NA;NA;NA;NA;1;1;NA;NA;NA;NA;NA;1;NA;NA;NA;NA;NA;NA;NA;NA;NA;NA;NA;NA;NA;NA;NA;NA;NA;NA
rbbhf - hf_min;2114;0;0;NA;0;0;0;0;0;0;0;0;0;0;0;0;NA;NA;NA;NA;NA;NA;NA;NA;NA;NA;NA;0;0;0;0;NA;1;NA;NA;NA;NA;NA;NA;NA;NA;NA;NA;NA;NA;NA;NA;NA;NA;NA;NA;NA;NA;NA;NA;NA;NA;NA;NA;NA;NA;0;0;NA;0;NA;NA;0;NA;NA;0;NA;NA;NA;NA;NA;NA;0;NA;NA;NA;NA;NA;NA;NA;NA;NA;NA;NA;0;NA;0;NA;NA;NA;NA;1;NA;NA;NA;NA;NA;NA;NA;NA;NA;NA;NA;NA;NA;NA;NA;NA;NA;NA
rbbhf - hf_min;2115;0;1;0;0;0;0;0;0;0;0;0;0;0;0;0;NA;NA;NA;NA;NA;NA;NA;NA;NA;NA;NA;0;0;0;0;NA;1;NA;NA;NA;NA;NA;NA;NA;NA;NA;NA;NA;NA;NA;NA;NA;NA;NA;NA;NA;NA;NA;NA;NA;NA;NA;NA;NA;NA;0;0;NA;0;NA;NA;0;NA;NA;0;NA;NA;NA;NA;NA;NA;0;NA;NA;NA;NA;NA;NA;NA;NA;NA;NA;NA;0;NA;0;NA;NA;NA;NA;1;NA;NA;NA;NA;NA;NA;NA;NA;NA;NA;NA;NA;NA;NA;NA;NA;NA;NA
rbbhf - hf_min;2116;0;0;NA;0;0;0;0;0;0;0;0;0;0;0;1;0;0;0;0;1;0;0;0;NA;NA;NA;0;0;0;0;NA;1;NA;NA;NA;NA;NA;NA;NA;NA;NA;NA;NA;NA;NA;NA;NA;NA;NA;NA;NA;NA;NA;NA;NA;NA;NA;NA;NA;NA;0;0;NA;0;NA;NA;0;NA;NA;0;NA;NA;NA;NA;NA;NA;0;NA;NA;NA;NA;NA;NA;NA;NA;NA;NA;NA;0;NA;0;NA;NA;NA;NA;1;NA;NA;NA;NA;NA;NA;NA;NA;NA;NA;NA;NA;NA;NA;NA;NA;NA;NA
rbbhf - hf_min;2117;0;1;0;0;0;0;0;0;0;0;0;0;0;0;1;0;0;0;0;1;0;0;0;NA;NA;NA;0;0;0;0;NA;1;NA;NA;NA;NA;NA;NA;NA;NA;NA;NA;NA;NA;NA;NA;NA;NA;NA;NA;NA;NA;NA;NA;NA;NA;NA;NA;NA;NA;0;0;NA;0;NA;NA;0;NA;NA;0;NA;NA;NA;NA;NA;NA;0;NA;NA;NA;NA;NA;NA;NA;NA;NA;NA;NA;0;NA;0;NA;NA;NA;NA;1;NA;NA;NA;NA;NA;NA;NA;NA;NA;NA;NA;NA;NA;NA;NA;NA;NA;NA
rbbhf - hf_min;2118;0;0;NA;0;0;0;0;0;0;0;0;0;0;0;1;0;0;0;0;0;NA;NA;NA;0;0;0;0;0;0;0;NA;1;NA;NA;NA;NA;NA;NA;NA;NA;NA;NA;NA;NA;NA;NA;NA;NA;NA;NA;NA;NA;NA;NA;NA;NA;NA;NA;NA;NA;0;0;NA;0;NA;NA;0;NA;NA;0;NA;NA;NA;NA;NA;NA;0;NA;NA;NA;NA;NA;NA;NA;NA;NA;NA;NA;0;NA;0;NA;NA;NA;NA;1;NA;NA;NA;NA;NA;NA;NA;NA;NA;NA;NA;NA;NA;NA;NA;NA;NA;NA
rbbhf - hf_min;2119;0;1;0;0;0;0;0;0;0;0;0;0;0;0;1;0;0;0;0;0;NA;NA;NA;0;0;0;0;0;0;0;NA;1;NA;NA;NA;NA;NA;NA;NA;NA;NA;NA;NA;NA;NA;NA;NA;NA;NA;NA;NA;NA;NA;NA;NA;NA;NA;NA;NA;NA;0;0;NA;0;NA;NA;0;NA;NA;0;NA;NA;NA;NA;NA;NA;0;NA;NA;NA;NA;NA;NA;NA;NA;NA;NA;NA;0;NA;0;NA;NA;NA;NA;1;NA;NA;NA;NA;NA;NA;NA;NA;NA;NA;NA;NA;NA;NA;NA;NA;NA;NA
rbbhf - hf_min;2120;0;0;NA;0;0;0;0;0;0;0;0;0;0;0;0;NA;NA;NA;NA;NA;NA;NA;NA;NA;NA;NA;0;0;0;0;1;NA;NA;1;NA;NA;NA;NA;NA;NA;NA;NA;NA;NA;NA;NA;NA;NA;NA;NA;NA;NA;NA;NA;NA;NA;NA;NA;NA;NA;0;0;NA;0;NA;NA;0;NA;NA;0;NA;NA;NA;NA;NA;NA;0;NA;NA;NA;NA;NA;NA;NA;NA;NA;NA;NA;0;NA;0;NA;NA;NA;NA;1;NA;NA;NA;NA;NA;NA;NA;NA;NA;NA;NA;NA;NA;NA;NA;NA;NA;NA
rbbhf - hf_min;2121;0;1;0;0;0;0;0;0;0;0;0;0;0;0;0;NA;NA;NA;NA;NA;NA;NA;NA;NA;NA;NA;0;0;0;0;1;NA;NA;1;NA;NA;NA;NA;NA;NA;NA;NA;NA;NA;NA;NA;NA;NA;NA;NA;NA;NA;NA;NA;NA;NA;NA;NA;NA;NA;0;0;NA;0;NA;NA;0;NA;NA;0;NA;NA;NA;NA;NA;NA;0;NA;NA;NA;NA;NA;NA;NA;NA;NA;NA;NA;0;NA;0;NA;NA;NA;NA;1;NA;NA;NA;NA;NA;NA;NA;NA;NA;NA;NA;NA;NA;NA;NA;NA;NA;NA
rbbhf - hf_min;2122;0;0;NA;0;0;0;0;0;0;0;0;0;0;0;1;0;0;0;0;1;0;0;0;NA;NA;NA;0;0;0;0;1;NA;NA;1;NA;NA;NA;NA;NA;NA;NA;NA;NA;NA;NA;NA;NA;NA;NA;NA;NA;NA;NA;NA;NA;NA;NA;NA;NA;NA;0;0;NA;0;NA;NA;0;NA;NA;0;NA;NA;NA;NA;NA;NA;0;NA;NA;NA;NA;NA;NA;NA;NA;NA;NA;NA;0;NA;0;NA;NA;NA;NA;1;NA;NA;NA;NA;NA;NA;NA;NA;NA;NA;NA;NA;NA;NA;NA;NA;NA;NA
rbbhf - hf_min;2123;0;1;0;0;0;0;0;0;0;0;0;0;0;0;1;0;0;0;0;1;0;0;0;NA;NA;NA;0;0;0;0;1;NA;NA;1;NA;NA;NA;NA;NA;NA;NA;NA;NA;NA;NA;NA;NA;NA;NA;NA;NA;NA;NA;NA;NA;NA;NA;NA;NA;NA;0;0;NA;0;NA;NA;0;NA;NA;0;NA;NA;NA;NA;NA;NA;0;NA;NA;NA;NA;NA;NA;NA;NA;NA;NA;NA;0;NA;0;NA;NA;NA;NA;1;NA;NA;NA;NA;NA;NA;NA;NA;NA;NA;NA;NA;NA;NA;NA;NA;NA;NA
rbbhf - hf_min;2124;0;0;NA;0;0;0;0;0;0;0;0;0;0;0;1;0;0;0;0;0;NA;NA;NA;0;0;0;0;0;0;0;1;NA;NA;1;NA;NA;NA;NA;NA;NA;NA;NA;NA;NA;NA;NA;NA;NA;NA;NA;NA;NA;NA;NA;NA;NA;NA;NA;NA;NA;0;0;NA;0;NA;NA;0;NA;NA;0;NA;NA;NA;NA;NA;NA;0;NA;NA;NA;NA;NA;NA;NA;NA;NA;NA;NA;0;NA;0;NA;NA;NA;NA;1;NA;NA;NA;NA;NA;NA;NA;NA;NA;NA;NA;NA;NA;NA;NA;NA;NA;NA
rbbhf - hf_min;2125;0;1;0;0;0;0;0;0;0;0;0;0;0;0;1;0;0;0;0;0;NA;NA;NA;0;0;0;0;0;0;0;1;NA;NA;1;NA;NA;NA;NA;NA;NA;NA;NA;NA;NA;NA;NA;NA;NA;NA;NA;NA;NA;NA;NA;NA;NA;NA;NA;NA;NA;0;0;NA;0;NA;NA;0;NA;NA;0;NA;NA;NA;NA;NA;NA;0;NA;NA;NA;NA;NA;NA;NA;NA;NA;NA;NA;0;NA;0;NA;NA;NA;NA;1;NA;NA;NA;NA;NA;NA;NA;NA;NA;NA;NA;NA;NA;NA;NA;NA;NA;NA
rbbhf - hf_min;2126;0;0;NA;0;0;0;0;0;0;0;0;0;0;0;0;NA;NA;NA;NA;NA;NA;NA;NA;NA;NA;NA;0;0;0;1;NA;NA;NA;1;NA;NA;NA;NA;NA;NA;0;0;NA;NA;NA;NA;NA;NA;0;1;NA;NA;NA;NA;NA;NA;NA;NA;NA;NA;0;0;NA;0;NA;NA;0;NA;NA;0;NA;NA;NA;NA;NA;NA;0;NA;NA;NA;NA;NA;NA;NA;NA;NA;NA;NA;0;NA;0;NA;NA;NA;NA;1;NA;NA;NA;NA;NA;NA;NA;NA;NA;NA;NA;NA;NA;NA;NA;NA;NA;NA
rbbhf - hf_min;2127;0;1;0;0;0;0;0;0;0;0;0;0;0;0;0;NA;NA;NA;NA;NA;NA;NA;NA;NA;NA;NA;0;0;0;1;NA;NA;NA;1;NA;NA;NA;NA;NA;NA;0;0;NA;NA;NA;NA;NA;NA;0;1;NA;NA;NA;NA;NA;NA;NA;NA;NA;NA;0;0;NA;0;NA;NA;0;NA;NA;0;NA;NA;NA;NA;NA;NA;0;NA;NA;NA;NA;NA;NA;NA;NA;NA;NA;NA;0;NA;0;NA;NA;NA;NA;1;NA;NA;NA;NA;NA;NA;NA;NA;NA;NA;NA;NA;NA;NA;NA;NA;NA;NA
rbbhf - hf_min;2128;0;0;NA;0;0;0;0;0;0;0;0;0;0;0;1;0;0;0;0;1;0;0;0;NA;NA;NA;0;0;0;1;NA;NA;NA;1;NA;NA;NA;NA;NA;NA;0;0;NA;NA;NA;NA;NA;NA;0;1;NA;NA;NA;NA;NA;NA;NA;NA;NA;NA;0;0;NA;0;NA;NA;0;NA;NA;0;NA;NA;NA;NA;NA;NA;0;NA;NA;NA;NA;NA;NA;NA;NA;NA;NA;NA;0;NA;0;NA;NA;NA;NA;1;NA;NA;NA;NA;NA;NA;NA;NA;NA;NA;NA;NA;NA;NA;NA;NA;NA;NA
rbbhf - hf_min;2129;0;1;0;0;0;0;0;0;0;0;0;0;0;0;1;0;0;0;0;1;0;0;0;NA;NA;NA;0;0;0;1;NA;NA;NA;1;NA;NA;NA;NA;NA;NA;0;0;NA;NA;NA;NA;NA;NA;0;1;NA;NA;NA;NA;NA;NA;NA;NA;NA;NA;0;0;NA;0;NA;NA;0;NA;NA;0;NA;NA;NA;NA;NA;NA;0;NA;NA;NA;NA;NA;NA;NA;NA;NA;NA;NA;0;NA;0;NA;NA;NA;NA;1;NA;NA;NA;NA;NA;NA;NA;NA;NA;NA;NA;NA;NA;NA;NA;NA;NA;NA
rbbhf - hf_min;2130;0;0;NA;0;0;0;0;0;0;0;0;0;0;0;1;0;0;0;0;0;NA;NA;NA;0;0;0;0;0;0;1;NA;NA;NA;1;NA;NA;NA;NA;NA;NA;0;0;NA;NA;NA;NA;NA;NA;0;1;NA;NA;NA;NA;NA;NA;NA;NA;NA;NA;0;0;NA;0;NA;NA;0;NA;NA;0;NA;NA;NA;NA;NA;NA;0;NA;NA;NA;NA;NA;NA;NA;NA;NA;NA;NA;0;NA;0;NA;NA;NA;NA;1;NA;NA;NA;NA;NA;NA;NA;NA;NA;NA;NA;NA;NA;NA;NA;NA;NA;NA
rbbhf - hf_min;2131;0;1;0;0;0;0;0;0;0;0;0;0;0;0;1;0;0;0;0;0;NA;NA;NA;0;0;0;0;0;0;1;NA;NA;NA;1;NA;NA;NA;NA;NA;NA;0;0;NA;NA;NA;NA;NA;NA;0;1;NA;NA;NA;NA;NA;NA;NA;NA;NA;NA;0;0;NA;0;NA;NA;0;NA;NA;0;NA;NA;NA;NA;NA;NA;0;NA;NA;NA;NA;NA;NA;NA;NA;NA;NA;NA;0;NA;0;NA;NA;NA;NA;1;NA;NA;NA;NA;NA;NA;NA;NA;NA;NA;NA;NA;NA;NA;NA;NA;NA;NA
rbbhf - hf_min;2132;0;0;NA;0;0;0;0;0;0;0;0;0;0;0;0;NA;NA;NA;NA;NA;NA;NA;NA;NA;NA;NA;0;0;0;1;NA;NA;NA;NA;NA;NA;NA;NA;NA;NA;0;0;NA;NA;NA;NA;NA;NA;0;0;1;NA;NA;NA;NA;NA;NA;NA;NA;NA;0;0;NA;0;NA;NA;0;NA;NA;0;NA;NA;NA;NA;NA;NA;0;NA;NA;NA;NA;NA;NA;NA;NA;NA;NA;NA;0;NA;0;NA;NA;NA;NA;1;NA;NA;NA;NA;NA;NA;NA;NA;NA;NA;NA;NA;NA;NA;NA;NA;NA;NA
rbbhf - hf_min;2133;0;1;0;0;0;0;0;0;0;0;0;0;0;0;0;NA;NA;NA;NA;NA;NA;NA;NA;NA;NA;NA;0;0;0;1;NA;NA;NA;NA;NA;NA;NA;NA;NA;NA;0;0;NA;NA;NA;NA;NA;NA;0;0;1;NA;NA;NA;NA;NA;NA;NA;NA;NA;0;0;NA;0;NA;NA;0;NA;NA;0;NA;NA;NA;NA;NA;NA;0;NA;NA;NA;NA;NA;NA;NA;NA;NA;NA;NA;0;NA;0;NA;NA;NA;NA;1;NA;NA;NA;NA;NA;NA;NA;NA;NA;NA;NA;NA;NA;NA;NA;NA;NA;NA
rbbhf - hf_min;2134;0;0;NA;0;0;0;0;0;0;0;0;0;0;0;1;0;0;0;0;1;0;0;0;NA;NA;NA;0;0;0;1;NA;NA;NA;NA;NA;NA;NA;NA;NA;NA;0;0;NA;NA;NA;NA;NA;NA;0;0;1;NA;NA;NA;NA;NA;NA;NA;NA;NA;0;0;NA;0;NA;NA;0;NA;NA;0;NA;NA;NA;NA;NA;NA;0;NA;NA;NA;NA;NA;NA;NA;NA;NA;NA;NA;0;NA;0;NA;NA;NA;NA;1;NA;NA;NA;NA;NA;NA;NA;NA;NA;NA;NA;NA;NA;NA;NA;NA;NA;NA
rbbhf - hf_min;2135;0;1;0;0;0;0;0;0;0;0;0;0;0;0;1;0;0;0;0;1;0;0;0;NA;NA;NA;0;0;0;1;NA;NA;NA;NA;NA;NA;NA;NA;NA;NA;0;0;NA;NA;NA;NA;NA;NA;0;0;1;NA;NA;NA;NA;NA;NA;NA;NA;NA;0;0;NA;0;NA;NA;0;NA;NA;0;NA;NA;NA;NA;NA;NA;0;NA;NA;NA;NA;NA;NA;NA;NA;NA;NA;NA;0;NA;0;NA;NA;NA;NA;1;NA;NA;NA;NA;NA;NA;NA;NA;NA;NA;NA;NA;NA;NA;NA;NA;NA;NA
rbbhf - hf_min;2136;0;0;NA;0;0;0;0;0;0;0;0;0;0;0;1;0;0;0;0;0;NA;NA;NA;0;0;0;0;0;0;1;NA;NA;NA;NA;NA;NA;NA;NA;NA;NA;0;0;NA;NA;NA;NA;NA;NA;0;0;1;NA;NA;NA;NA;NA;NA;NA;NA;NA;0;0;NA;0;NA;NA;0;NA;NA;0;NA;NA;NA;NA;NA;NA;0;NA;NA;NA;NA;NA;NA;NA;NA;NA;NA;NA;0;NA;0;NA;NA;NA;NA;1;NA;NA;NA;NA;NA;NA;NA;NA;NA;NA;NA;NA;NA;NA;NA;NA;NA;NA
rbbhf - hf_min;2137;0;1;0;0;0;0;0;0;0;0;0;0;0;0;1;0;0;0;0;0;NA;NA;NA;0;0;0;0;0;0;1;NA;NA;NA;NA;NA;NA;NA;NA;NA;NA;0;0;NA;NA;NA;NA;NA;NA;0;0;1;NA;NA;NA;NA;NA;NA;NA;NA;NA;0;0;NA;0;NA;NA;0;NA;NA;0;NA;NA;NA;NA;NA;NA;0;NA;NA;NA;NA;NA;NA;NA;NA;NA;NA;NA;0;NA;0;NA;NA;NA;NA;1;NA;NA;NA;NA;NA;NA;NA;NA;NA;NA;NA;NA;NA;NA;NA;NA;NA;NA
rbbhf - hf_min;2138;0;0;NA;0;0;0;0;0;0;0;0;0;0;0;0;NA;NA;NA;NA;NA;NA;NA;NA;NA;NA;NA;0;0;0;0;NA;1;NA;NA;NA;NA;NA;NA;NA;NA;NA;NA;NA;NA;NA;NA;NA;NA;NA;NA;NA;NA;NA;NA;NA;NA;NA;NA;NA;NA;0;0;NA;0;NA;NA;0;NA;NA;1;0;NA;NA;NA;NA;NA;0;NA;NA;NA;NA;NA;NA;NA;NA;NA;NA;NA;0;NA;0;NA;NA;NA;NA;1;NA;NA;NA;NA;NA;NA;NA;NA;NA;NA;NA;NA;NA;NA;NA;NA;NA;NA
rbbhf - hf_min;2139;0;1;0;0;0;0;0;0;0;0;0;0;0;0;0;NA;NA;NA;NA;NA;NA;NA;NA;NA;NA;NA;0;0;0;0;NA;1;NA;NA;NA;NA;NA;NA;NA;NA;NA;NA;NA;NA;NA;NA;NA;NA;NA;NA;NA;NA;NA;NA;NA;NA;NA;NA;NA;NA;0;0;NA;0;NA;NA;0;NA;NA;1;0;NA;NA;NA;NA;NA;0;NA;NA;NA;NA;NA;NA;NA;NA;NA;NA;NA;0;NA;0;NA;NA;NA;NA;1;NA;NA;NA;NA;NA;NA;NA;NA;NA;NA;NA;NA;NA;NA;NA;NA;NA;NA
rbbhf - hf_min;2140;0;0;NA;0;0;0;0;0;0;0;0;0;0;0;1;0;0;0;0;1;0;0;0;NA;NA;NA;0;0;0;0;NA;1;NA;NA;NA;NA;NA;NA;NA;NA;NA;NA;NA;NA;NA;NA;NA;NA;NA;NA;NA;NA;NA;NA;NA;NA;NA;NA;NA;NA;0;0;NA;0;NA;NA;0;NA;NA;1;0;NA;NA;NA;NA;NA;0;NA;NA;NA;NA;NA;NA;NA;NA;NA;NA;NA;0;NA;0;NA;NA;NA;NA;1;NA;NA;NA;NA;NA;NA;NA;NA;NA;NA;NA;NA;NA;NA;NA;NA;NA;NA
rbbhf - hf_min;2141;0;1;0;0;0;0;0;0;0;0;0;0;0;0;1;0;0;0;0;1;0;0;0;NA;NA;NA;0;0;0;0;NA;1;NA;NA;NA;NA;NA;NA;NA;NA;NA;NA;NA;NA;NA;NA;NA;NA;NA;NA;NA;NA;NA;NA;NA;NA;NA;NA;NA;NA;0;0;NA;0;NA;NA;0;NA;NA;1;0;NA;NA;NA;NA;NA;0;NA;NA;NA;NA;NA;NA;NA;NA;NA;NA;NA;0;NA;0;NA;NA;NA;NA;1;NA;NA;NA;NA;NA;NA;NA;NA;NA;NA;NA;NA;NA;NA;NA;NA;NA;NA
rbbhf - hf_min;2142;0;0;NA;0;0;0;0;0;0;0;0;0;0;0;1;0;0;0;0;0;NA;NA;NA;0;0;0;0;0;0;0;NA;1;NA;NA;NA;NA;NA;NA;NA;NA;NA;NA;NA;NA;NA;NA;NA;NA;NA;NA;NA;NA;NA;NA;NA;NA;NA;NA;NA;NA;0;0;NA;0;NA;NA;0;NA;NA;1;0;NA;NA;NA;NA;NA;0;NA;NA;NA;NA;NA;NA;NA;NA;NA;NA;NA;0;NA;0;NA;NA;NA;NA;1;NA;NA;NA;NA;NA;NA;NA;NA;NA;NA;NA;NA;NA;NA;NA;NA;NA;NA
rbbhf - hf_min;2143;0;1;0;0;0;0;0;0;0;0;0;0;0;0;1;0;0;0;0;0;NA;NA;NA;0;0;0;0;0;0;0;NA;1;NA;NA;NA;NA;NA;NA;NA;NA;NA;NA;NA;NA;NA;NA;NA;NA;NA;NA;NA;NA;NA;NA;NA;NA;NA;NA;NA;NA;0;0;NA;0;NA;NA;0;NA;NA;1;0;NA;NA;NA;NA;NA;0;NA;NA;NA;NA;NA;NA;NA;NA;NA;NA;NA;0;NA;0;NA;NA;NA;NA;1;NA;NA;NA;NA;NA;NA;NA;NA;NA;NA;NA;NA;NA;NA;NA;NA;NA;NA
rbbhf - hf_min;2144;0;0;NA;0;0;0;0;0;0;0;0;0;0;0;0;NA;NA;NA;NA;NA;NA;NA;NA;NA;NA;NA;0;0;0;0;1;NA;NA;1;NA;NA;NA;NA;NA;NA;NA;NA;NA;NA;NA;NA;NA;NA;NA;NA;NA;NA;NA;NA;NA;NA;NA;NA;NA;NA;0;0;NA;0;NA;NA;0;NA;NA;1;0;NA;NA;NA;NA;NA;0;NA;NA;NA;NA;NA;NA;NA;NA;NA;NA;NA;0;NA;0;NA;NA;NA;NA;1;NA;NA;NA;NA;NA;NA;NA;NA;NA;NA;NA;NA;NA;NA;NA;NA;NA;NA
rbbhf - hf_min;2145;0;1;0;0;0;0;0;0;0;0;0;0;0;0;0;NA;NA;NA;NA;NA;NA;NA;NA;NA;NA;NA;0;0;0;0;1;NA;NA;1;NA;NA;NA;NA;NA;NA;NA;NA;NA;NA;NA;NA;NA;NA;NA;NA;NA;NA;NA;NA;NA;NA;NA;NA;NA;NA;0;0;NA;0;NA;NA;0;NA;NA;1;0;NA;NA;NA;NA;NA;0;NA;NA;NA;NA;NA;NA;NA;NA;NA;NA;NA;0;NA;0;NA;NA;NA;NA;1;NA;NA;NA;NA;NA;NA;NA;NA;NA;NA;NA;NA;NA;NA;NA;NA;NA;NA
rbbhf - hf_min;2146;0;0;NA;0;0;0;0;0;0;0;0;0;0;0;1;0;0;0;0;1;0;0;0;NA;NA;NA;0;0;0;0;1;NA;NA;1;NA;NA;NA;NA;NA;NA;NA;NA;NA;NA;NA;NA;NA;NA;NA;NA;NA;NA;NA;NA;NA;NA;NA;NA;NA;NA;0;0;NA;0;NA;NA;0;NA;NA;1;0;NA;NA;NA;NA;NA;0;NA;NA;NA;NA;NA;NA;NA;NA;NA;NA;NA;0;NA;0;NA;NA;NA;NA;1;NA;NA;NA;NA;NA;NA;NA;NA;NA;NA;NA;NA;NA;NA;NA;NA;NA;NA
rbbhf - hf_min;2147;0;1;0;0;0;0;0;0;0;0;0;0;0;0;1;0;0;0;0;1;0;0;0;NA;NA;NA;0;0;0;0;1;NA;NA;1;NA;NA;NA;NA;NA;NA;NA;NA;NA;NA;NA;NA;NA;NA;NA;NA;NA;NA;NA;NA;NA;NA;NA;NA;NA;NA;0;0;NA;0;NA;NA;0;NA;NA;1;0;NA;NA;NA;NA;NA;0;NA;NA;NA;NA;NA;NA;NA;NA;NA;NA;NA;0;NA;0;NA;NA;NA;NA;1;NA;NA;NA;NA;NA;NA;NA;NA;NA;NA;NA;NA;NA;NA;NA;NA;NA;NA
rbbhf - hf_min;2148;0;0;NA;0;0;0;0;0;0;0;0;0;0;0;1;0;0;0;0;0;NA;NA;NA;0;0;0;0;0;0;0;1;NA;NA;1;NA;NA;NA;NA;NA;NA;NA;NA;NA;NA;NA;NA;NA;NA;NA;NA;NA;NA;NA;NA;NA;NA;NA;NA;NA;NA;0;0;NA;0;NA;NA;0;NA;NA;1;0;NA;NA;NA;NA;NA;0;NA;NA;NA;NA;NA;NA;NA;NA;NA;NA;NA;0;NA;0;NA;NA;NA;NA;1;NA;NA;NA;NA;NA;NA;NA;NA;NA;NA;NA;NA;NA;NA;NA;NA;NA;NA
rbbhf - hf_min;2149;0;1;0;0;0;0;0;0;0;0;0;0;0;0;1;0;0;0;0;0;NA;NA;NA;0;0;0;0;0;0;0;1;NA;NA;1;NA;NA;NA;NA;NA;NA;NA;NA;NA;NA;NA;NA;NA;NA;NA;NA;NA;NA;NA;NA;NA;NA;NA;NA;NA;NA;0;0;NA;0;NA;NA;0;NA;NA;1;0;NA;NA;NA;NA;NA;0;NA;NA;NA;NA;NA;NA;NA;NA;NA;NA;NA;0;NA;0;NA;NA;NA;NA;1;NA;NA;NA;NA;NA;NA;NA;NA;NA;NA;NA;NA;NA;NA;NA;NA;NA;NA
rbbhf - hf_min;2150;0;0;NA;0;0;0;0;0;0;0;0;0;0;0;0;NA;NA;NA;NA;NA;NA;NA;NA;NA;NA;NA;0;0;0;1;NA;NA;NA;1;NA;NA;NA;NA;NA;NA;0;0;NA;NA;NA;NA;NA;NA;0;1;NA;NA;NA;NA;NA;NA;NA;NA;NA;NA;0;0;NA;0;NA;NA;0;NA;NA;1;0;NA;NA;NA;NA;NA;0;NA;NA;NA;NA;NA;NA;NA;NA;NA;NA;NA;0;NA;0;NA;NA;NA;NA;1;NA;NA;NA;NA;NA;NA;NA;NA;NA;NA;NA;NA;NA;NA;NA;NA;NA;NA
rbbhf - hf_min;2151;0;1;0;0;0;0;0;0;0;0;0;0;0;0;0;NA;NA;NA;NA;NA;NA;NA;NA;NA;NA;NA;0;0;0;1;NA;NA;NA;1;NA;NA;NA;NA;NA;NA;0;0;NA;NA;NA;NA;NA;NA;0;1;NA;NA;NA;NA;NA;NA;NA;NA;NA;NA;0;0;NA;0;NA;NA;0;NA;NA;1;0;NA;NA;NA;NA;NA;0;NA;NA;NA;NA;NA;NA;NA;NA;NA;NA;NA;0;NA;0;NA;NA;NA;NA;1;NA;NA;NA;NA;NA;NA;NA;NA;NA;NA;NA;NA;NA;NA;NA;NA;NA;NA
rbbhf - hf_min;2152;0;0;NA;0;0;0;0;0;0;0;0;0;0;0;1;0;0;0;0;1;0;0;0;NA;NA;NA;0;0;0;1;NA;NA;NA;1;NA;NA;NA;NA;NA;NA;0;0;NA;NA;NA;NA;NA;NA;0;1;NA;NA;NA;NA;NA;NA;NA;NA;NA;NA;0;0;NA;0;NA;NA;0;NA;NA;1;0;NA;NA;NA;NA;NA;0;NA;NA;NA;NA;NA;NA;NA;NA;NA;NA;NA;0;NA;0;NA;NA;NA;NA;1;NA;NA;NA;NA;NA;NA;NA;NA;NA;NA;NA;NA;NA;NA;NA;NA;NA;NA
rbbhf - hf_min;2153;0;1;0;0;0;0;0;0;0;0;0;0;0;0;1;0;0;0;0;1;0;0;0;NA;NA;NA;0;0;0;1;NA;NA;NA;1;NA;NA;NA;NA;NA;NA;0;0;NA;NA;NA;NA;NA;NA;0;1;NA;NA;NA;NA;NA;NA;NA;NA;NA;NA;0;0;NA;0;NA;NA;0;NA;NA;1;0;NA;NA;NA;NA;NA;0;NA;NA;NA;NA;NA;NA;NA;NA;NA;NA;NA;0;NA;0;NA;NA;NA;NA;1;NA;NA;NA;NA;NA;NA;NA;NA;NA;NA;NA;NA;NA;NA;NA;NA;NA;NA
rbbhf - hf_min;2154;0;0;NA;0;0;0;0;0;0;0;0;0;0;0;1;0;0;0;0;0;NA;NA;NA;0;0;0;0;0;0;1;NA;NA;NA;1;NA;NA;NA;NA;NA;NA;0;0;NA;NA;NA;NA;NA;NA;0;1;NA;NA;NA;NA;NA;NA;NA;NA;NA;NA;0;0;NA;0;NA;NA;0;NA;NA;1;0;NA;NA;NA;NA;NA;0;NA;NA;NA;NA;NA;NA;NA;NA;NA;NA;NA;0;NA;0;NA;NA;NA;NA;1;NA;NA;NA;NA;NA;NA;NA;NA;NA;NA;NA;NA;NA;NA;NA;NA;NA;NA
rbbhf - hf_min;2155;0;1;0;0;0;0;0;0;0;0;0;0;0;0;1;0;0;0;0;0;NA;NA;NA;0;0;0;0;0;0;1;NA;NA;NA;1;NA;NA;NA;NA;NA;NA;0;0;NA;NA;NA;NA;NA;NA;0;1;NA;NA;NA;NA;NA;NA;NA;NA;NA;NA;0;0;NA;0;NA;NA;0;NA;NA;1;0;NA;NA;NA;NA;NA;0;NA;NA;NA;NA;NA;NA;NA;NA;NA;NA;NA;0;NA;0;NA;NA;NA;NA;1;NA;NA;NA;NA;NA;NA;NA;NA;NA;NA;NA;NA;NA;NA;NA;NA;NA;NA
rbbhf - hf_min;2156;0;0;NA;0;0;0;0;0;0;0;0;0;0;0;0;NA;NA;NA;NA;NA;NA;NA;NA;NA;NA;NA;0;0;0;1;NA;NA;NA;NA;NA;NA;NA;NA;NA;NA;0;0;NA;NA;NA;NA;NA;NA;0;0;1;NA;NA;NA;NA;NA;NA;NA;NA;NA;0;0;NA;0;NA;NA;0;NA;NA;1;0;NA;NA;NA;NA;NA;0;NA;NA;NA;NA;NA;NA;NA;NA;NA;NA;NA;0;NA;0;NA;NA;NA;NA;1;NA;NA;NA;NA;NA;NA;NA;NA;NA;NA;NA;NA;NA;NA;NA;NA;NA;NA
rbbhf - hf_min;2157;0;1;0;0;0;0;0;0;0;0;0;0;0;0;0;NA;NA;NA;NA;NA;NA;NA;NA;NA;NA;NA;0;0;0;1;NA;NA;NA;NA;NA;NA;NA;NA;NA;NA;0;0;NA;NA;NA;NA;NA;NA;0;0;1;NA;NA;NA;NA;NA;NA;NA;NA;NA;0;0;NA;0;NA;NA;0;NA;NA;1;0;NA;NA;NA;NA;NA;0;NA;NA;NA;NA;NA;NA;NA;NA;NA;NA;NA;0;NA;0;NA;NA;NA;NA;1;NA;NA;NA;NA;NA;NA;NA;NA;NA;NA;NA;NA;NA;NA;NA;NA;NA;NA
rbbhf - hf_min;2158;0;0;NA;0;0;0;0;0;0;0;0;0;0;0;1;0;0;0;0;1;0;0;0;NA;NA;NA;0;0;0;1;NA;NA;NA;NA;NA;NA;NA;NA;NA;NA;0;0;NA;NA;NA;NA;NA;NA;0;0;1;NA;NA;NA;NA;NA;NA;NA;NA;NA;0;0;NA;0;NA;NA;0;NA;NA;1;0;NA;NA;NA;NA;NA;0;NA;NA;NA;NA;NA;NA;NA;NA;NA;NA;NA;0;NA;0;NA;NA;NA;NA;1;NA;NA;NA;NA;NA;NA;NA;NA;NA;NA;NA;NA;NA;NA;NA;NA;NA;NA
rbbhf - hf_min;2159;0;1;0;0;0;0;0;0;0;0;0;0;0;0;1;0;0;0;0;1;0;0;0;NA;NA;NA;0;0;0;1;NA;NA;NA;NA;NA;NA;NA;NA;NA;NA;0;0;NA;NA;NA;NA;NA;NA;0;0;1;NA;NA;NA;NA;NA;NA;NA;NA;NA;0;0;NA;0;NA;NA;0;NA;NA;1;0;NA;NA;NA;NA;NA;0;NA;NA;NA;NA;NA;NA;NA;NA;NA;NA;NA;0;NA;0;NA;NA;NA;NA;1;NA;NA;NA;NA;NA;NA;NA;NA;NA;NA;NA;NA;NA;NA;NA;NA;NA;NA
rbbhf - hf_min;2160;0;0;NA;0;0;0;0;0;0;0;0;0;0;0;1;0;0;0;0;0;NA;NA;NA;0;0;0;0;0;0;1;NA;NA;NA;NA;NA;NA;NA;NA;NA;NA;0;0;NA;NA;NA;NA;NA;NA;0;0;1;NA;NA;NA;NA;NA;NA;NA;NA;NA;0;0;NA;0;NA;NA;0;NA;NA;1;0;NA;NA;NA;NA;NA;0;NA;NA;NA;NA;NA;NA;NA;NA;NA;NA;NA;0;NA;0;NA;NA;NA;NA;1;NA;NA;NA;NA;NA;NA;NA;NA;NA;NA;NA;NA;NA;NA;NA;NA;NA;NA
rbbhf - hf_min;2161;0;1;0;0;0;0;0;0;0;0;0;0;0;0;1;0;0;0;0;0;NA;NA;NA;0;0;0;0;0;0;1;NA;NA;NA;NA;NA;NA;NA;NA;NA;NA;0;0;NA;NA;NA;NA;NA;NA;0;0;1;NA;NA;NA;NA;NA;NA;NA;NA;NA;0;0;NA;0;NA;NA;0;NA;NA;1;0;NA;NA;NA;NA;NA;0;NA;NA;NA;NA;NA;NA;NA;NA;NA;NA;NA;0;NA;0;NA;NA;NA;NA;1;NA;NA;NA;NA;NA;NA;NA;NA;NA;NA;NA;NA;NA;NA;NA;NA;NA;NA
rbbhf - hf_min;2162;0;0;NA;0;0;0;0;0;0;0;0;0;0;0;0;NA;NA;NA;NA;NA;NA;NA;NA;NA;NA;NA;0;0;0;0;NA;1;NA;NA;NA;NA;NA;NA;NA;NA;NA;NA;NA;NA;NA;NA;NA;NA;NA;NA;NA;NA;NA;NA;NA;NA;NA;NA;NA;NA;0;0;NA;0;NA;NA;0;NA;NA;0;NA;NA;NA;NA;NA;NA;1;0;NA;NA;NA;NA;NA;NA;NA;NA;NA;NA;0;NA;0;NA;NA;NA;NA;1;NA;NA;NA;NA;NA;NA;NA;NA;NA;NA;NA;NA;NA;NA;NA;NA;NA;NA
rbbhf - hf_min;2163;0;1;0;0;0;0;0;0;0;0;0;0;0;0;0;NA;NA;NA;NA;NA;NA;NA;NA;NA;NA;NA;0;0;0;0;NA;1;NA;NA;NA;NA;NA;NA;NA;NA;NA;NA;NA;NA;NA;NA;NA;NA;NA;NA;NA;NA;NA;NA;NA;NA;NA;NA;NA;NA;0;0;NA;0;NA;NA;0;NA;NA;0;NA;NA;NA;NA;NA;NA;1;0;NA;NA;NA;NA;NA;NA;NA;NA;NA;NA;0;NA;0;NA;NA;NA;NA;1;NA;NA;NA;NA;NA;NA;NA;NA;NA;NA;NA;NA;NA;NA;NA;NA;NA;NA
rbbhf - hf_min;2164;0;0;NA;0;0;0;0;0;0;0;0;0;0;0;1;0;0;0;0;1;0;0;0;NA;NA;NA;0;0;0;0;NA;1;NA;NA;NA;NA;NA;NA;NA;NA;NA;NA;NA;NA;NA;NA;NA;NA;NA;NA;NA;NA;NA;NA;NA;NA;NA;NA;NA;NA;0;0;NA;0;NA;NA;0;NA;NA;0;NA;NA;NA;NA;NA;NA;1;0;NA;NA;NA;NA;NA;NA;NA;NA;NA;NA;0;NA;0;NA;NA;NA;NA;1;NA;NA;NA;NA;NA;NA;NA;NA;NA;NA;NA;NA;NA;NA;NA;NA;NA;NA
rbbhf - hf_min;2165;0;1;0;0;0;0;0;0;0;0;0;0;0;0;1;0;0;0;0;1;0;0;0;NA;NA;NA;0;0;0;0;NA;1;NA;NA;NA;NA;NA;NA;NA;NA;NA;NA;NA;NA;NA;NA;NA;NA;NA;NA;NA;NA;NA;NA;NA;NA;NA;NA;NA;NA;0;0;NA;0;NA;NA;0;NA;NA;0;NA;NA;NA;NA;NA;NA;1;0;NA;NA;NA;NA;NA;NA;NA;NA;NA;NA;0;NA;0;NA;NA;NA;NA;1;NA;NA;NA;NA;NA;NA;NA;NA;NA;NA;NA;NA;NA;NA;NA;NA;NA;NA
rbbhf - hf_min;2166;0;0;NA;0;0;0;0;0;0;0;0;0;0;0;1;0;0;0;0;0;NA;NA;NA;0;0;0;0;0;0;0;NA;1;NA;NA;NA;NA;NA;NA;NA;NA;NA;NA;NA;NA;NA;NA;NA;NA;NA;NA;NA;NA;NA;NA;NA;NA;NA;NA;NA;NA;0;0;NA;0;NA;NA;0;NA;NA;0;NA;NA;NA;NA;NA;NA;1;0;NA;NA;NA;NA;NA;NA;NA;NA;NA;NA;0;NA;0;NA;NA;NA;NA;1;NA;NA;NA;NA;NA;NA;NA;NA;NA;NA;NA;NA;NA;NA;NA;NA;NA;NA
rbbhf - hf_min;2167;0;1;0;0;0;0;0;0;0;0;0;0;0;0;1;0;0;0;0;0;NA;NA;NA;0;0;0;0;0;0;0;NA;1;NA;NA;NA;NA;NA;NA;NA;NA;NA;NA;NA;NA;NA;NA;NA;NA;NA;NA;NA;NA;NA;NA;NA;NA;NA;NA;NA;NA;0;0;NA;0;NA;NA;0;NA;NA;0;NA;NA;NA;NA;NA;NA;1;0;NA;NA;NA;NA;NA;NA;NA;NA;NA;NA;0;NA;0;NA;NA;NA;NA;1;NA;NA;NA;NA;NA;NA;NA;NA;NA;NA;NA;NA;NA;NA;NA;NA;NA;NA
rbbhf - hf_min;2168;0;0;NA;0;0;0;0;0;0;0;0;0;0;0;0;NA;NA;NA;NA;NA;NA;NA;NA;NA;NA;NA;0;0;0;0;1;NA;NA;1;NA;NA;NA;NA;NA;NA;NA;NA;NA;NA;NA;NA;NA;NA;NA;NA;NA;NA;NA;NA;NA;NA;NA;NA;NA;NA;0;0;NA;0;NA;NA;0;NA;NA;0;NA;NA;NA;NA;NA;NA;1;0;NA;NA;NA;NA;NA;NA;NA;NA;NA;NA;0;NA;0;NA;NA;NA;NA;1;NA;NA;NA;NA;NA;NA;NA;NA;NA;NA;NA;NA;NA;NA;NA;NA;NA;NA
rbbhf - hf_min;2169;0;1;0;0;0;0;0;0;0;0;0;0;0;0;0;NA;NA;NA;NA;NA;NA;NA;NA;NA;NA;NA;0;0;0;0;1;NA;NA;1;NA;NA;NA;NA;NA;NA;NA;NA;NA;NA;NA;NA;NA;NA;NA;NA;NA;NA;NA;NA;NA;NA;NA;NA;NA;NA;0;0;NA;0;NA;NA;0;NA;NA;0;NA;NA;NA;NA;NA;NA;1;0;NA;NA;NA;NA;NA;NA;NA;NA;NA;NA;0;NA;0;NA;NA;NA;NA;1;NA;NA;NA;NA;NA;NA;NA;NA;NA;NA;NA;NA;NA;NA;NA;NA;NA;NA
rbbhf - hf_min;2170;0;0;NA;0;0;0;0;0;0;0;0;0;0;0;1;0;0;0;0;1;0;0;0;NA;NA;NA;0;0;0;0;1;NA;NA;1;NA;NA;NA;NA;NA;NA;NA;NA;NA;NA;NA;NA;NA;NA;NA;NA;NA;NA;NA;NA;NA;NA;NA;NA;NA;NA;0;0;NA;0;NA;NA;0;NA;NA;0;NA;NA;NA;NA;NA;NA;1;0;NA;NA;NA;NA;NA;NA;NA;NA;NA;NA;0;NA;0;NA;NA;NA;NA;1;NA;NA;NA;NA;NA;NA;NA;NA;NA;NA;NA;NA;NA;NA;NA;NA;NA;NA
rbbhf - hf_min;2171;0;1;0;0;0;0;0;0;0;0;0;0;0;0;1;0;0;0;0;1;0;0;0;NA;NA;NA;0;0;0;0;1;NA;NA;1;NA;NA;NA;NA;NA;NA;NA;NA;NA;NA;NA;NA;NA;NA;NA;NA;NA;NA;NA;NA;NA;NA;NA;NA;NA;NA;0;0;NA;0;NA;NA;0;NA;NA;0;NA;NA;NA;NA;NA;NA;1;0;NA;NA;NA;NA;NA;NA;NA;NA;NA;NA;0;NA;0;NA;NA;NA;NA;1;NA;NA;NA;NA;NA;NA;NA;NA;NA;NA;NA;NA;NA;NA;NA;NA;NA;NA
rbbhf - hf_min;2172;0;0;NA;0;0;0;0;0;0;0;0;0;0;0;1;0;0;0;0;0;NA;NA;NA;0;0;0;0;0;0;0;1;NA;NA;1;NA;NA;NA;NA;NA;NA;NA;NA;NA;NA;NA;NA;NA;NA;NA;NA;NA;NA;NA;NA;NA;NA;NA;NA;NA;NA;0;0;NA;0;NA;NA;0;NA;NA;0;NA;NA;NA;NA;NA;NA;1;0;NA;NA;NA;NA;NA;NA;NA;NA;NA;NA;0;NA;0;NA;NA;NA;NA;1;NA;NA;NA;NA;NA;NA;NA;NA;NA;NA;NA;NA;NA;NA;NA;NA;NA;NA
rbbhf - hf_min;2173;0;1;0;0;0;0;0;0;0;0;0;0;0;0;1;0;0;0;0;0;NA;NA;NA;0;0;0;0;0;0;0;1;NA;NA;1;NA;NA;NA;NA;NA;NA;NA;NA;NA;NA;NA;NA;NA;NA;NA;NA;NA;NA;NA;NA;NA;NA;NA;NA;NA;NA;0;0;NA;0;NA;NA;0;NA;NA;0;NA;NA;NA;NA;NA;NA;1;0;NA;NA;NA;NA;NA;NA;NA;NA;NA;NA;0;NA;0;NA;NA;NA;NA;1;NA;NA;NA;NA;NA;NA;NA;NA;NA;NA;NA;NA;NA;NA;NA;NA;NA;NA
rbbhf - hf_min;2174;0;0;NA;0;0;0;0;0;0;0;0;0;0;0;0;NA;NA;NA;NA;NA;NA;NA;NA;NA;NA;NA;0;0;0;1;NA;NA;NA;1;NA;NA;NA;NA;NA;NA;0;0;NA;NA;NA;NA;NA;NA;0;1;NA;NA;NA;NA;NA;NA;NA;NA;NA;NA;0;0;NA;0;NA;NA;0;NA;NA;0;NA;NA;NA;NA;NA;NA;1;0;NA;NA;NA;NA;NA;NA;NA;NA;NA;NA;0;NA;0;NA;NA;NA;NA;1;NA;NA;NA;NA;NA;NA;NA;NA;NA;NA;NA;NA;NA;NA;NA;NA;NA;NA
rbbhf - hf_min;2175;0;1;0;0;0;0;0;0;0;0;0;0;0;0;0;NA;NA;NA;NA;NA;NA;NA;NA;NA;NA;NA;0;0;0;1;NA;NA;NA;1;NA;NA;NA;NA;NA;NA;0;0;NA;NA;NA;NA;NA;NA;0;1;NA;NA;NA;NA;NA;NA;NA;NA;NA;NA;0;0;NA;0;NA;NA;0;NA;NA;0;NA;NA;NA;NA;NA;NA;1;0;NA;NA;NA;NA;NA;NA;NA;NA;NA;NA;0;NA;0;NA;NA;NA;NA;1;NA;NA;NA;NA;NA;NA;NA;NA;NA;NA;NA;NA;NA;NA;NA;NA;NA;NA
rbbhf - hf_min;2176;0;0;NA;0;0;0;0;0;0;0;0;0;0;0;1;0;0;0;0;1;0;0;0;NA;NA;NA;0;0;0;1;NA;NA;NA;1;NA;NA;NA;NA;NA;NA;0;0;NA;NA;NA;NA;NA;NA;0;1;NA;NA;NA;NA;NA;NA;NA;NA;NA;NA;0;0;NA;0;NA;NA;0;NA;NA;0;NA;NA;NA;NA;NA;NA;1;0;NA;NA;NA;NA;NA;NA;NA;NA;NA;NA;0;NA;0;NA;NA;NA;NA;1;NA;NA;NA;NA;NA;NA;NA;NA;NA;NA;NA;NA;NA;NA;NA;NA;NA;NA
rbbhf - hf_min;2177;0;1;0;0;0;0;0;0;0;0;0;0;0;0;1;0;0;0;0;1;0;0;0;NA;NA;NA;0;0;0;1;NA;NA;NA;1;NA;NA;NA;NA;NA;NA;0;0;NA;NA;NA;NA;NA;NA;0;1;NA;NA;NA;NA;NA;NA;NA;NA;NA;NA;0;0;NA;0;NA;NA;0;NA;NA;0;NA;NA;NA;NA;NA;NA;1;0;NA;NA;NA;NA;NA;NA;NA;NA;NA;NA;0;NA;0;NA;NA;NA;NA;1;NA;NA;NA;NA;NA;NA;NA;NA;NA;NA;NA;NA;NA;NA;NA;NA;NA;NA
rbbhf - hf_min;2178;0;0;NA;0;0;0;0;0;0;0;0;0;0;0;1;0;0;0;0;0;NA;NA;NA;0;0;0;0;0;0;1;NA;NA;NA;1;NA;NA;NA;NA;NA;NA;0;0;NA;NA;NA;NA;NA;NA;0;1;NA;NA;NA;NA;NA;NA;NA;NA;NA;NA;0;0;NA;0;NA;NA;0;NA;NA;0;NA;NA;NA;NA;NA;NA;1;0;NA;NA;NA;NA;NA;NA;NA;NA;NA;NA;0;NA;0;NA;NA;NA;NA;1;NA;NA;NA;NA;NA;NA;NA;NA;NA;NA;NA;NA;NA;NA;NA;NA;NA;NA
rbbhf - hf_min;2179;0;1;0;0;0;0;0;0;0;0;0;0;0;0;1;0;0;0;0;0;NA;NA;NA;0;0;0;0;0;0;1;NA;NA;NA;1;NA;NA;NA;NA;NA;NA;0;0;NA;NA;NA;NA;NA;NA;0;1;NA;NA;NA;NA;NA;NA;NA;NA;NA;NA;0;0;NA;0;NA;NA;0;NA;NA;0;NA;NA;NA;NA;NA;NA;1;0;NA;NA;NA;NA;NA;NA;NA;NA;NA;NA;0;NA;0;NA;NA;NA;NA;1;NA;NA;NA;NA;NA;NA;NA;NA;NA;NA;NA;NA;NA;NA;NA;NA;NA;NA
rbbhf - hf_min;2180;0;0;NA;0;0;0;0;0;0;0;0;0;0;0;0;NA;NA;NA;NA;NA;NA;NA;NA;NA;NA;NA;0;0;0;1;NA;NA;NA;NA;NA;NA;NA;NA;NA;NA;0;0;NA;NA;NA;NA;NA;NA;0;0;1;NA;NA;NA;NA;NA;NA;NA;NA;NA;0;0;NA;0;NA;NA;0;NA;NA;0;NA;NA;NA;NA;NA;NA;1;0;NA;NA;NA;NA;NA;NA;NA;NA;NA;NA;0;NA;0;NA;NA;NA;NA;1;NA;NA;NA;NA;NA;NA;NA;NA;NA;NA;NA;NA;NA;NA;NA;NA;NA;NA
rbbhf - hf_min;2181;0;1;0;0;0;0;0;0;0;0;0;0;0;0;0;NA;NA;NA;NA;NA;NA;NA;NA;NA;NA;NA;0;0;0;1;NA;NA;NA;NA;NA;NA;NA;NA;NA;NA;0;0;NA;NA;NA;NA;NA;NA;0;0;1;NA;NA;NA;NA;NA;NA;NA;NA;NA;0;0;NA;0;NA;NA;0;NA;NA;0;NA;NA;NA;NA;NA;NA;1;0;NA;NA;NA;NA;NA;NA;NA;NA;NA;NA;0;NA;0;NA;NA;NA;NA;1;NA;NA;NA;NA;NA;NA;NA;NA;NA;NA;NA;NA;NA;NA;NA;NA;NA;NA
rbbhf - hf_min;2182;0;0;NA;0;0;0;0;0;0;0;0;0;0;0;1;0;0;0;0;1;0;0;0;NA;NA;NA;0;0;0;1;NA;NA;NA;NA;NA;NA;NA;NA;NA;NA;0;0;NA;NA;NA;NA;NA;NA;0;0;1;NA;NA;NA;NA;NA;NA;NA;NA;NA;0;0;NA;0;NA;NA;0;NA;NA;0;NA;NA;NA;NA;NA;NA;1;0;NA;NA;NA;NA;NA;NA;NA;NA;NA;NA;0;NA;0;NA;NA;NA;NA;1;NA;NA;NA;NA;NA;NA;NA;NA;NA;NA;NA;NA;NA;NA;NA;NA;NA;NA
rbbhf - hf_min;2183;0;1;0;0;0;0;0;0;0;0;0;0;0;0;1;0;0;0;0;1;0;0;0;NA;NA;NA;0;0;0;1;NA;NA;NA;NA;NA;NA;NA;NA;NA;NA;0;0;NA;NA;NA;NA;NA;NA;0;0;1;NA;NA;NA;NA;NA;NA;NA;NA;NA;0;0;NA;0;NA;NA;0;NA;NA;0;NA;NA;NA;NA;NA;NA;1;0;NA;NA;NA;NA;NA;NA;NA;NA;NA;NA;0;NA;0;NA;NA;NA;NA;1;NA;NA;NA;NA;NA;NA;NA;NA;NA;NA;NA;NA;NA;NA;NA;NA;NA;NA
rbbhf - hf_min;2184;0;0;NA;0;0;0;0;0;0;0;0;0;0;0;1;0;0;0;0;0;NA;NA;NA;0;0;0;0;0;0;1;NA;NA;NA;NA;NA;NA;NA;NA;NA;NA;0;0;NA;NA;NA;NA;NA;NA;0;0;1;NA;NA;NA;NA;NA;NA;NA;NA;NA;0;0;NA;0;NA;NA;0;NA;NA;0;NA;NA;NA;NA;NA;NA;1;0;NA;NA;NA;NA;NA;NA;NA;NA;NA;NA;0;NA;0;NA;NA;NA;NA;1;NA;NA;NA;NA;NA;NA;NA;NA;NA;NA;NA;NA;NA;NA;NA;NA;NA;NA
rbbhf - hf_min;2185;0;1;0;0;0;0;0;0;0;0;0;0;0;0;1;0;0;0;0;0;NA;NA;NA;0;0;0;0;0;0;1;NA;NA;NA;NA;NA;NA;NA;NA;NA;NA;0;0;NA;NA;NA;NA;NA;NA;0;0;1;NA;NA;NA;NA;NA;NA;NA;NA;NA;0;0;NA;0;NA;NA;0;NA;NA;0;NA;NA;NA;NA;NA;NA;1;0;NA;NA;NA;NA;NA;NA;NA;NA;NA;NA;0;NA;0;NA;NA;NA;NA;1;NA;NA;NA;NA;NA;NA;NA;NA;NA;NA;NA;NA;NA;NA;NA;NA;NA;NA
rbbhf - hf_min;2186;0;0;NA;0;0;0;0;0;0;0;0;0;0;0;0;NA;NA;NA;NA;NA;NA;NA;NA;NA;NA;NA;0;0;0;0;NA;1;NA;NA;NA;NA;NA;NA;NA;NA;NA;NA;NA;NA;NA;NA;NA;NA;NA;NA;NA;NA;NA;NA;NA;NA;NA;NA;NA;NA;0;0;NA;0;NA;NA;0;NA;NA;1;0;NA;NA;NA;NA;NA;1;0;NA;NA;NA;NA;NA;NA;NA;NA;NA;NA;0;NA;0;NA;NA;NA;NA;1;NA;NA;NA;NA;NA;NA;NA;NA;NA;NA;NA;NA;NA;NA;NA;NA;NA;NA
rbbhf - hf_min;2187;0;1;0;0;0;0;0;0;0;0;0;0;0;0;0;NA;NA;NA;NA;NA;NA;NA;NA;NA;NA;NA;0;0;0;0;NA;1;NA;NA;NA;NA;NA;NA;NA;NA;NA;NA;NA;NA;NA;NA;NA;NA;NA;NA;NA;NA;NA;NA;NA;NA;NA;NA;NA;NA;0;0;NA;0;NA;NA;0;NA;NA;1;0;NA;NA;NA;NA;NA;1;0;NA;NA;NA;NA;NA;NA;NA;NA;NA;NA;0;NA;0;NA;NA;NA;NA;1;NA;NA;NA;NA;NA;NA;NA;NA;NA;NA;NA;NA;NA;NA;NA;NA;NA;NA
rbbhf - hf_min;2188;0;0;NA;0;0;0;0;0;0;0;0;0;0;0;1;0;0;0;0;1;0;0;0;NA;NA;NA;0;0;0;0;NA;1;NA;NA;NA;NA;NA;NA;NA;NA;NA;NA;NA;NA;NA;NA;NA;NA;NA;NA;NA;NA;NA;NA;NA;NA;NA;NA;NA;NA;0;0;NA;0;NA;NA;0;NA;NA;1;0;NA;NA;NA;NA;NA;1;0;NA;NA;NA;NA;NA;NA;NA;NA;NA;NA;0;NA;0;NA;NA;NA;NA;1;NA;NA;NA;NA;NA;NA;NA;NA;NA;NA;NA;NA;NA;NA;NA;NA;NA;NA
rbbhf - hf_min;2189;0;1;0;0;0;0;0;0;0;0;0;0;0;0;1;0;0;0;0;1;0;0;0;NA;NA;NA;0;0;0;0;NA;1;NA;NA;NA;NA;NA;NA;NA;NA;NA;NA;NA;NA;NA;NA;NA;NA;NA;NA;NA;NA;NA;NA;NA;NA;NA;NA;NA;NA;0;0;NA;0;NA;NA;0;NA;NA;1;0;NA;NA;NA;NA;NA;1;0;NA;NA;NA;NA;NA;NA;NA;NA;NA;NA;0;NA;0;NA;NA;NA;NA;1;NA;NA;NA;NA;NA;NA;NA;NA;NA;NA;NA;NA;NA;NA;NA;NA;NA;NA
rbbhf - hf_min;2190;0;0;NA;0;0;0;0;0;0;0;0;0;0;0;1;0;0;0;0;0;NA;NA;NA;0;0;0;0;0;0;0;NA;1;NA;NA;NA;NA;NA;NA;NA;NA;NA;NA;NA;NA;NA;NA;NA;NA;NA;NA;NA;NA;NA;NA;NA;NA;NA;NA;NA;NA;0;0;NA;0;NA;NA;0;NA;NA;1;0;NA;NA;NA;NA;NA;1;0;NA;NA;NA;NA;NA;NA;NA;NA;NA;NA;0;NA;0;NA;NA;NA;NA;1;NA;NA;NA;NA;NA;NA;NA;NA;NA;NA;NA;NA;NA;NA;NA;NA;NA;NA
rbbhf - hf_min;2191;0;1;0;0;0;0;0;0;0;0;0;0;0;0;1;0;0;0;0;0;NA;NA;NA;0;0;0;0;0;0;0;NA;1;NA;NA;NA;NA;NA;NA;NA;NA;NA;NA;NA;NA;NA;NA;NA;NA;NA;NA;NA;NA;NA;NA;NA;NA;NA;NA;NA;NA;0;0;NA;0;NA;NA;0;NA;NA;1;0;NA;NA;NA;NA;NA;1;0;NA;NA;NA;NA;NA;NA;NA;NA;NA;NA;0;NA;0;NA;NA;NA;NA;1;NA;NA;NA;NA;NA;NA;NA;NA;NA;NA;NA;NA;NA;NA;NA;NA;NA;NA
rbbhf - hf_min;2192;0;0;NA;0;0;0;0;0;0;0;0;0;0;0;0;NA;NA;NA;NA;NA;NA;NA;NA;NA;NA;NA;0;0;0;0;1;NA;NA;1;NA;NA;NA;NA;NA;NA;NA;NA;NA;NA;NA;NA;NA;NA;NA;NA;NA;NA;NA;NA;NA;NA;NA;NA;NA;NA;0;0;NA;0;NA;NA;0;NA;NA;1;0;NA;NA;NA;NA;NA;1;0;NA;NA;NA;NA;NA;NA;NA;NA;NA;NA;0;NA;0;NA;NA;NA;NA;1;NA;NA;NA;NA;NA;NA;NA;NA;NA;NA;NA;NA;NA;NA;NA;NA;NA;NA
rbbhf - hf_min;2193;0;1;0;0;0;0;0;0;0;0;0;0;0;0;0;NA;NA;NA;NA;NA;NA;NA;NA;NA;NA;NA;0;0;0;0;1;NA;NA;1;NA;NA;NA;NA;NA;NA;NA;NA;NA;NA;NA;NA;NA;NA;NA;NA;NA;NA;NA;NA;NA;NA;NA;NA;NA;NA;0;0;NA;0;NA;NA;0;NA;NA;1;0;NA;NA;NA;NA;NA;1;0;NA;NA;NA;NA;NA;NA;NA;NA;NA;NA;0;NA;0;NA;NA;NA;NA;1;NA;NA;NA;NA;NA;NA;NA;NA;NA;NA;NA;NA;NA;NA;NA;NA;NA;NA
rbbhf - hf_min;2194;0;0;NA;0;0;0;0;0;0;0;0;0;0;0;1;0;0;0;0;1;0;0;0;NA;NA;NA;0;0;0;0;1;NA;NA;1;NA;NA;NA;NA;NA;NA;NA;NA;NA;NA;NA;NA;NA;NA;NA;NA;NA;NA;NA;NA;NA;NA;NA;NA;NA;NA;0;0;NA;0;NA;NA;0;NA;NA;1;0;NA;NA;NA;NA;NA;1;0;NA;NA;NA;NA;NA;NA;NA;NA;NA;NA;0;NA;0;NA;NA;NA;NA;1;NA;NA;NA;NA;NA;NA;NA;NA;NA;NA;NA;NA;NA;NA;NA;NA;NA;NA
rbbhf - hf_min;2195;0;1;0;0;0;0;0;0;0;0;0;0;0;0;1;0;0;0;0;1;0;0;0;NA;NA;NA;0;0;0;0;1;NA;NA;1;NA;NA;NA;NA;NA;NA;NA;NA;NA;NA;NA;NA;NA;NA;NA;NA;NA;NA;NA;NA;NA;NA;NA;NA;NA;NA;0;0;NA;0;NA;NA;0;NA;NA;1;0;NA;NA;NA;NA;NA;1;0;NA;NA;NA;NA;NA;NA;NA;NA;NA;NA;0;NA;0;NA;NA;NA;NA;1;NA;NA;NA;NA;NA;NA;NA;NA;NA;NA;NA;NA;NA;NA;NA;NA;NA;NA
rbbhf - hf_min;2196;0;0;NA;0;0;0;0;0;0;0;0;0;0;0;1;0;0;0;0;0;NA;NA;NA;0;0;0;0;0;0;0;1;NA;NA;1;NA;NA;NA;NA;NA;NA;NA;NA;NA;NA;NA;NA;NA;NA;NA;NA;NA;NA;NA;NA;NA;NA;NA;NA;NA;NA;0;0;NA;0;NA;NA;0;NA;NA;1;0;NA;NA;NA;NA;NA;1;0;NA;NA;NA;NA;NA;NA;NA;NA;NA;NA;0;NA;0;NA;NA;NA;NA;1;NA;NA;NA;NA;NA;NA;NA;NA;NA;NA;NA;NA;NA;NA;NA;NA;NA;NA
rbbhf - hf_min;2197;0;1;0;0;0;0;0;0;0;0;0;0;0;0;1;0;0;0;0;0;NA;NA;NA;0;0;0;0;0;0;0;1;NA;NA;1;NA;NA;NA;NA;NA;NA;NA;NA;NA;NA;NA;NA;NA;NA;NA;NA;NA;NA;NA;NA;NA;NA;NA;NA;NA;NA;0;0;NA;0;NA;NA;0;NA;NA;1;0;NA;NA;NA;NA;NA;1;0;NA;NA;NA;NA;NA;NA;NA;NA;NA;NA;0;NA;0;NA;NA;NA;NA;1;NA;NA;NA;NA;NA;NA;NA;NA;NA;NA;NA;NA;NA;NA;NA;NA;NA;NA
rbbhf - hf_min;2198;0;0;NA;0;0;0;0;0;0;0;0;0;0;0;0;NA;NA;NA;NA;NA;NA;NA;NA;NA;NA;NA;0;0;0;1;NA;NA;NA;1;NA;NA;NA;NA;NA;NA;0;0;NA;NA;NA;NA;NA;NA;0;1;NA;NA;NA;NA;NA;NA;NA;NA;NA;NA;0;0;NA;0;NA;NA;0;NA;NA;1;0;NA;NA;NA;NA;NA;1;0;NA;NA;NA;NA;NA;NA;NA;NA;NA;NA;0;NA;0;NA;NA;NA;NA;1;NA;NA;NA;NA;NA;NA;NA;NA;NA;NA;NA;NA;NA;NA;NA;NA;NA;NA
rbbhf - hf_min;2199;0;1;0;0;0;0;0;0;0;0;0;0;0;0;0;NA;NA;NA;NA;NA;NA;NA;NA;NA;NA;NA;0;0;0;1;NA;NA;NA;1;NA;NA;NA;NA;NA;NA;0;0;NA;NA;NA;NA;NA;NA;0;1;NA;NA;NA;NA;NA;NA;NA;NA;NA;NA;0;0;NA;0;NA;NA;0;NA;NA;1;0;NA;NA;NA;NA;NA;1;0;NA;NA;NA;NA;NA;NA;NA;NA;NA;NA;0;NA;0;NA;NA;NA;NA;1;NA;NA;NA;NA;NA;NA;NA;NA;NA;NA;NA;NA;NA;NA;NA;NA;NA;NA
rbbhf - hf_min;2200;0;0;NA;0;0;0;0;0;0;0;0;0;0;0;1;0;0;0;0;1;0;0;0;NA;NA;NA;0;0;0;1;NA;NA;NA;1;NA;NA;NA;NA;NA;NA;0;0;NA;NA;NA;NA;NA;NA;0;1;NA;NA;NA;NA;NA;NA;NA;NA;NA;NA;0;0;NA;0;NA;NA;0;NA;NA;1;0;NA;NA;NA;NA;NA;1;0;NA;NA;NA;NA;NA;NA;NA;NA;NA;NA;0;NA;0;NA;NA;NA;NA;1;NA;NA;NA;NA;NA;NA;NA;NA;NA;NA;NA;NA;NA;NA;NA;NA;NA;NA
rbbhf - hf_min;2201;0;1;0;0;0;0;0;0;0;0;0;0;0;0;1;0;0;0;0;1;0;0;0;NA;NA;NA;0;0;0;1;NA;NA;NA;1;NA;NA;NA;NA;NA;NA;0;0;NA;NA;NA;NA;NA;NA;0;1;NA;NA;NA;NA;NA;NA;NA;NA;NA;NA;0;0;NA;0;NA;NA;0;NA;NA;1;0;NA;NA;NA;NA;NA;1;0;NA;NA;NA;NA;NA;NA;NA;NA;NA;NA;0;NA;0;NA;NA;NA;NA;1;NA;NA;NA;NA;NA;NA;NA;NA;NA;NA;NA;NA;NA;NA;NA;NA;NA;NA
rbbhf - hf_min;2202;0;0;NA;0;0;0;0;0;0;0;0;0;0;0;1;0;0;0;0;0;NA;NA;NA;0;0;0;0;0;0;1;NA;NA;NA;1;NA;NA;NA;NA;NA;NA;0;0;NA;NA;NA;NA;NA;NA;0;1;NA;NA;NA;NA;NA;NA;NA;NA;NA;NA;0;0;NA;0;NA;NA;0;NA;NA;1;0;NA;NA;NA;NA;NA;1;0;NA;NA;NA;NA;NA;NA;NA;NA;NA;NA;0;NA;0;NA;NA;NA;NA;1;NA;NA;NA;NA;NA;NA;NA;NA;NA;NA;NA;NA;NA;NA;NA;NA;NA;NA
rbbhf - hf_min;2203;0;1;0;0;0;0;0;0;0;0;0;0;0;0;1;0;0;0;0;0;NA;NA;NA;0;0;0;0;0;0;1;NA;NA;NA;1;NA;NA;NA;NA;NA;NA;0;0;NA;NA;NA;NA;NA;NA;0;1;NA;NA;NA;NA;NA;NA;NA;NA;NA;NA;0;0;NA;0;NA;NA;0;NA;NA;1;0;NA;NA;NA;NA;NA;1;0;NA;NA;NA;NA;NA;NA;NA;NA;NA;NA;0;NA;0;NA;NA;NA;NA;1;NA;NA;NA;NA;NA;NA;NA;NA;NA;NA;NA;NA;NA;NA;NA;NA;NA;NA
rbbhf - hf_min;2204;0;0;NA;0;0;0;0;0;0;0;0;0;0;0;0;NA;NA;NA;NA;NA;NA;NA;NA;NA;NA;NA;0;0;0;1;NA;NA;NA;NA;NA;NA;NA;NA;NA;NA;0;0;NA;NA;NA;NA;NA;NA;0;0;1;NA;NA;NA;NA;NA;NA;NA;NA;NA;0;0;NA;0;NA;NA;0;NA;NA;1;0;NA;NA;NA;NA;NA;1;0;NA;NA;NA;NA;NA;NA;NA;NA;NA;NA;0;NA;0;NA;NA;NA;NA;1;NA;NA;NA;NA;NA;NA;NA;NA;NA;NA;NA;NA;NA;NA;NA;NA;NA;NA
rbbhf - hf_min;2205;0;1;0;0;0;0;0;0;0;0;0;0;0;0;0;NA;NA;NA;NA;NA;NA;NA;NA;NA;NA;NA;0;0;0;1;NA;NA;NA;NA;NA;NA;NA;NA;NA;NA;0;0;NA;NA;NA;NA;NA;NA;0;0;1;NA;NA;NA;NA;NA;NA;NA;NA;NA;0;0;NA;0;NA;NA;0;NA;NA;1;0;NA;NA;NA;NA;NA;1;0;NA;NA;NA;NA;NA;NA;NA;NA;NA;NA;0;NA;0;NA;NA;NA;NA;1;NA;NA;NA;NA;NA;NA;NA;NA;NA;NA;NA;NA;NA;NA;NA;NA;NA;NA
rbbhf - hf_min;2206;0;0;NA;0;0;0;0;0;0;0;0;0;0;0;1;0;0;0;0;1;0;0;0;NA;NA;NA;0;0;0;1;NA;NA;NA;NA;NA;NA;NA;NA;NA;NA;0;0;NA;NA;NA;NA;NA;NA;0;0;1;NA;NA;NA;NA;NA;NA;NA;NA;NA;0;0;NA;0;NA;NA;0;NA;NA;1;0;NA;NA;NA;NA;NA;1;0;NA;NA;NA;NA;NA;NA;NA;NA;NA;NA;0;NA;0;NA;NA;NA;NA;1;NA;NA;NA;NA;NA;NA;NA;NA;NA;NA;NA;NA;NA;NA;NA;NA;NA;NA
rbbhf - hf_min;2207;0;1;0;0;0;0;0;0;0;0;0;0;0;0;1;0;0;0;0;1;0;0;0;NA;NA;NA;0;0;0;1;NA;NA;NA;NA;NA;NA;NA;NA;NA;NA;0;0;NA;NA;NA;NA;NA;NA;0;0;1;NA;NA;NA;NA;NA;NA;NA;NA;NA;0;0;NA;0;NA;NA;0;NA;NA;1;0;NA;NA;NA;NA;NA;1;0;NA;NA;NA;NA;NA;NA;NA;NA;NA;NA;0;NA;0;NA;NA;NA;NA;1;NA;NA;NA;NA;NA;NA;NA;NA;NA;NA;NA;NA;NA;NA;NA;NA;NA;NA
rbbhf - hf_min;2208;0;0;NA;0;0;0;0;0;0;0;0;0;0;0;1;0;0;0;0;0;NA;NA;NA;0;0;0;0;0;0;1;NA;NA;NA;NA;NA;NA;NA;NA;NA;NA;0;0;NA;NA;NA;NA;NA;NA;0;0;1;NA;NA;NA;NA;NA;NA;NA;NA;NA;0;0;NA;0;NA;NA;0;NA;NA;1;0;NA;NA;NA;NA;NA;1;0;NA;NA;NA;NA;NA;NA;NA;NA;NA;NA;0;NA;0;NA;NA;NA;NA;1;NA;NA;NA;NA;NA;NA;NA;NA;NA;NA;NA;NA;NA;NA;NA;NA;NA;NA
rbbhf - hf_min;2209;0;1;0;0;0;0;0;0;0;0;0;0;0;0;1;0;0;0;0;0;NA;NA;NA;0;0;0;0;0;0;1;NA;NA;NA;NA;NA;NA;NA;NA;NA;NA;0;0;NA;NA;NA;NA;NA;NA;0;0;1;NA;NA;NA;NA;NA;NA;NA;NA;NA;0;0;NA;0;NA;NA;0;NA;NA;1;0;NA;NA;NA;NA;NA;1;0;NA;NA;NA;NA;NA;NA;NA;NA;NA;NA;0;NA;0;NA;NA;NA;NA;1;NA;NA;NA;NA;NA;NA;NA;NA;NA;NA;NA;NA;NA;NA;NA;NA;NA;NA
rbbhf - hf_min;2210;0;0;NA;0;0;0;0;0;0;0;0;0;0;0;0;NA;NA;NA;NA;NA;NA;NA;NA;NA;NA;NA;0;0;0;0;NA;1;NA;NA;NA;NA;NA;NA;NA;NA;NA;NA;NA;NA;NA;NA;NA;NA;NA;NA;NA;NA;NA;NA;NA;NA;NA;NA;NA;NA;0;0;NA;0;NA;NA;0;NA;NA;0;NA;NA;NA;NA;NA;NA;0;NA;NA;NA;NA;NA;NA;NA;NA;NA;NA;NA;1;1;NA;NA;NA;NA;NA;NA;1;NA;NA;NA;NA;NA;NA;NA;NA;NA;NA;NA;NA;NA;NA;NA;NA;NA
rbbhf - hf_min;2211;0;1;0;0;0;0;0;0;0;0;0;0;0;0;0;NA;NA;NA;NA;NA;NA;NA;NA;NA;NA;NA;0;0;0;0;NA;1;NA;NA;NA;NA;NA;NA;NA;NA;NA;NA;NA;NA;NA;NA;NA;NA;NA;NA;NA;NA;NA;NA;NA;NA;NA;NA;NA;NA;0;0;NA;0;NA;NA;0;NA;NA;0;NA;NA;NA;NA;NA;NA;0;NA;NA;NA;NA;NA;NA;NA;NA;NA;NA;NA;1;1;NA;NA;NA;NA;NA;NA;1;NA;NA;NA;NA;NA;NA;NA;NA;NA;NA;NA;NA;NA;NA;NA;NA;NA
rbbhf - hf_min;2212;0;0;NA;0;0;0;0;0;0;0;0;0;0;0;1;0;0;0;0;1;0;0;0;NA;NA;NA;0;0;0;0;NA;1;NA;NA;NA;NA;NA;NA;NA;NA;NA;NA;NA;NA;NA;NA;NA;NA;NA;NA;NA;NA;NA;NA;NA;NA;NA;NA;NA;NA;0;0;NA;0;NA;NA;0;NA;NA;0;NA;NA;NA;NA;NA;NA;0;NA;NA;NA;NA;NA;NA;NA;NA;NA;NA;NA;1;1;NA;NA;NA;NA;NA;NA;1;NA;NA;NA;NA;NA;NA;NA;NA;NA;NA;NA;NA;NA;NA;NA;NA;NA
rbbhf - hf_min;2213;0;1;0;0;0;0;0;0;0;0;0;0;0;0;1;0;0;0;0;1;0;0;0;NA;NA;NA;0;0;0;0;NA;1;NA;NA;NA;NA;NA;NA;NA;NA;NA;NA;NA;NA;NA;NA;NA;NA;NA;NA;NA;NA;NA;NA;NA;NA;NA;NA;NA;NA;0;0;NA;0;NA;NA;0;NA;NA;0;NA;NA;NA;NA;NA;NA;0;NA;NA;NA;NA;NA;NA;NA;NA;NA;NA;NA;1;1;NA;NA;NA;NA;NA;NA;1;NA;NA;NA;NA;NA;NA;NA;NA;NA;NA;NA;NA;NA;NA;NA;NA;NA
rbbhf - hf_min;2214;0;0;NA;0;0;0;0;0;0;0;0;0;0;0;1;0;0;0;0;0;NA;NA;NA;0;0;0;0;0;0;0;NA;1;NA;NA;NA;NA;NA;NA;NA;NA;NA;NA;NA;NA;NA;NA;NA;NA;NA;NA;NA;NA;NA;NA;NA;NA;NA;NA;NA;NA;0;0;NA;0;NA;NA;0;NA;NA;0;NA;NA;NA;NA;NA;NA;0;NA;NA;NA;NA;NA;NA;NA;NA;NA;NA;NA;1;1;NA;NA;NA;NA;NA;NA;1;NA;NA;NA;NA;NA;NA;NA;NA;NA;NA;NA;NA;NA;NA;NA;NA;NA
rbbhf - hf_min;2215;0;1;0;0;0;0;0;0;0;0;0;0;0;0;1;0;0;0;0;0;NA;NA;NA;0;0;0;0;0;0;0;NA;1;NA;NA;NA;NA;NA;NA;NA;NA;NA;NA;NA;NA;NA;NA;NA;NA;NA;NA;NA;NA;NA;NA;NA;NA;NA;NA;NA;NA;0;0;NA;0;NA;NA;0;NA;NA;0;NA;NA;NA;NA;NA;NA;0;NA;NA;NA;NA;NA;NA;NA;NA;NA;NA;NA;1;1;NA;NA;NA;NA;NA;NA;1;NA;NA;NA;NA;NA;NA;NA;NA;NA;NA;NA;NA;NA;NA;NA;NA;NA
rbbhf - hf_min;2216;0;0;NA;0;0;0;0;0;0;0;0;0;0;0;0;NA;NA;NA;NA;NA;NA;NA;NA;NA;NA;NA;0;0;0;0;1;NA;NA;1;NA;NA;NA;NA;NA;NA;NA;NA;NA;NA;NA;NA;NA;NA;NA;NA;NA;NA;NA;NA;NA;NA;NA;NA;NA;NA;0;0;NA;0;NA;NA;0;NA;NA;0;NA;NA;NA;NA;NA;NA;0;NA;NA;NA;NA;NA;NA;NA;NA;NA;NA;NA;1;1;NA;NA;NA;NA;NA;NA;1;NA;NA;NA;NA;NA;NA;NA;NA;NA;NA;NA;NA;NA;NA;NA;NA;NA
rbbhf - hf_min;2217;0;1;0;0;0;0;0;0;0;0;0;0;0;0;0;NA;NA;NA;NA;NA;NA;NA;NA;NA;NA;NA;0;0;0;0;1;NA;NA;1;NA;NA;NA;NA;NA;NA;NA;NA;NA;NA;NA;NA;NA;NA;NA;NA;NA;NA;NA;NA;NA;NA;NA;NA;NA;NA;0;0;NA;0;NA;NA;0;NA;NA;0;NA;NA;NA;NA;NA;NA;0;NA;NA;NA;NA;NA;NA;NA;NA;NA;NA;NA;1;1;NA;NA;NA;NA;NA;NA;1;NA;NA;NA;NA;NA;NA;NA;NA;NA;NA;NA;NA;NA;NA;NA;NA;NA
rbbhf - hf_min;2218;0;0;NA;0;0;0;0;0;0;0;0;0;0;0;1;0;0;0;0;1;0;0;0;NA;NA;NA;0;0;0;0;1;NA;NA;1;NA;NA;NA;NA;NA;NA;NA;NA;NA;NA;NA;NA;NA;NA;NA;NA;NA;NA;NA;NA;NA;NA;NA;NA;NA;NA;0;0;NA;0;NA;NA;0;NA;NA;0;NA;NA;NA;NA;NA;NA;0;NA;NA;NA;NA;NA;NA;NA;NA;NA;NA;NA;1;1;NA;NA;NA;NA;NA;NA;1;NA;NA;NA;NA;NA;NA;NA;NA;NA;NA;NA;NA;NA;NA;NA;NA;NA
rbbhf - hf_min;2219;0;1;0;0;0;0;0;0;0;0;0;0;0;0;1;0;0;0;0;1;0;0;0;NA;NA;NA;0;0;0;0;1;NA;NA;1;NA;NA;NA;NA;NA;NA;NA;NA;NA;NA;NA;NA;NA;NA;NA;NA;NA;NA;NA;NA;NA;NA;NA;NA;NA;NA;0;0;NA;0;NA;NA;0;NA;NA;0;NA;NA;NA;NA;NA;NA;0;NA;NA;NA;NA;NA;NA;NA;NA;NA;NA;NA;1;1;NA;NA;NA;NA;NA;NA;1;NA;NA;NA;NA;NA;NA;NA;NA;NA;NA;NA;NA;NA;NA;NA;NA;NA
rbbhf - hf_min;2220;0;0;NA;0;0;0;0;0;0;0;0;0;0;0;1;0;0;0;0;0;NA;NA;NA;0;0;0;0;0;0;0;1;NA;NA;1;NA;NA;NA;NA;NA;NA;NA;NA;NA;NA;NA;NA;NA;NA;NA;NA;NA;NA;NA;NA;NA;NA;NA;NA;NA;NA;0;0;NA;0;NA;NA;0;NA;NA;0;NA;NA;NA;NA;NA;NA;0;NA;NA;NA;NA;NA;NA;NA;NA;NA;NA;NA;1;1;NA;NA;NA;NA;NA;NA;1;NA;NA;NA;NA;NA;NA;NA;NA;NA;NA;NA;NA;NA;NA;NA;NA;NA
rbbhf - hf_min;2221;0;1;0;0;0;0;0;0;0;0;0;0;0;0;1;0;0;0;0;0;NA;NA;NA;0;0;0;0;0;0;0;1;NA;NA;1;NA;NA;NA;NA;NA;NA;NA;NA;NA;NA;NA;NA;NA;NA;NA;NA;NA;NA;NA;NA;NA;NA;NA;NA;NA;NA;0;0;NA;0;NA;NA;0;NA;NA;0;NA;NA;NA;NA;NA;NA;0;NA;NA;NA;NA;NA;NA;NA;NA;NA;NA;NA;1;1;NA;NA;NA;NA;NA;NA;1;NA;NA;NA;NA;NA;NA;NA;NA;NA;NA;NA;NA;NA;NA;NA;NA;NA
rbbhf - hf_min;2222;0;0;NA;0;0;0;0;0;0;0;0;0;0;0;0;NA;NA;NA;NA;NA;NA;NA;NA;NA;NA;NA;0;0;0;1;NA;NA;NA;1;NA;NA;NA;NA;NA;NA;0;0;NA;NA;NA;NA;NA;NA;0;1;NA;NA;NA;NA;NA;NA;NA;NA;NA;NA;0;0;NA;0;NA;NA;0;NA;NA;0;NA;NA;NA;NA;NA;NA;0;NA;NA;NA;NA;NA;NA;NA;NA;NA;NA;NA;1;1;NA;NA;NA;NA;NA;NA;1;NA;NA;NA;NA;NA;NA;NA;NA;NA;NA;NA;NA;NA;NA;NA;NA;NA
rbbhf - hf_min;2223;0;1;0;0;0;0;0;0;0;0;0;0;0;0;0;NA;NA;NA;NA;NA;NA;NA;NA;NA;NA;NA;0;0;0;1;NA;NA;NA;1;NA;NA;NA;NA;NA;NA;0;0;NA;NA;NA;NA;NA;NA;0;1;NA;NA;NA;NA;NA;NA;NA;NA;NA;NA;0;0;NA;0;NA;NA;0;NA;NA;0;NA;NA;NA;NA;NA;NA;0;NA;NA;NA;NA;NA;NA;NA;NA;NA;NA;NA;1;1;NA;NA;NA;NA;NA;NA;1;NA;NA;NA;NA;NA;NA;NA;NA;NA;NA;NA;NA;NA;NA;NA;NA;NA
rbbhf - hf_min;2224;0;0;NA;0;0;0;0;0;0;0;0;0;0;0;1;0;0;0;0;1;0;0;0;NA;NA;NA;0;0;0;1;NA;NA;NA;1;NA;NA;NA;NA;NA;NA;0;0;NA;NA;NA;NA;NA;NA;0;1;NA;NA;NA;NA;NA;NA;NA;NA;NA;NA;0;0;NA;0;NA;NA;0;NA;NA;0;NA;NA;NA;NA;NA;NA;0;NA;NA;NA;NA;NA;NA;NA;NA;NA;NA;NA;1;1;NA;NA;NA;NA;NA;NA;1;NA;NA;NA;NA;NA;NA;NA;NA;NA;NA;NA;NA;NA;NA;NA;NA;NA
rbbhf - hf_min;2225;0;1;0;0;0;0;0;0;0;0;0;0;0;0;1;0;0;0;0;1;0;0;0;NA;NA;NA;0;0;0;1;NA;NA;NA;1;NA;NA;NA;NA;NA;NA;0;0;NA;NA;NA;NA;NA;NA;0;1;NA;NA;NA;NA;NA;NA;NA;NA;NA;NA;0;0;NA;0;NA;NA;0;NA;NA;0;NA;NA;NA;NA;NA;NA;0;NA;NA;NA;NA;NA;NA;NA;NA;NA;NA;NA;1;1;NA;NA;NA;NA;NA;NA;1;NA;NA;NA;NA;NA;NA;NA;NA;NA;NA;NA;NA;NA;NA;NA;NA;NA
rbbhf - hf_min;2226;0;0;NA;0;0;0;0;0;0;0;0;0;0;0;1;0;0;0;0;0;NA;NA;NA;0;0;0;0;0;0;1;NA;NA;NA;1;NA;NA;NA;NA;NA;NA;0;0;NA;NA;NA;NA;NA;NA;0;1;NA;NA;NA;NA;NA;NA;NA;NA;NA;NA;0;0;NA;0;NA;NA;0;NA;NA;0;NA;NA;NA;NA;NA;NA;0;NA;NA;NA;NA;NA;NA;NA;NA;NA;NA;NA;1;1;NA;NA;NA;NA;NA;NA;1;NA;NA;NA;NA;NA;NA;NA;NA;NA;NA;NA;NA;NA;NA;NA;NA;NA
rbbhf - hf_min;2227;0;1;0;0;0;0;0;0;0;0;0;0;0;0;1;0;0;0;0;0;NA;NA;NA;0;0;0;0;0;0;1;NA;NA;NA;1;NA;NA;NA;NA;NA;NA;0;0;NA;NA;NA;NA;NA;NA;0;1;NA;NA;NA;NA;NA;NA;NA;NA;NA;NA;0;0;NA;0;NA;NA;0;NA;NA;0;NA;NA;NA;NA;NA;NA;0;NA;NA;NA;NA;NA;NA;NA;NA;NA;NA;NA;1;1;NA;NA;NA;NA;NA;NA;1;NA;NA;NA;NA;NA;NA;NA;NA;NA;NA;NA;NA;NA;NA;NA;NA;NA
rbbhf - hf_min;2228;0;0;NA;0;0;0;0;0;0;0;0;0;0;0;0;NA;NA;NA;NA;NA;NA;NA;NA;NA;NA;NA;0;0;0;1;NA;NA;NA;NA;NA;NA;NA;NA;NA;NA;0;0;NA;NA;NA;NA;NA;NA;0;0;1;NA;NA;NA;NA;NA;NA;NA;NA;NA;0;0;NA;0;NA;NA;0;NA;NA;0;NA;NA;NA;NA;NA;NA;0;NA;NA;NA;NA;NA;NA;NA;NA;NA;NA;NA;1;1;NA;NA;NA;NA;NA;NA;1;NA;NA;NA;NA;NA;NA;NA;NA;NA;NA;NA;NA;NA;NA;NA;NA;NA
rbbhf - hf_min;2229;0;1;0;0;0;0;0;0;0;0;0;0;0;0;0;NA;NA;NA;NA;NA;NA;NA;NA;NA;NA;NA;0;0;0;1;NA;NA;NA;NA;NA;NA;NA;NA;NA;NA;0;0;NA;NA;NA;NA;NA;NA;0;0;1;NA;NA;NA;NA;NA;NA;NA;NA;NA;0;0;NA;0;NA;NA;0;NA;NA;0;NA;NA;NA;NA;NA;NA;0;NA;NA;NA;NA;NA;NA;NA;NA;NA;NA;NA;1;1;NA;NA;NA;NA;NA;NA;1;NA;NA;NA;NA;NA;NA;NA;NA;NA;NA;NA;NA;NA;NA;NA;NA;NA
rbbhf - hf_min;2230;0;0;NA;0;0;0;0;0;0;0;0;0;0;0;1;0;0;0;0;1;0;0;0;NA;NA;NA;0;0;0;1;NA;NA;NA;NA;NA;NA;NA;NA;NA;NA;0;0;NA;NA;NA;NA;NA;NA;0;0;1;NA;NA;NA;NA;NA;NA;NA;NA;NA;0;0;NA;0;NA;NA;0;NA;NA;0;NA;NA;NA;NA;NA;NA;0;NA;NA;NA;NA;NA;NA;NA;NA;NA;NA;NA;1;1;NA;NA;NA;NA;NA;NA;1;NA;NA;NA;NA;NA;NA;NA;NA;NA;NA;NA;NA;NA;NA;NA;NA;NA
rbbhf - hf_min;2231;0;1;0;0;0;0;0;0;0;0;0;0;0;0;1;0;0;0;0;1;0;0;0;NA;NA;NA;0;0;0;1;NA;NA;NA;NA;NA;NA;NA;NA;NA;NA;0;0;NA;NA;NA;NA;NA;NA;0;0;1;NA;NA;NA;NA;NA;NA;NA;NA;NA;0;0;NA;0;NA;NA;0;NA;NA;0;NA;NA;NA;NA;NA;NA;0;NA;NA;NA;NA;NA;NA;NA;NA;NA;NA;NA;1;1;NA;NA;NA;NA;NA;NA;1;NA;NA;NA;NA;NA;NA;NA;NA;NA;NA;NA;NA;NA;NA;NA;NA;NA
rbbhf - hf_min;2232;0;0;NA;0;0;0;0;0;0;0;0;0;0;0;1;0;0;0;0;0;NA;NA;NA;0;0;0;0;0;0;1;NA;NA;NA;NA;NA;NA;NA;NA;NA;NA;0;0;NA;NA;NA;NA;NA;NA;0;0;1;NA;NA;NA;NA;NA;NA;NA;NA;NA;0;0;NA;0;NA;NA;0;NA;NA;0;NA;NA;NA;NA;NA;NA;0;NA;NA;NA;NA;NA;NA;NA;NA;NA;NA;NA;1;1;NA;NA;NA;NA;NA;NA;1;NA;NA;NA;NA;NA;NA;NA;NA;NA;NA;NA;NA;NA;NA;NA;NA;NA
rbbhf - hf_min;2233;0;1;0;0;0;0;0;0;0;0;0;0;0;0;1;0;0;0;0;0;NA;NA;NA;0;0;0;0;0;0;1;NA;NA;NA;NA;NA;NA;NA;NA;NA;NA;0;0;NA;NA;NA;NA;NA;NA;0;0;1;NA;NA;NA;NA;NA;NA;NA;NA;NA;0;0;NA;0;NA;NA;0;NA;NA;0;NA;NA;NA;NA;NA;NA;0;NA;NA;NA;NA;NA;NA;NA;NA;NA;NA;NA;1;1;NA;NA;NA;NA;NA;NA;1;NA;NA;NA;NA;NA;NA;NA;NA;NA;NA;NA;NA;NA;NA;NA;NA;NA
rbbhf - hf_min;2234;0;0;NA;0;0;0;0;0;0;0;0;0;0;0;0;NA;NA;NA;NA;NA;NA;NA;NA;NA;NA;NA;0;0;0;0;NA;1;NA;NA;NA;NA;NA;NA;NA;NA;NA;NA;NA;NA;NA;NA;NA;NA;NA;NA;NA;NA;NA;NA;NA;NA;NA;NA;NA;NA;0;0;NA;0;NA;NA;0;NA;NA;1;0;NA;NA;NA;NA;NA;0;NA;NA;NA;NA;NA;NA;NA;NA;NA;NA;NA;1;1;NA;NA;NA;NA;NA;NA;1;NA;NA;NA;NA;NA;NA;NA;NA;NA;NA;NA;NA;NA;NA;NA;NA;NA
rbbhf - hf_min;2235;0;1;0;0;0;0;0;0;0;0;0;0;0;0;0;NA;NA;NA;NA;NA;NA;NA;NA;NA;NA;NA;0;0;0;0;NA;1;NA;NA;NA;NA;NA;NA;NA;NA;NA;NA;NA;NA;NA;NA;NA;NA;NA;NA;NA;NA;NA;NA;NA;NA;NA;NA;NA;NA;0;0;NA;0;NA;NA;0;NA;NA;1;0;NA;NA;NA;NA;NA;0;NA;NA;NA;NA;NA;NA;NA;NA;NA;NA;NA;1;1;NA;NA;NA;NA;NA;NA;1;NA;NA;NA;NA;NA;NA;NA;NA;NA;NA;NA;NA;NA;NA;NA;NA;NA
rbbhf - hf_min;2236;0;0;NA;0;0;0;0;0;0;0;0;0;0;0;1;0;0;0;0;1;0;0;0;NA;NA;NA;0;0;0;0;NA;1;NA;NA;NA;NA;NA;NA;NA;NA;NA;NA;NA;NA;NA;NA;NA;NA;NA;NA;NA;NA;NA;NA;NA;NA;NA;NA;NA;NA;0;0;NA;0;NA;NA;0;NA;NA;1;0;NA;NA;NA;NA;NA;0;NA;NA;NA;NA;NA;NA;NA;NA;NA;NA;NA;1;1;NA;NA;NA;NA;NA;NA;1;NA;NA;NA;NA;NA;NA;NA;NA;NA;NA;NA;NA;NA;NA;NA;NA;NA
rbbhf - hf_min;2237;0;1;0;0;0;0;0;0;0;0;0;0;0;0;1;0;0;0;0;1;0;0;0;NA;NA;NA;0;0;0;0;NA;1;NA;NA;NA;NA;NA;NA;NA;NA;NA;NA;NA;NA;NA;NA;NA;NA;NA;NA;NA;NA;NA;NA;NA;NA;NA;NA;NA;NA;0;0;NA;0;NA;NA;0;NA;NA;1;0;NA;NA;NA;NA;NA;0;NA;NA;NA;NA;NA;NA;NA;NA;NA;NA;NA;1;1;NA;NA;NA;NA;NA;NA;1;NA;NA;NA;NA;NA;NA;NA;NA;NA;NA;NA;NA;NA;NA;NA;NA;NA
rbbhf - hf_min;2238;0;0;NA;0;0;0;0;0;0;0;0;0;0;0;1;0;0;0;0;0;NA;NA;NA;0;0;0;0;0;0;0;NA;1;NA;NA;NA;NA;NA;NA;NA;NA;NA;NA;NA;NA;NA;NA;NA;NA;NA;NA;NA;NA;NA;NA;NA;NA;NA;NA;NA;NA;0;0;NA;0;NA;NA;0;NA;NA;1;0;NA;NA;NA;NA;NA;0;NA;NA;NA;NA;NA;NA;NA;NA;NA;NA;NA;1;1;NA;NA;NA;NA;NA;NA;1;NA;NA;NA;NA;NA;NA;NA;NA;NA;NA;NA;NA;NA;NA;NA;NA;NA
rbbhf - hf_min;2239;0;1;0;0;0;0;0;0;0;0;0;0;0;0;1;0;0;0;0;0;NA;NA;NA;0;0;0;0;0;0;0;NA;1;NA;NA;NA;NA;NA;NA;NA;NA;NA;NA;NA;NA;NA;NA;NA;NA;NA;NA;NA;NA;NA;NA;NA;NA;NA;NA;NA;NA;0;0;NA;0;NA;NA;0;NA;NA;1;0;NA;NA;NA;NA;NA;0;NA;NA;NA;NA;NA;NA;NA;NA;NA;NA;NA;1;1;NA;NA;NA;NA;NA;NA;1;NA;NA;NA;NA;NA;NA;NA;NA;NA;NA;NA;NA;NA;NA;NA;NA;NA
rbbhf - hf_min;2240;0;0;NA;0;0;0;0;0;0;0;0;0;0;0;0;NA;NA;NA;NA;NA;NA;NA;NA;NA;NA;NA;0;0;0;0;1;NA;NA;1;NA;NA;NA;NA;NA;NA;NA;NA;NA;NA;NA;NA;NA;NA;NA;NA;NA;NA;NA;NA;NA;NA;NA;NA;NA;NA;0;0;NA;0;NA;NA;0;NA;NA;1;0;NA;NA;NA;NA;NA;0;NA;NA;NA;NA;NA;NA;NA;NA;NA;NA;NA;1;1;NA;NA;NA;NA;NA;NA;1;NA;NA;NA;NA;NA;NA;NA;NA;NA;NA;NA;NA;NA;NA;NA;NA;NA
rbbhf - hf_min;2241;0;1;0;0;0;0;0;0;0;0;0;0;0;0;0;NA;NA;NA;NA;NA;NA;NA;NA;NA;NA;NA;0;0;0;0;1;NA;NA;1;NA;NA;NA;NA;NA;NA;NA;NA;NA;NA;NA;NA;NA;NA;NA;NA;NA;NA;NA;NA;NA;NA;NA;NA;NA;NA;0;0;NA;0;NA;NA;0;NA;NA;1;0;NA;NA;NA;NA;NA;0;NA;NA;NA;NA;NA;NA;NA;NA;NA;NA;NA;1;1;NA;NA;NA;NA;NA;NA;1;NA;NA;NA;NA;NA;NA;NA;NA;NA;NA;NA;NA;NA;NA;NA;NA;NA
rbbhf - hf_min;2242;0;0;NA;0;0;0;0;0;0;0;0;0;0;0;1;0;0;0;0;1;0;0;0;NA;NA;NA;0;0;0;0;1;NA;NA;1;NA;NA;NA;NA;NA;NA;NA;NA;NA;NA;NA;NA;NA;NA;NA;NA;NA;NA;NA;NA;NA;NA;NA;NA;NA;NA;0;0;NA;0;NA;NA;0;NA;NA;1;0;NA;NA;NA;NA;NA;0;NA;NA;NA;NA;NA;NA;NA;NA;NA;NA;NA;1;1;NA;NA;NA;NA;NA;NA;1;NA;NA;NA;NA;NA;NA;NA;NA;NA;NA;NA;NA;NA;NA;NA;NA;NA
rbbhf - hf_min;2243;0;1;0;0;0;0;0;0;0;0;0;0;0;0;1;0;0;0;0;1;0;0;0;NA;NA;NA;0;0;0;0;1;NA;NA;1;NA;NA;NA;NA;NA;NA;NA;NA;NA;NA;NA;NA;NA;NA;NA;NA;NA;NA;NA;NA;NA;NA;NA;NA;NA;NA;0;0;NA;0;NA;NA;0;NA;NA;1;0;NA;NA;NA;NA;NA;0;NA;NA;NA;NA;NA;NA;NA;NA;NA;NA;NA;1;1;NA;NA;NA;NA;NA;NA;1;NA;NA;NA;NA;NA;NA;NA;NA;NA;NA;NA;NA;NA;NA;NA;NA;NA
rbbhf - hf_min;2244;0;0;NA;0;0;0;0;0;0;0;0;0;0;0;1;0;0;0;0;0;NA;NA;NA;0;0;0;0;0;0;0;1;NA;NA;1;NA;NA;NA;NA;NA;NA;NA;NA;NA;NA;NA;NA;NA;NA;NA;NA;NA;NA;NA;NA;NA;NA;NA;NA;NA;NA;0;0;NA;0;NA;NA;0;NA;NA;1;0;NA;NA;NA;NA;NA;0;NA;NA;NA;NA;NA;NA;NA;NA;NA;NA;NA;1;1;NA;NA;NA;NA;NA;NA;1;NA;NA;NA;NA;NA;NA;NA;NA;NA;NA;NA;NA;NA;NA;NA;NA;NA
rbbhf - hf_min;2245;0;1;0;0;0;0;0;0;0;0;0;0;0;0;1;0;0;0;0;0;NA;NA;NA;0;0;0;0;0;0;0;1;NA;NA;1;NA;NA;NA;NA;NA;NA;NA;NA;NA;NA;NA;NA;NA;NA;NA;NA;NA;NA;NA;NA;NA;NA;NA;NA;NA;NA;0;0;NA;0;NA;NA;0;NA;NA;1;0;NA;NA;NA;NA;NA;0;NA;NA;NA;NA;NA;NA;NA;NA;NA;NA;NA;1;1;NA;NA;NA;NA;NA;NA;1;NA;NA;NA;NA;NA;NA;NA;NA;NA;NA;NA;NA;NA;NA;NA;NA;NA
rbbhf - hf_min;2246;0;0;NA;0;0;0;0;0;0;0;0;0;0;0;0;NA;NA;NA;NA;NA;NA;NA;NA;NA;NA;NA;0;0;0;1;NA;NA;NA;1;NA;NA;NA;NA;NA;NA;0;0;NA;NA;NA;NA;NA;NA;0;1;NA;NA;NA;NA;NA;NA;NA;NA;NA;NA;0;0;NA;0;NA;NA;0;NA;NA;1;0;NA;NA;NA;NA;NA;0;NA;NA;NA;NA;NA;NA;NA;NA;NA;NA;NA;1;1;NA;NA;NA;NA;NA;NA;1;NA;NA;NA;NA;NA;NA;NA;NA;NA;NA;NA;NA;NA;NA;NA;NA;NA
rbbhf - hf_min;2247;0;1;0;0;0;0;0;0;0;0;0;0;0;0;0;NA;NA;NA;NA;NA;NA;NA;NA;NA;NA;NA;0;0;0;1;NA;NA;NA;1;NA;NA;NA;NA;NA;NA;0;0;NA;NA;NA;NA;NA;NA;0;1;NA;NA;NA;NA;NA;NA;NA;NA;NA;NA;0;0;NA;0;NA;NA;0;NA;NA;1;0;NA;NA;NA;NA;NA;0;NA;NA;NA;NA;NA;NA;NA;NA;NA;NA;NA;1;1;NA;NA;NA;NA;NA;NA;1;NA;NA;NA;NA;NA;NA;NA;NA;NA;NA;NA;NA;NA;NA;NA;NA;NA
rbbhf - hf_min;2248;0;0;NA;0;0;0;0;0;0;0;0;0;0;0;1;0;0;0;0;1;0;0;0;NA;NA;NA;0;0;0;1;NA;NA;NA;1;NA;NA;NA;NA;NA;NA;0;0;NA;NA;NA;NA;NA;NA;0;1;NA;NA;NA;NA;NA;NA;NA;NA;NA;NA;0;0;NA;0;NA;NA;0;NA;NA;1;0;NA;NA;NA;NA;NA;0;NA;NA;NA;NA;NA;NA;NA;NA;NA;NA;NA;1;1;NA;NA;NA;NA;NA;NA;1;NA;NA;NA;NA;NA;NA;NA;NA;NA;NA;NA;NA;NA;NA;NA;NA;NA
rbbhf - hf_min;2249;0;1;0;0;0;0;0;0;0;0;0;0;0;0;1;0;0;0;0;1;0;0;0;NA;NA;NA;0;0;0;1;NA;NA;NA;1;NA;NA;NA;NA;NA;NA;0;0;NA;NA;NA;NA;NA;NA;0;1;NA;NA;NA;NA;NA;NA;NA;NA;NA;NA;0;0;NA;0;NA;NA;0;NA;NA;1;0;NA;NA;NA;NA;NA;0;NA;NA;NA;NA;NA;NA;NA;NA;NA;NA;NA;1;1;NA;NA;NA;NA;NA;NA;1;NA;NA;NA;NA;NA;NA;NA;NA;NA;NA;NA;NA;NA;NA;NA;NA;NA
rbbhf - hf_min;2250;0;0;NA;0;0;0;0;0;0;0;0;0;0;0;1;0;0;0;0;0;NA;NA;NA;0;0;0;0;0;0;1;NA;NA;NA;1;NA;NA;NA;NA;NA;NA;0;0;NA;NA;NA;NA;NA;NA;0;1;NA;NA;NA;NA;NA;NA;NA;NA;NA;NA;0;0;NA;0;NA;NA;0;NA;NA;1;0;NA;NA;NA;NA;NA;0;NA;NA;NA;NA;NA;NA;NA;NA;NA;NA;NA;1;1;NA;NA;NA;NA;NA;NA;1;NA;NA;NA;NA;NA;NA;NA;NA;NA;NA;NA;NA;NA;NA;NA;NA;NA
rbbhf - hf_min;2251;0;1;0;0;0;0;0;0;0;0;0;0;0;0;1;0;0;0;0;0;NA;NA;NA;0;0;0;0;0;0;1;NA;NA;NA;1;NA;NA;NA;NA;NA;NA;0;0;NA;NA;NA;NA;NA;NA;0;1;NA;NA;NA;NA;NA;NA;NA;NA;NA;NA;0;0;NA;0;NA;NA;0;NA;NA;1;0;NA;NA;NA;NA;NA;0;NA;NA;NA;NA;NA;NA;NA;NA;NA;NA;NA;1;1;NA;NA;NA;NA;NA;NA;1;NA;NA;NA;NA;NA;NA;NA;NA;NA;NA;NA;NA;NA;NA;NA;NA;NA
rbbhf - hf_min;2252;0;0;NA;0;0;0;0;0;0;0;0;0;0;0;0;NA;NA;NA;NA;NA;NA;NA;NA;NA;NA;NA;0;0;0;1;NA;NA;NA;NA;NA;NA;NA;NA;NA;NA;0;0;NA;NA;NA;NA;NA;NA;0;0;1;NA;NA;NA;NA;NA;NA;NA;NA;NA;0;0;NA;0;NA;NA;0;NA;NA;1;0;NA;NA;NA;NA;NA;0;NA;NA;NA;NA;NA;NA;NA;NA;NA;NA;NA;1;1;NA;NA;NA;NA;NA;NA;1;NA;NA;NA;NA;NA;NA;NA;NA;NA;NA;NA;NA;NA;NA;NA;NA;NA
rbbhf - hf_min;2253;0;1;0;0;0;0;0;0;0;0;0;0;0;0;0;NA;NA;NA;NA;NA;NA;NA;NA;NA;NA;NA;0;0;0;1;NA;NA;NA;NA;NA;NA;NA;NA;NA;NA;0;0;NA;NA;NA;NA;NA;NA;0;0;1;NA;NA;NA;NA;NA;NA;NA;NA;NA;0;0;NA;0;NA;NA;0;NA;NA;1;0;NA;NA;NA;NA;NA;0;NA;NA;NA;NA;NA;NA;NA;NA;NA;NA;NA;1;1;NA;NA;NA;NA;NA;NA;1;NA;NA;NA;NA;NA;NA;NA;NA;NA;NA;NA;NA;NA;NA;NA;NA;NA
rbbhf - hf_min;2254;0;0;NA;0;0;0;0;0;0;0;0;0;0;0;1;0;0;0;0;1;0;0;0;NA;NA;NA;0;0;0;1;NA;NA;NA;NA;NA;NA;NA;NA;NA;NA;0;0;NA;NA;NA;NA;NA;NA;0;0;1;NA;NA;NA;NA;NA;NA;NA;NA;NA;0;0;NA;0;NA;NA;0;NA;NA;1;0;NA;NA;NA;NA;NA;0;NA;NA;NA;NA;NA;NA;NA;NA;NA;NA;NA;1;1;NA;NA;NA;NA;NA;NA;1;NA;NA;NA;NA;NA;NA;NA;NA;NA;NA;NA;NA;NA;NA;NA;NA;NA
rbbhf - hf_min;2255;0;1;0;0;0;0;0;0;0;0;0;0;0;0;1;0;0;0;0;1;0;0;0;NA;NA;NA;0;0;0;1;NA;NA;NA;NA;NA;NA;NA;NA;NA;NA;0;0;NA;NA;NA;NA;NA;NA;0;0;1;NA;NA;NA;NA;NA;NA;NA;NA;NA;0;0;NA;0;NA;NA;0;NA;NA;1;0;NA;NA;NA;NA;NA;0;NA;NA;NA;NA;NA;NA;NA;NA;NA;NA;NA;1;1;NA;NA;NA;NA;NA;NA;1;NA;NA;NA;NA;NA;NA;NA;NA;NA;NA;NA;NA;NA;NA;NA;NA;NA
rbbhf - hf_min;2256;0;0;NA;0;0;0;0;0;0;0;0;0;0;0;1;0;0;0;0;0;NA;NA;NA;0;0;0;0;0;0;1;NA;NA;NA;NA;NA;NA;NA;NA;NA;NA;0;0;NA;NA;NA;NA;NA;NA;0;0;1;NA;NA;NA;NA;NA;NA;NA;NA;NA;0;0;NA;0;NA;NA;0;NA;NA;1;0;NA;NA;NA;NA;NA;0;NA;NA;NA;NA;NA;NA;NA;NA;NA;NA;NA;1;1;NA;NA;NA;NA;NA;NA;1;NA;NA;NA;NA;NA;NA;NA;NA;NA;NA;NA;NA;NA;NA;NA;NA;NA
rbbhf - hf_min;2257;0;1;0;0;0;0;0;0;0;0;0;0;0;0;1;0;0;0;0;0;NA;NA;NA;0;0;0;0;0;0;1;NA;NA;NA;NA;NA;NA;NA;NA;NA;NA;0;0;NA;NA;NA;NA;NA;NA;0;0;1;NA;NA;NA;NA;NA;NA;NA;NA;NA;0;0;NA;0;NA;NA;0;NA;NA;1;0;NA;NA;NA;NA;NA;0;NA;NA;NA;NA;NA;NA;NA;NA;NA;NA;NA;1;1;NA;NA;NA;NA;NA;NA;1;NA;NA;NA;NA;NA;NA;NA;NA;NA;NA;NA;NA;NA;NA;NA;NA;NA
rbbhf - hf_min;2258;0;0;NA;0;0;0;0;0;0;0;0;0;0;0;0;NA;NA;NA;NA;NA;NA;NA;NA;NA;NA;NA;0;0;0;0;NA;1;NA;NA;NA;NA;NA;NA;NA;NA;NA;NA;NA;NA;NA;NA;NA;NA;NA;NA;NA;NA;NA;NA;NA;NA;NA;NA;NA;NA;0;0;NA;0;NA;NA;0;NA;NA;0;NA;NA;NA;NA;NA;NA;1;0;NA;NA;NA;NA;NA;NA;NA;NA;NA;NA;1;1;NA;NA;NA;NA;NA;NA;1;NA;NA;NA;NA;NA;NA;NA;NA;NA;NA;NA;NA;NA;NA;NA;NA;NA
rbbhf - hf_min;2259;0;1;0;0;0;0;0;0;0;0;0;0;0;0;0;NA;NA;NA;NA;NA;NA;NA;NA;NA;NA;NA;0;0;0;0;NA;1;NA;NA;NA;NA;NA;NA;NA;NA;NA;NA;NA;NA;NA;NA;NA;NA;NA;NA;NA;NA;NA;NA;NA;NA;NA;NA;NA;NA;0;0;NA;0;NA;NA;0;NA;NA;0;NA;NA;NA;NA;NA;NA;1;0;NA;NA;NA;NA;NA;NA;NA;NA;NA;NA;1;1;NA;NA;NA;NA;NA;NA;1;NA;NA;NA;NA;NA;NA;NA;NA;NA;NA;NA;NA;NA;NA;NA;NA;NA
rbbhf - hf_min;2260;0;0;NA;0;0;0;0;0;0;0;0;0;0;0;1;0;0;0;0;1;0;0;0;NA;NA;NA;0;0;0;0;NA;1;NA;NA;NA;NA;NA;NA;NA;NA;NA;NA;NA;NA;NA;NA;NA;NA;NA;NA;NA;NA;NA;NA;NA;NA;NA;NA;NA;NA;0;0;NA;0;NA;NA;0;NA;NA;0;NA;NA;NA;NA;NA;NA;1;0;NA;NA;NA;NA;NA;NA;NA;NA;NA;NA;1;1;NA;NA;NA;NA;NA;NA;1;NA;NA;NA;NA;NA;NA;NA;NA;NA;NA;NA;NA;NA;NA;NA;NA;NA
rbbhf - hf_min;2261;0;1;0;0;0;0;0;0;0;0;0;0;0;0;1;0;0;0;0;1;0;0;0;NA;NA;NA;0;0;0;0;NA;1;NA;NA;NA;NA;NA;NA;NA;NA;NA;NA;NA;NA;NA;NA;NA;NA;NA;NA;NA;NA;NA;NA;NA;NA;NA;NA;NA;NA;0;0;NA;0;NA;NA;0;NA;NA;0;NA;NA;NA;NA;NA;NA;1;0;NA;NA;NA;NA;NA;NA;NA;NA;NA;NA;1;1;NA;NA;NA;NA;NA;NA;1;NA;NA;NA;NA;NA;NA;NA;NA;NA;NA;NA;NA;NA;NA;NA;NA;NA
rbbhf - hf_min;2262;0;0;NA;0;0;0;0;0;0;0;0;0;0;0;1;0;0;0;0;0;NA;NA;NA;0;0;0;0;0;0;0;NA;1;NA;NA;NA;NA;NA;NA;NA;NA;NA;NA;NA;NA;NA;NA;NA;NA;NA;NA;NA;NA;NA;NA;NA;NA;NA;NA;NA;NA;0;0;NA;0;NA;NA;0;NA;NA;0;NA;NA;NA;NA;NA;NA;1;0;NA;NA;NA;NA;NA;NA;NA;NA;NA;NA;1;1;NA;NA;NA;NA;NA;NA;1;NA;NA;NA;NA;NA;NA;NA;NA;NA;NA;NA;NA;NA;NA;NA;NA;NA
rbbhf - hf_min;2263;0;1;0;0;0;0;0;0;0;0;0;0;0;0;1;0;0;0;0;0;NA;NA;NA;0;0;0;0;0;0;0;NA;1;NA;NA;NA;NA;NA;NA;NA;NA;NA;NA;NA;NA;NA;NA;NA;NA;NA;NA;NA;NA;NA;NA;NA;NA;NA;NA;NA;NA;0;0;NA;0;NA;NA;0;NA;NA;0;NA;NA;NA;NA;NA;NA;1;0;NA;NA;NA;NA;NA;NA;NA;NA;NA;NA;1;1;NA;NA;NA;NA;NA;NA;1;NA;NA;NA;NA;NA;NA;NA;NA;NA;NA;NA;NA;NA;NA;NA;NA;NA
rbbhf - hf_min;2264;0;0;NA;0;0;0;0;0;0;0;0;0;0;0;0;NA;NA;NA;NA;NA;NA;NA;NA;NA;NA;NA;0;0;0;0;1;NA;NA;1;NA;NA;NA;NA;NA;NA;NA;NA;NA;NA;NA;NA;NA;NA;NA;NA;NA;NA;NA;NA;NA;NA;NA;NA;NA;NA;0;0;NA;0;NA;NA;0;NA;NA;0;NA;NA;NA;NA;NA;NA;1;0;NA;NA;NA;NA;NA;NA;NA;NA;NA;NA;1;1;NA;NA;NA;NA;NA;NA;1;NA;NA;NA;NA;NA;NA;NA;NA;NA;NA;NA;NA;NA;NA;NA;NA;NA
rbbhf - hf_min;2265;0;1;0;0;0;0;0;0;0;0;0;0;0;0;0;NA;NA;NA;NA;NA;NA;NA;NA;NA;NA;NA;0;0;0;0;1;NA;NA;1;NA;NA;NA;NA;NA;NA;NA;NA;NA;NA;NA;NA;NA;NA;NA;NA;NA;NA;NA;NA;NA;NA;NA;NA;NA;NA;0;0;NA;0;NA;NA;0;NA;NA;0;NA;NA;NA;NA;NA;NA;1;0;NA;NA;NA;NA;NA;NA;NA;NA;NA;NA;1;1;NA;NA;NA;NA;NA;NA;1;NA;NA;NA;NA;NA;NA;NA;NA;NA;NA;NA;NA;NA;NA;NA;NA;NA
rbbhf - hf_min;2266;0;0;NA;0;0;0;0;0;0;0;0;0;0;0;1;0;0;0;0;1;0;0;0;NA;NA;NA;0;0;0;0;1;NA;NA;1;NA;NA;NA;NA;NA;NA;NA;NA;NA;NA;NA;NA;NA;NA;NA;NA;NA;NA;NA;NA;NA;NA;NA;NA;NA;NA;0;0;NA;0;NA;NA;0;NA;NA;0;NA;NA;NA;NA;NA;NA;1;0;NA;NA;NA;NA;NA;NA;NA;NA;NA;NA;1;1;NA;NA;NA;NA;NA;NA;1;NA;NA;NA;NA;NA;NA;NA;NA;NA;NA;NA;NA;NA;NA;NA;NA;NA
rbbhf - hf_min;2267;0;1;0;0;0;0;0;0;0;0;0;0;0;0;1;0;0;0;0;1;0;0;0;NA;NA;NA;0;0;0;0;1;NA;NA;1;NA;NA;NA;NA;NA;NA;NA;NA;NA;NA;NA;NA;NA;NA;NA;NA;NA;NA;NA;NA;NA;NA;NA;NA;NA;NA;0;0;NA;0;NA;NA;0;NA;NA;0;NA;NA;NA;NA;NA;NA;1;0;NA;NA;NA;NA;NA;NA;NA;NA;NA;NA;1;1;NA;NA;NA;NA;NA;NA;1;NA;NA;NA;NA;NA;NA;NA;NA;NA;NA;NA;NA;NA;NA;NA;NA;NA
rbbhf - hf_min;2268;0;0;NA;0;0;0;0;0;0;0;0;0;0;0;1;0;0;0;0;0;NA;NA;NA;0;0;0;0;0;0;0;1;NA;NA;1;NA;NA;NA;NA;NA;NA;NA;NA;NA;NA;NA;NA;NA;NA;NA;NA;NA;NA;NA;NA;NA;NA;NA;NA;NA;NA;0;0;NA;0;NA;NA;0;NA;NA;0;NA;NA;NA;NA;NA;NA;1;0;NA;NA;NA;NA;NA;NA;NA;NA;NA;NA;1;1;NA;NA;NA;NA;NA;NA;1;NA;NA;NA;NA;NA;NA;NA;NA;NA;NA;NA;NA;NA;NA;NA;NA;NA
rbbhf - hf_min;2269;0;1;0;0;0;0;0;0;0;0;0;0;0;0;1;0;0;0;0;0;NA;NA;NA;0;0;0;0;0;0;0;1;NA;NA;1;NA;NA;NA;NA;NA;NA;NA;NA;NA;NA;NA;NA;NA;NA;NA;NA;NA;NA;NA;NA;NA;NA;NA;NA;NA;NA;0;0;NA;0;NA;NA;0;NA;NA;0;NA;NA;NA;NA;NA;NA;1;0;NA;NA;NA;NA;NA;NA;NA;NA;NA;NA;1;1;NA;NA;NA;NA;NA;NA;1;NA;NA;NA;NA;NA;NA;NA;NA;NA;NA;NA;NA;NA;NA;NA;NA;NA
rbbhf - hf_min;2270;0;0;NA;0;0;0;0;0;0;0;0;0;0;0;0;NA;NA;NA;NA;NA;NA;NA;NA;NA;NA;NA;0;0;0;1;NA;NA;NA;1;NA;NA;NA;NA;NA;NA;0;0;NA;NA;NA;NA;NA;NA;0;1;NA;NA;NA;NA;NA;NA;NA;NA;NA;NA;0;0;NA;0;NA;NA;0;NA;NA;0;NA;NA;NA;NA;NA;NA;1;0;NA;NA;NA;NA;NA;NA;NA;NA;NA;NA;1;1;NA;NA;NA;NA;NA;NA;1;NA;NA;NA;NA;NA;NA;NA;NA;NA;NA;NA;NA;NA;NA;NA;NA;NA
rbbhf - hf_min;2271;0;1;0;0;0;0;0;0;0;0;0;0;0;0;0;NA;NA;NA;NA;NA;NA;NA;NA;NA;NA;NA;0;0;0;1;NA;NA;NA;1;NA;NA;NA;NA;NA;NA;0;0;NA;NA;NA;NA;NA;NA;0;1;NA;NA;NA;NA;NA;NA;NA;NA;NA;NA;0;0;NA;0;NA;NA;0;NA;NA;0;NA;NA;NA;NA;NA;NA;1;0;NA;NA;NA;NA;NA;NA;NA;NA;NA;NA;1;1;NA;NA;NA;NA;NA;NA;1;NA;NA;NA;NA;NA;NA;NA;NA;NA;NA;NA;NA;NA;NA;NA;NA;NA
rbbhf - hf_min;2272;0;0;NA;0;0;0;0;0;0;0;0;0;0;0;1;0;0;0;0;1;0;0;0;NA;NA;NA;0;0;0;1;NA;NA;NA;1;NA;NA;NA;NA;NA;NA;0;0;NA;NA;NA;NA;NA;NA;0;1;NA;NA;NA;NA;NA;NA;NA;NA;NA;NA;0;0;NA;0;NA;NA;0;NA;NA;0;NA;NA;NA;NA;NA;NA;1;0;NA;NA;NA;NA;NA;NA;NA;NA;NA;NA;1;1;NA;NA;NA;NA;NA;NA;1;NA;NA;NA;NA;NA;NA;NA;NA;NA;NA;NA;NA;NA;NA;NA;NA;NA
rbbhf - hf_min;2273;0;1;0;0;0;0;0;0;0;0;0;0;0;0;1;0;0;0;0;1;0;0;0;NA;NA;NA;0;0;0;1;NA;NA;NA;1;NA;NA;NA;NA;NA;NA;0;0;NA;NA;NA;NA;NA;NA;0;1;NA;NA;NA;NA;NA;NA;NA;NA;NA;NA;0;0;NA;0;NA;NA;0;NA;NA;0;NA;NA;NA;NA;NA;NA;1;0;NA;NA;NA;NA;NA;NA;NA;NA;NA;NA;1;1;NA;NA;NA;NA;NA;NA;1;NA;NA;NA;NA;NA;NA;NA;NA;NA;NA;NA;NA;NA;NA;NA;NA;NA
rbbhf - hf_min;2274;0;0;NA;0;0;0;0;0;0;0;0;0;0;0;1;0;0;0;0;0;NA;NA;NA;0;0;0;0;0;0;1;NA;NA;NA;1;NA;NA;NA;NA;NA;NA;0;0;NA;NA;NA;NA;NA;NA;0;1;NA;NA;NA;NA;NA;NA;NA;NA;NA;NA;0;0;NA;0;NA;NA;0;NA;NA;0;NA;NA;NA;NA;NA;NA;1;0;NA;NA;NA;NA;NA;NA;NA;NA;NA;NA;1;1;NA;NA;NA;NA;NA;NA;1;NA;NA;NA;NA;NA;NA;NA;NA;NA;NA;NA;NA;NA;NA;NA;NA;NA
rbbhf - hf_min;2275;0;1;0;0;0;0;0;0;0;0;0;0;0;0;1;0;0;0;0;0;NA;NA;NA;0;0;0;0;0;0;1;NA;NA;NA;1;NA;NA;NA;NA;NA;NA;0;0;NA;NA;NA;NA;NA;NA;0;1;NA;NA;NA;NA;NA;NA;NA;NA;NA;NA;0;0;NA;0;NA;NA;0;NA;NA;0;NA;NA;NA;NA;NA;NA;1;0;NA;NA;NA;NA;NA;NA;NA;NA;NA;NA;1;1;NA;NA;NA;NA;NA;NA;1;NA;NA;NA;NA;NA;NA;NA;NA;NA;NA;NA;NA;NA;NA;NA;NA;NA
rbbhf - hf_min;2276;0;0;NA;0;0;0;0;0;0;0;0;0;0;0;0;NA;NA;NA;NA;NA;NA;NA;NA;NA;NA;NA;0;0;0;1;NA;NA;NA;NA;NA;NA;NA;NA;NA;NA;0;0;NA;NA;NA;NA;NA;NA;0;0;1;NA;NA;NA;NA;NA;NA;NA;NA;NA;0;0;NA;0;NA;NA;0;NA;NA;0;NA;NA;NA;NA;NA;NA;1;0;NA;NA;NA;NA;NA;NA;NA;NA;NA;NA;1;1;NA;NA;NA;NA;NA;NA;1;NA;NA;NA;NA;NA;NA;NA;NA;NA;NA;NA;NA;NA;NA;NA;NA;NA
rbbhf - hf_min;2277;0;1;0;0;0;0;0;0;0;0;0;0;0;0;0;NA;NA;NA;NA;NA;NA;NA;NA;NA;NA;NA;0;0;0;1;NA;NA;NA;NA;NA;NA;NA;NA;NA;NA;0;0;NA;NA;NA;NA;NA;NA;0;0;1;NA;NA;NA;NA;NA;NA;NA;NA;NA;0;0;NA;0;NA;NA;0;NA;NA;0;NA;NA;NA;NA;NA;NA;1;0;NA;NA;NA;NA;NA;NA;NA;NA;NA;NA;1;1;NA;NA;NA;NA;NA;NA;1;NA;NA;NA;NA;NA;NA;NA;NA;NA;NA;NA;NA;NA;NA;NA;NA;NA
rbbhf - hf_min;2278;0;0;NA;0;0;0;0;0;0;0;0;0;0;0;1;0;0;0;0;1;0;0;0;NA;NA;NA;0;0;0;1;NA;NA;NA;NA;NA;NA;NA;NA;NA;NA;0;0;NA;NA;NA;NA;NA;NA;0;0;1;NA;NA;NA;NA;NA;NA;NA;NA;NA;0;0;NA;0;NA;NA;0;NA;NA;0;NA;NA;NA;NA;NA;NA;1;0;NA;NA;NA;NA;NA;NA;NA;NA;NA;NA;1;1;NA;NA;NA;NA;NA;NA;1;NA;NA;NA;NA;NA;NA;NA;NA;NA;NA;NA;NA;NA;NA;NA;NA;NA
rbbhf - hf_min;2279;0;1;0;0;0;0;0;0;0;0;0;0;0;0;1;0;0;0;0;1;0;0;0;NA;NA;NA;0;0;0;1;NA;NA;NA;NA;NA;NA;NA;NA;NA;NA;0;0;NA;NA;NA;NA;NA;NA;0;0;1;NA;NA;NA;NA;NA;NA;NA;NA;NA;0;0;NA;0;NA;NA;0;NA;NA;0;NA;NA;NA;NA;NA;NA;1;0;NA;NA;NA;NA;NA;NA;NA;NA;NA;NA;1;1;NA;NA;NA;NA;NA;NA;1;NA;NA;NA;NA;NA;NA;NA;NA;NA;NA;NA;NA;NA;NA;NA;NA;NA
rbbhf - hf_min;2280;0;0;NA;0;0;0;0;0;0;0;0;0;0;0;1;0;0;0;0;0;NA;NA;NA;0;0;0;0;0;0;1;NA;NA;NA;NA;NA;NA;NA;NA;NA;NA;0;0;NA;NA;NA;NA;NA;NA;0;0;1;NA;NA;NA;NA;NA;NA;NA;NA;NA;0;0;NA;0;NA;NA;0;NA;NA;0;NA;NA;NA;NA;NA;NA;1;0;NA;NA;NA;NA;NA;NA;NA;NA;NA;NA;1;1;NA;NA;NA;NA;NA;NA;1;NA;NA;NA;NA;NA;NA;NA;NA;NA;NA;NA;NA;NA;NA;NA;NA;NA
rbbhf - hf_min;2281;0;1;0;0;0;0;0;0;0;0;0;0;0;0;1;0;0;0;0;0;NA;NA;NA;0;0;0;0;0;0;1;NA;NA;NA;NA;NA;NA;NA;NA;NA;NA;0;0;NA;NA;NA;NA;NA;NA;0;0;1;NA;NA;NA;NA;NA;NA;NA;NA;NA;0;0;NA;0;NA;NA;0;NA;NA;0;NA;NA;NA;NA;NA;NA;1;0;NA;NA;NA;NA;NA;NA;NA;NA;NA;NA;1;1;NA;NA;NA;NA;NA;NA;1;NA;NA;NA;NA;NA;NA;NA;NA;NA;NA;NA;NA;NA;NA;NA;NA;NA
rbbhf - hf_min;2282;0;0;NA;0;0;0;0;0;0;0;0;0;0;0;0;NA;NA;NA;NA;NA;NA;NA;NA;NA;NA;NA;0;0;0;0;NA;1;NA;NA;NA;NA;NA;NA;NA;NA;NA;NA;NA;NA;NA;NA;NA;NA;NA;NA;NA;NA;NA;NA;NA;NA;NA;NA;NA;NA;0;0;NA;0;NA;NA;0;NA;NA;1;0;NA;NA;NA;NA;NA;1;0;NA;NA;NA;NA;NA;NA;NA;NA;NA;NA;1;1;NA;NA;NA;NA;NA;NA;1;NA;NA;NA;NA;NA;NA;NA;NA;NA;NA;NA;NA;NA;NA;NA;NA;NA
rbbhf - hf_min;2283;0;1;0;0;0;0;0;0;0;0;0;0;0;0;0;NA;NA;NA;NA;NA;NA;NA;NA;NA;NA;NA;0;0;0;0;NA;1;NA;NA;NA;NA;NA;NA;NA;NA;NA;NA;NA;NA;NA;NA;NA;NA;NA;NA;NA;NA;NA;NA;NA;NA;NA;NA;NA;NA;0;0;NA;0;NA;NA;0;NA;NA;1;0;NA;NA;NA;NA;NA;1;0;NA;NA;NA;NA;NA;NA;NA;NA;NA;NA;1;1;NA;NA;NA;NA;NA;NA;1;NA;NA;NA;NA;NA;NA;NA;NA;NA;NA;NA;NA;NA;NA;NA;NA;NA
rbbhf - hf_min;2284;0;0;NA;0;0;0;0;0;0;0;0;0;0;0;1;0;0;0;0;1;0;0;0;NA;NA;NA;0;0;0;0;NA;1;NA;NA;NA;NA;NA;NA;NA;NA;NA;NA;NA;NA;NA;NA;NA;NA;NA;NA;NA;NA;NA;NA;NA;NA;NA;NA;NA;NA;0;0;NA;0;NA;NA;0;NA;NA;1;0;NA;NA;NA;NA;NA;1;0;NA;NA;NA;NA;NA;NA;NA;NA;NA;NA;1;1;NA;NA;NA;NA;NA;NA;1;NA;NA;NA;NA;NA;NA;NA;NA;NA;NA;NA;NA;NA;NA;NA;NA;NA
rbbhf - hf_min;2285;0;1;0;0;0;0;0;0;0;0;0;0;0;0;1;0;0;0;0;1;0;0;0;NA;NA;NA;0;0;0;0;NA;1;NA;NA;NA;NA;NA;NA;NA;NA;NA;NA;NA;NA;NA;NA;NA;NA;NA;NA;NA;NA;NA;NA;NA;NA;NA;NA;NA;NA;0;0;NA;0;NA;NA;0;NA;NA;1;0;NA;NA;NA;NA;NA;1;0;NA;NA;NA;NA;NA;NA;NA;NA;NA;NA;1;1;NA;NA;NA;NA;NA;NA;1;NA;NA;NA;NA;NA;NA;NA;NA;NA;NA;NA;NA;NA;NA;NA;NA;NA
rbbhf - hf_min;2286;0;0;NA;0;0;0;0;0;0;0;0;0;0;0;1;0;0;0;0;0;NA;NA;NA;0;0;0;0;0;0;0;NA;1;NA;NA;NA;NA;NA;NA;NA;NA;NA;NA;NA;NA;NA;NA;NA;NA;NA;NA;NA;NA;NA;NA;NA;NA;NA;NA;NA;NA;0;0;NA;0;NA;NA;0;NA;NA;1;0;NA;NA;NA;NA;NA;1;0;NA;NA;NA;NA;NA;NA;NA;NA;NA;NA;1;1;NA;NA;NA;NA;NA;NA;1;NA;NA;NA;NA;NA;NA;NA;NA;NA;NA;NA;NA;NA;NA;NA;NA;NA
rbbhf - hf_min;2287;0;1;0;0;0;0;0;0;0;0;0;0;0;0;1;0;0;0;0;0;NA;NA;NA;0;0;0;0;0;0;0;NA;1;NA;NA;NA;NA;NA;NA;NA;NA;NA;NA;NA;NA;NA;NA;NA;NA;NA;NA;NA;NA;NA;NA;NA;NA;NA;NA;NA;NA;0;0;NA;0;NA;NA;0;NA;NA;1;0;NA;NA;NA;NA;NA;1;0;NA;NA;NA;NA;NA;NA;NA;NA;NA;NA;1;1;NA;NA;NA;NA;NA;NA;1;NA;NA;NA;NA;NA;NA;NA;NA;NA;NA;NA;NA;NA;NA;NA;NA;NA
rbbhf - hf_min;2288;0;0;NA;0;0;0;0;0;0;0;0;0;0;0;0;NA;NA;NA;NA;NA;NA;NA;NA;NA;NA;NA;0;0;0;0;1;NA;NA;1;NA;NA;NA;NA;NA;NA;NA;NA;NA;NA;NA;NA;NA;NA;NA;NA;NA;NA;NA;NA;NA;NA;NA;NA;NA;NA;0;0;NA;0;NA;NA;0;NA;NA;1;0;NA;NA;NA;NA;NA;1;0;NA;NA;NA;NA;NA;NA;NA;NA;NA;NA;1;1;NA;NA;NA;NA;NA;NA;1;NA;NA;NA;NA;NA;NA;NA;NA;NA;NA;NA;NA;NA;NA;NA;NA;NA
rbbhf - hf_min;2289;0;1;0;0;0;0;0;0;0;0;0;0;0;0;0;NA;NA;NA;NA;NA;NA;NA;NA;NA;NA;NA;0;0;0;0;1;NA;NA;1;NA;NA;NA;NA;NA;NA;NA;NA;NA;NA;NA;NA;NA;NA;NA;NA;NA;NA;NA;NA;NA;NA;NA;NA;NA;NA;0;0;NA;0;NA;NA;0;NA;NA;1;0;NA;NA;NA;NA;NA;1;0;NA;NA;NA;NA;NA;NA;NA;NA;NA;NA;1;1;NA;NA;NA;NA;NA;NA;1;NA;NA;NA;NA;NA;NA;NA;NA;NA;NA;NA;NA;NA;NA;NA;NA;NA
rbbhf - hf_min;2290;0;0;NA;0;0;0;0;0;0;0;0;0;0;0;1;0;0;0;0;1;0;0;0;NA;NA;NA;0;0;0;0;1;NA;NA;1;NA;NA;NA;NA;NA;NA;NA;NA;NA;NA;NA;NA;NA;NA;NA;NA;NA;NA;NA;NA;NA;NA;NA;NA;NA;NA;0;0;NA;0;NA;NA;0;NA;NA;1;0;NA;NA;NA;NA;NA;1;0;NA;NA;NA;NA;NA;NA;NA;NA;NA;NA;1;1;NA;NA;NA;NA;NA;NA;1;NA;NA;NA;NA;NA;NA;NA;NA;NA;NA;NA;NA;NA;NA;NA;NA;NA
rbbhf - hf_min;2291;0;1;0;0;0;0;0;0;0;0;0;0;0;0;1;0;0;0;0;1;0;0;0;NA;NA;NA;0;0;0;0;1;NA;NA;1;NA;NA;NA;NA;NA;NA;NA;NA;NA;NA;NA;NA;NA;NA;NA;NA;NA;NA;NA;NA;NA;NA;NA;NA;NA;NA;0;0;NA;0;NA;NA;0;NA;NA;1;0;NA;NA;NA;NA;NA;1;0;NA;NA;NA;NA;NA;NA;NA;NA;NA;NA;1;1;NA;NA;NA;NA;NA;NA;1;NA;NA;NA;NA;NA;NA;NA;NA;NA;NA;NA;NA;NA;NA;NA;NA;NA
rbbhf - hf_min;2292;0;0;NA;0;0;0;0;0;0;0;0;0;0;0;1;0;0;0;0;0;NA;NA;NA;0;0;0;0;0;0;0;1;NA;NA;1;NA;NA;NA;NA;NA;NA;NA;NA;NA;NA;NA;NA;NA;NA;NA;NA;NA;NA;NA;NA;NA;NA;NA;NA;NA;NA;0;0;NA;0;NA;NA;0;NA;NA;1;0;NA;NA;NA;NA;NA;1;0;NA;NA;NA;NA;NA;NA;NA;NA;NA;NA;1;1;NA;NA;NA;NA;NA;NA;1;NA;NA;NA;NA;NA;NA;NA;NA;NA;NA;NA;NA;NA;NA;NA;NA;NA
rbbhf - hf_min;2293;0;1;0;0;0;0;0;0;0;0;0;0;0;0;1;0;0;0;0;0;NA;NA;NA;0;0;0;0;0;0;0;1;NA;NA;1;NA;NA;NA;NA;NA;NA;NA;NA;NA;NA;NA;NA;NA;NA;NA;NA;NA;NA;NA;NA;NA;NA;NA;NA;NA;NA;0;0;NA;0;NA;NA;0;NA;NA;1;0;NA;NA;NA;NA;NA;1;0;NA;NA;NA;NA;NA;NA;NA;NA;NA;NA;1;1;NA;NA;NA;NA;NA;NA;1;NA;NA;NA;NA;NA;NA;NA;NA;NA;NA;NA;NA;NA;NA;NA;NA;NA
rbbhf - hf_min;2294;0;0;NA;0;0;0;0;0;0;0;0;0;0;0;0;NA;NA;NA;NA;NA;NA;NA;NA;NA;NA;NA;0;0;0;1;NA;NA;NA;1;NA;NA;NA;NA;NA;NA;0;0;NA;NA;NA;NA;NA;NA;0;1;NA;NA;NA;NA;NA;NA;NA;NA;NA;NA;0;0;NA;0;NA;NA;0;NA;NA;1;0;NA;NA;NA;NA;NA;1;0;NA;NA;NA;NA;NA;NA;NA;NA;NA;NA;1;1;NA;NA;NA;NA;NA;NA;1;NA;NA;NA;NA;NA;NA;NA;NA;NA;NA;NA;NA;NA;NA;NA;NA;NA
rbbhf - hf_min;2295;0;1;0;0;0;0;0;0;0;0;0;0;0;0;0;NA;NA;NA;NA;NA;NA;NA;NA;NA;NA;NA;0;0;0;1;NA;NA;NA;1;NA;NA;NA;NA;NA;NA;0;0;NA;NA;NA;NA;NA;NA;0;1;NA;NA;NA;NA;NA;NA;NA;NA;NA;NA;0;0;NA;0;NA;NA;0;NA;NA;1;0;NA;NA;NA;NA;NA;1;0;NA;NA;NA;NA;NA;NA;NA;NA;NA;NA;1;1;NA;NA;NA;NA;NA;NA;1;NA;NA;NA;NA;NA;NA;NA;NA;NA;NA;NA;NA;NA;NA;NA;NA;NA
rbbhf - hf_min;2296;0;0;NA;0;0;0;0;0;0;0;0;0;0;0;1;0;0;0;0;1;0;0;0;NA;NA;NA;0;0;0;1;NA;NA;NA;1;NA;NA;NA;NA;NA;NA;0;0;NA;NA;NA;NA;NA;NA;0;1;NA;NA;NA;NA;NA;NA;NA;NA;NA;NA;0;0;NA;0;NA;NA;0;NA;NA;1;0;NA;NA;NA;NA;NA;1;0;NA;NA;NA;NA;NA;NA;NA;NA;NA;NA;1;1;NA;NA;NA;NA;NA;NA;1;NA;NA;NA;NA;NA;NA;NA;NA;NA;NA;NA;NA;NA;NA;NA;NA;NA
rbbhf - hf_min;2297;0;1;0;0;0;0;0;0;0;0;0;0;0;0;1;0;0;0;0;1;0;0;0;NA;NA;NA;0;0;0;1;NA;NA;NA;1;NA;NA;NA;NA;NA;NA;0;0;NA;NA;NA;NA;NA;NA;0;1;NA;NA;NA;NA;NA;NA;NA;NA;NA;NA;0;0;NA;0;NA;NA;0;NA;NA;1;0;NA;NA;NA;NA;NA;1;0;NA;NA;NA;NA;NA;NA;NA;NA;NA;NA;1;1;NA;NA;NA;NA;NA;NA;1;NA;NA;NA;NA;NA;NA;NA;NA;NA;NA;NA;NA;NA;NA;NA;NA;NA
rbbhf - hf_min;2298;0;0;NA;0;0;0;0;0;0;0;0;0;0;0;1;0;0;0;0;0;NA;NA;NA;0;0;0;0;0;0;1;NA;NA;NA;1;NA;NA;NA;NA;NA;NA;0;0;NA;NA;NA;NA;NA;NA;0;1;NA;NA;NA;NA;NA;NA;NA;NA;NA;NA;0;0;NA;0;NA;NA;0;NA;NA;1;0;NA;NA;NA;NA;NA;1;0;NA;NA;NA;NA;NA;NA;NA;NA;NA;NA;1;1;NA;NA;NA;NA;NA;NA;1;NA;NA;NA;NA;NA;NA;NA;NA;NA;NA;NA;NA;NA;NA;NA;NA;NA
rbbhf - hf_min;2299;0;1;0;0;0;0;0;0;0;0;0;0;0;0;1;0;0;0;0;0;NA;NA;NA;0;0;0;0;0;0;1;NA;NA;NA;1;NA;NA;NA;NA;NA;NA;0;0;NA;NA;NA;NA;NA;NA;0;1;NA;NA;NA;NA;NA;NA;NA;NA;NA;NA;0;0;NA;0;NA;NA;0;NA;NA;1;0;NA;NA;NA;NA;NA;1;0;NA;NA;NA;NA;NA;NA;NA;NA;NA;NA;1;1;NA;NA;NA;NA;NA;NA;1;NA;NA;NA;NA;NA;NA;NA;NA;NA;NA;NA;NA;NA;NA;NA;NA;NA
rbbhf - hf_min;2300;0;0;NA;0;0;0;0;0;0;0;0;0;0;0;0;NA;NA;NA;NA;NA;NA;NA;NA;NA;NA;NA;0;0;0;1;NA;NA;NA;NA;NA;NA;NA;NA;NA;NA;0;0;NA;NA;NA;NA;NA;NA;0;0;1;NA;NA;NA;NA;NA;NA;NA;NA;NA;0;0;NA;0;NA;NA;0;NA;NA;1;0;NA;NA;NA;NA;NA;1;0;NA;NA;NA;NA;NA;NA;NA;NA;NA;NA;1;1;NA;NA;NA;NA;NA;NA;1;NA;NA;NA;NA;NA;NA;NA;NA;NA;NA;NA;NA;NA;NA;NA;NA;NA
rbbhf - hf_min;2301;0;1;0;0;0;0;0;0;0;0;0;0;0;0;0;NA;NA;NA;NA;NA;NA;NA;NA;NA;NA;NA;0;0;0;1;NA;NA;NA;NA;NA;NA;NA;NA;NA;NA;0;0;NA;NA;NA;NA;NA;NA;0;0;1;NA;NA;NA;NA;NA;NA;NA;NA;NA;0;0;NA;0;NA;NA;0;NA;NA;1;0;NA;NA;NA;NA;NA;1;0;NA;NA;NA;NA;NA;NA;NA;NA;NA;NA;1;1;NA;NA;NA;NA;NA;NA;1;NA;NA;NA;NA;NA;NA;NA;NA;NA;NA;NA;NA;NA;NA;NA;NA;NA
rbbhf - hf_min;2302;0;0;NA;0;0;0;0;0;0;0;0;0;0;0;1;0;0;0;0;1;0;0;0;NA;NA;NA;0;0;0;1;NA;NA;NA;NA;NA;NA;NA;NA;NA;NA;0;0;NA;NA;NA;NA;NA;NA;0;0;1;NA;NA;NA;NA;NA;NA;NA;NA;NA;0;0;NA;0;NA;NA;0;NA;NA;1;0;NA;NA;NA;NA;NA;1;0;NA;NA;NA;NA;NA;NA;NA;NA;NA;NA;1;1;NA;NA;NA;NA;NA;NA;1;NA;NA;NA;NA;NA;NA;NA;NA;NA;NA;NA;NA;NA;NA;NA;NA;NA
rbbhf - hf_min;2303;0;1;0;0;0;0;0;0;0;0;0;0;0;0;1;0;0;0;0;1;0;0;0;NA;NA;NA;0;0;0;1;NA;NA;NA;NA;NA;NA;NA;NA;NA;NA;0;0;NA;NA;NA;NA;NA;NA;0;0;1;NA;NA;NA;NA;NA;NA;NA;NA;NA;0;0;NA;0;NA;NA;0;NA;NA;1;0;NA;NA;NA;NA;NA;1;0;NA;NA;NA;NA;NA;NA;NA;NA;NA;NA;1;1;NA;NA;NA;NA;NA;NA;1;NA;NA;NA;NA;NA;NA;NA;NA;NA;NA;NA;NA;NA;NA;NA;NA;NA
rbbhf - hf_min;2304;0;0;NA;0;0;0;0;0;0;0;0;0;0;0;1;0;0;0;0;0;NA;NA;NA;0;0;0;0;0;0;1;NA;NA;NA;NA;NA;NA;NA;NA;NA;NA;0;0;NA;NA;NA;NA;NA;NA;0;0;1;NA;NA;NA;NA;NA;NA;NA;NA;NA;0;0;NA;0;NA;NA;0;NA;NA;1;0;NA;NA;NA;NA;NA;1;0;NA;NA;NA;NA;NA;NA;NA;NA;NA;NA;1;1;NA;NA;NA;NA;NA;NA;1;NA;NA;NA;NA;NA;NA;NA;NA;NA;NA;NA;NA;NA;NA;NA;NA;NA
rbbhf - hf_min;2305;0;1;0;0;0;0;0;0;0;0;0;0;0;0;1;0;0;0;0;0;NA;NA;NA;0;0;0;0;0;0;1;NA;NA;NA;NA;NA;NA;NA;NA;NA;NA;0;0;NA;NA;NA;NA;NA;NA;0;0;1;NA;NA;NA;NA;NA;NA;NA;NA;NA;0;0;NA;0;NA;NA;0;NA;NA;1;0;NA;NA;NA;NA;NA;1;0;NA;NA;NA;NA;NA;NA;NA;NA;NA;NA;1;1;NA;NA;NA;NA;NA;NA;1;NA;NA;NA;NA;NA;NA;NA;NA;NA;NA;NA;NA;NA;NA;NA;NA;NA
rbbhf - hf_min;2306;0;0;NA;0;0;0;0;0;0;0;0;0;0;0;0;NA;NA;NA;NA;NA;NA;NA;NA;NA;NA;NA;0;0;0;0;NA;1;NA;NA;NA;NA;NA;NA;NA;NA;NA;NA;NA;NA;NA;NA;NA;NA;NA;NA;NA;NA;NA;NA;NA;NA;NA;NA;NA;NA;0;0;NA;0;NA;NA;0;NA;NA;0;NA;NA;NA;NA;NA;NA;0;NA;NA;NA;NA;NA;NA;NA;NA;NA;NA;NA;0;NA;0;NA;NA;NA;NA;NA;1;NA;NA;NA;NA;NA;NA;NA;NA;NA;NA;NA;NA;NA;NA;NA;NA;NA
rbbhf - hf_min;2307;0;1;0;0;0;0;0;0;0;0;0;0;0;0;0;NA;NA;NA;NA;NA;NA;NA;NA;NA;NA;NA;0;0;0;0;NA;1;NA;NA;NA;NA;NA;NA;NA;NA;NA;NA;NA;NA;NA;NA;NA;NA;NA;NA;NA;NA;NA;NA;NA;NA;NA;NA;NA;NA;0;0;NA;0;NA;NA;0;NA;NA;0;NA;NA;NA;NA;NA;NA;0;NA;NA;NA;NA;NA;NA;NA;NA;NA;NA;NA;0;NA;0;NA;NA;NA;NA;NA;1;NA;NA;NA;NA;NA;NA;NA;NA;NA;NA;NA;NA;NA;NA;NA;NA;NA
rbbhf - hf_min;2308;0;0;NA;0;0;0;0;0;0;0;0;0;0;0;1;0;0;0;0;1;0;0;0;NA;NA;NA;0;0;0;0;NA;1;NA;NA;NA;NA;NA;NA;NA;NA;NA;NA;NA;NA;NA;NA;NA;NA;NA;NA;NA;NA;NA;NA;NA;NA;NA;NA;NA;NA;0;0;NA;0;NA;NA;0;NA;NA;0;NA;NA;NA;NA;NA;NA;0;NA;NA;NA;NA;NA;NA;NA;NA;NA;NA;NA;0;NA;0;NA;NA;NA;NA;NA;1;NA;NA;NA;NA;NA;NA;NA;NA;NA;NA;NA;NA;NA;NA;NA;NA;NA
rbbhf - hf_min;2309;0;1;0;0;0;0;0;0;0;0;0;0;0;0;1;0;0;0;0;1;0;0;0;NA;NA;NA;0;0;0;0;NA;1;NA;NA;NA;NA;NA;NA;NA;NA;NA;NA;NA;NA;NA;NA;NA;NA;NA;NA;NA;NA;NA;NA;NA;NA;NA;NA;NA;NA;0;0;NA;0;NA;NA;0;NA;NA;0;NA;NA;NA;NA;NA;NA;0;NA;NA;NA;NA;NA;NA;NA;NA;NA;NA;NA;0;NA;0;NA;NA;NA;NA;NA;1;NA;NA;NA;NA;NA;NA;NA;NA;NA;NA;NA;NA;NA;NA;NA;NA;NA
rbbhf - hf_min;2310;0;0;NA;0;0;0;0;0;0;0;0;0;0;0;1;0;0;0;0;0;NA;NA;NA;0;0;0;0;0;0;0;NA;1;NA;NA;NA;NA;NA;NA;NA;NA;NA;NA;NA;NA;NA;NA;NA;NA;NA;NA;NA;NA;NA;NA;NA;NA;NA;NA;NA;NA;0;0;NA;0;NA;NA;0;NA;NA;0;NA;NA;NA;NA;NA;NA;0;NA;NA;NA;NA;NA;NA;NA;NA;NA;NA;NA;0;NA;0;NA;NA;NA;NA;NA;1;NA;NA;NA;NA;NA;NA;NA;NA;NA;NA;NA;NA;NA;NA;NA;NA;NA
rbbhf - hf_min;2311;0;1;0;0;0;0;0;0;0;0;0;0;0;0;1;0;0;0;0;0;NA;NA;NA;0;0;0;0;0;0;0;NA;1;NA;NA;NA;NA;NA;NA;NA;NA;NA;NA;NA;NA;NA;NA;NA;NA;NA;NA;NA;NA;NA;NA;NA;NA;NA;NA;NA;NA;0;0;NA;0;NA;NA;0;NA;NA;0;NA;NA;NA;NA;NA;NA;0;NA;NA;NA;NA;NA;NA;NA;NA;NA;NA;NA;0;NA;0;NA;NA;NA;NA;NA;1;NA;NA;NA;NA;NA;NA;NA;NA;NA;NA;NA;NA;NA;NA;NA;NA;NA
rbbhf - hf_min;2312;0;0;NA;0;0;0;0;0;0;0;0;0;0;0;0;NA;NA;NA;NA;NA;NA;NA;NA;NA;NA;NA;0;0;0;0;1;NA;NA;1;NA;NA;NA;NA;NA;NA;NA;NA;NA;NA;NA;NA;NA;NA;NA;NA;NA;NA;NA;NA;NA;NA;NA;NA;NA;NA;0;0;NA;0;NA;NA;0;NA;NA;0;NA;NA;NA;NA;NA;NA;0;NA;NA;NA;NA;NA;NA;NA;NA;NA;NA;NA;0;NA;0;NA;NA;NA;NA;NA;1;NA;NA;NA;NA;NA;NA;NA;NA;NA;NA;NA;NA;NA;NA;NA;NA;NA
rbbhf - hf_min;2313;0;1;0;0;0;0;0;0;0;0;0;0;0;0;0;NA;NA;NA;NA;NA;NA;NA;NA;NA;NA;NA;0;0;0;0;1;NA;NA;1;NA;NA;NA;NA;NA;NA;NA;NA;NA;NA;NA;NA;NA;NA;NA;NA;NA;NA;NA;NA;NA;NA;NA;NA;NA;NA;0;0;NA;0;NA;NA;0;NA;NA;0;NA;NA;NA;NA;NA;NA;0;NA;NA;NA;NA;NA;NA;NA;NA;NA;NA;NA;0;NA;0;NA;NA;NA;NA;NA;1;NA;NA;NA;NA;NA;NA;NA;NA;NA;NA;NA;NA;NA;NA;NA;NA;NA
rbbhf - hf_min;2314;0;0;NA;0;0;0;0;0;0;0;0;0;0;0;1;0;0;0;0;1;0;0;0;NA;NA;NA;0;0;0;0;1;NA;NA;1;NA;NA;NA;NA;NA;NA;NA;NA;NA;NA;NA;NA;NA;NA;NA;NA;NA;NA;NA;NA;NA;NA;NA;NA;NA;NA;0;0;NA;0;NA;NA;0;NA;NA;0;NA;NA;NA;NA;NA;NA;0;NA;NA;NA;NA;NA;NA;NA;NA;NA;NA;NA;0;NA;0;NA;NA;NA;NA;NA;1;NA;NA;NA;NA;NA;NA;NA;NA;NA;NA;NA;NA;NA;NA;NA;NA;NA
rbbhf - hf_min;2315;0;1;0;0;0;0;0;0;0;0;0;0;0;0;1;0;0;0;0;1;0;0;0;NA;NA;NA;0;0;0;0;1;NA;NA;1;NA;NA;NA;NA;NA;NA;NA;NA;NA;NA;NA;NA;NA;NA;NA;NA;NA;NA;NA;NA;NA;NA;NA;NA;NA;NA;0;0;NA;0;NA;NA;0;NA;NA;0;NA;NA;NA;NA;NA;NA;0;NA;NA;NA;NA;NA;NA;NA;NA;NA;NA;NA;0;NA;0;NA;NA;NA;NA;NA;1;NA;NA;NA;NA;NA;NA;NA;NA;NA;NA;NA;NA;NA;NA;NA;NA;NA
rbbhf - hf_min;2316;0;0;NA;0;0;0;0;0;0;0;0;0;0;0;1;0;0;0;0;0;NA;NA;NA;0;0;0;0;0;0;0;1;NA;NA;1;NA;NA;NA;NA;NA;NA;NA;NA;NA;NA;NA;NA;NA;NA;NA;NA;NA;NA;NA;NA;NA;NA;NA;NA;NA;NA;0;0;NA;0;NA;NA;0;NA;NA;0;NA;NA;NA;NA;NA;NA;0;NA;NA;NA;NA;NA;NA;NA;NA;NA;NA;NA;0;NA;0;NA;NA;NA;NA;NA;1;NA;NA;NA;NA;NA;NA;NA;NA;NA;NA;NA;NA;NA;NA;NA;NA;NA
rbbhf - hf_min;2317;0;1;0;0;0;0;0;0;0;0;0;0;0;0;1;0;0;0;0;0;NA;NA;NA;0;0;0;0;0;0;0;1;NA;NA;1;NA;NA;NA;NA;NA;NA;NA;NA;NA;NA;NA;NA;NA;NA;NA;NA;NA;NA;NA;NA;NA;NA;NA;NA;NA;NA;0;0;NA;0;NA;NA;0;NA;NA;0;NA;NA;NA;NA;NA;NA;0;NA;NA;NA;NA;NA;NA;NA;NA;NA;NA;NA;0;NA;0;NA;NA;NA;NA;NA;1;NA;NA;NA;NA;NA;NA;NA;NA;NA;NA;NA;NA;NA;NA;NA;NA;NA
rbbhf - hf_min;2318;0;0;NA;0;0;0;0;0;0;0;0;0;0;0;0;NA;NA;NA;NA;NA;NA;NA;NA;NA;NA;NA;0;0;0;1;NA;NA;NA;1;NA;NA;NA;NA;NA;NA;0;0;NA;NA;NA;NA;NA;NA;0;1;NA;NA;NA;NA;NA;NA;NA;NA;NA;NA;0;0;NA;0;NA;NA;0;NA;NA;0;NA;NA;NA;NA;NA;NA;0;NA;NA;NA;NA;NA;NA;NA;NA;NA;NA;NA;0;NA;0;NA;NA;NA;NA;NA;1;NA;NA;NA;NA;NA;NA;NA;NA;NA;NA;NA;NA;NA;NA;NA;NA;NA
rbbhf - hf_min;2319;0;1;0;0;0;0;0;0;0;0;0;0;0;0;0;NA;NA;NA;NA;NA;NA;NA;NA;NA;NA;NA;0;0;0;1;NA;NA;NA;1;NA;NA;NA;NA;NA;NA;0;0;NA;NA;NA;NA;NA;NA;0;1;NA;NA;NA;NA;NA;NA;NA;NA;NA;NA;0;0;NA;0;NA;NA;0;NA;NA;0;NA;NA;NA;NA;NA;NA;0;NA;NA;NA;NA;NA;NA;NA;NA;NA;NA;NA;0;NA;0;NA;NA;NA;NA;NA;1;NA;NA;NA;NA;NA;NA;NA;NA;NA;NA;NA;NA;NA;NA;NA;NA;NA
rbbhf - hf_min;2320;0;0;NA;0;0;0;0;0;0;0;0;0;0;0;1;0;0;0;0;1;0;0;0;NA;NA;NA;0;0;0;1;NA;NA;NA;1;NA;NA;NA;NA;NA;NA;0;0;NA;NA;NA;NA;NA;NA;0;1;NA;NA;NA;NA;NA;NA;NA;NA;NA;NA;0;0;NA;0;NA;NA;0;NA;NA;0;NA;NA;NA;NA;NA;NA;0;NA;NA;NA;NA;NA;NA;NA;NA;NA;NA;NA;0;NA;0;NA;NA;NA;NA;NA;1;NA;NA;NA;NA;NA;NA;NA;NA;NA;NA;NA;NA;NA;NA;NA;NA;NA
rbbhf - hf_min;2321;0;1;0;0;0;0;0;0;0;0;0;0;0;0;1;0;0;0;0;1;0;0;0;NA;NA;NA;0;0;0;1;NA;NA;NA;1;NA;NA;NA;NA;NA;NA;0;0;NA;NA;NA;NA;NA;NA;0;1;NA;NA;NA;NA;NA;NA;NA;NA;NA;NA;0;0;NA;0;NA;NA;0;NA;NA;0;NA;NA;NA;NA;NA;NA;0;NA;NA;NA;NA;NA;NA;NA;NA;NA;NA;NA;0;NA;0;NA;NA;NA;NA;NA;1;NA;NA;NA;NA;NA;NA;NA;NA;NA;NA;NA;NA;NA;NA;NA;NA;NA
rbbhf - hf_min;2322;0;0;NA;0;0;0;0;0;0;0;0;0;0;0;1;0;0;0;0;0;NA;NA;NA;0;0;0;0;0;0;1;NA;NA;NA;1;NA;NA;NA;NA;NA;NA;0;0;NA;NA;NA;NA;NA;NA;0;1;NA;NA;NA;NA;NA;NA;NA;NA;NA;NA;0;0;NA;0;NA;NA;0;NA;NA;0;NA;NA;NA;NA;NA;NA;0;NA;NA;NA;NA;NA;NA;NA;NA;NA;NA;NA;0;NA;0;NA;NA;NA;NA;NA;1;NA;NA;NA;NA;NA;NA;NA;NA;NA;NA;NA;NA;NA;NA;NA;NA;NA
rbbhf - hf_min;2323;0;1;0;0;0;0;0;0;0;0;0;0;0;0;1;0;0;0;0;0;NA;NA;NA;0;0;0;0;0;0;1;NA;NA;NA;1;NA;NA;NA;NA;NA;NA;0;0;NA;NA;NA;NA;NA;NA;0;1;NA;NA;NA;NA;NA;NA;NA;NA;NA;NA;0;0;NA;0;NA;NA;0;NA;NA;0;NA;NA;NA;NA;NA;NA;0;NA;NA;NA;NA;NA;NA;NA;NA;NA;NA;NA;0;NA;0;NA;NA;NA;NA;NA;1;NA;NA;NA;NA;NA;NA;NA;NA;NA;NA;NA;NA;NA;NA;NA;NA;NA
rbbhf - hf_min;2324;0;0;NA;0;0;0;0;0;0;0;0;0;0;0;0;NA;NA;NA;NA;NA;NA;NA;NA;NA;NA;NA;0;0;0;1;NA;NA;NA;NA;NA;NA;NA;NA;NA;NA;0;0;NA;NA;NA;NA;NA;NA;0;0;1;NA;NA;NA;NA;NA;NA;NA;NA;NA;0;0;NA;0;NA;NA;0;NA;NA;0;NA;NA;NA;NA;NA;NA;0;NA;NA;NA;NA;NA;NA;NA;NA;NA;NA;NA;0;NA;0;NA;NA;NA;NA;NA;1;NA;NA;NA;NA;NA;NA;NA;NA;NA;NA;NA;NA;NA;NA;NA;NA;NA
rbbhf - hf_min;2325;0;1;0;0;0;0;0;0;0;0;0;0;0;0;0;NA;NA;NA;NA;NA;NA;NA;NA;NA;NA;NA;0;0;0;1;NA;NA;NA;NA;NA;NA;NA;NA;NA;NA;0;0;NA;NA;NA;NA;NA;NA;0;0;1;NA;NA;NA;NA;NA;NA;NA;NA;NA;0;0;NA;0;NA;NA;0;NA;NA;0;NA;NA;NA;NA;NA;NA;0;NA;NA;NA;NA;NA;NA;NA;NA;NA;NA;NA;0;NA;0;NA;NA;NA;NA;NA;1;NA;NA;NA;NA;NA;NA;NA;NA;NA;NA;NA;NA;NA;NA;NA;NA;NA
rbbhf - hf_min;2326;0;0;NA;0;0;0;0;0;0;0;0;0;0;0;1;0;0;0;0;1;0;0;0;NA;NA;NA;0;0;0;1;NA;NA;NA;NA;NA;NA;NA;NA;NA;NA;0;0;NA;NA;NA;NA;NA;NA;0;0;1;NA;NA;NA;NA;NA;NA;NA;NA;NA;0;0;NA;0;NA;NA;0;NA;NA;0;NA;NA;NA;NA;NA;NA;0;NA;NA;NA;NA;NA;NA;NA;NA;NA;NA;NA;0;NA;0;NA;NA;NA;NA;NA;1;NA;NA;NA;NA;NA;NA;NA;NA;NA;NA;NA;NA;NA;NA;NA;NA;NA
rbbhf - hf_min;2327;0;1;0;0;0;0;0;0;0;0;0;0;0;0;1;0;0;0;0;1;0;0;0;NA;NA;NA;0;0;0;1;NA;NA;NA;NA;NA;NA;NA;NA;NA;NA;0;0;NA;NA;NA;NA;NA;NA;0;0;1;NA;NA;NA;NA;NA;NA;NA;NA;NA;0;0;NA;0;NA;NA;0;NA;NA;0;NA;NA;NA;NA;NA;NA;0;NA;NA;NA;NA;NA;NA;NA;NA;NA;NA;NA;0;NA;0;NA;NA;NA;NA;NA;1;NA;NA;NA;NA;NA;NA;NA;NA;NA;NA;NA;NA;NA;NA;NA;NA;NA
rbbhf - hf_min;2328;0;0;NA;0;0;0;0;0;0;0;0;0;0;0;1;0;0;0;0;0;NA;NA;NA;0;0;0;0;0;0;1;NA;NA;NA;NA;NA;NA;NA;NA;NA;NA;0;0;NA;NA;NA;NA;NA;NA;0;0;1;NA;NA;NA;NA;NA;NA;NA;NA;NA;0;0;NA;0;NA;NA;0;NA;NA;0;NA;NA;NA;NA;NA;NA;0;NA;NA;NA;NA;NA;NA;NA;NA;NA;NA;NA;0;NA;0;NA;NA;NA;NA;NA;1;NA;NA;NA;NA;NA;NA;NA;NA;NA;NA;NA;NA;NA;NA;NA;NA;NA
rbbhf - hf_min;2329;0;1;0;0;0;0;0;0;0;0;0;0;0;0;1;0;0;0;0;0;NA;NA;NA;0;0;0;0;0;0;1;NA;NA;NA;NA;NA;NA;NA;NA;NA;NA;0;0;NA;NA;NA;NA;NA;NA;0;0;1;NA;NA;NA;NA;NA;NA;NA;NA;NA;0;0;NA;0;NA;NA;0;NA;NA;0;NA;NA;NA;NA;NA;NA;0;NA;NA;NA;NA;NA;NA;NA;NA;NA;NA;NA;0;NA;0;NA;NA;NA;NA;NA;1;NA;NA;NA;NA;NA;NA;NA;NA;NA;NA;NA;NA;NA;NA;NA;NA;NA
rbbhf - hf_min;2330;0;0;NA;0;0;0;0;0;0;0;0;0;0;0;0;NA;NA;NA;NA;NA;NA;NA;NA;NA;NA;NA;0;0;0;0;NA;1;NA;NA;NA;NA;NA;NA;NA;NA;NA;NA;NA;NA;NA;NA;NA;NA;NA;NA;NA;NA;NA;NA;NA;NA;NA;NA;NA;NA;0;0;NA;0;NA;NA;0;NA;NA;1;0;NA;NA;NA;NA;NA;0;NA;NA;NA;NA;NA;NA;NA;NA;NA;NA;NA;0;NA;0;NA;NA;NA;NA;NA;1;NA;NA;NA;NA;NA;NA;NA;NA;NA;NA;NA;NA;NA;NA;NA;NA;NA
rbbhf - hf_min;2331;0;1;0;0;0;0;0;0;0;0;0;0;0;0;0;NA;NA;NA;NA;NA;NA;NA;NA;NA;NA;NA;0;0;0;0;NA;1;NA;NA;NA;NA;NA;NA;NA;NA;NA;NA;NA;NA;NA;NA;NA;NA;NA;NA;NA;NA;NA;NA;NA;NA;NA;NA;NA;NA;0;0;NA;0;NA;NA;0;NA;NA;1;0;NA;NA;NA;NA;NA;0;NA;NA;NA;NA;NA;NA;NA;NA;NA;NA;NA;0;NA;0;NA;NA;NA;NA;NA;1;NA;NA;NA;NA;NA;NA;NA;NA;NA;NA;NA;NA;NA;NA;NA;NA;NA
rbbhf - hf_min;2332;0;0;NA;0;0;0;0;0;0;0;0;0;0;0;1;0;0;0;0;1;0;0;0;NA;NA;NA;0;0;0;0;NA;1;NA;NA;NA;NA;NA;NA;NA;NA;NA;NA;NA;NA;NA;NA;NA;NA;NA;NA;NA;NA;NA;NA;NA;NA;NA;NA;NA;NA;0;0;NA;0;NA;NA;0;NA;NA;1;0;NA;NA;NA;NA;NA;0;NA;NA;NA;NA;NA;NA;NA;NA;NA;NA;NA;0;NA;0;NA;NA;NA;NA;NA;1;NA;NA;NA;NA;NA;NA;NA;NA;NA;NA;NA;NA;NA;NA;NA;NA;NA
rbbhf - hf_min;2333;0;1;0;0;0;0;0;0;0;0;0;0;0;0;1;0;0;0;0;1;0;0;0;NA;NA;NA;0;0;0;0;NA;1;NA;NA;NA;NA;NA;NA;NA;NA;NA;NA;NA;NA;NA;NA;NA;NA;NA;NA;NA;NA;NA;NA;NA;NA;NA;NA;NA;NA;0;0;NA;0;NA;NA;0;NA;NA;1;0;NA;NA;NA;NA;NA;0;NA;NA;NA;NA;NA;NA;NA;NA;NA;NA;NA;0;NA;0;NA;NA;NA;NA;NA;1;NA;NA;NA;NA;NA;NA;NA;NA;NA;NA;NA;NA;NA;NA;NA;NA;NA
rbbhf - hf_min;2334;0;0;NA;0;0;0;0;0;0;0;0;0;0;0;1;0;0;0;0;0;NA;NA;NA;0;0;0;0;0;0;0;NA;1;NA;NA;NA;NA;NA;NA;NA;NA;NA;NA;NA;NA;NA;NA;NA;NA;NA;NA;NA;NA;NA;NA;NA;NA;NA;NA;NA;NA;0;0;NA;0;NA;NA;0;NA;NA;1;0;NA;NA;NA;NA;NA;0;NA;NA;NA;NA;NA;NA;NA;NA;NA;NA;NA;0;NA;0;NA;NA;NA;NA;NA;1;NA;NA;NA;NA;NA;NA;NA;NA;NA;NA;NA;NA;NA;NA;NA;NA;NA
rbbhf - hf_min;2335;0;1;0;0;0;0;0;0;0;0;0;0;0;0;1;0;0;0;0;0;NA;NA;NA;0;0;0;0;0;0;0;NA;1;NA;NA;NA;NA;NA;NA;NA;NA;NA;NA;NA;NA;NA;NA;NA;NA;NA;NA;NA;NA;NA;NA;NA;NA;NA;NA;NA;NA;0;0;NA;0;NA;NA;0;NA;NA;1;0;NA;NA;NA;NA;NA;0;NA;NA;NA;NA;NA;NA;NA;NA;NA;NA;NA;0;NA;0;NA;NA;NA;NA;NA;1;NA;NA;NA;NA;NA;NA;NA;NA;NA;NA;NA;NA;NA;NA;NA;NA;NA
rbbhf - hf_min;2336;0;0;NA;0;0;0;0;0;0;0;0;0;0;0;0;NA;NA;NA;NA;NA;NA;NA;NA;NA;NA;NA;0;0;0;0;1;NA;NA;1;NA;NA;NA;NA;NA;NA;NA;NA;NA;NA;NA;NA;NA;NA;NA;NA;NA;NA;NA;NA;NA;NA;NA;NA;NA;NA;0;0;NA;0;NA;NA;0;NA;NA;1;0;NA;NA;NA;NA;NA;0;NA;NA;NA;NA;NA;NA;NA;NA;NA;NA;NA;0;NA;0;NA;NA;NA;NA;NA;1;NA;NA;NA;NA;NA;NA;NA;NA;NA;NA;NA;NA;NA;NA;NA;NA;NA
rbbhf - hf_min;2337;0;1;0;0;0;0;0;0;0;0;0;0;0;0;0;NA;NA;NA;NA;NA;NA;NA;NA;NA;NA;NA;0;0;0;0;1;NA;NA;1;NA;NA;NA;NA;NA;NA;NA;NA;NA;NA;NA;NA;NA;NA;NA;NA;NA;NA;NA;NA;NA;NA;NA;NA;NA;NA;0;0;NA;0;NA;NA;0;NA;NA;1;0;NA;NA;NA;NA;NA;0;NA;NA;NA;NA;NA;NA;NA;NA;NA;NA;NA;0;NA;0;NA;NA;NA;NA;NA;1;NA;NA;NA;NA;NA;NA;NA;NA;NA;NA;NA;NA;NA;NA;NA;NA;NA
rbbhf - hf_min;2338;0;0;NA;0;0;0;0;0;0;0;0;0;0;0;1;0;0;0;0;1;0;0;0;NA;NA;NA;0;0;0;0;1;NA;NA;1;NA;NA;NA;NA;NA;NA;NA;NA;NA;NA;NA;NA;NA;NA;NA;NA;NA;NA;NA;NA;NA;NA;NA;NA;NA;NA;0;0;NA;0;NA;NA;0;NA;NA;1;0;NA;NA;NA;NA;NA;0;NA;NA;NA;NA;NA;NA;NA;NA;NA;NA;NA;0;NA;0;NA;NA;NA;NA;NA;1;NA;NA;NA;NA;NA;NA;NA;NA;NA;NA;NA;NA;NA;NA;NA;NA;NA
rbbhf - hf_min;2339;0;1;0;0;0;0;0;0;0;0;0;0;0;0;1;0;0;0;0;1;0;0;0;NA;NA;NA;0;0;0;0;1;NA;NA;1;NA;NA;NA;NA;NA;NA;NA;NA;NA;NA;NA;NA;NA;NA;NA;NA;NA;NA;NA;NA;NA;NA;NA;NA;NA;NA;0;0;NA;0;NA;NA;0;NA;NA;1;0;NA;NA;NA;NA;NA;0;NA;NA;NA;NA;NA;NA;NA;NA;NA;NA;NA;0;NA;0;NA;NA;NA;NA;NA;1;NA;NA;NA;NA;NA;NA;NA;NA;NA;NA;NA;NA;NA;NA;NA;NA;NA
rbbhf - hf_min;2340;0;0;NA;0;0;0;0;0;0;0;0;0;0;0;1;0;0;0;0;0;NA;NA;NA;0;0;0;0;0;0;0;1;NA;NA;1;NA;NA;NA;NA;NA;NA;NA;NA;NA;NA;NA;NA;NA;NA;NA;NA;NA;NA;NA;NA;NA;NA;NA;NA;NA;NA;0;0;NA;0;NA;NA;0;NA;NA;1;0;NA;NA;NA;NA;NA;0;NA;NA;NA;NA;NA;NA;NA;NA;NA;NA;NA;0;NA;0;NA;NA;NA;NA;NA;1;NA;NA;NA;NA;NA;NA;NA;NA;NA;NA;NA;NA;NA;NA;NA;NA;NA
rbbhf - hf_min;2341;0;1;0;0;0;0;0;0;0;0;0;0;0;0;1;0;0;0;0;0;NA;NA;NA;0;0;0;0;0;0;0;1;NA;NA;1;NA;NA;NA;NA;NA;NA;NA;NA;NA;NA;NA;NA;NA;NA;NA;NA;NA;NA;NA;NA;NA;NA;NA;NA;NA;NA;0;0;NA;0;NA;NA;0;NA;NA;1;0;NA;NA;NA;NA;NA;0;NA;NA;NA;NA;NA;NA;NA;NA;NA;NA;NA;0;NA;0;NA;NA;NA;NA;NA;1;NA;NA;NA;NA;NA;NA;NA;NA;NA;NA;NA;NA;NA;NA;NA;NA;NA
rbbhf - hf_min;2342;0;0;NA;0;0;0;0;0;0;0;0;0;0;0;0;NA;NA;NA;NA;NA;NA;NA;NA;NA;NA;NA;0;0;0;1;NA;NA;NA;1;NA;NA;NA;NA;NA;NA;0;0;NA;NA;NA;NA;NA;NA;0;1;NA;NA;NA;NA;NA;NA;NA;NA;NA;NA;0;0;NA;0;NA;NA;0;NA;NA;1;0;NA;NA;NA;NA;NA;0;NA;NA;NA;NA;NA;NA;NA;NA;NA;NA;NA;0;NA;0;NA;NA;NA;NA;NA;1;NA;NA;NA;NA;NA;NA;NA;NA;NA;NA;NA;NA;NA;NA;NA;NA;NA
rbbhf - hf_min;2343;0;1;0;0;0;0;0;0;0;0;0;0;0;0;0;NA;NA;NA;NA;NA;NA;NA;NA;NA;NA;NA;0;0;0;1;NA;NA;NA;1;NA;NA;NA;NA;NA;NA;0;0;NA;NA;NA;NA;NA;NA;0;1;NA;NA;NA;NA;NA;NA;NA;NA;NA;NA;0;0;NA;0;NA;NA;0;NA;NA;1;0;NA;NA;NA;NA;NA;0;NA;NA;NA;NA;NA;NA;NA;NA;NA;NA;NA;0;NA;0;NA;NA;NA;NA;NA;1;NA;NA;NA;NA;NA;NA;NA;NA;NA;NA;NA;NA;NA;NA;NA;NA;NA
rbbhf - hf_min;2344;0;0;NA;0;0;0;0;0;0;0;0;0;0;0;1;0;0;0;0;1;0;0;0;NA;NA;NA;0;0;0;1;NA;NA;NA;1;NA;NA;NA;NA;NA;NA;0;0;NA;NA;NA;NA;NA;NA;0;1;NA;NA;NA;NA;NA;NA;NA;NA;NA;NA;0;0;NA;0;NA;NA;0;NA;NA;1;0;NA;NA;NA;NA;NA;0;NA;NA;NA;NA;NA;NA;NA;NA;NA;NA;NA;0;NA;0;NA;NA;NA;NA;NA;1;NA;NA;NA;NA;NA;NA;NA;NA;NA;NA;NA;NA;NA;NA;NA;NA;NA
rbbhf - hf_min;2345;0;1;0;0;0;0;0;0;0;0;0;0;0;0;1;0;0;0;0;1;0;0;0;NA;NA;NA;0;0;0;1;NA;NA;NA;1;NA;NA;NA;NA;NA;NA;0;0;NA;NA;NA;NA;NA;NA;0;1;NA;NA;NA;NA;NA;NA;NA;NA;NA;NA;0;0;NA;0;NA;NA;0;NA;NA;1;0;NA;NA;NA;NA;NA;0;NA;NA;NA;NA;NA;NA;NA;NA;NA;NA;NA;0;NA;0;NA;NA;NA;NA;NA;1;NA;NA;NA;NA;NA;NA;NA;NA;NA;NA;NA;NA;NA;NA;NA;NA;NA
rbbhf - hf_min;2346;0;0;NA;0;0;0;0;0;0;0;0;0;0;0;1;0;0;0;0;0;NA;NA;NA;0;0;0;0;0;0;1;NA;NA;NA;1;NA;NA;NA;NA;NA;NA;0;0;NA;NA;NA;NA;NA;NA;0;1;NA;NA;NA;NA;NA;NA;NA;NA;NA;NA;0;0;NA;0;NA;NA;0;NA;NA;1;0;NA;NA;NA;NA;NA;0;NA;NA;NA;NA;NA;NA;NA;NA;NA;NA;NA;0;NA;0;NA;NA;NA;NA;NA;1;NA;NA;NA;NA;NA;NA;NA;NA;NA;NA;NA;NA;NA;NA;NA;NA;NA
rbbhf - hf_min;2347;0;1;0;0;0;0;0;0;0;0;0;0;0;0;1;0;0;0;0;0;NA;NA;NA;0;0;0;0;0;0;1;NA;NA;NA;1;NA;NA;NA;NA;NA;NA;0;0;NA;NA;NA;NA;NA;NA;0;1;NA;NA;NA;NA;NA;NA;NA;NA;NA;NA;0;0;NA;0;NA;NA;0;NA;NA;1;0;NA;NA;NA;NA;NA;0;NA;NA;NA;NA;NA;NA;NA;NA;NA;NA;NA;0;NA;0;NA;NA;NA;NA;NA;1;NA;NA;NA;NA;NA;NA;NA;NA;NA;NA;NA;NA;NA;NA;NA;NA;NA
rbbhf - hf_min;2348;0;0;NA;0;0;0;0;0;0;0;0;0;0;0;0;NA;NA;NA;NA;NA;NA;NA;NA;NA;NA;NA;0;0;0;1;NA;NA;NA;NA;NA;NA;NA;NA;NA;NA;0;0;NA;NA;NA;NA;NA;NA;0;0;1;NA;NA;NA;NA;NA;NA;NA;NA;NA;0;0;NA;0;NA;NA;0;NA;NA;1;0;NA;NA;NA;NA;NA;0;NA;NA;NA;NA;NA;NA;NA;NA;NA;NA;NA;0;NA;0;NA;NA;NA;NA;NA;1;NA;NA;NA;NA;NA;NA;NA;NA;NA;NA;NA;NA;NA;NA;NA;NA;NA
rbbhf - hf_min;2349;0;1;0;0;0;0;0;0;0;0;0;0;0;0;0;NA;NA;NA;NA;NA;NA;NA;NA;NA;NA;NA;0;0;0;1;NA;NA;NA;NA;NA;NA;NA;NA;NA;NA;0;0;NA;NA;NA;NA;NA;NA;0;0;1;NA;NA;NA;NA;NA;NA;NA;NA;NA;0;0;NA;0;NA;NA;0;NA;NA;1;0;NA;NA;NA;NA;NA;0;NA;NA;NA;NA;NA;NA;NA;NA;NA;NA;NA;0;NA;0;NA;NA;NA;NA;NA;1;NA;NA;NA;NA;NA;NA;NA;NA;NA;NA;NA;NA;NA;NA;NA;NA;NA
rbbhf - hf_min;2350;0;0;NA;0;0;0;0;0;0;0;0;0;0;0;1;0;0;0;0;1;0;0;0;NA;NA;NA;0;0;0;1;NA;NA;NA;NA;NA;NA;NA;NA;NA;NA;0;0;NA;NA;NA;NA;NA;NA;0;0;1;NA;NA;NA;NA;NA;NA;NA;NA;NA;0;0;NA;0;NA;NA;0;NA;NA;1;0;NA;NA;NA;NA;NA;0;NA;NA;NA;NA;NA;NA;NA;NA;NA;NA;NA;0;NA;0;NA;NA;NA;NA;NA;1;NA;NA;NA;NA;NA;NA;NA;NA;NA;NA;NA;NA;NA;NA;NA;NA;NA
rbbhf - hf_min;2351;0;1;0;0;0;0;0;0;0;0;0;0;0;0;1;0;0;0;0;1;0;0;0;NA;NA;NA;0;0;0;1;NA;NA;NA;NA;NA;NA;NA;NA;NA;NA;0;0;NA;NA;NA;NA;NA;NA;0;0;1;NA;NA;NA;NA;NA;NA;NA;NA;NA;0;0;NA;0;NA;NA;0;NA;NA;1;0;NA;NA;NA;NA;NA;0;NA;NA;NA;NA;NA;NA;NA;NA;NA;NA;NA;0;NA;0;NA;NA;NA;NA;NA;1;NA;NA;NA;NA;NA;NA;NA;NA;NA;NA;NA;NA;NA;NA;NA;NA;NA
rbbhf - hf_min;2352;0;0;NA;0;0;0;0;0;0;0;0;0;0;0;1;0;0;0;0;0;NA;NA;NA;0;0;0;0;0;0;1;NA;NA;NA;NA;NA;NA;NA;NA;NA;NA;0;0;NA;NA;NA;NA;NA;NA;0;0;1;NA;NA;NA;NA;NA;NA;NA;NA;NA;0;0;NA;0;NA;NA;0;NA;NA;1;0;NA;NA;NA;NA;NA;0;NA;NA;NA;NA;NA;NA;NA;NA;NA;NA;NA;0;NA;0;NA;NA;NA;NA;NA;1;NA;NA;NA;NA;NA;NA;NA;NA;NA;NA;NA;NA;NA;NA;NA;NA;NA
rbbhf - hf_min;2353;0;1;0;0;0;0;0;0;0;0;0;0;0;0;1;0;0;0;0;0;NA;NA;NA;0;0;0;0;0;0;1;NA;NA;NA;NA;NA;NA;NA;NA;NA;NA;0;0;NA;NA;NA;NA;NA;NA;0;0;1;NA;NA;NA;NA;NA;NA;NA;NA;NA;0;0;NA;0;NA;NA;0;NA;NA;1;0;NA;NA;NA;NA;NA;0;NA;NA;NA;NA;NA;NA;NA;NA;NA;NA;NA;0;NA;0;NA;NA;NA;NA;NA;1;NA;NA;NA;NA;NA;NA;NA;NA;NA;NA;NA;NA;NA;NA;NA;NA;NA
rbbhf - hf_min;2354;0;0;NA;0;0;0;0;0;0;0;0;0;0;0;0;NA;NA;NA;NA;NA;NA;NA;NA;NA;NA;NA;0;0;0;0;NA;1;NA;NA;NA;NA;NA;NA;NA;NA;NA;NA;NA;NA;NA;NA;NA;NA;NA;NA;NA;NA;NA;NA;NA;NA;NA;NA;NA;NA;0;0;NA;0;NA;NA;0;NA;NA;0;NA;NA;NA;NA;NA;NA;1;0;NA;NA;NA;NA;NA;NA;NA;NA;NA;NA;0;NA;0;NA;NA;NA;NA;NA;1;NA;NA;NA;NA;NA;NA;NA;NA;NA;NA;NA;NA;NA;NA;NA;NA;NA
rbbhf - hf_min;2355;0;1;0;0;0;0;0;0;0;0;0;0;0;0;0;NA;NA;NA;NA;NA;NA;NA;NA;NA;NA;NA;0;0;0;0;NA;1;NA;NA;NA;NA;NA;NA;NA;NA;NA;NA;NA;NA;NA;NA;NA;NA;NA;NA;NA;NA;NA;NA;NA;NA;NA;NA;NA;NA;0;0;NA;0;NA;NA;0;NA;NA;0;NA;NA;NA;NA;NA;NA;1;0;NA;NA;NA;NA;NA;NA;NA;NA;NA;NA;0;NA;0;NA;NA;NA;NA;NA;1;NA;NA;NA;NA;NA;NA;NA;NA;NA;NA;NA;NA;NA;NA;NA;NA;NA
rbbhf - hf_min;2356;0;0;NA;0;0;0;0;0;0;0;0;0;0;0;1;0;0;0;0;1;0;0;0;NA;NA;NA;0;0;0;0;NA;1;NA;NA;NA;NA;NA;NA;NA;NA;NA;NA;NA;NA;NA;NA;NA;NA;NA;NA;NA;NA;NA;NA;NA;NA;NA;NA;NA;NA;0;0;NA;0;NA;NA;0;NA;NA;0;NA;NA;NA;NA;NA;NA;1;0;NA;NA;NA;NA;NA;NA;NA;NA;NA;NA;0;NA;0;NA;NA;NA;NA;NA;1;NA;NA;NA;NA;NA;NA;NA;NA;NA;NA;NA;NA;NA;NA;NA;NA;NA
rbbhf - hf_min;2357;0;1;0;0;0;0;0;0;0;0;0;0;0;0;1;0;0;0;0;1;0;0;0;NA;NA;NA;0;0;0;0;NA;1;NA;NA;NA;NA;NA;NA;NA;NA;NA;NA;NA;NA;NA;NA;NA;NA;NA;NA;NA;NA;NA;NA;NA;NA;NA;NA;NA;NA;0;0;NA;0;NA;NA;0;NA;NA;0;NA;NA;NA;NA;NA;NA;1;0;NA;NA;NA;NA;NA;NA;NA;NA;NA;NA;0;NA;0;NA;NA;NA;NA;NA;1;NA;NA;NA;NA;NA;NA;NA;NA;NA;NA;NA;NA;NA;NA;NA;NA;NA
rbbhf - hf_min;2358;0;0;NA;0;0;0;0;0;0;0;0;0;0;0;1;0;0;0;0;0;NA;NA;NA;0;0;0;0;0;0;0;NA;1;NA;NA;NA;NA;NA;NA;NA;NA;NA;NA;NA;NA;NA;NA;NA;NA;NA;NA;NA;NA;NA;NA;NA;NA;NA;NA;NA;NA;0;0;NA;0;NA;NA;0;NA;NA;0;NA;NA;NA;NA;NA;NA;1;0;NA;NA;NA;NA;NA;NA;NA;NA;NA;NA;0;NA;0;NA;NA;NA;NA;NA;1;NA;NA;NA;NA;NA;NA;NA;NA;NA;NA;NA;NA;NA;NA;NA;NA;NA
rbbhf - hf_min;2359;0;1;0;0;0;0;0;0;0;0;0;0;0;0;1;0;0;0;0;0;NA;NA;NA;0;0;0;0;0;0;0;NA;1;NA;NA;NA;NA;NA;NA;NA;NA;NA;NA;NA;NA;NA;NA;NA;NA;NA;NA;NA;NA;NA;NA;NA;NA;NA;NA;NA;NA;0;0;NA;0;NA;NA;0;NA;NA;0;NA;NA;NA;NA;NA;NA;1;0;NA;NA;NA;NA;NA;NA;NA;NA;NA;NA;0;NA;0;NA;NA;NA;NA;NA;1;NA;NA;NA;NA;NA;NA;NA;NA;NA;NA;NA;NA;NA;NA;NA;NA;NA
rbbhf - hf_min;2360;0;0;NA;0;0;0;0;0;0;0;0;0;0;0;0;NA;NA;NA;NA;NA;NA;NA;NA;NA;NA;NA;0;0;0;0;1;NA;NA;1;NA;NA;NA;NA;NA;NA;NA;NA;NA;NA;NA;NA;NA;NA;NA;NA;NA;NA;NA;NA;NA;NA;NA;NA;NA;NA;0;0;NA;0;NA;NA;0;NA;NA;0;NA;NA;NA;NA;NA;NA;1;0;NA;NA;NA;NA;NA;NA;NA;NA;NA;NA;0;NA;0;NA;NA;NA;NA;NA;1;NA;NA;NA;NA;NA;NA;NA;NA;NA;NA;NA;NA;NA;NA;NA;NA;NA
rbbhf - hf_min;2361;0;1;0;0;0;0;0;0;0;0;0;0;0;0;0;NA;NA;NA;NA;NA;NA;NA;NA;NA;NA;NA;0;0;0;0;1;NA;NA;1;NA;NA;NA;NA;NA;NA;NA;NA;NA;NA;NA;NA;NA;NA;NA;NA;NA;NA;NA;NA;NA;NA;NA;NA;NA;NA;0;0;NA;0;NA;NA;0;NA;NA;0;NA;NA;NA;NA;NA;NA;1;0;NA;NA;NA;NA;NA;NA;NA;NA;NA;NA;0;NA;0;NA;NA;NA;NA;NA;1;NA;NA;NA;NA;NA;NA;NA;NA;NA;NA;NA;NA;NA;NA;NA;NA;NA
rbbhf - hf_min;2362;0;0;NA;0;0;0;0;0;0;0;0;0;0;0;1;0;0;0;0;1;0;0;0;NA;NA;NA;0;0;0;0;1;NA;NA;1;NA;NA;NA;NA;NA;NA;NA;NA;NA;NA;NA;NA;NA;NA;NA;NA;NA;NA;NA;NA;NA;NA;NA;NA;NA;NA;0;0;NA;0;NA;NA;0;NA;NA;0;NA;NA;NA;NA;NA;NA;1;0;NA;NA;NA;NA;NA;NA;NA;NA;NA;NA;0;NA;0;NA;NA;NA;NA;NA;1;NA;NA;NA;NA;NA;NA;NA;NA;NA;NA;NA;NA;NA;NA;NA;NA;NA
rbbhf - hf_min;2363;0;1;0;0;0;0;0;0;0;0;0;0;0;0;1;0;0;0;0;1;0;0;0;NA;NA;NA;0;0;0;0;1;NA;NA;1;NA;NA;NA;NA;NA;NA;NA;NA;NA;NA;NA;NA;NA;NA;NA;NA;NA;NA;NA;NA;NA;NA;NA;NA;NA;NA;0;0;NA;0;NA;NA;0;NA;NA;0;NA;NA;NA;NA;NA;NA;1;0;NA;NA;NA;NA;NA;NA;NA;NA;NA;NA;0;NA;0;NA;NA;NA;NA;NA;1;NA;NA;NA;NA;NA;NA;NA;NA;NA;NA;NA;NA;NA;NA;NA;NA;NA
rbbhf - hf_min;2364;0;0;NA;0;0;0;0;0;0;0;0;0;0;0;1;0;0;0;0;0;NA;NA;NA;0;0;0;0;0;0;0;1;NA;NA;1;NA;NA;NA;NA;NA;NA;NA;NA;NA;NA;NA;NA;NA;NA;NA;NA;NA;NA;NA;NA;NA;NA;NA;NA;NA;NA;0;0;NA;0;NA;NA;0;NA;NA;0;NA;NA;NA;NA;NA;NA;1;0;NA;NA;NA;NA;NA;NA;NA;NA;NA;NA;0;NA;0;NA;NA;NA;NA;NA;1;NA;NA;NA;NA;NA;NA;NA;NA;NA;NA;NA;NA;NA;NA;NA;NA;NA
rbbhf - hf_min;2365;0;1;0;0;0;0;0;0;0;0;0;0;0;0;1;0;0;0;0;0;NA;NA;NA;0;0;0;0;0;0;0;1;NA;NA;1;NA;NA;NA;NA;NA;NA;NA;NA;NA;NA;NA;NA;NA;NA;NA;NA;NA;NA;NA;NA;NA;NA;NA;NA;NA;NA;0;0;NA;0;NA;NA;0;NA;NA;0;NA;NA;NA;NA;NA;NA;1;0;NA;NA;NA;NA;NA;NA;NA;NA;NA;NA;0;NA;0;NA;NA;NA;NA;NA;1;NA;NA;NA;NA;NA;NA;NA;NA;NA;NA;NA;NA;NA;NA;NA;NA;NA
rbbhf - hf_min;2366;0;0;NA;0;0;0;0;0;0;0;0;0;0;0;0;NA;NA;NA;NA;NA;NA;NA;NA;NA;NA;NA;0;0;0;1;NA;NA;NA;1;NA;NA;NA;NA;NA;NA;0;0;NA;NA;NA;NA;NA;NA;0;1;NA;NA;NA;NA;NA;NA;NA;NA;NA;NA;0;0;NA;0;NA;NA;0;NA;NA;0;NA;NA;NA;NA;NA;NA;1;0;NA;NA;NA;NA;NA;NA;NA;NA;NA;NA;0;NA;0;NA;NA;NA;NA;NA;1;NA;NA;NA;NA;NA;NA;NA;NA;NA;NA;NA;NA;NA;NA;NA;NA;NA
rbbhf - hf_min;2367;0;1;0;0;0;0;0;0;0;0;0;0;0;0;0;NA;NA;NA;NA;NA;NA;NA;NA;NA;NA;NA;0;0;0;1;NA;NA;NA;1;NA;NA;NA;NA;NA;NA;0;0;NA;NA;NA;NA;NA;NA;0;1;NA;NA;NA;NA;NA;NA;NA;NA;NA;NA;0;0;NA;0;NA;NA;0;NA;NA;0;NA;NA;NA;NA;NA;NA;1;0;NA;NA;NA;NA;NA;NA;NA;NA;NA;NA;0;NA;0;NA;NA;NA;NA;NA;1;NA;NA;NA;NA;NA;NA;NA;NA;NA;NA;NA;NA;NA;NA;NA;NA;NA
rbbhf - hf_min;2368;0;0;NA;0;0;0;0;0;0;0;0;0;0;0;1;0;0;0;0;1;0;0;0;NA;NA;NA;0;0;0;1;NA;NA;NA;1;NA;NA;NA;NA;NA;NA;0;0;NA;NA;NA;NA;NA;NA;0;1;NA;NA;NA;NA;NA;NA;NA;NA;NA;NA;0;0;NA;0;NA;NA;0;NA;NA;0;NA;NA;NA;NA;NA;NA;1;0;NA;NA;NA;NA;NA;NA;NA;NA;NA;NA;0;NA;0;NA;NA;NA;NA;NA;1;NA;NA;NA;NA;NA;NA;NA;NA;NA;NA;NA;NA;NA;NA;NA;NA;NA
rbbhf - hf_min;2369;0;1;0;0;0;0;0;0;0;0;0;0;0;0;1;0;0;0;0;1;0;0;0;NA;NA;NA;0;0;0;1;NA;NA;NA;1;NA;NA;NA;NA;NA;NA;0;0;NA;NA;NA;NA;NA;NA;0;1;NA;NA;NA;NA;NA;NA;NA;NA;NA;NA;0;0;NA;0;NA;NA;0;NA;NA;0;NA;NA;NA;NA;NA;NA;1;0;NA;NA;NA;NA;NA;NA;NA;NA;NA;NA;0;NA;0;NA;NA;NA;NA;NA;1;NA;NA;NA;NA;NA;NA;NA;NA;NA;NA;NA;NA;NA;NA;NA;NA;NA
rbbhf - hf_min;2370;0;0;NA;0;0;0;0;0;0;0;0;0;0;0;1;0;0;0;0;0;NA;NA;NA;0;0;0;0;0;0;1;NA;NA;NA;1;NA;NA;NA;NA;NA;NA;0;0;NA;NA;NA;NA;NA;NA;0;1;NA;NA;NA;NA;NA;NA;NA;NA;NA;NA;0;0;NA;0;NA;NA;0;NA;NA;0;NA;NA;NA;NA;NA;NA;1;0;NA;NA;NA;NA;NA;NA;NA;NA;NA;NA;0;NA;0;NA;NA;NA;NA;NA;1;NA;NA;NA;NA;NA;NA;NA;NA;NA;NA;NA;NA;NA;NA;NA;NA;NA
rbbhf - hf_min;2371;0;1;0;0;0;0;0;0;0;0;0;0;0;0;1;0;0;0;0;0;NA;NA;NA;0;0;0;0;0;0;1;NA;NA;NA;1;NA;NA;NA;NA;NA;NA;0;0;NA;NA;NA;NA;NA;NA;0;1;NA;NA;NA;NA;NA;NA;NA;NA;NA;NA;0;0;NA;0;NA;NA;0;NA;NA;0;NA;NA;NA;NA;NA;NA;1;0;NA;NA;NA;NA;NA;NA;NA;NA;NA;NA;0;NA;0;NA;NA;NA;NA;NA;1;NA;NA;NA;NA;NA;NA;NA;NA;NA;NA;NA;NA;NA;NA;NA;NA;NA
rbbhf - hf_min;2372;0;0;NA;0;0;0;0;0;0;0;0;0;0;0;0;NA;NA;NA;NA;NA;NA;NA;NA;NA;NA;NA;0;0;0;1;NA;NA;NA;NA;NA;NA;NA;NA;NA;NA;0;0;NA;NA;NA;NA;NA;NA;0;0;1;NA;NA;NA;NA;NA;NA;NA;NA;NA;0;0;NA;0;NA;NA;0;NA;NA;0;NA;NA;NA;NA;NA;NA;1;0;NA;NA;NA;NA;NA;NA;NA;NA;NA;NA;0;NA;0;NA;NA;NA;NA;NA;1;NA;NA;NA;NA;NA;NA;NA;NA;NA;NA;NA;NA;NA;NA;NA;NA;NA
rbbhf - hf_min;2373;0;1;0;0;0;0;0;0;0;0;0;0;0;0;0;NA;NA;NA;NA;NA;NA;NA;NA;NA;NA;NA;0;0;0;1;NA;NA;NA;NA;NA;NA;NA;NA;NA;NA;0;0;NA;NA;NA;NA;NA;NA;0;0;1;NA;NA;NA;NA;NA;NA;NA;NA;NA;0;0;NA;0;NA;NA;0;NA;NA;0;NA;NA;NA;NA;NA;NA;1;0;NA;NA;NA;NA;NA;NA;NA;NA;NA;NA;0;NA;0;NA;NA;NA;NA;NA;1;NA;NA;NA;NA;NA;NA;NA;NA;NA;NA;NA;NA;NA;NA;NA;NA;NA
rbbhf - hf_min;2374;0;0;NA;0;0;0;0;0;0;0;0;0;0;0;1;0;0;0;0;1;0;0;0;NA;NA;NA;0;0;0;1;NA;NA;NA;NA;NA;NA;NA;NA;NA;NA;0;0;NA;NA;NA;NA;NA;NA;0;0;1;NA;NA;NA;NA;NA;NA;NA;NA;NA;0;0;NA;0;NA;NA;0;NA;NA;0;NA;NA;NA;NA;NA;NA;1;0;NA;NA;NA;NA;NA;NA;NA;NA;NA;NA;0;NA;0;NA;NA;NA;NA;NA;1;NA;NA;NA;NA;NA;NA;NA;NA;NA;NA;NA;NA;NA;NA;NA;NA;NA
rbbhf - hf_min;2375;0;1;0;0;0;0;0;0;0;0;0;0;0;0;1;0;0;0;0;1;0;0;0;NA;NA;NA;0;0;0;1;NA;NA;NA;NA;NA;NA;NA;NA;NA;NA;0;0;NA;NA;NA;NA;NA;NA;0;0;1;NA;NA;NA;NA;NA;NA;NA;NA;NA;0;0;NA;0;NA;NA;0;NA;NA;0;NA;NA;NA;NA;NA;NA;1;0;NA;NA;NA;NA;NA;NA;NA;NA;NA;NA;0;NA;0;NA;NA;NA;NA;NA;1;NA;NA;NA;NA;NA;NA;NA;NA;NA;NA;NA;NA;NA;NA;NA;NA;NA
rbbhf - hf_min;2376;0;0;NA;0;0;0;0;0;0;0;0;0;0;0;1;0;0;0;0;0;NA;NA;NA;0;0;0;0;0;0;1;NA;NA;NA;NA;NA;NA;NA;NA;NA;NA;0;0;NA;NA;NA;NA;NA;NA;0;0;1;NA;NA;NA;NA;NA;NA;NA;NA;NA;0;0;NA;0;NA;NA;0;NA;NA;0;NA;NA;NA;NA;NA;NA;1;0;NA;NA;NA;NA;NA;NA;NA;NA;NA;NA;0;NA;0;NA;NA;NA;NA;NA;1;NA;NA;NA;NA;NA;NA;NA;NA;NA;NA;NA;NA;NA;NA;NA;NA;NA
rbbhf - hf_min;2377;0;1;0;0;0;0;0;0;0;0;0;0;0;0;1;0;0;0;0;0;NA;NA;NA;0;0;0;0;0;0;1;NA;NA;NA;NA;NA;NA;NA;NA;NA;NA;0;0;NA;NA;NA;NA;NA;NA;0;0;1;NA;NA;NA;NA;NA;NA;NA;NA;NA;0;0;NA;0;NA;NA;0;NA;NA;0;NA;NA;NA;NA;NA;NA;1;0;NA;NA;NA;NA;NA;NA;NA;NA;NA;NA;0;NA;0;NA;NA;NA;NA;NA;1;NA;NA;NA;NA;NA;NA;NA;NA;NA;NA;NA;NA;NA;NA;NA;NA;NA
rbbhf - hf_min;2378;0;0;NA;0;0;0;0;0;0;0;0;0;0;0;0;NA;NA;NA;NA;NA;NA;NA;NA;NA;NA;NA;0;0;0;0;NA;1;NA;NA;NA;NA;NA;NA;NA;NA;NA;NA;NA;NA;NA;NA;NA;NA;NA;NA;NA;NA;NA;NA;NA;NA;NA;NA;NA;NA;0;0;NA;0;NA;NA;0;NA;NA;1;0;NA;NA;NA;NA;NA;1;0;NA;NA;NA;NA;NA;NA;NA;NA;NA;NA;0;NA;0;NA;NA;NA;NA;NA;1;NA;NA;NA;NA;NA;NA;NA;NA;NA;NA;NA;NA;NA;NA;NA;NA;NA
rbbhf - hf_min;2379;0;1;0;0;0;0;0;0;0;0;0;0;0;0;0;NA;NA;NA;NA;NA;NA;NA;NA;NA;NA;NA;0;0;0;0;NA;1;NA;NA;NA;NA;NA;NA;NA;NA;NA;NA;NA;NA;NA;NA;NA;NA;NA;NA;NA;NA;NA;NA;NA;NA;NA;NA;NA;NA;0;0;NA;0;NA;NA;0;NA;NA;1;0;NA;NA;NA;NA;NA;1;0;NA;NA;NA;NA;NA;NA;NA;NA;NA;NA;0;NA;0;NA;NA;NA;NA;NA;1;NA;NA;NA;NA;NA;NA;NA;NA;NA;NA;NA;NA;NA;NA;NA;NA;NA
rbbhf - hf_min;2380;0;0;NA;0;0;0;0;0;0;0;0;0;0;0;1;0;0;0;0;1;0;0;0;NA;NA;NA;0;0;0;0;NA;1;NA;NA;NA;NA;NA;NA;NA;NA;NA;NA;NA;NA;NA;NA;NA;NA;NA;NA;NA;NA;NA;NA;NA;NA;NA;NA;NA;NA;0;0;NA;0;NA;NA;0;NA;NA;1;0;NA;NA;NA;NA;NA;1;0;NA;NA;NA;NA;NA;NA;NA;NA;NA;NA;0;NA;0;NA;NA;NA;NA;NA;1;NA;NA;NA;NA;NA;NA;NA;NA;NA;NA;NA;NA;NA;NA;NA;NA;NA
rbbhf - hf_min;2381;0;1;0;0;0;0;0;0;0;0;0;0;0;0;1;0;0;0;0;1;0;0;0;NA;NA;NA;0;0;0;0;NA;1;NA;NA;NA;NA;NA;NA;NA;NA;NA;NA;NA;NA;NA;NA;NA;NA;NA;NA;NA;NA;NA;NA;NA;NA;NA;NA;NA;NA;0;0;NA;0;NA;NA;0;NA;NA;1;0;NA;NA;NA;NA;NA;1;0;NA;NA;NA;NA;NA;NA;NA;NA;NA;NA;0;NA;0;NA;NA;NA;NA;NA;1;NA;NA;NA;NA;NA;NA;NA;NA;NA;NA;NA;NA;NA;NA;NA;NA;NA
rbbhf - hf_min;2382;0;0;NA;0;0;0;0;0;0;0;0;0;0;0;1;0;0;0;0;0;NA;NA;NA;0;0;0;0;0;0;0;NA;1;NA;NA;NA;NA;NA;NA;NA;NA;NA;NA;NA;NA;NA;NA;NA;NA;NA;NA;NA;NA;NA;NA;NA;NA;NA;NA;NA;NA;0;0;NA;0;NA;NA;0;NA;NA;1;0;NA;NA;NA;NA;NA;1;0;NA;NA;NA;NA;NA;NA;NA;NA;NA;NA;0;NA;0;NA;NA;NA;NA;NA;1;NA;NA;NA;NA;NA;NA;NA;NA;NA;NA;NA;NA;NA;NA;NA;NA;NA
rbbhf - hf_min;2383;0;1;0;0;0;0;0;0;0;0;0;0;0;0;1;0;0;0;0;0;NA;NA;NA;0;0;0;0;0;0;0;NA;1;NA;NA;NA;NA;NA;NA;NA;NA;NA;NA;NA;NA;NA;NA;NA;NA;NA;NA;NA;NA;NA;NA;NA;NA;NA;NA;NA;NA;0;0;NA;0;NA;NA;0;NA;NA;1;0;NA;NA;NA;NA;NA;1;0;NA;NA;NA;NA;NA;NA;NA;NA;NA;NA;0;NA;0;NA;NA;NA;NA;NA;1;NA;NA;NA;NA;NA;NA;NA;NA;NA;NA;NA;NA;NA;NA;NA;NA;NA
rbbhf - hf_min;2384;0;0;NA;0;0;0;0;0;0;0;0;0;0;0;0;NA;NA;NA;NA;NA;NA;NA;NA;NA;NA;NA;0;0;0;0;1;NA;NA;1;NA;NA;NA;NA;NA;NA;NA;NA;NA;NA;NA;NA;NA;NA;NA;NA;NA;NA;NA;NA;NA;NA;NA;NA;NA;NA;0;0;NA;0;NA;NA;0;NA;NA;1;0;NA;NA;NA;NA;NA;1;0;NA;NA;NA;NA;NA;NA;NA;NA;NA;NA;0;NA;0;NA;NA;NA;NA;NA;1;NA;NA;NA;NA;NA;NA;NA;NA;NA;NA;NA;NA;NA;NA;NA;NA;NA
rbbhf - hf_min;2385;0;1;0;0;0;0;0;0;0;0;0;0;0;0;0;NA;NA;NA;NA;NA;NA;NA;NA;NA;NA;NA;0;0;0;0;1;NA;NA;1;NA;NA;NA;NA;NA;NA;NA;NA;NA;NA;NA;NA;NA;NA;NA;NA;NA;NA;NA;NA;NA;NA;NA;NA;NA;NA;0;0;NA;0;NA;NA;0;NA;NA;1;0;NA;NA;NA;NA;NA;1;0;NA;NA;NA;NA;NA;NA;NA;NA;NA;NA;0;NA;0;NA;NA;NA;NA;NA;1;NA;NA;NA;NA;NA;NA;NA;NA;NA;NA;NA;NA;NA;NA;NA;NA;NA
rbbhf - hf_min;2386;0;0;NA;0;0;0;0;0;0;0;0;0;0;0;1;0;0;0;0;1;0;0;0;NA;NA;NA;0;0;0;0;1;NA;NA;1;NA;NA;NA;NA;NA;NA;NA;NA;NA;NA;NA;NA;NA;NA;NA;NA;NA;NA;NA;NA;NA;NA;NA;NA;NA;NA;0;0;NA;0;NA;NA;0;NA;NA;1;0;NA;NA;NA;NA;NA;1;0;NA;NA;NA;NA;NA;NA;NA;NA;NA;NA;0;NA;0;NA;NA;NA;NA;NA;1;NA;NA;NA;NA;NA;NA;NA;NA;NA;NA;NA;NA;NA;NA;NA;NA;NA
rbbhf - hf_min;2387;0;1;0;0;0;0;0;0;0;0;0;0;0;0;1;0;0;0;0;1;0;0;0;NA;NA;NA;0;0;0;0;1;NA;NA;1;NA;NA;NA;NA;NA;NA;NA;NA;NA;NA;NA;NA;NA;NA;NA;NA;NA;NA;NA;NA;NA;NA;NA;NA;NA;NA;0;0;NA;0;NA;NA;0;NA;NA;1;0;NA;NA;NA;NA;NA;1;0;NA;NA;NA;NA;NA;NA;NA;NA;NA;NA;0;NA;0;NA;NA;NA;NA;NA;1;NA;NA;NA;NA;NA;NA;NA;NA;NA;NA;NA;NA;NA;NA;NA;NA;NA
rbbhf - hf_min;2388;0;0;NA;0;0;0;0;0;0;0;0;0;0;0;1;0;0;0;0;0;NA;NA;NA;0;0;0;0;0;0;0;1;NA;NA;1;NA;NA;NA;NA;NA;NA;NA;NA;NA;NA;NA;NA;NA;NA;NA;NA;NA;NA;NA;NA;NA;NA;NA;NA;NA;NA;0;0;NA;0;NA;NA;0;NA;NA;1;0;NA;NA;NA;NA;NA;1;0;NA;NA;NA;NA;NA;NA;NA;NA;NA;NA;0;NA;0;NA;NA;NA;NA;NA;1;NA;NA;NA;NA;NA;NA;NA;NA;NA;NA;NA;NA;NA;NA;NA;NA;NA
rbbhf - hf_min;2389;0;1;0;0;0;0;0;0;0;0;0;0;0;0;1;0;0;0;0;0;NA;NA;NA;0;0;0;0;0;0;0;1;NA;NA;1;NA;NA;NA;NA;NA;NA;NA;NA;NA;NA;NA;NA;NA;NA;NA;NA;NA;NA;NA;NA;NA;NA;NA;NA;NA;NA;0;0;NA;0;NA;NA;0;NA;NA;1;0;NA;NA;NA;NA;NA;1;0;NA;NA;NA;NA;NA;NA;NA;NA;NA;NA;0;NA;0;NA;NA;NA;NA;NA;1;NA;NA;NA;NA;NA;NA;NA;NA;NA;NA;NA;NA;NA;NA;NA;NA;NA
rbbhf - hf_min;2390;0;0;NA;0;0;0;0;0;0;0;0;0;0;0;0;NA;NA;NA;NA;NA;NA;NA;NA;NA;NA;NA;0;0;0;1;NA;NA;NA;1;NA;NA;NA;NA;NA;NA;0;0;NA;NA;NA;NA;NA;NA;0;1;NA;NA;NA;NA;NA;NA;NA;NA;NA;NA;0;0;NA;0;NA;NA;0;NA;NA;1;0;NA;NA;NA;NA;NA;1;0;NA;NA;NA;NA;NA;NA;NA;NA;NA;NA;0;NA;0;NA;NA;NA;NA;NA;1;NA;NA;NA;NA;NA;NA;NA;NA;NA;NA;NA;NA;NA;NA;NA;NA;NA
rbbhf - hf_min;2391;0;1;0;0;0;0;0;0;0;0;0;0;0;0;0;NA;NA;NA;NA;NA;NA;NA;NA;NA;NA;NA;0;0;0;1;NA;NA;NA;1;NA;NA;NA;NA;NA;NA;0;0;NA;NA;NA;NA;NA;NA;0;1;NA;NA;NA;NA;NA;NA;NA;NA;NA;NA;0;0;NA;0;NA;NA;0;NA;NA;1;0;NA;NA;NA;NA;NA;1;0;NA;NA;NA;NA;NA;NA;NA;NA;NA;NA;0;NA;0;NA;NA;NA;NA;NA;1;NA;NA;NA;NA;NA;NA;NA;NA;NA;NA;NA;NA;NA;NA;NA;NA;NA
rbbhf - hf_min;2392;0;0;NA;0;0;0;0;0;0;0;0;0;0;0;1;0;0;0;0;1;0;0;0;NA;NA;NA;0;0;0;1;NA;NA;NA;1;NA;NA;NA;NA;NA;NA;0;0;NA;NA;NA;NA;NA;NA;0;1;NA;NA;NA;NA;NA;NA;NA;NA;NA;NA;0;0;NA;0;NA;NA;0;NA;NA;1;0;NA;NA;NA;NA;NA;1;0;NA;NA;NA;NA;NA;NA;NA;NA;NA;NA;0;NA;0;NA;NA;NA;NA;NA;1;NA;NA;NA;NA;NA;NA;NA;NA;NA;NA;NA;NA;NA;NA;NA;NA;NA
rbbhf - hf_min;2393;0;1;0;0;0;0;0;0;0;0;0;0;0;0;1;0;0;0;0;1;0;0;0;NA;NA;NA;0;0;0;1;NA;NA;NA;1;NA;NA;NA;NA;NA;NA;0;0;NA;NA;NA;NA;NA;NA;0;1;NA;NA;NA;NA;NA;NA;NA;NA;NA;NA;0;0;NA;0;NA;NA;0;NA;NA;1;0;NA;NA;NA;NA;NA;1;0;NA;NA;NA;NA;NA;NA;NA;NA;NA;NA;0;NA;0;NA;NA;NA;NA;NA;1;NA;NA;NA;NA;NA;NA;NA;NA;NA;NA;NA;NA;NA;NA;NA;NA;NA
rbbhf - hf_min;2394;0;0;NA;0;0;0;0;0;0;0;0;0;0;0;1;0;0;0;0;0;NA;NA;NA;0;0;0;0;0;0;1;NA;NA;NA;1;NA;NA;NA;NA;NA;NA;0;0;NA;NA;NA;NA;NA;NA;0;1;NA;NA;NA;NA;NA;NA;NA;NA;NA;NA;0;0;NA;0;NA;NA;0;NA;NA;1;0;NA;NA;NA;NA;NA;1;0;NA;NA;NA;NA;NA;NA;NA;NA;NA;NA;0;NA;0;NA;NA;NA;NA;NA;1;NA;NA;NA;NA;NA;NA;NA;NA;NA;NA;NA;NA;NA;NA;NA;NA;NA
rbbhf - hf_min;2395;0;1;0;0;0;0;0;0;0;0;0;0;0;0;1;0;0;0;0;0;NA;NA;NA;0;0;0;0;0;0;1;NA;NA;NA;1;NA;NA;NA;NA;NA;NA;0;0;NA;NA;NA;NA;NA;NA;0;1;NA;NA;NA;NA;NA;NA;NA;NA;NA;NA;0;0;NA;0;NA;NA;0;NA;NA;1;0;NA;NA;NA;NA;NA;1;0;NA;NA;NA;NA;NA;NA;NA;NA;NA;NA;0;NA;0;NA;NA;NA;NA;NA;1;NA;NA;NA;NA;NA;NA;NA;NA;NA;NA;NA;NA;NA;NA;NA;NA;NA
rbbhf - hf_min;2396;0;0;NA;0;0;0;0;0;0;0;0;0;0;0;0;NA;NA;NA;NA;NA;NA;NA;NA;NA;NA;NA;0;0;0;1;NA;NA;NA;NA;NA;NA;NA;NA;NA;NA;0;0;NA;NA;NA;NA;NA;NA;0;0;1;NA;NA;NA;NA;NA;NA;NA;NA;NA;0;0;NA;0;NA;NA;0;NA;NA;1;0;NA;NA;NA;NA;NA;1;0;NA;NA;NA;NA;NA;NA;NA;NA;NA;NA;0;NA;0;NA;NA;NA;NA;NA;1;NA;NA;NA;NA;NA;NA;NA;NA;NA;NA;NA;NA;NA;NA;NA;NA;NA
rbbhf - hf_min;2397;0;1;0;0;0;0;0;0;0;0;0;0;0;0;0;NA;NA;NA;NA;NA;NA;NA;NA;NA;NA;NA;0;0;0;1;NA;NA;NA;NA;NA;NA;NA;NA;NA;NA;0;0;NA;NA;NA;NA;NA;NA;0;0;1;NA;NA;NA;NA;NA;NA;NA;NA;NA;0;0;NA;0;NA;NA;0;NA;NA;1;0;NA;NA;NA;NA;NA;1;0;NA;NA;NA;NA;NA;NA;NA;NA;NA;NA;0;NA;0;NA;NA;NA;NA;NA;1;NA;NA;NA;NA;NA;NA;NA;NA;NA;NA;NA;NA;NA;NA;NA;NA;NA
rbbhf - hf_min;2398;0;0;NA;0;0;0;0;0;0;0;0;0;0;0;1;0;0;0;0;1;0;0;0;NA;NA;NA;0;0;0;1;NA;NA;NA;NA;NA;NA;NA;NA;NA;NA;0;0;NA;NA;NA;NA;NA;NA;0;0;1;NA;NA;NA;NA;NA;NA;NA;NA;NA;0;0;NA;0;NA;NA;0;NA;NA;1;0;NA;NA;NA;NA;NA;1;0;NA;NA;NA;NA;NA;NA;NA;NA;NA;NA;0;NA;0;NA;NA;NA;NA;NA;1;NA;NA;NA;NA;NA;NA;NA;NA;NA;NA;NA;NA;NA;NA;NA;NA;NA
rbbhf - hf_min;2399;0;1;0;0;0;0;0;0;0;0;0;0;0;0;1;0;0;0;0;1;0;0;0;NA;NA;NA;0;0;0;1;NA;NA;NA;NA;NA;NA;NA;NA;NA;NA;0;0;NA;NA;NA;NA;NA;NA;0;0;1;NA;NA;NA;NA;NA;NA;NA;NA;NA;0;0;NA;0;NA;NA;0;NA;NA;1;0;NA;NA;NA;NA;NA;1;0;NA;NA;NA;NA;NA;NA;NA;NA;NA;NA;0;NA;0;NA;NA;NA;NA;NA;1;NA;NA;NA;NA;NA;NA;NA;NA;NA;NA;NA;NA;NA;NA;NA;NA;NA
rbbhf - hf_min;2400;0;0;NA;0;0;0;0;0;0;0;0;0;0;0;1;0;0;0;0;0;NA;NA;NA;0;0;0;0;0;0;1;NA;NA;NA;NA;NA;NA;NA;NA;NA;NA;0;0;NA;NA;NA;NA;NA;NA;0;0;1;NA;NA;NA;NA;NA;NA;NA;NA;NA;0;0;NA;0;NA;NA;0;NA;NA;1;0;NA;NA;NA;NA;NA;1;0;NA;NA;NA;NA;NA;NA;NA;NA;NA;NA;0;NA;0;NA;NA;NA;NA;NA;1;NA;NA;NA;NA;NA;NA;NA;NA;NA;NA;NA;NA;NA;NA;NA;NA;NA
rbbhf - hf_min;2401;0;1;0;0;0;0;0;0;0;0;0;0;0;0;1;0;0;0;0;0;NA;NA;NA;0;0;0;0;0;0;1;NA;NA;NA;NA;NA;NA;NA;NA;NA;NA;0;0;NA;NA;NA;NA;NA;NA;0;0;1;NA;NA;NA;NA;NA;NA;NA;NA;NA;0;0;NA;0;NA;NA;0;NA;NA;1;0;NA;NA;NA;NA;NA;1;0;NA;NA;NA;NA;NA;NA;NA;NA;NA;NA;0;NA;0;NA;NA;NA;NA;NA;1;NA;NA;NA;NA;NA;NA;NA;NA;NA;NA;NA;NA;NA;NA;NA;NA;NA
rbbhf - hf_min;2402;0;0;NA;0;0;0;0;0;0;0;0;0;0;0;0;NA;NA;NA;NA;NA;NA;NA;NA;NA;NA;NA;0;0;0;0;NA;1;NA;NA;NA;NA;NA;NA;NA;NA;NA;NA;NA;NA;NA;NA;NA;NA;NA;NA;NA;NA;NA;NA;NA;NA;NA;NA;NA;NA;0;0;NA;0;NA;NA;0;NA;NA;0;NA;NA;NA;NA;NA;NA;0;NA;NA;NA;NA;NA;NA;NA;NA;NA;NA;NA;1;1;NA;NA;NA;NA;NA;NA;NA;1;NA;NA;NA;NA;NA;NA;NA;NA;NA;NA;NA;NA;NA;NA;NA;NA
rbbhf - hf_min;2403;0;1;0;0;0;0;0;0;0;0;0;0;0;0;0;NA;NA;NA;NA;NA;NA;NA;NA;NA;NA;NA;0;0;0;0;NA;1;NA;NA;NA;NA;NA;NA;NA;NA;NA;NA;NA;NA;NA;NA;NA;NA;NA;NA;NA;NA;NA;NA;NA;NA;NA;NA;NA;NA;0;0;NA;0;NA;NA;0;NA;NA;0;NA;NA;NA;NA;NA;NA;0;NA;NA;NA;NA;NA;NA;NA;NA;NA;NA;NA;1;1;NA;NA;NA;NA;NA;NA;NA;1;NA;NA;NA;NA;NA;NA;NA;NA;NA;NA;NA;NA;NA;NA;NA;NA
rbbhf - hf_min;2404;0;0;NA;0;0;0;0;0;0;0;0;0;0;0;1;0;0;0;0;1;0;0;0;NA;NA;NA;0;0;0;0;NA;1;NA;NA;NA;NA;NA;NA;NA;NA;NA;NA;NA;NA;NA;NA;NA;NA;NA;NA;NA;NA;NA;NA;NA;NA;NA;NA;NA;NA;0;0;NA;0;NA;NA;0;NA;NA;0;NA;NA;NA;NA;NA;NA;0;NA;NA;NA;NA;NA;NA;NA;NA;NA;NA;NA;1;1;NA;NA;NA;NA;NA;NA;NA;1;NA;NA;NA;NA;NA;NA;NA;NA;NA;NA;NA;NA;NA;NA;NA;NA
rbbhf - hf_min;2405;0;1;0;0;0;0;0;0;0;0;0;0;0;0;1;0;0;0;0;1;0;0;0;NA;NA;NA;0;0;0;0;NA;1;NA;NA;NA;NA;NA;NA;NA;NA;NA;NA;NA;NA;NA;NA;NA;NA;NA;NA;NA;NA;NA;NA;NA;NA;NA;NA;NA;NA;0;0;NA;0;NA;NA;0;NA;NA;0;NA;NA;NA;NA;NA;NA;0;NA;NA;NA;NA;NA;NA;NA;NA;NA;NA;NA;1;1;NA;NA;NA;NA;NA;NA;NA;1;NA;NA;NA;NA;NA;NA;NA;NA;NA;NA;NA;NA;NA;NA;NA;NA
rbbhf - hf_min;2406;0;0;NA;0;0;0;0;0;0;0;0;0;0;0;1;0;0;0;0;0;NA;NA;NA;0;0;0;0;0;0;0;NA;1;NA;NA;NA;NA;NA;NA;NA;NA;NA;NA;NA;NA;NA;NA;NA;NA;NA;NA;NA;NA;NA;NA;NA;NA;NA;NA;NA;NA;0;0;NA;0;NA;NA;0;NA;NA;0;NA;NA;NA;NA;NA;NA;0;NA;NA;NA;NA;NA;NA;NA;NA;NA;NA;NA;1;1;NA;NA;NA;NA;NA;NA;NA;1;NA;NA;NA;NA;NA;NA;NA;NA;NA;NA;NA;NA;NA;NA;NA;NA
rbbhf - hf_min;2407;0;1;0;0;0;0;0;0;0;0;0;0;0;0;1;0;0;0;0;0;NA;NA;NA;0;0;0;0;0;0;0;NA;1;NA;NA;NA;NA;NA;NA;NA;NA;NA;NA;NA;NA;NA;NA;NA;NA;NA;NA;NA;NA;NA;NA;NA;NA;NA;NA;NA;NA;0;0;NA;0;NA;NA;0;NA;NA;0;NA;NA;NA;NA;NA;NA;0;NA;NA;NA;NA;NA;NA;NA;NA;NA;NA;NA;1;1;NA;NA;NA;NA;NA;NA;NA;1;NA;NA;NA;NA;NA;NA;NA;NA;NA;NA;NA;NA;NA;NA;NA;NA
rbbhf - hf_min;2408;0;0;NA;0;0;0;0;0;0;0;0;0;0;0;0;NA;NA;NA;NA;NA;NA;NA;NA;NA;NA;NA;0;0;0;0;1;NA;NA;1;NA;NA;NA;NA;NA;NA;NA;NA;NA;NA;NA;NA;NA;NA;NA;NA;NA;NA;NA;NA;NA;NA;NA;NA;NA;NA;0;0;NA;0;NA;NA;0;NA;NA;0;NA;NA;NA;NA;NA;NA;0;NA;NA;NA;NA;NA;NA;NA;NA;NA;NA;NA;1;1;NA;NA;NA;NA;NA;NA;NA;1;NA;NA;NA;NA;NA;NA;NA;NA;NA;NA;NA;NA;NA;NA;NA;NA
rbbhf - hf_min;2409;0;1;0;0;0;0;0;0;0;0;0;0;0;0;0;NA;NA;NA;NA;NA;NA;NA;NA;NA;NA;NA;0;0;0;0;1;NA;NA;1;NA;NA;NA;NA;NA;NA;NA;NA;NA;NA;NA;NA;NA;NA;NA;NA;NA;NA;NA;NA;NA;NA;NA;NA;NA;NA;0;0;NA;0;NA;NA;0;NA;NA;0;NA;NA;NA;NA;NA;NA;0;NA;NA;NA;NA;NA;NA;NA;NA;NA;NA;NA;1;1;NA;NA;NA;NA;NA;NA;NA;1;NA;NA;NA;NA;NA;NA;NA;NA;NA;NA;NA;NA;NA;NA;NA;NA
rbbhf - hf_min;2410;0;0;NA;0;0;0;0;0;0;0;0;0;0;0;1;0;0;0;0;1;0;0;0;NA;NA;NA;0;0;0;0;1;NA;NA;1;NA;NA;NA;NA;NA;NA;NA;NA;NA;NA;NA;NA;NA;NA;NA;NA;NA;NA;NA;NA;NA;NA;NA;NA;NA;NA;0;0;NA;0;NA;NA;0;NA;NA;0;NA;NA;NA;NA;NA;NA;0;NA;NA;NA;NA;NA;NA;NA;NA;NA;NA;NA;1;1;NA;NA;NA;NA;NA;NA;NA;1;NA;NA;NA;NA;NA;NA;NA;NA;NA;NA;NA;NA;NA;NA;NA;NA
rbbhf - hf_min;2411;0;1;0;0;0;0;0;0;0;0;0;0;0;0;1;0;0;0;0;1;0;0;0;NA;NA;NA;0;0;0;0;1;NA;NA;1;NA;NA;NA;NA;NA;NA;NA;NA;NA;NA;NA;NA;NA;NA;NA;NA;NA;NA;NA;NA;NA;NA;NA;NA;NA;NA;0;0;NA;0;NA;NA;0;NA;NA;0;NA;NA;NA;NA;NA;NA;0;NA;NA;NA;NA;NA;NA;NA;NA;NA;NA;NA;1;1;NA;NA;NA;NA;NA;NA;NA;1;NA;NA;NA;NA;NA;NA;NA;NA;NA;NA;NA;NA;NA;NA;NA;NA
rbbhf - hf_min;2412;0;0;NA;0;0;0;0;0;0;0;0;0;0;0;1;0;0;0;0;0;NA;NA;NA;0;0;0;0;0;0;0;1;NA;NA;1;NA;NA;NA;NA;NA;NA;NA;NA;NA;NA;NA;NA;NA;NA;NA;NA;NA;NA;NA;NA;NA;NA;NA;NA;NA;NA;0;0;NA;0;NA;NA;0;NA;NA;0;NA;NA;NA;NA;NA;NA;0;NA;NA;NA;NA;NA;NA;NA;NA;NA;NA;NA;1;1;NA;NA;NA;NA;NA;NA;NA;1;NA;NA;NA;NA;NA;NA;NA;NA;NA;NA;NA;NA;NA;NA;NA;NA
rbbhf - hf_min;2413;0;1;0;0;0;0;0;0;0;0;0;0;0;0;1;0;0;0;0;0;NA;NA;NA;0;0;0;0;0;0;0;1;NA;NA;1;NA;NA;NA;NA;NA;NA;NA;NA;NA;NA;NA;NA;NA;NA;NA;NA;NA;NA;NA;NA;NA;NA;NA;NA;NA;NA;0;0;NA;0;NA;NA;0;NA;NA;0;NA;NA;NA;NA;NA;NA;0;NA;NA;NA;NA;NA;NA;NA;NA;NA;NA;NA;1;1;NA;NA;NA;NA;NA;NA;NA;1;NA;NA;NA;NA;NA;NA;NA;NA;NA;NA;NA;NA;NA;NA;NA;NA
rbbhf - hf_min;2414;0;0;NA;0;0;0;0;0;0;0;0;0;0;0;0;NA;NA;NA;NA;NA;NA;NA;NA;NA;NA;NA;0;0;0;1;NA;NA;NA;1;NA;NA;NA;NA;NA;NA;0;0;NA;NA;NA;NA;NA;NA;0;1;NA;NA;NA;NA;NA;NA;NA;NA;NA;NA;0;0;NA;0;NA;NA;0;NA;NA;0;NA;NA;NA;NA;NA;NA;0;NA;NA;NA;NA;NA;NA;NA;NA;NA;NA;NA;1;1;NA;NA;NA;NA;NA;NA;NA;1;NA;NA;NA;NA;NA;NA;NA;NA;NA;NA;NA;NA;NA;NA;NA;NA
rbbhf - hf_min;2415;0;1;0;0;0;0;0;0;0;0;0;0;0;0;0;NA;NA;NA;NA;NA;NA;NA;NA;NA;NA;NA;0;0;0;1;NA;NA;NA;1;NA;NA;NA;NA;NA;NA;0;0;NA;NA;NA;NA;NA;NA;0;1;NA;NA;NA;NA;NA;NA;NA;NA;NA;NA;0;0;NA;0;NA;NA;0;NA;NA;0;NA;NA;NA;NA;NA;NA;0;NA;NA;NA;NA;NA;NA;NA;NA;NA;NA;NA;1;1;NA;NA;NA;NA;NA;NA;NA;1;NA;NA;NA;NA;NA;NA;NA;NA;NA;NA;NA;NA;NA;NA;NA;NA
rbbhf - hf_min;2416;0;0;NA;0;0;0;0;0;0;0;0;0;0;0;1;0;0;0;0;1;0;0;0;NA;NA;NA;0;0;0;1;NA;NA;NA;1;NA;NA;NA;NA;NA;NA;0;0;NA;NA;NA;NA;NA;NA;0;1;NA;NA;NA;NA;NA;NA;NA;NA;NA;NA;0;0;NA;0;NA;NA;0;NA;NA;0;NA;NA;NA;NA;NA;NA;0;NA;NA;NA;NA;NA;NA;NA;NA;NA;NA;NA;1;1;NA;NA;NA;NA;NA;NA;NA;1;NA;NA;NA;NA;NA;NA;NA;NA;NA;NA;NA;NA;NA;NA;NA;NA
rbbhf - hf_min;2417;0;1;0;0;0;0;0;0;0;0;0;0;0;0;1;0;0;0;0;1;0;0;0;NA;NA;NA;0;0;0;1;NA;NA;NA;1;NA;NA;NA;NA;NA;NA;0;0;NA;NA;NA;NA;NA;NA;0;1;NA;NA;NA;NA;NA;NA;NA;NA;NA;NA;0;0;NA;0;NA;NA;0;NA;NA;0;NA;NA;NA;NA;NA;NA;0;NA;NA;NA;NA;NA;NA;NA;NA;NA;NA;NA;1;1;NA;NA;NA;NA;NA;NA;NA;1;NA;NA;NA;NA;NA;NA;NA;NA;NA;NA;NA;NA;NA;NA;NA;NA
rbbhf - hf_min;2418;0;0;NA;0;0;0;0;0;0;0;0;0;0;0;1;0;0;0;0;0;NA;NA;NA;0;0;0;0;0;0;1;NA;NA;NA;1;NA;NA;NA;NA;NA;NA;0;0;NA;NA;NA;NA;NA;NA;0;1;NA;NA;NA;NA;NA;NA;NA;NA;NA;NA;0;0;NA;0;NA;NA;0;NA;NA;0;NA;NA;NA;NA;NA;NA;0;NA;NA;NA;NA;NA;NA;NA;NA;NA;NA;NA;1;1;NA;NA;NA;NA;NA;NA;NA;1;NA;NA;NA;NA;NA;NA;NA;NA;NA;NA;NA;NA;NA;NA;NA;NA
rbbhf - hf_min;2419;0;1;0;0;0;0;0;0;0;0;0;0;0;0;1;0;0;0;0;0;NA;NA;NA;0;0;0;0;0;0;1;NA;NA;NA;1;NA;NA;NA;NA;NA;NA;0;0;NA;NA;NA;NA;NA;NA;0;1;NA;NA;NA;NA;NA;NA;NA;NA;NA;NA;0;0;NA;0;NA;NA;0;NA;NA;0;NA;NA;NA;NA;NA;NA;0;NA;NA;NA;NA;NA;NA;NA;NA;NA;NA;NA;1;1;NA;NA;NA;NA;NA;NA;NA;1;NA;NA;NA;NA;NA;NA;NA;NA;NA;NA;NA;NA;NA;NA;NA;NA
rbbhf - hf_min;2420;0;0;NA;0;0;0;0;0;0;0;0;0;0;0;0;NA;NA;NA;NA;NA;NA;NA;NA;NA;NA;NA;0;0;0;1;NA;NA;NA;NA;NA;NA;NA;NA;NA;NA;0;0;NA;NA;NA;NA;NA;NA;0;0;1;NA;NA;NA;NA;NA;NA;NA;NA;NA;0;0;NA;0;NA;NA;0;NA;NA;0;NA;NA;NA;NA;NA;NA;0;NA;NA;NA;NA;NA;NA;NA;NA;NA;NA;NA;1;1;NA;NA;NA;NA;NA;NA;NA;1;NA;NA;NA;NA;NA;NA;NA;NA;NA;NA;NA;NA;NA;NA;NA;NA
rbbhf - hf_min;2421;0;1;0;0;0;0;0;0;0;0;0;0;0;0;0;NA;NA;NA;NA;NA;NA;NA;NA;NA;NA;NA;0;0;0;1;NA;NA;NA;NA;NA;NA;NA;NA;NA;NA;0;0;NA;NA;NA;NA;NA;NA;0;0;1;NA;NA;NA;NA;NA;NA;NA;NA;NA;0;0;NA;0;NA;NA;0;NA;NA;0;NA;NA;NA;NA;NA;NA;0;NA;NA;NA;NA;NA;NA;NA;NA;NA;NA;NA;1;1;NA;NA;NA;NA;NA;NA;NA;1;NA;NA;NA;NA;NA;NA;NA;NA;NA;NA;NA;NA;NA;NA;NA;NA
rbbhf - hf_min;2422;0;0;NA;0;0;0;0;0;0;0;0;0;0;0;1;0;0;0;0;1;0;0;0;NA;NA;NA;0;0;0;1;NA;NA;NA;NA;NA;NA;NA;NA;NA;NA;0;0;NA;NA;NA;NA;NA;NA;0;0;1;NA;NA;NA;NA;NA;NA;NA;NA;NA;0;0;NA;0;NA;NA;0;NA;NA;0;NA;NA;NA;NA;NA;NA;0;NA;NA;NA;NA;NA;NA;NA;NA;NA;NA;NA;1;1;NA;NA;NA;NA;NA;NA;NA;1;NA;NA;NA;NA;NA;NA;NA;NA;NA;NA;NA;NA;NA;NA;NA;NA
rbbhf - hf_min;2423;0;1;0;0;0;0;0;0;0;0;0;0;0;0;1;0;0;0;0;1;0;0;0;NA;NA;NA;0;0;0;1;NA;NA;NA;NA;NA;NA;NA;NA;NA;NA;0;0;NA;NA;NA;NA;NA;NA;0;0;1;NA;NA;NA;NA;NA;NA;NA;NA;NA;0;0;NA;0;NA;NA;0;NA;NA;0;NA;NA;NA;NA;NA;NA;0;NA;NA;NA;NA;NA;NA;NA;NA;NA;NA;NA;1;1;NA;NA;NA;NA;NA;NA;NA;1;NA;NA;NA;NA;NA;NA;NA;NA;NA;NA;NA;NA;NA;NA;NA;NA
rbbhf - hf_min;2424;0;0;NA;0;0;0;0;0;0;0;0;0;0;0;1;0;0;0;0;0;NA;NA;NA;0;0;0;0;0;0;1;NA;NA;NA;NA;NA;NA;NA;NA;NA;NA;0;0;NA;NA;NA;NA;NA;NA;0;0;1;NA;NA;NA;NA;NA;NA;NA;NA;NA;0;0;NA;0;NA;NA;0;NA;NA;0;NA;NA;NA;NA;NA;NA;0;NA;NA;NA;NA;NA;NA;NA;NA;NA;NA;NA;1;1;NA;NA;NA;NA;NA;NA;NA;1;NA;NA;NA;NA;NA;NA;NA;NA;NA;NA;NA;NA;NA;NA;NA;NA
rbbhf - hf_min;2425;0;1;0;0;0;0;0;0;0;0;0;0;0;0;1;0;0;0;0;0;NA;NA;NA;0;0;0;0;0;0;1;NA;NA;NA;NA;NA;NA;NA;NA;NA;NA;0;0;NA;NA;NA;NA;NA;NA;0;0;1;NA;NA;NA;NA;NA;NA;NA;NA;NA;0;0;NA;0;NA;NA;0;NA;NA;0;NA;NA;NA;NA;NA;NA;0;NA;NA;NA;NA;NA;NA;NA;NA;NA;NA;NA;1;1;NA;NA;NA;NA;NA;NA;NA;1;NA;NA;NA;NA;NA;NA;NA;NA;NA;NA;NA;NA;NA;NA;NA;NA
rbbhf - hf_min;2426;0;0;NA;0;0;0;0;0;0;0;0;0;0;0;0;NA;NA;NA;NA;NA;NA;NA;NA;NA;NA;NA;0;0;0;0;NA;1;NA;NA;NA;NA;NA;NA;NA;NA;NA;NA;NA;NA;NA;NA;NA;NA;NA;NA;NA;NA;NA;NA;NA;NA;NA;NA;NA;NA;0;0;NA;0;NA;NA;0;NA;NA;1;0;NA;NA;NA;NA;NA;0;NA;NA;NA;NA;NA;NA;NA;NA;NA;NA;NA;1;1;NA;NA;NA;NA;NA;NA;NA;1;NA;NA;NA;NA;NA;NA;NA;NA;NA;NA;NA;NA;NA;NA;NA;NA
rbbhf - hf_min;2427;0;1;0;0;0;0;0;0;0;0;0;0;0;0;0;NA;NA;NA;NA;NA;NA;NA;NA;NA;NA;NA;0;0;0;0;NA;1;NA;NA;NA;NA;NA;NA;NA;NA;NA;NA;NA;NA;NA;NA;NA;NA;NA;NA;NA;NA;NA;NA;NA;NA;NA;NA;NA;NA;0;0;NA;0;NA;NA;0;NA;NA;1;0;NA;NA;NA;NA;NA;0;NA;NA;NA;NA;NA;NA;NA;NA;NA;NA;NA;1;1;NA;NA;NA;NA;NA;NA;NA;1;NA;NA;NA;NA;NA;NA;NA;NA;NA;NA;NA;NA;NA;NA;NA;NA
rbbhf - hf_min;2428;0;0;NA;0;0;0;0;0;0;0;0;0;0;0;1;0;0;0;0;1;0;0;0;NA;NA;NA;0;0;0;0;NA;1;NA;NA;NA;NA;NA;NA;NA;NA;NA;NA;NA;NA;NA;NA;NA;NA;NA;NA;NA;NA;NA;NA;NA;NA;NA;NA;NA;NA;0;0;NA;0;NA;NA;0;NA;NA;1;0;NA;NA;NA;NA;NA;0;NA;NA;NA;NA;NA;NA;NA;NA;NA;NA;NA;1;1;NA;NA;NA;NA;NA;NA;NA;1;NA;NA;NA;NA;NA;NA;NA;NA;NA;NA;NA;NA;NA;NA;NA;NA
rbbhf - hf_min;2429;0;1;0;0;0;0;0;0;0;0;0;0;0;0;1;0;0;0;0;1;0;0;0;NA;NA;NA;0;0;0;0;NA;1;NA;NA;NA;NA;NA;NA;NA;NA;NA;NA;NA;NA;NA;NA;NA;NA;NA;NA;NA;NA;NA;NA;NA;NA;NA;NA;NA;NA;0;0;NA;0;NA;NA;0;NA;NA;1;0;NA;NA;NA;NA;NA;0;NA;NA;NA;NA;NA;NA;NA;NA;NA;NA;NA;1;1;NA;NA;NA;NA;NA;NA;NA;1;NA;NA;NA;NA;NA;NA;NA;NA;NA;NA;NA;NA;NA;NA;NA;NA
rbbhf - hf_min;2430;0;0;NA;0;0;0;0;0;0;0;0;0;0;0;1;0;0;0;0;0;NA;NA;NA;0;0;0;0;0;0;0;NA;1;NA;NA;NA;NA;NA;NA;NA;NA;NA;NA;NA;NA;NA;NA;NA;NA;NA;NA;NA;NA;NA;NA;NA;NA;NA;NA;NA;NA;0;0;NA;0;NA;NA;0;NA;NA;1;0;NA;NA;NA;NA;NA;0;NA;NA;NA;NA;NA;NA;NA;NA;NA;NA;NA;1;1;NA;NA;NA;NA;NA;NA;NA;1;NA;NA;NA;NA;NA;NA;NA;NA;NA;NA;NA;NA;NA;NA;NA;NA
rbbhf - hf_min;2431;0;1;0;0;0;0;0;0;0;0;0;0;0;0;1;0;0;0;0;0;NA;NA;NA;0;0;0;0;0;0;0;NA;1;NA;NA;NA;NA;NA;NA;NA;NA;NA;NA;NA;NA;NA;NA;NA;NA;NA;NA;NA;NA;NA;NA;NA;NA;NA;NA;NA;NA;0;0;NA;0;NA;NA;0;NA;NA;1;0;NA;NA;NA;NA;NA;0;NA;NA;NA;NA;NA;NA;NA;NA;NA;NA;NA;1;1;NA;NA;NA;NA;NA;NA;NA;1;NA;NA;NA;NA;NA;NA;NA;NA;NA;NA;NA;NA;NA;NA;NA;NA
rbbhf - hf_min;2432;0;0;NA;0;0;0;0;0;0;0;0;0;0;0;0;NA;NA;NA;NA;NA;NA;NA;NA;NA;NA;NA;0;0;0;0;1;NA;NA;1;NA;NA;NA;NA;NA;NA;NA;NA;NA;NA;NA;NA;NA;NA;NA;NA;NA;NA;NA;NA;NA;NA;NA;NA;NA;NA;0;0;NA;0;NA;NA;0;NA;NA;1;0;NA;NA;NA;NA;NA;0;NA;NA;NA;NA;NA;NA;NA;NA;NA;NA;NA;1;1;NA;NA;NA;NA;NA;NA;NA;1;NA;NA;NA;NA;NA;NA;NA;NA;NA;NA;NA;NA;NA;NA;NA;NA
rbbhf - hf_min;2433;0;1;0;0;0;0;0;0;0;0;0;0;0;0;0;NA;NA;NA;NA;NA;NA;NA;NA;NA;NA;NA;0;0;0;0;1;NA;NA;1;NA;NA;NA;NA;NA;NA;NA;NA;NA;NA;NA;NA;NA;NA;NA;NA;NA;NA;NA;NA;NA;NA;NA;NA;NA;NA;0;0;NA;0;NA;NA;0;NA;NA;1;0;NA;NA;NA;NA;NA;0;NA;NA;NA;NA;NA;NA;NA;NA;NA;NA;NA;1;1;NA;NA;NA;NA;NA;NA;NA;1;NA;NA;NA;NA;NA;NA;NA;NA;NA;NA;NA;NA;NA;NA;NA;NA
rbbhf - hf_min;2434;0;0;NA;0;0;0;0;0;0;0;0;0;0;0;1;0;0;0;0;1;0;0;0;NA;NA;NA;0;0;0;0;1;NA;NA;1;NA;NA;NA;NA;NA;NA;NA;NA;NA;NA;NA;NA;NA;NA;NA;NA;NA;NA;NA;NA;NA;NA;NA;NA;NA;NA;0;0;NA;0;NA;NA;0;NA;NA;1;0;NA;NA;NA;NA;NA;0;NA;NA;NA;NA;NA;NA;NA;NA;NA;NA;NA;1;1;NA;NA;NA;NA;NA;NA;NA;1;NA;NA;NA;NA;NA;NA;NA;NA;NA;NA;NA;NA;NA;NA;NA;NA
rbbhf - hf_min;2435;0;1;0;0;0;0;0;0;0;0;0;0;0;0;1;0;0;0;0;1;0;0;0;NA;NA;NA;0;0;0;0;1;NA;NA;1;NA;NA;NA;NA;NA;NA;NA;NA;NA;NA;NA;NA;NA;NA;NA;NA;NA;NA;NA;NA;NA;NA;NA;NA;NA;NA;0;0;NA;0;NA;NA;0;NA;NA;1;0;NA;NA;NA;NA;NA;0;NA;NA;NA;NA;NA;NA;NA;NA;NA;NA;NA;1;1;NA;NA;NA;NA;NA;NA;NA;1;NA;NA;NA;NA;NA;NA;NA;NA;NA;NA;NA;NA;NA;NA;NA;NA
rbbhf - hf_min;2436;0;0;NA;0;0;0;0;0;0;0;0;0;0;0;1;0;0;0;0;0;NA;NA;NA;0;0;0;0;0;0;0;1;NA;NA;1;NA;NA;NA;NA;NA;NA;NA;NA;NA;NA;NA;NA;NA;NA;NA;NA;NA;NA;NA;NA;NA;NA;NA;NA;NA;NA;0;0;NA;0;NA;NA;0;NA;NA;1;0;NA;NA;NA;NA;NA;0;NA;NA;NA;NA;NA;NA;NA;NA;NA;NA;NA;1;1;NA;NA;NA;NA;NA;NA;NA;1;NA;NA;NA;NA;NA;NA;NA;NA;NA;NA;NA;NA;NA;NA;NA;NA
rbbhf - hf_min;2437;0;1;0;0;0;0;0;0;0;0;0;0;0;0;1;0;0;0;0;0;NA;NA;NA;0;0;0;0;0;0;0;1;NA;NA;1;NA;NA;NA;NA;NA;NA;NA;NA;NA;NA;NA;NA;NA;NA;NA;NA;NA;NA;NA;NA;NA;NA;NA;NA;NA;NA;0;0;NA;0;NA;NA;0;NA;NA;1;0;NA;NA;NA;NA;NA;0;NA;NA;NA;NA;NA;NA;NA;NA;NA;NA;NA;1;1;NA;NA;NA;NA;NA;NA;NA;1;NA;NA;NA;NA;NA;NA;NA;NA;NA;NA;NA;NA;NA;NA;NA;NA
rbbhf - hf_min;2438;0;0;NA;0;0;0;0;0;0;0;0;0;0;0;0;NA;NA;NA;NA;NA;NA;NA;NA;NA;NA;NA;0;0;0;1;NA;NA;NA;1;NA;NA;NA;NA;NA;NA;0;0;NA;NA;NA;NA;NA;NA;0;1;NA;NA;NA;NA;NA;NA;NA;NA;NA;NA;0;0;NA;0;NA;NA;0;NA;NA;1;0;NA;NA;NA;NA;NA;0;NA;NA;NA;NA;NA;NA;NA;NA;NA;NA;NA;1;1;NA;NA;NA;NA;NA;NA;NA;1;NA;NA;NA;NA;NA;NA;NA;NA;NA;NA;NA;NA;NA;NA;NA;NA
rbbhf - hf_min;2439;0;1;0;0;0;0;0;0;0;0;0;0;0;0;0;NA;NA;NA;NA;NA;NA;NA;NA;NA;NA;NA;0;0;0;1;NA;NA;NA;1;NA;NA;NA;NA;NA;NA;0;0;NA;NA;NA;NA;NA;NA;0;1;NA;NA;NA;NA;NA;NA;NA;NA;NA;NA;0;0;NA;0;NA;NA;0;NA;NA;1;0;NA;NA;NA;NA;NA;0;NA;NA;NA;NA;NA;NA;NA;NA;NA;NA;NA;1;1;NA;NA;NA;NA;NA;NA;NA;1;NA;NA;NA;NA;NA;NA;NA;NA;NA;NA;NA;NA;NA;NA;NA;NA
rbbhf - hf_min;2440;0;0;NA;0;0;0;0;0;0;0;0;0;0;0;1;0;0;0;0;1;0;0;0;NA;NA;NA;0;0;0;1;NA;NA;NA;1;NA;NA;NA;NA;NA;NA;0;0;NA;NA;NA;NA;NA;NA;0;1;NA;NA;NA;NA;NA;NA;NA;NA;NA;NA;0;0;NA;0;NA;NA;0;NA;NA;1;0;NA;NA;NA;NA;NA;0;NA;NA;NA;NA;NA;NA;NA;NA;NA;NA;NA;1;1;NA;NA;NA;NA;NA;NA;NA;1;NA;NA;NA;NA;NA;NA;NA;NA;NA;NA;NA;NA;NA;NA;NA;NA
rbbhf - hf_min;2441;0;1;0;0;0;0;0;0;0;0;0;0;0;0;1;0;0;0;0;1;0;0;0;NA;NA;NA;0;0;0;1;NA;NA;NA;1;NA;NA;NA;NA;NA;NA;0;0;NA;NA;NA;NA;NA;NA;0;1;NA;NA;NA;NA;NA;NA;NA;NA;NA;NA;0;0;NA;0;NA;NA;0;NA;NA;1;0;NA;NA;NA;NA;NA;0;NA;NA;NA;NA;NA;NA;NA;NA;NA;NA;NA;1;1;NA;NA;NA;NA;NA;NA;NA;1;NA;NA;NA;NA;NA;NA;NA;NA;NA;NA;NA;NA;NA;NA;NA;NA
rbbhf - hf_min;2442;0;0;NA;0;0;0;0;0;0;0;0;0;0;0;1;0;0;0;0;0;NA;NA;NA;0;0;0;0;0;0;1;NA;NA;NA;1;NA;NA;NA;NA;NA;NA;0;0;NA;NA;NA;NA;NA;NA;0;1;NA;NA;NA;NA;NA;NA;NA;NA;NA;NA;0;0;NA;0;NA;NA;0;NA;NA;1;0;NA;NA;NA;NA;NA;0;NA;NA;NA;NA;NA;NA;NA;NA;NA;NA;NA;1;1;NA;NA;NA;NA;NA;NA;NA;1;NA;NA;NA;NA;NA;NA;NA;NA;NA;NA;NA;NA;NA;NA;NA;NA
rbbhf - hf_min;2443;0;1;0;0;0;0;0;0;0;0;0;0;0;0;1;0;0;0;0;0;NA;NA;NA;0;0;0;0;0;0;1;NA;NA;NA;1;NA;NA;NA;NA;NA;NA;0;0;NA;NA;NA;NA;NA;NA;0;1;NA;NA;NA;NA;NA;NA;NA;NA;NA;NA;0;0;NA;0;NA;NA;0;NA;NA;1;0;NA;NA;NA;NA;NA;0;NA;NA;NA;NA;NA;NA;NA;NA;NA;NA;NA;1;1;NA;NA;NA;NA;NA;NA;NA;1;NA;NA;NA;NA;NA;NA;NA;NA;NA;NA;NA;NA;NA;NA;NA;NA
rbbhf - hf_min;2444;0;0;NA;0;0;0;0;0;0;0;0;0;0;0;0;NA;NA;NA;NA;NA;NA;NA;NA;NA;NA;NA;0;0;0;1;NA;NA;NA;NA;NA;NA;NA;NA;NA;NA;0;0;NA;NA;NA;NA;NA;NA;0;0;1;NA;NA;NA;NA;NA;NA;NA;NA;NA;0;0;NA;0;NA;NA;0;NA;NA;1;0;NA;NA;NA;NA;NA;0;NA;NA;NA;NA;NA;NA;NA;NA;NA;NA;NA;1;1;NA;NA;NA;NA;NA;NA;NA;1;NA;NA;NA;NA;NA;NA;NA;NA;NA;NA;NA;NA;NA;NA;NA;NA
rbbhf - hf_min;2445;0;1;0;0;0;0;0;0;0;0;0;0;0;0;0;NA;NA;NA;NA;NA;NA;NA;NA;NA;NA;NA;0;0;0;1;NA;NA;NA;NA;NA;NA;NA;NA;NA;NA;0;0;NA;NA;NA;NA;NA;NA;0;0;1;NA;NA;NA;NA;NA;NA;NA;NA;NA;0;0;NA;0;NA;NA;0;NA;NA;1;0;NA;NA;NA;NA;NA;0;NA;NA;NA;NA;NA;NA;NA;NA;NA;NA;NA;1;1;NA;NA;NA;NA;NA;NA;NA;1;NA;NA;NA;NA;NA;NA;NA;NA;NA;NA;NA;NA;NA;NA;NA;NA
rbbhf - hf_min;2446;0;0;NA;0;0;0;0;0;0;0;0;0;0;0;1;0;0;0;0;1;0;0;0;NA;NA;NA;0;0;0;1;NA;NA;NA;NA;NA;NA;NA;NA;NA;NA;0;0;NA;NA;NA;NA;NA;NA;0;0;1;NA;NA;NA;NA;NA;NA;NA;NA;NA;0;0;NA;0;NA;NA;0;NA;NA;1;0;NA;NA;NA;NA;NA;0;NA;NA;NA;NA;NA;NA;NA;NA;NA;NA;NA;1;1;NA;NA;NA;NA;NA;NA;NA;1;NA;NA;NA;NA;NA;NA;NA;NA;NA;NA;NA;NA;NA;NA;NA;NA
rbbhf - hf_min;2447;0;1;0;0;0;0;0;0;0;0;0;0;0;0;1;0;0;0;0;1;0;0;0;NA;NA;NA;0;0;0;1;NA;NA;NA;NA;NA;NA;NA;NA;NA;NA;0;0;NA;NA;NA;NA;NA;NA;0;0;1;NA;NA;NA;NA;NA;NA;NA;NA;NA;0;0;NA;0;NA;NA;0;NA;NA;1;0;NA;NA;NA;NA;NA;0;NA;NA;NA;NA;NA;NA;NA;NA;NA;NA;NA;1;1;NA;NA;NA;NA;NA;NA;NA;1;NA;NA;NA;NA;NA;NA;NA;NA;NA;NA;NA;NA;NA;NA;NA;NA
rbbhf - hf_min;2448;0;0;NA;0;0;0;0;0;0;0;0;0;0;0;1;0;0;0;0;0;NA;NA;NA;0;0;0;0;0;0;1;NA;NA;NA;NA;NA;NA;NA;NA;NA;NA;0;0;NA;NA;NA;NA;NA;NA;0;0;1;NA;NA;NA;NA;NA;NA;NA;NA;NA;0;0;NA;0;NA;NA;0;NA;NA;1;0;NA;NA;NA;NA;NA;0;NA;NA;NA;NA;NA;NA;NA;NA;NA;NA;NA;1;1;NA;NA;NA;NA;NA;NA;NA;1;NA;NA;NA;NA;NA;NA;NA;NA;NA;NA;NA;NA;NA;NA;NA;NA
rbbhf - hf_min;2449;0;1;0;0;0;0;0;0;0;0;0;0;0;0;1;0;0;0;0;0;NA;NA;NA;0;0;0;0;0;0;1;NA;NA;NA;NA;NA;NA;NA;NA;NA;NA;0;0;NA;NA;NA;NA;NA;NA;0;0;1;NA;NA;NA;NA;NA;NA;NA;NA;NA;0;0;NA;0;NA;NA;0;NA;NA;1;0;NA;NA;NA;NA;NA;0;NA;NA;NA;NA;NA;NA;NA;NA;NA;NA;NA;1;1;NA;NA;NA;NA;NA;NA;NA;1;NA;NA;NA;NA;NA;NA;NA;NA;NA;NA;NA;NA;NA;NA;NA;NA
rbbhf - hf_min;2450;0;0;NA;0;0;0;0;0;0;0;0;0;0;0;0;NA;NA;NA;NA;NA;NA;NA;NA;NA;NA;NA;0;0;0;0;NA;1;NA;NA;NA;NA;NA;NA;NA;NA;NA;NA;NA;NA;NA;NA;NA;NA;NA;NA;NA;NA;NA;NA;NA;NA;NA;NA;NA;NA;0;0;NA;0;NA;NA;0;NA;NA;0;NA;NA;NA;NA;NA;NA;1;0;NA;NA;NA;NA;NA;NA;NA;NA;NA;NA;1;1;NA;NA;NA;NA;NA;NA;NA;1;NA;NA;NA;NA;NA;NA;NA;NA;NA;NA;NA;NA;NA;NA;NA;NA
rbbhf - hf_min;2451;0;1;0;0;0;0;0;0;0;0;0;0;0;0;0;NA;NA;NA;NA;NA;NA;NA;NA;NA;NA;NA;0;0;0;0;NA;1;NA;NA;NA;NA;NA;NA;NA;NA;NA;NA;NA;NA;NA;NA;NA;NA;NA;NA;NA;NA;NA;NA;NA;NA;NA;NA;NA;NA;0;0;NA;0;NA;NA;0;NA;NA;0;NA;NA;NA;NA;NA;NA;1;0;NA;NA;NA;NA;NA;NA;NA;NA;NA;NA;1;1;NA;NA;NA;NA;NA;NA;NA;1;NA;NA;NA;NA;NA;NA;NA;NA;NA;NA;NA;NA;NA;NA;NA;NA
rbbhf - hf_min;2452;0;0;NA;0;0;0;0;0;0;0;0;0;0;0;1;0;0;0;0;1;0;0;0;NA;NA;NA;0;0;0;0;NA;1;NA;NA;NA;NA;NA;NA;NA;NA;NA;NA;NA;NA;NA;NA;NA;NA;NA;NA;NA;NA;NA;NA;NA;NA;NA;NA;NA;NA;0;0;NA;0;NA;NA;0;NA;NA;0;NA;NA;NA;NA;NA;NA;1;0;NA;NA;NA;NA;NA;NA;NA;NA;NA;NA;1;1;NA;NA;NA;NA;NA;NA;NA;1;NA;NA;NA;NA;NA;NA;NA;NA;NA;NA;NA;NA;NA;NA;NA;NA
rbbhf - hf_min;2453;0;1;0;0;0;0;0;0;0;0;0;0;0;0;1;0;0;0;0;1;0;0;0;NA;NA;NA;0;0;0;0;NA;1;NA;NA;NA;NA;NA;NA;NA;NA;NA;NA;NA;NA;NA;NA;NA;NA;NA;NA;NA;NA;NA;NA;NA;NA;NA;NA;NA;NA;0;0;NA;0;NA;NA;0;NA;NA;0;NA;NA;NA;NA;NA;NA;1;0;NA;NA;NA;NA;NA;NA;NA;NA;NA;NA;1;1;NA;NA;NA;NA;NA;NA;NA;1;NA;NA;NA;NA;NA;NA;NA;NA;NA;NA;NA;NA;NA;NA;NA;NA
rbbhf - hf_min;2454;0;0;NA;0;0;0;0;0;0;0;0;0;0;0;1;0;0;0;0;0;NA;NA;NA;0;0;0;0;0;0;0;NA;1;NA;NA;NA;NA;NA;NA;NA;NA;NA;NA;NA;NA;NA;NA;NA;NA;NA;NA;NA;NA;NA;NA;NA;NA;NA;NA;NA;NA;0;0;NA;0;NA;NA;0;NA;NA;0;NA;NA;NA;NA;NA;NA;1;0;NA;NA;NA;NA;NA;NA;NA;NA;NA;NA;1;1;NA;NA;NA;NA;NA;NA;NA;1;NA;NA;NA;NA;NA;NA;NA;NA;NA;NA;NA;NA;NA;NA;NA;NA
rbbhf - hf_min;2455;0;1;0;0;0;0;0;0;0;0;0;0;0;0;1;0;0;0;0;0;NA;NA;NA;0;0;0;0;0;0;0;NA;1;NA;NA;NA;NA;NA;NA;NA;NA;NA;NA;NA;NA;NA;NA;NA;NA;NA;NA;NA;NA;NA;NA;NA;NA;NA;NA;NA;NA;0;0;NA;0;NA;NA;0;NA;NA;0;NA;NA;NA;NA;NA;NA;1;0;NA;NA;NA;NA;NA;NA;NA;NA;NA;NA;1;1;NA;NA;NA;NA;NA;NA;NA;1;NA;NA;NA;NA;NA;NA;NA;NA;NA;NA;NA;NA;NA;NA;NA;NA
rbbhf - hf_min;2456;0;0;NA;0;0;0;0;0;0;0;0;0;0;0;0;NA;NA;NA;NA;NA;NA;NA;NA;NA;NA;NA;0;0;0;0;1;NA;NA;1;NA;NA;NA;NA;NA;NA;NA;NA;NA;NA;NA;NA;NA;NA;NA;NA;NA;NA;NA;NA;NA;NA;NA;NA;NA;NA;0;0;NA;0;NA;NA;0;NA;NA;0;NA;NA;NA;NA;NA;NA;1;0;NA;NA;NA;NA;NA;NA;NA;NA;NA;NA;1;1;NA;NA;NA;NA;NA;NA;NA;1;NA;NA;NA;NA;NA;NA;NA;NA;NA;NA;NA;NA;NA;NA;NA;NA
rbbhf - hf_min;2457;0;1;0;0;0;0;0;0;0;0;0;0;0;0;0;NA;NA;NA;NA;NA;NA;NA;NA;NA;NA;NA;0;0;0;0;1;NA;NA;1;NA;NA;NA;NA;NA;NA;NA;NA;NA;NA;NA;NA;NA;NA;NA;NA;NA;NA;NA;NA;NA;NA;NA;NA;NA;NA;0;0;NA;0;NA;NA;0;NA;NA;0;NA;NA;NA;NA;NA;NA;1;0;NA;NA;NA;NA;NA;NA;NA;NA;NA;NA;1;1;NA;NA;NA;NA;NA;NA;NA;1;NA;NA;NA;NA;NA;NA;NA;NA;NA;NA;NA;NA;NA;NA;NA;NA
rbbhf - hf_min;2458;0;0;NA;0;0;0;0;0;0;0;0;0;0;0;1;0;0;0;0;1;0;0;0;NA;NA;NA;0;0;0;0;1;NA;NA;1;NA;NA;NA;NA;NA;NA;NA;NA;NA;NA;NA;NA;NA;NA;NA;NA;NA;NA;NA;NA;NA;NA;NA;NA;NA;NA;0;0;NA;0;NA;NA;0;NA;NA;0;NA;NA;NA;NA;NA;NA;1;0;NA;NA;NA;NA;NA;NA;NA;NA;NA;NA;1;1;NA;NA;NA;NA;NA;NA;NA;1;NA;NA;NA;NA;NA;NA;NA;NA;NA;NA;NA;NA;NA;NA;NA;NA
rbbhf - hf_min;2459;0;1;0;0;0;0;0;0;0;0;0;0;0;0;1;0;0;0;0;1;0;0;0;NA;NA;NA;0;0;0;0;1;NA;NA;1;NA;NA;NA;NA;NA;NA;NA;NA;NA;NA;NA;NA;NA;NA;NA;NA;NA;NA;NA;NA;NA;NA;NA;NA;NA;NA;0;0;NA;0;NA;NA;0;NA;NA;0;NA;NA;NA;NA;NA;NA;1;0;NA;NA;NA;NA;NA;NA;NA;NA;NA;NA;1;1;NA;NA;NA;NA;NA;NA;NA;1;NA;NA;NA;NA;NA;NA;NA;NA;NA;NA;NA;NA;NA;NA;NA;NA
rbbhf - hf_min;2460;0;0;NA;0;0;0;0;0;0;0;0;0;0;0;1;0;0;0;0;0;NA;NA;NA;0;0;0;0;0;0;0;1;NA;NA;1;NA;NA;NA;NA;NA;NA;NA;NA;NA;NA;NA;NA;NA;NA;NA;NA;NA;NA;NA;NA;NA;NA;NA;NA;NA;NA;0;0;NA;0;NA;NA;0;NA;NA;0;NA;NA;NA;NA;NA;NA;1;0;NA;NA;NA;NA;NA;NA;NA;NA;NA;NA;1;1;NA;NA;NA;NA;NA;NA;NA;1;NA;NA;NA;NA;NA;NA;NA;NA;NA;NA;NA;NA;NA;NA;NA;NA
rbbhf - hf_min;2461;0;1;0;0;0;0;0;0;0;0;0;0;0;0;1;0;0;0;0;0;NA;NA;NA;0;0;0;0;0;0;0;1;NA;NA;1;NA;NA;NA;NA;NA;NA;NA;NA;NA;NA;NA;NA;NA;NA;NA;NA;NA;NA;NA;NA;NA;NA;NA;NA;NA;NA;0;0;NA;0;NA;NA;0;NA;NA;0;NA;NA;NA;NA;NA;NA;1;0;NA;NA;NA;NA;NA;NA;NA;NA;NA;NA;1;1;NA;NA;NA;NA;NA;NA;NA;1;NA;NA;NA;NA;NA;NA;NA;NA;NA;NA;NA;NA;NA;NA;NA;NA
rbbhf - hf_min;2462;0;0;NA;0;0;0;0;0;0;0;0;0;0;0;0;NA;NA;NA;NA;NA;NA;NA;NA;NA;NA;NA;0;0;0;1;NA;NA;NA;1;NA;NA;NA;NA;NA;NA;0;0;NA;NA;NA;NA;NA;NA;0;1;NA;NA;NA;NA;NA;NA;NA;NA;NA;NA;0;0;NA;0;NA;NA;0;NA;NA;0;NA;NA;NA;NA;NA;NA;1;0;NA;NA;NA;NA;NA;NA;NA;NA;NA;NA;1;1;NA;NA;NA;NA;NA;NA;NA;1;NA;NA;NA;NA;NA;NA;NA;NA;NA;NA;NA;NA;NA;NA;NA;NA
rbbhf - hf_min;2463;0;1;0;0;0;0;0;0;0;0;0;0;0;0;0;NA;NA;NA;NA;NA;NA;NA;NA;NA;NA;NA;0;0;0;1;NA;NA;NA;1;NA;NA;NA;NA;NA;NA;0;0;NA;NA;NA;NA;NA;NA;0;1;NA;NA;NA;NA;NA;NA;NA;NA;NA;NA;0;0;NA;0;NA;NA;0;NA;NA;0;NA;NA;NA;NA;NA;NA;1;0;NA;NA;NA;NA;NA;NA;NA;NA;NA;NA;1;1;NA;NA;NA;NA;NA;NA;NA;1;NA;NA;NA;NA;NA;NA;NA;NA;NA;NA;NA;NA;NA;NA;NA;NA
rbbhf - hf_min;2464;0;0;NA;0;0;0;0;0;0;0;0;0;0;0;1;0;0;0;0;1;0;0;0;NA;NA;NA;0;0;0;1;NA;NA;NA;1;NA;NA;NA;NA;NA;NA;0;0;NA;NA;NA;NA;NA;NA;0;1;NA;NA;NA;NA;NA;NA;NA;NA;NA;NA;0;0;NA;0;NA;NA;0;NA;NA;0;NA;NA;NA;NA;NA;NA;1;0;NA;NA;NA;NA;NA;NA;NA;NA;NA;NA;1;1;NA;NA;NA;NA;NA;NA;NA;1;NA;NA;NA;NA;NA;NA;NA;NA;NA;NA;NA;NA;NA;NA;NA;NA
rbbhf - hf_min;2465;0;1;0;0;0;0;0;0;0;0;0;0;0;0;1;0;0;0;0;1;0;0;0;NA;NA;NA;0;0;0;1;NA;NA;NA;1;NA;NA;NA;NA;NA;NA;0;0;NA;NA;NA;NA;NA;NA;0;1;NA;NA;NA;NA;NA;NA;NA;NA;NA;NA;0;0;NA;0;NA;NA;0;NA;NA;0;NA;NA;NA;NA;NA;NA;1;0;NA;NA;NA;NA;NA;NA;NA;NA;NA;NA;1;1;NA;NA;NA;NA;NA;NA;NA;1;NA;NA;NA;NA;NA;NA;NA;NA;NA;NA;NA;NA;NA;NA;NA;NA
rbbhf - hf_min;2466;0;0;NA;0;0;0;0;0;0;0;0;0;0;0;1;0;0;0;0;0;NA;NA;NA;0;0;0;0;0;0;1;NA;NA;NA;1;NA;NA;NA;NA;NA;NA;0;0;NA;NA;NA;NA;NA;NA;0;1;NA;NA;NA;NA;NA;NA;NA;NA;NA;NA;0;0;NA;0;NA;NA;0;NA;NA;0;NA;NA;NA;NA;NA;NA;1;0;NA;NA;NA;NA;NA;NA;NA;NA;NA;NA;1;1;NA;NA;NA;NA;NA;NA;NA;1;NA;NA;NA;NA;NA;NA;NA;NA;NA;NA;NA;NA;NA;NA;NA;NA
rbbhf - hf_min;2467;0;1;0;0;0;0;0;0;0;0;0;0;0;0;1;0;0;0;0;0;NA;NA;NA;0;0;0;0;0;0;1;NA;NA;NA;1;NA;NA;NA;NA;NA;NA;0;0;NA;NA;NA;NA;NA;NA;0;1;NA;NA;NA;NA;NA;NA;NA;NA;NA;NA;0;0;NA;0;NA;NA;0;NA;NA;0;NA;NA;NA;NA;NA;NA;1;0;NA;NA;NA;NA;NA;NA;NA;NA;NA;NA;1;1;NA;NA;NA;NA;NA;NA;NA;1;NA;NA;NA;NA;NA;NA;NA;NA;NA;NA;NA;NA;NA;NA;NA;NA
rbbhf - hf_min;2468;0;0;NA;0;0;0;0;0;0;0;0;0;0;0;0;NA;NA;NA;NA;NA;NA;NA;NA;NA;NA;NA;0;0;0;1;NA;NA;NA;NA;NA;NA;NA;NA;NA;NA;0;0;NA;NA;NA;NA;NA;NA;0;0;1;NA;NA;NA;NA;NA;NA;NA;NA;NA;0;0;NA;0;NA;NA;0;NA;NA;0;NA;NA;NA;NA;NA;NA;1;0;NA;NA;NA;NA;NA;NA;NA;NA;NA;NA;1;1;NA;NA;NA;NA;NA;NA;NA;1;NA;NA;NA;NA;NA;NA;NA;NA;NA;NA;NA;NA;NA;NA;NA;NA
rbbhf - hf_min;2469;0;1;0;0;0;0;0;0;0;0;0;0;0;0;0;NA;NA;NA;NA;NA;NA;NA;NA;NA;NA;NA;0;0;0;1;NA;NA;NA;NA;NA;NA;NA;NA;NA;NA;0;0;NA;NA;NA;NA;NA;NA;0;0;1;NA;NA;NA;NA;NA;NA;NA;NA;NA;0;0;NA;0;NA;NA;0;NA;NA;0;NA;NA;NA;NA;NA;NA;1;0;NA;NA;NA;NA;NA;NA;NA;NA;NA;NA;1;1;NA;NA;NA;NA;NA;NA;NA;1;NA;NA;NA;NA;NA;NA;NA;NA;NA;NA;NA;NA;NA;NA;NA;NA
rbbhf - hf_min;2470;0;0;NA;0;0;0;0;0;0;0;0;0;0;0;1;0;0;0;0;1;0;0;0;NA;NA;NA;0;0;0;1;NA;NA;NA;NA;NA;NA;NA;NA;NA;NA;0;0;NA;NA;NA;NA;NA;NA;0;0;1;NA;NA;NA;NA;NA;NA;NA;NA;NA;0;0;NA;0;NA;NA;0;NA;NA;0;NA;NA;NA;NA;NA;NA;1;0;NA;NA;NA;NA;NA;NA;NA;NA;NA;NA;1;1;NA;NA;NA;NA;NA;NA;NA;1;NA;NA;NA;NA;NA;NA;NA;NA;NA;NA;NA;NA;NA;NA;NA;NA
rbbhf - hf_min;2471;0;1;0;0;0;0;0;0;0;0;0;0;0;0;1;0;0;0;0;1;0;0;0;NA;NA;NA;0;0;0;1;NA;NA;NA;NA;NA;NA;NA;NA;NA;NA;0;0;NA;NA;NA;NA;NA;NA;0;0;1;NA;NA;NA;NA;NA;NA;NA;NA;NA;0;0;NA;0;NA;NA;0;NA;NA;0;NA;NA;NA;NA;NA;NA;1;0;NA;NA;NA;NA;NA;NA;NA;NA;NA;NA;1;1;NA;NA;NA;NA;NA;NA;NA;1;NA;NA;NA;NA;NA;NA;NA;NA;NA;NA;NA;NA;NA;NA;NA;NA
rbbhf - hf_min;2472;0;0;NA;0;0;0;0;0;0;0;0;0;0;0;1;0;0;0;0;0;NA;NA;NA;0;0;0;0;0;0;1;NA;NA;NA;NA;NA;NA;NA;NA;NA;NA;0;0;NA;NA;NA;NA;NA;NA;0;0;1;NA;NA;NA;NA;NA;NA;NA;NA;NA;0;0;NA;0;NA;NA;0;NA;NA;0;NA;NA;NA;NA;NA;NA;1;0;NA;NA;NA;NA;NA;NA;NA;NA;NA;NA;1;1;NA;NA;NA;NA;NA;NA;NA;1;NA;NA;NA;NA;NA;NA;NA;NA;NA;NA;NA;NA;NA;NA;NA;NA
rbbhf - hf_min;2473;0;1;0;0;0;0;0;0;0;0;0;0;0;0;1;0;0;0;0;0;NA;NA;NA;0;0;0;0;0;0;1;NA;NA;NA;NA;NA;NA;NA;NA;NA;NA;0;0;NA;NA;NA;NA;NA;NA;0;0;1;NA;NA;NA;NA;NA;NA;NA;NA;NA;0;0;NA;0;NA;NA;0;NA;NA;0;NA;NA;NA;NA;NA;NA;1;0;NA;NA;NA;NA;NA;NA;NA;NA;NA;NA;1;1;NA;NA;NA;NA;NA;NA;NA;1;NA;NA;NA;NA;NA;NA;NA;NA;NA;NA;NA;NA;NA;NA;NA;NA
rbbhf - hf_min;2474;0;0;NA;0;0;0;0;0;0;0;0;0;0;0;0;NA;NA;NA;NA;NA;NA;NA;NA;NA;NA;NA;0;0;0;0;NA;1;NA;NA;NA;NA;NA;NA;NA;NA;NA;NA;NA;NA;NA;NA;NA;NA;NA;NA;NA;NA;NA;NA;NA;NA;NA;NA;NA;NA;0;0;NA;0;NA;NA;0;NA;NA;1;0;NA;NA;NA;NA;NA;1;0;NA;NA;NA;NA;NA;NA;NA;NA;NA;NA;1;1;NA;NA;NA;NA;NA;NA;NA;1;NA;NA;NA;NA;NA;NA;NA;NA;NA;NA;NA;NA;NA;NA;NA;NA
rbbhf - hf_min;2475;0;1;0;0;0;0;0;0;0;0;0;0;0;0;0;NA;NA;NA;NA;NA;NA;NA;NA;NA;NA;NA;0;0;0;0;NA;1;NA;NA;NA;NA;NA;NA;NA;NA;NA;NA;NA;NA;NA;NA;NA;NA;NA;NA;NA;NA;NA;NA;NA;NA;NA;NA;NA;NA;0;0;NA;0;NA;NA;0;NA;NA;1;0;NA;NA;NA;NA;NA;1;0;NA;NA;NA;NA;NA;NA;NA;NA;NA;NA;1;1;NA;NA;NA;NA;NA;NA;NA;1;NA;NA;NA;NA;NA;NA;NA;NA;NA;NA;NA;NA;NA;NA;NA;NA
rbbhf - hf_min;2476;0;0;NA;0;0;0;0;0;0;0;0;0;0;0;1;0;0;0;0;1;0;0;0;NA;NA;NA;0;0;0;0;NA;1;NA;NA;NA;NA;NA;NA;NA;NA;NA;NA;NA;NA;NA;NA;NA;NA;NA;NA;NA;NA;NA;NA;NA;NA;NA;NA;NA;NA;0;0;NA;0;NA;NA;0;NA;NA;1;0;NA;NA;NA;NA;NA;1;0;NA;NA;NA;NA;NA;NA;NA;NA;NA;NA;1;1;NA;NA;NA;NA;NA;NA;NA;1;NA;NA;NA;NA;NA;NA;NA;NA;NA;NA;NA;NA;NA;NA;NA;NA
rbbhf - hf_min;2477;0;1;0;0;0;0;0;0;0;0;0;0;0;0;1;0;0;0;0;1;0;0;0;NA;NA;NA;0;0;0;0;NA;1;NA;NA;NA;NA;NA;NA;NA;NA;NA;NA;NA;NA;NA;NA;NA;NA;NA;NA;NA;NA;NA;NA;NA;NA;NA;NA;NA;NA;0;0;NA;0;NA;NA;0;NA;NA;1;0;NA;NA;NA;NA;NA;1;0;NA;NA;NA;NA;NA;NA;NA;NA;NA;NA;1;1;NA;NA;NA;NA;NA;NA;NA;1;NA;NA;NA;NA;NA;NA;NA;NA;NA;NA;NA;NA;NA;NA;NA;NA
rbbhf - hf_min;2478;0;0;NA;0;0;0;0;0;0;0;0;0;0;0;1;0;0;0;0;0;NA;NA;NA;0;0;0;0;0;0;0;NA;1;NA;NA;NA;NA;NA;NA;NA;NA;NA;NA;NA;NA;NA;NA;NA;NA;NA;NA;NA;NA;NA;NA;NA;NA;NA;NA;NA;NA;0;0;NA;0;NA;NA;0;NA;NA;1;0;NA;NA;NA;NA;NA;1;0;NA;NA;NA;NA;NA;NA;NA;NA;NA;NA;1;1;NA;NA;NA;NA;NA;NA;NA;1;NA;NA;NA;NA;NA;NA;NA;NA;NA;NA;NA;NA;NA;NA;NA;NA
rbbhf - hf_min;2479;0;1;0;0;0;0;0;0;0;0;0;0;0;0;1;0;0;0;0;0;NA;NA;NA;0;0;0;0;0;0;0;NA;1;NA;NA;NA;NA;NA;NA;NA;NA;NA;NA;NA;NA;NA;NA;NA;NA;NA;NA;NA;NA;NA;NA;NA;NA;NA;NA;NA;NA;0;0;NA;0;NA;NA;0;NA;NA;1;0;NA;NA;NA;NA;NA;1;0;NA;NA;NA;NA;NA;NA;NA;NA;NA;NA;1;1;NA;NA;NA;NA;NA;NA;NA;1;NA;NA;NA;NA;NA;NA;NA;NA;NA;NA;NA;NA;NA;NA;NA;NA
rbbhf - hf_min;2480;0;0;NA;0;0;0;0;0;0;0;0;0;0;0;0;NA;NA;NA;NA;NA;NA;NA;NA;NA;NA;NA;0;0;0;0;1;NA;NA;1;NA;NA;NA;NA;NA;NA;NA;NA;NA;NA;NA;NA;NA;NA;NA;NA;NA;NA;NA;NA;NA;NA;NA;NA;NA;NA;0;0;NA;0;NA;NA;0;NA;NA;1;0;NA;NA;NA;NA;NA;1;0;NA;NA;NA;NA;NA;NA;NA;NA;NA;NA;1;1;NA;NA;NA;NA;NA;NA;NA;1;NA;NA;NA;NA;NA;NA;NA;NA;NA;NA;NA;NA;NA;NA;NA;NA
rbbhf - hf_min;2481;0;1;0;0;0;0;0;0;0;0;0;0;0;0;0;NA;NA;NA;NA;NA;NA;NA;NA;NA;NA;NA;0;0;0;0;1;NA;NA;1;NA;NA;NA;NA;NA;NA;NA;NA;NA;NA;NA;NA;NA;NA;NA;NA;NA;NA;NA;NA;NA;NA;NA;NA;NA;NA;0;0;NA;0;NA;NA;0;NA;NA;1;0;NA;NA;NA;NA;NA;1;0;NA;NA;NA;NA;NA;NA;NA;NA;NA;NA;1;1;NA;NA;NA;NA;NA;NA;NA;1;NA;NA;NA;NA;NA;NA;NA;NA;NA;NA;NA;NA;NA;NA;NA;NA
rbbhf - hf_min;2482;0;0;NA;0;0;0;0;0;0;0;0;0;0;0;1;0;0;0;0;1;0;0;0;NA;NA;NA;0;0;0;0;1;NA;NA;1;NA;NA;NA;NA;NA;NA;NA;NA;NA;NA;NA;NA;NA;NA;NA;NA;NA;NA;NA;NA;NA;NA;NA;NA;NA;NA;0;0;NA;0;NA;NA;0;NA;NA;1;0;NA;NA;NA;NA;NA;1;0;NA;NA;NA;NA;NA;NA;NA;NA;NA;NA;1;1;NA;NA;NA;NA;NA;NA;NA;1;NA;NA;NA;NA;NA;NA;NA;NA;NA;NA;NA;NA;NA;NA;NA;NA
rbbhf - hf_min;2483;0;1;0;0;0;0;0;0;0;0;0;0;0;0;1;0;0;0;0;1;0;0;0;NA;NA;NA;0;0;0;0;1;NA;NA;1;NA;NA;NA;NA;NA;NA;NA;NA;NA;NA;NA;NA;NA;NA;NA;NA;NA;NA;NA;NA;NA;NA;NA;NA;NA;NA;0;0;NA;0;NA;NA;0;NA;NA;1;0;NA;NA;NA;NA;NA;1;0;NA;NA;NA;NA;NA;NA;NA;NA;NA;NA;1;1;NA;NA;NA;NA;NA;NA;NA;1;NA;NA;NA;NA;NA;NA;NA;NA;NA;NA;NA;NA;NA;NA;NA;NA
rbbhf - hf_min;2484;0;0;NA;0;0;0;0;0;0;0;0;0;0;0;1;0;0;0;0;0;NA;NA;NA;0;0;0;0;0;0;0;1;NA;NA;1;NA;NA;NA;NA;NA;NA;NA;NA;NA;NA;NA;NA;NA;NA;NA;NA;NA;NA;NA;NA;NA;NA;NA;NA;NA;NA;0;0;NA;0;NA;NA;0;NA;NA;1;0;NA;NA;NA;NA;NA;1;0;NA;NA;NA;NA;NA;NA;NA;NA;NA;NA;1;1;NA;NA;NA;NA;NA;NA;NA;1;NA;NA;NA;NA;NA;NA;NA;NA;NA;NA;NA;NA;NA;NA;NA;NA
rbbhf - hf_min;2485;0;1;0;0;0;0;0;0;0;0;0;0;0;0;1;0;0;0;0;0;NA;NA;NA;0;0;0;0;0;0;0;1;NA;NA;1;NA;NA;NA;NA;NA;NA;NA;NA;NA;NA;NA;NA;NA;NA;NA;NA;NA;NA;NA;NA;NA;NA;NA;NA;NA;NA;0;0;NA;0;NA;NA;0;NA;NA;1;0;NA;NA;NA;NA;NA;1;0;NA;NA;NA;NA;NA;NA;NA;NA;NA;NA;1;1;NA;NA;NA;NA;NA;NA;NA;1;NA;NA;NA;NA;NA;NA;NA;NA;NA;NA;NA;NA;NA;NA;NA;NA
rbbhf - hf_min;2486;0;0;NA;0;0;0;0;0;0;0;0;0;0;0;0;NA;NA;NA;NA;NA;NA;NA;NA;NA;NA;NA;0;0;0;1;NA;NA;NA;1;NA;NA;NA;NA;NA;NA;0;0;NA;NA;NA;NA;NA;NA;0;1;NA;NA;NA;NA;NA;NA;NA;NA;NA;NA;0;0;NA;0;NA;NA;0;NA;NA;1;0;NA;NA;NA;NA;NA;1;0;NA;NA;NA;NA;NA;NA;NA;NA;NA;NA;1;1;NA;NA;NA;NA;NA;NA;NA;1;NA;NA;NA;NA;NA;NA;NA;NA;NA;NA;NA;NA;NA;NA;NA;NA
rbbhf - hf_min;2487;0;1;0;0;0;0;0;0;0;0;0;0;0;0;0;NA;NA;NA;NA;NA;NA;NA;NA;NA;NA;NA;0;0;0;1;NA;NA;NA;1;NA;NA;NA;NA;NA;NA;0;0;NA;NA;NA;NA;NA;NA;0;1;NA;NA;NA;NA;NA;NA;NA;NA;NA;NA;0;0;NA;0;NA;NA;0;NA;NA;1;0;NA;NA;NA;NA;NA;1;0;NA;NA;NA;NA;NA;NA;NA;NA;NA;NA;1;1;NA;NA;NA;NA;NA;NA;NA;1;NA;NA;NA;NA;NA;NA;NA;NA;NA;NA;NA;NA;NA;NA;NA;NA
rbbhf - hf_min;2488;0;0;NA;0;0;0;0;0;0;0;0;0;0;0;1;0;0;0;0;1;0;0;0;NA;NA;NA;0;0;0;1;NA;NA;NA;1;NA;NA;NA;NA;NA;NA;0;0;NA;NA;NA;NA;NA;NA;0;1;NA;NA;NA;NA;NA;NA;NA;NA;NA;NA;0;0;NA;0;NA;NA;0;NA;NA;1;0;NA;NA;NA;NA;NA;1;0;NA;NA;NA;NA;NA;NA;NA;NA;NA;NA;1;1;NA;NA;NA;NA;NA;NA;NA;1;NA;NA;NA;NA;NA;NA;NA;NA;NA;NA;NA;NA;NA;NA;NA;NA
rbbhf - hf_min;2489;0;1;0;0;0;0;0;0;0;0;0;0;0;0;1;0;0;0;0;1;0;0;0;NA;NA;NA;0;0;0;1;NA;NA;NA;1;NA;NA;NA;NA;NA;NA;0;0;NA;NA;NA;NA;NA;NA;0;1;NA;NA;NA;NA;NA;NA;NA;NA;NA;NA;0;0;NA;0;NA;NA;0;NA;NA;1;0;NA;NA;NA;NA;NA;1;0;NA;NA;NA;NA;NA;NA;NA;NA;NA;NA;1;1;NA;NA;NA;NA;NA;NA;NA;1;NA;NA;NA;NA;NA;NA;NA;NA;NA;NA;NA;NA;NA;NA;NA;NA
rbbhf - hf_min;2490;0;0;NA;0;0;0;0;0;0;0;0;0;0;0;1;0;0;0;0;0;NA;NA;NA;0;0;0;0;0;0;1;NA;NA;NA;1;NA;NA;NA;NA;NA;NA;0;0;NA;NA;NA;NA;NA;NA;0;1;NA;NA;NA;NA;NA;NA;NA;NA;NA;NA;0;0;NA;0;NA;NA;0;NA;NA;1;0;NA;NA;NA;NA;NA;1;0;NA;NA;NA;NA;NA;NA;NA;NA;NA;NA;1;1;NA;NA;NA;NA;NA;NA;NA;1;NA;NA;NA;NA;NA;NA;NA;NA;NA;NA;NA;NA;NA;NA;NA;NA
rbbhf - hf_min;2491;0;1;0;0;0;0;0;0;0;0;0;0;0;0;1;0;0;0;0;0;NA;NA;NA;0;0;0;0;0;0;1;NA;NA;NA;1;NA;NA;NA;NA;NA;NA;0;0;NA;NA;NA;NA;NA;NA;0;1;NA;NA;NA;NA;NA;NA;NA;NA;NA;NA;0;0;NA;0;NA;NA;0;NA;NA;1;0;NA;NA;NA;NA;NA;1;0;NA;NA;NA;NA;NA;NA;NA;NA;NA;NA;1;1;NA;NA;NA;NA;NA;NA;NA;1;NA;NA;NA;NA;NA;NA;NA;NA;NA;NA;NA;NA;NA;NA;NA;NA
rbbhf - hf_min;2492;0;0;NA;0;0;0;0;0;0;0;0;0;0;0;0;NA;NA;NA;NA;NA;NA;NA;NA;NA;NA;NA;0;0;0;1;NA;NA;NA;NA;NA;NA;NA;NA;NA;NA;0;0;NA;NA;NA;NA;NA;NA;0;0;1;NA;NA;NA;NA;NA;NA;NA;NA;NA;0;0;NA;0;NA;NA;0;NA;NA;1;0;NA;NA;NA;NA;NA;1;0;NA;NA;NA;NA;NA;NA;NA;NA;NA;NA;1;1;NA;NA;NA;NA;NA;NA;NA;1;NA;NA;NA;NA;NA;NA;NA;NA;NA;NA;NA;NA;NA;NA;NA;NA
rbbhf - hf_min;2493;0;1;0;0;0;0;0;0;0;0;0;0;0;0;0;NA;NA;NA;NA;NA;NA;NA;NA;NA;NA;NA;0;0;0;1;NA;NA;NA;NA;NA;NA;NA;NA;NA;NA;0;0;NA;NA;NA;NA;NA;NA;0;0;1;NA;NA;NA;NA;NA;NA;NA;NA;NA;0;0;NA;0;NA;NA;0;NA;NA;1;0;NA;NA;NA;NA;NA;1;0;NA;NA;NA;NA;NA;NA;NA;NA;NA;NA;1;1;NA;NA;NA;NA;NA;NA;NA;1;NA;NA;NA;NA;NA;NA;NA;NA;NA;NA;NA;NA;NA;NA;NA;NA
rbbhf - hf_min;2494;0;0;NA;0;0;0;0;0;0;0;0;0;0;0;1;0;0;0;0;1;0;0;0;NA;NA;NA;0;0;0;1;NA;NA;NA;NA;NA;NA;NA;NA;NA;NA;0;0;NA;NA;NA;NA;NA;NA;0;0;1;NA;NA;NA;NA;NA;NA;NA;NA;NA;0;0;NA;0;NA;NA;0;NA;NA;1;0;NA;NA;NA;NA;NA;1;0;NA;NA;NA;NA;NA;NA;NA;NA;NA;NA;1;1;NA;NA;NA;NA;NA;NA;NA;1;NA;NA;NA;NA;NA;NA;NA;NA;NA;NA;NA;NA;NA;NA;NA;NA
rbbhf - hf_min;2495;0;1;0;0;0;0;0;0;0;0;0;0;0;0;1;0;0;0;0;1;0;0;0;NA;NA;NA;0;0;0;1;NA;NA;NA;NA;NA;NA;NA;NA;NA;NA;0;0;NA;NA;NA;NA;NA;NA;0;0;1;NA;NA;NA;NA;NA;NA;NA;NA;NA;0;0;NA;0;NA;NA;0;NA;NA;1;0;NA;NA;NA;NA;NA;1;0;NA;NA;NA;NA;NA;NA;NA;NA;NA;NA;1;1;NA;NA;NA;NA;NA;NA;NA;1;NA;NA;NA;NA;NA;NA;NA;NA;NA;NA;NA;NA;NA;NA;NA;NA
rbbhf - hf_min;2496;0;0;NA;0;0;0;0;0;0;0;0;0;0;0;1;0;0;0;0;0;NA;NA;NA;0;0;0;0;0;0;1;NA;NA;NA;NA;NA;NA;NA;NA;NA;NA;0;0;NA;NA;NA;NA;NA;NA;0;0;1;NA;NA;NA;NA;NA;NA;NA;NA;NA;0;0;NA;0;NA;NA;0;NA;NA;1;0;NA;NA;NA;NA;NA;1;0;NA;NA;NA;NA;NA;NA;NA;NA;NA;NA;1;1;NA;NA;NA;NA;NA;NA;NA;1;NA;NA;NA;NA;NA;NA;NA;NA;NA;NA;NA;NA;NA;NA;NA;NA
rbbhf - hf_min;2497;0;1;0;0;0;0;0;0;0;0;0;0;0;0;1;0;0;0;0;0;NA;NA;NA;0;0;0;0;0;0;1;NA;NA;NA;NA;NA;NA;NA;NA;NA;NA;0;0;NA;NA;NA;NA;NA;NA;0;0;1;NA;NA;NA;NA;NA;NA;NA;NA;NA;0;0;NA;0;NA;NA;0;NA;NA;1;0;NA;NA;NA;NA;NA;1;0;NA;NA;NA;NA;NA;NA;NA;NA;NA;NA;1;1;NA;NA;NA;NA;NA;NA;NA;1;NA;NA;NA;NA;NA;NA;NA;NA;NA;NA;NA;NA;NA;NA;NA;NA
rbbhf - hf_min;2498;0;0;NA;0;0;0;0;0;0;0;0;0;0;0;0;NA;NA;NA;NA;NA;NA;NA;NA;NA;NA;NA;0;0;0;0;NA;1;NA;NA;NA;NA;NA;NA;NA;NA;NA;NA;NA;NA;NA;NA;NA;NA;NA;NA;NA;NA;NA;NA;NA;NA;NA;NA;NA;NA;0;0;NA;0;NA;NA;0;NA;NA;0;NA;NA;NA;NA;NA;NA;0;NA;NA;NA;NA;NA;NA;NA;NA;NA;NA;NA;0;NA;0;NA;NA;NA;NA;NA;NA;1;NA;NA;NA;NA;NA;NA;NA;NA;NA;NA;NA;NA;NA;NA;NA;NA
rbbhf - hf_min;2499;0;1;0;0;0;0;0;0;0;0;0;0;0;0;0;NA;NA;NA;NA;NA;NA;NA;NA;NA;NA;NA;0;0;0;0;NA;1;NA;NA;NA;NA;NA;NA;NA;NA;NA;NA;NA;NA;NA;NA;NA;NA;NA;NA;NA;NA;NA;NA;NA;NA;NA;NA;NA;NA;0;0;NA;0;NA;NA;0;NA;NA;0;NA;NA;NA;NA;NA;NA;0;NA;NA;NA;NA;NA;NA;NA;NA;NA;NA;NA;0;NA;0;NA;NA;NA;NA;NA;NA;1;NA;NA;NA;NA;NA;NA;NA;NA;NA;NA;NA;NA;NA;NA;NA;NA
rbbhf - hf_min;2500;0;0;NA;0;0;0;0;0;0;0;0;0;0;0;1;0;0;0;0;1;0;0;0;NA;NA;NA;0;0;0;0;NA;1;NA;NA;NA;NA;NA;NA;NA;NA;NA;NA;NA;NA;NA;NA;NA;NA;NA;NA;NA;NA;NA;NA;NA;NA;NA;NA;NA;NA;0;0;NA;0;NA;NA;0;NA;NA;0;NA;NA;NA;NA;NA;NA;0;NA;NA;NA;NA;NA;NA;NA;NA;NA;NA;NA;0;NA;0;NA;NA;NA;NA;NA;NA;1;NA;NA;NA;NA;NA;NA;NA;NA;NA;NA;NA;NA;NA;NA;NA;NA
rbbhf - hf_min;2501;0;1;0;0;0;0;0;0;0;0;0;0;0;0;1;0;0;0;0;1;0;0;0;NA;NA;NA;0;0;0;0;NA;1;NA;NA;NA;NA;NA;NA;NA;NA;NA;NA;NA;NA;NA;NA;NA;NA;NA;NA;NA;NA;NA;NA;NA;NA;NA;NA;NA;NA;0;0;NA;0;NA;NA;0;NA;NA;0;NA;NA;NA;NA;NA;NA;0;NA;NA;NA;NA;NA;NA;NA;NA;NA;NA;NA;0;NA;0;NA;NA;NA;NA;NA;NA;1;NA;NA;NA;NA;NA;NA;NA;NA;NA;NA;NA;NA;NA;NA;NA;NA
rbbhf - hf_min;2502;0;0;NA;0;0;0;0;0;0;0;0;0;0;0;1;0;0;0;0;0;NA;NA;NA;0;0;0;0;0;0;0;NA;1;NA;NA;NA;NA;NA;NA;NA;NA;NA;NA;NA;NA;NA;NA;NA;NA;NA;NA;NA;NA;NA;NA;NA;NA;NA;NA;NA;NA;0;0;NA;0;NA;NA;0;NA;NA;0;NA;NA;NA;NA;NA;NA;0;NA;NA;NA;NA;NA;NA;NA;NA;NA;NA;NA;0;NA;0;NA;NA;NA;NA;NA;NA;1;NA;NA;NA;NA;NA;NA;NA;NA;NA;NA;NA;NA;NA;NA;NA;NA
rbbhf - hf_min;2503;0;1;0;0;0;0;0;0;0;0;0;0;0;0;1;0;0;0;0;0;NA;NA;NA;0;0;0;0;0;0;0;NA;1;NA;NA;NA;NA;NA;NA;NA;NA;NA;NA;NA;NA;NA;NA;NA;NA;NA;NA;NA;NA;NA;NA;NA;NA;NA;NA;NA;NA;0;0;NA;0;NA;NA;0;NA;NA;0;NA;NA;NA;NA;NA;NA;0;NA;NA;NA;NA;NA;NA;NA;NA;NA;NA;NA;0;NA;0;NA;NA;NA;NA;NA;NA;1;NA;NA;NA;NA;NA;NA;NA;NA;NA;NA;NA;NA;NA;NA;NA;NA
rbbhf - hf_min;2504;0;0;NA;0;0;0;0;0;0;0;0;0;0;0;0;NA;NA;NA;NA;NA;NA;NA;NA;NA;NA;NA;0;0;0;0;1;NA;NA;1;NA;NA;NA;NA;NA;NA;NA;NA;NA;NA;NA;NA;NA;NA;NA;NA;NA;NA;NA;NA;NA;NA;NA;NA;NA;NA;0;0;NA;0;NA;NA;0;NA;NA;0;NA;NA;NA;NA;NA;NA;0;NA;NA;NA;NA;NA;NA;NA;NA;NA;NA;NA;0;NA;0;NA;NA;NA;NA;NA;NA;1;NA;NA;NA;NA;NA;NA;NA;NA;NA;NA;NA;NA;NA;NA;NA;NA
rbbhf - hf_min;2505;0;1;0;0;0;0;0;0;0;0;0;0;0;0;0;NA;NA;NA;NA;NA;NA;NA;NA;NA;NA;NA;0;0;0;0;1;NA;NA;1;NA;NA;NA;NA;NA;NA;NA;NA;NA;NA;NA;NA;NA;NA;NA;NA;NA;NA;NA;NA;NA;NA;NA;NA;NA;NA;0;0;NA;0;NA;NA;0;NA;NA;0;NA;NA;NA;NA;NA;NA;0;NA;NA;NA;NA;NA;NA;NA;NA;NA;NA;NA;0;NA;0;NA;NA;NA;NA;NA;NA;1;NA;NA;NA;NA;NA;NA;NA;NA;NA;NA;NA;NA;NA;NA;NA;NA
rbbhf - hf_min;2506;0;0;NA;0;0;0;0;0;0;0;0;0;0;0;1;0;0;0;0;1;0;0;0;NA;NA;NA;0;0;0;0;1;NA;NA;1;NA;NA;NA;NA;NA;NA;NA;NA;NA;NA;NA;NA;NA;NA;NA;NA;NA;NA;NA;NA;NA;NA;NA;NA;NA;NA;0;0;NA;0;NA;NA;0;NA;NA;0;NA;NA;NA;NA;NA;NA;0;NA;NA;NA;NA;NA;NA;NA;NA;NA;NA;NA;0;NA;0;NA;NA;NA;NA;NA;NA;1;NA;NA;NA;NA;NA;NA;NA;NA;NA;NA;NA;NA;NA;NA;NA;NA
rbbhf - hf_min;2507;0;1;0;0;0;0;0;0;0;0;0;0;0;0;1;0;0;0;0;1;0;0;0;NA;NA;NA;0;0;0;0;1;NA;NA;1;NA;NA;NA;NA;NA;NA;NA;NA;NA;NA;NA;NA;NA;NA;NA;NA;NA;NA;NA;NA;NA;NA;NA;NA;NA;NA;0;0;NA;0;NA;NA;0;NA;NA;0;NA;NA;NA;NA;NA;NA;0;NA;NA;NA;NA;NA;NA;NA;NA;NA;NA;NA;0;NA;0;NA;NA;NA;NA;NA;NA;1;NA;NA;NA;NA;NA;NA;NA;NA;NA;NA;NA;NA;NA;NA;NA;NA
rbbhf - hf_min;2508;0;0;NA;0;0;0;0;0;0;0;0;0;0;0;1;0;0;0;0;0;NA;NA;NA;0;0;0;0;0;0;0;1;NA;NA;1;NA;NA;NA;NA;NA;NA;NA;NA;NA;NA;NA;NA;NA;NA;NA;NA;NA;NA;NA;NA;NA;NA;NA;NA;NA;NA;0;0;NA;0;NA;NA;0;NA;NA;0;NA;NA;NA;NA;NA;NA;0;NA;NA;NA;NA;NA;NA;NA;NA;NA;NA;NA;0;NA;0;NA;NA;NA;NA;NA;NA;1;NA;NA;NA;NA;NA;NA;NA;NA;NA;NA;NA;NA;NA;NA;NA;NA
rbbhf - hf_min;2509;0;1;0;0;0;0;0;0;0;0;0;0;0;0;1;0;0;0;0;0;NA;NA;NA;0;0;0;0;0;0;0;1;NA;NA;1;NA;NA;NA;NA;NA;NA;NA;NA;NA;NA;NA;NA;NA;NA;NA;NA;NA;NA;NA;NA;NA;NA;NA;NA;NA;NA;0;0;NA;0;NA;NA;0;NA;NA;0;NA;NA;NA;NA;NA;NA;0;NA;NA;NA;NA;NA;NA;NA;NA;NA;NA;NA;0;NA;0;NA;NA;NA;NA;NA;NA;1;NA;NA;NA;NA;NA;NA;NA;NA;NA;NA;NA;NA;NA;NA;NA;NA
rbbhf - hf_min;2510;0;0;NA;0;0;0;0;0;0;0;0;0;0;0;0;NA;NA;NA;NA;NA;NA;NA;NA;NA;NA;NA;0;0;0;1;NA;NA;NA;1;NA;NA;NA;NA;NA;NA;0;0;NA;NA;NA;NA;NA;NA;0;1;NA;NA;NA;NA;NA;NA;NA;NA;NA;NA;0;0;NA;0;NA;NA;0;NA;NA;0;NA;NA;NA;NA;NA;NA;0;NA;NA;NA;NA;NA;NA;NA;NA;NA;NA;NA;0;NA;0;NA;NA;NA;NA;NA;NA;1;NA;NA;NA;NA;NA;NA;NA;NA;NA;NA;NA;NA;NA;NA;NA;NA
rbbhf - hf_min;2511;0;1;0;0;0;0;0;0;0;0;0;0;0;0;0;NA;NA;NA;NA;NA;NA;NA;NA;NA;NA;NA;0;0;0;1;NA;NA;NA;1;NA;NA;NA;NA;NA;NA;0;0;NA;NA;NA;NA;NA;NA;0;1;NA;NA;NA;NA;NA;NA;NA;NA;NA;NA;0;0;NA;0;NA;NA;0;NA;NA;0;NA;NA;NA;NA;NA;NA;0;NA;NA;NA;NA;NA;NA;NA;NA;NA;NA;NA;0;NA;0;NA;NA;NA;NA;NA;NA;1;NA;NA;NA;NA;NA;NA;NA;NA;NA;NA;NA;NA;NA;NA;NA;NA
rbbhf - hf_min;2512;0;0;NA;0;0;0;0;0;0;0;0;0;0;0;1;0;0;0;0;1;0;0;0;NA;NA;NA;0;0;0;1;NA;NA;NA;1;NA;NA;NA;NA;NA;NA;0;0;NA;NA;NA;NA;NA;NA;0;1;NA;NA;NA;NA;NA;NA;NA;NA;NA;NA;0;0;NA;0;NA;NA;0;NA;NA;0;NA;NA;NA;NA;NA;NA;0;NA;NA;NA;NA;NA;NA;NA;NA;NA;NA;NA;0;NA;0;NA;NA;NA;NA;NA;NA;1;NA;NA;NA;NA;NA;NA;NA;NA;NA;NA;NA;NA;NA;NA;NA;NA
rbbhf - hf_min;2513;0;1;0;0;0;0;0;0;0;0;0;0;0;0;1;0;0;0;0;1;0;0;0;NA;NA;NA;0;0;0;1;NA;NA;NA;1;NA;NA;NA;NA;NA;NA;0;0;NA;NA;NA;NA;NA;NA;0;1;NA;NA;NA;NA;NA;NA;NA;NA;NA;NA;0;0;NA;0;NA;NA;0;NA;NA;0;NA;NA;NA;NA;NA;NA;0;NA;NA;NA;NA;NA;NA;NA;NA;NA;NA;NA;0;NA;0;NA;NA;NA;NA;NA;NA;1;NA;NA;NA;NA;NA;NA;NA;NA;NA;NA;NA;NA;NA;NA;NA;NA
rbbhf - hf_min;2514;0;0;NA;0;0;0;0;0;0;0;0;0;0;0;1;0;0;0;0;0;NA;NA;NA;0;0;0;0;0;0;1;NA;NA;NA;1;NA;NA;NA;NA;NA;NA;0;0;NA;NA;NA;NA;NA;NA;0;1;NA;NA;NA;NA;NA;NA;NA;NA;NA;NA;0;0;NA;0;NA;NA;0;NA;NA;0;NA;NA;NA;NA;NA;NA;0;NA;NA;NA;NA;NA;NA;NA;NA;NA;NA;NA;0;NA;0;NA;NA;NA;NA;NA;NA;1;NA;NA;NA;NA;NA;NA;NA;NA;NA;NA;NA;NA;NA;NA;NA;NA
rbbhf - hf_min;2515;0;1;0;0;0;0;0;0;0;0;0;0;0;0;1;0;0;0;0;0;NA;NA;NA;0;0;0;0;0;0;1;NA;NA;NA;1;NA;NA;NA;NA;NA;NA;0;0;NA;NA;NA;NA;NA;NA;0;1;NA;NA;NA;NA;NA;NA;NA;NA;NA;NA;0;0;NA;0;NA;NA;0;NA;NA;0;NA;NA;NA;NA;NA;NA;0;NA;NA;NA;NA;NA;NA;NA;NA;NA;NA;NA;0;NA;0;NA;NA;NA;NA;NA;NA;1;NA;NA;NA;NA;NA;NA;NA;NA;NA;NA;NA;NA;NA;NA;NA;NA
rbbhf - hf_min;2516;0;0;NA;0;0;0;0;0;0;0;0;0;0;0;0;NA;NA;NA;NA;NA;NA;NA;NA;NA;NA;NA;0;0;0;1;NA;NA;NA;NA;NA;NA;NA;NA;NA;NA;0;0;NA;NA;NA;NA;NA;NA;0;0;1;NA;NA;NA;NA;NA;NA;NA;NA;NA;0;0;NA;0;NA;NA;0;NA;NA;0;NA;NA;NA;NA;NA;NA;0;NA;NA;NA;NA;NA;NA;NA;NA;NA;NA;NA;0;NA;0;NA;NA;NA;NA;NA;NA;1;NA;NA;NA;NA;NA;NA;NA;NA;NA;NA;NA;NA;NA;NA;NA;NA
rbbhf - hf_min;2517;0;1;0;0;0;0;0;0;0;0;0;0;0;0;0;NA;NA;NA;NA;NA;NA;NA;NA;NA;NA;NA;0;0;0;1;NA;NA;NA;NA;NA;NA;NA;NA;NA;NA;0;0;NA;NA;NA;NA;NA;NA;0;0;1;NA;NA;NA;NA;NA;NA;NA;NA;NA;0;0;NA;0;NA;NA;0;NA;NA;0;NA;NA;NA;NA;NA;NA;0;NA;NA;NA;NA;NA;NA;NA;NA;NA;NA;NA;0;NA;0;NA;NA;NA;NA;NA;NA;1;NA;NA;NA;NA;NA;NA;NA;NA;NA;NA;NA;NA;NA;NA;NA;NA
rbbhf - hf_min;2518;0;0;NA;0;0;0;0;0;0;0;0;0;0;0;1;0;0;0;0;1;0;0;0;NA;NA;NA;0;0;0;1;NA;NA;NA;NA;NA;NA;NA;NA;NA;NA;0;0;NA;NA;NA;NA;NA;NA;0;0;1;NA;NA;NA;NA;NA;NA;NA;NA;NA;0;0;NA;0;NA;NA;0;NA;NA;0;NA;NA;NA;NA;NA;NA;0;NA;NA;NA;NA;NA;NA;NA;NA;NA;NA;NA;0;NA;0;NA;NA;NA;NA;NA;NA;1;NA;NA;NA;NA;NA;NA;NA;NA;NA;NA;NA;NA;NA;NA;NA;NA
rbbhf - hf_min;2519;0;1;0;0;0;0;0;0;0;0;0;0;0;0;1;0;0;0;0;1;0;0;0;NA;NA;NA;0;0;0;1;NA;NA;NA;NA;NA;NA;NA;NA;NA;NA;0;0;NA;NA;NA;NA;NA;NA;0;0;1;NA;NA;NA;NA;NA;NA;NA;NA;NA;0;0;NA;0;NA;NA;0;NA;NA;0;NA;NA;NA;NA;NA;NA;0;NA;NA;NA;NA;NA;NA;NA;NA;NA;NA;NA;0;NA;0;NA;NA;NA;NA;NA;NA;1;NA;NA;NA;NA;NA;NA;NA;NA;NA;NA;NA;NA;NA;NA;NA;NA
rbbhf - hf_min;2520;0;0;NA;0;0;0;0;0;0;0;0;0;0;0;1;0;0;0;0;0;NA;NA;NA;0;0;0;0;0;0;1;NA;NA;NA;NA;NA;NA;NA;NA;NA;NA;0;0;NA;NA;NA;NA;NA;NA;0;0;1;NA;NA;NA;NA;NA;NA;NA;NA;NA;0;0;NA;0;NA;NA;0;NA;NA;0;NA;NA;NA;NA;NA;NA;0;NA;NA;NA;NA;NA;NA;NA;NA;NA;NA;NA;0;NA;0;NA;NA;NA;NA;NA;NA;1;NA;NA;NA;NA;NA;NA;NA;NA;NA;NA;NA;NA;NA;NA;NA;NA
rbbhf - hf_min;2521;0;1;0;0;0;0;0;0;0;0;0;0;0;0;1;0;0;0;0;0;NA;NA;NA;0;0;0;0;0;0;1;NA;NA;NA;NA;NA;NA;NA;NA;NA;NA;0;0;NA;NA;NA;NA;NA;NA;0;0;1;NA;NA;NA;NA;NA;NA;NA;NA;NA;0;0;NA;0;NA;NA;0;NA;NA;0;NA;NA;NA;NA;NA;NA;0;NA;NA;NA;NA;NA;NA;NA;NA;NA;NA;NA;0;NA;0;NA;NA;NA;NA;NA;NA;1;NA;NA;NA;NA;NA;NA;NA;NA;NA;NA;NA;NA;NA;NA;NA;NA
rbbhf - hf_min;2522;0;0;NA;0;0;0;0;0;0;0;0;0;0;0;0;NA;NA;NA;NA;NA;NA;NA;NA;NA;NA;NA;0;0;0;0;NA;1;NA;NA;NA;NA;NA;NA;NA;NA;NA;NA;NA;NA;NA;NA;NA;NA;NA;NA;NA;NA;NA;NA;NA;NA;NA;NA;NA;NA;0;0;NA;0;NA;NA;0;NA;NA;1;0;NA;NA;NA;NA;NA;0;NA;NA;NA;NA;NA;NA;NA;NA;NA;NA;NA;0;NA;0;NA;NA;NA;NA;NA;NA;1;NA;NA;NA;NA;NA;NA;NA;NA;NA;NA;NA;NA;NA;NA;NA;NA
rbbhf - hf_min;2523;0;1;0;0;0;0;0;0;0;0;0;0;0;0;0;NA;NA;NA;NA;NA;NA;NA;NA;NA;NA;NA;0;0;0;0;NA;1;NA;NA;NA;NA;NA;NA;NA;NA;NA;NA;NA;NA;NA;NA;NA;NA;NA;NA;NA;NA;NA;NA;NA;NA;NA;NA;NA;NA;0;0;NA;0;NA;NA;0;NA;NA;1;0;NA;NA;NA;NA;NA;0;NA;NA;NA;NA;NA;NA;NA;NA;NA;NA;NA;0;NA;0;NA;NA;NA;NA;NA;NA;1;NA;NA;NA;NA;NA;NA;NA;NA;NA;NA;NA;NA;NA;NA;NA;NA
rbbhf - hf_min;2524;0;0;NA;0;0;0;0;0;0;0;0;0;0;0;1;0;0;0;0;1;0;0;0;NA;NA;NA;0;0;0;0;NA;1;NA;NA;NA;NA;NA;NA;NA;NA;NA;NA;NA;NA;NA;NA;NA;NA;NA;NA;NA;NA;NA;NA;NA;NA;NA;NA;NA;NA;0;0;NA;0;NA;NA;0;NA;NA;1;0;NA;NA;NA;NA;NA;0;NA;NA;NA;NA;NA;NA;NA;NA;NA;NA;NA;0;NA;0;NA;NA;NA;NA;NA;NA;1;NA;NA;NA;NA;NA;NA;NA;NA;NA;NA;NA;NA;NA;NA;NA;NA
rbbhf - hf_min;2525;0;1;0;0;0;0;0;0;0;0;0;0;0;0;1;0;0;0;0;1;0;0;0;NA;NA;NA;0;0;0;0;NA;1;NA;NA;NA;NA;NA;NA;NA;NA;NA;NA;NA;NA;NA;NA;NA;NA;NA;NA;NA;NA;NA;NA;NA;NA;NA;NA;NA;NA;0;0;NA;0;NA;NA;0;NA;NA;1;0;NA;NA;NA;NA;NA;0;NA;NA;NA;NA;NA;NA;NA;NA;NA;NA;NA;0;NA;0;NA;NA;NA;NA;NA;NA;1;NA;NA;NA;NA;NA;NA;NA;NA;NA;NA;NA;NA;NA;NA;NA;NA
rbbhf - hf_min;2526;0;0;NA;0;0;0;0;0;0;0;0;0;0;0;1;0;0;0;0;0;NA;NA;NA;0;0;0;0;0;0;0;NA;1;NA;NA;NA;NA;NA;NA;NA;NA;NA;NA;NA;NA;NA;NA;NA;NA;NA;NA;NA;NA;NA;NA;NA;NA;NA;NA;NA;NA;0;0;NA;0;NA;NA;0;NA;NA;1;0;NA;NA;NA;NA;NA;0;NA;NA;NA;NA;NA;NA;NA;NA;NA;NA;NA;0;NA;0;NA;NA;NA;NA;NA;NA;1;NA;NA;NA;NA;NA;NA;NA;NA;NA;NA;NA;NA;NA;NA;NA;NA
rbbhf - hf_min;2527;0;1;0;0;0;0;0;0;0;0;0;0;0;0;1;0;0;0;0;0;NA;NA;NA;0;0;0;0;0;0;0;NA;1;NA;NA;NA;NA;NA;NA;NA;NA;NA;NA;NA;NA;NA;NA;NA;NA;NA;NA;NA;NA;NA;NA;NA;NA;NA;NA;NA;NA;0;0;NA;0;NA;NA;0;NA;NA;1;0;NA;NA;NA;NA;NA;0;NA;NA;NA;NA;NA;NA;NA;NA;NA;NA;NA;0;NA;0;NA;NA;NA;NA;NA;NA;1;NA;NA;NA;NA;NA;NA;NA;NA;NA;NA;NA;NA;NA;NA;NA;NA
rbbhf - hf_min;2528;0;0;NA;0;0;0;0;0;0;0;0;0;0;0;0;NA;NA;NA;NA;NA;NA;NA;NA;NA;NA;NA;0;0;0;0;1;NA;NA;1;NA;NA;NA;NA;NA;NA;NA;NA;NA;NA;NA;NA;NA;NA;NA;NA;NA;NA;NA;NA;NA;NA;NA;NA;NA;NA;0;0;NA;0;NA;NA;0;NA;NA;1;0;NA;NA;NA;NA;NA;0;NA;NA;NA;NA;NA;NA;NA;NA;NA;NA;NA;0;NA;0;NA;NA;NA;NA;NA;NA;1;NA;NA;NA;NA;NA;NA;NA;NA;NA;NA;NA;NA;NA;NA;NA;NA
rbbhf - hf_min;2529;0;1;0;0;0;0;0;0;0;0;0;0;0;0;0;NA;NA;NA;NA;NA;NA;NA;NA;NA;NA;NA;0;0;0;0;1;NA;NA;1;NA;NA;NA;NA;NA;NA;NA;NA;NA;NA;NA;NA;NA;NA;NA;NA;NA;NA;NA;NA;NA;NA;NA;NA;NA;NA;0;0;NA;0;NA;NA;0;NA;NA;1;0;NA;NA;NA;NA;NA;0;NA;NA;NA;NA;NA;NA;NA;NA;NA;NA;NA;0;NA;0;NA;NA;NA;NA;NA;NA;1;NA;NA;NA;NA;NA;NA;NA;NA;NA;NA;NA;NA;NA;NA;NA;NA
rbbhf - hf_min;2530;0;0;NA;0;0;0;0;0;0;0;0;0;0;0;1;0;0;0;0;1;0;0;0;NA;NA;NA;0;0;0;0;1;NA;NA;1;NA;NA;NA;NA;NA;NA;NA;NA;NA;NA;NA;NA;NA;NA;NA;NA;NA;NA;NA;NA;NA;NA;NA;NA;NA;NA;0;0;NA;0;NA;NA;0;NA;NA;1;0;NA;NA;NA;NA;NA;0;NA;NA;NA;NA;NA;NA;NA;NA;NA;NA;NA;0;NA;0;NA;NA;NA;NA;NA;NA;1;NA;NA;NA;NA;NA;NA;NA;NA;NA;NA;NA;NA;NA;NA;NA;NA
rbbhf - hf_min;2531;0;1;0;0;0;0;0;0;0;0;0;0;0;0;1;0;0;0;0;1;0;0;0;NA;NA;NA;0;0;0;0;1;NA;NA;1;NA;NA;NA;NA;NA;NA;NA;NA;NA;NA;NA;NA;NA;NA;NA;NA;NA;NA;NA;NA;NA;NA;NA;NA;NA;NA;0;0;NA;0;NA;NA;0;NA;NA;1;0;NA;NA;NA;NA;NA;0;NA;NA;NA;NA;NA;NA;NA;NA;NA;NA;NA;0;NA;0;NA;NA;NA;NA;NA;NA;1;NA;NA;NA;NA;NA;NA;NA;NA;NA;NA;NA;NA;NA;NA;NA;NA
rbbhf - hf_min;2532;0;0;NA;0;0;0;0;0;0;0;0;0;0;0;1;0;0;0;0;0;NA;NA;NA;0;0;0;0;0;0;0;1;NA;NA;1;NA;NA;NA;NA;NA;NA;NA;NA;NA;NA;NA;NA;NA;NA;NA;NA;NA;NA;NA;NA;NA;NA;NA;NA;NA;NA;0;0;NA;0;NA;NA;0;NA;NA;1;0;NA;NA;NA;NA;NA;0;NA;NA;NA;NA;NA;NA;NA;NA;NA;NA;NA;0;NA;0;NA;NA;NA;NA;NA;NA;1;NA;NA;NA;NA;NA;NA;NA;NA;NA;NA;NA;NA;NA;NA;NA;NA
rbbhf - hf_min;2533;0;1;0;0;0;0;0;0;0;0;0;0;0;0;1;0;0;0;0;0;NA;NA;NA;0;0;0;0;0;0;0;1;NA;NA;1;NA;NA;NA;NA;NA;NA;NA;NA;NA;NA;NA;NA;NA;NA;NA;NA;NA;NA;NA;NA;NA;NA;NA;NA;NA;NA;0;0;NA;0;NA;NA;0;NA;NA;1;0;NA;NA;NA;NA;NA;0;NA;NA;NA;NA;NA;NA;NA;NA;NA;NA;NA;0;NA;0;NA;NA;NA;NA;NA;NA;1;NA;NA;NA;NA;NA;NA;NA;NA;NA;NA;NA;NA;NA;NA;NA;NA
rbbhf - hf_min;2534;0;0;NA;0;0;0;0;0;0;0;0;0;0;0;0;NA;NA;NA;NA;NA;NA;NA;NA;NA;NA;NA;0;0;0;1;NA;NA;NA;1;NA;NA;NA;NA;NA;NA;0;0;NA;NA;NA;NA;NA;NA;0;1;NA;NA;NA;NA;NA;NA;NA;NA;NA;NA;0;0;NA;0;NA;NA;0;NA;NA;1;0;NA;NA;NA;NA;NA;0;NA;NA;NA;NA;NA;NA;NA;NA;NA;NA;NA;0;NA;0;NA;NA;NA;NA;NA;NA;1;NA;NA;NA;NA;NA;NA;NA;NA;NA;NA;NA;NA;NA;NA;NA;NA
rbbhf - hf_min;2535;0;1;0;0;0;0;0;0;0;0;0;0;0;0;0;NA;NA;NA;NA;NA;NA;NA;NA;NA;NA;NA;0;0;0;1;NA;NA;NA;1;NA;NA;NA;NA;NA;NA;0;0;NA;NA;NA;NA;NA;NA;0;1;NA;NA;NA;NA;NA;NA;NA;NA;NA;NA;0;0;NA;0;NA;NA;0;NA;NA;1;0;NA;NA;NA;NA;NA;0;NA;NA;NA;NA;NA;NA;NA;NA;NA;NA;NA;0;NA;0;NA;NA;NA;NA;NA;NA;1;NA;NA;NA;NA;NA;NA;NA;NA;NA;NA;NA;NA;NA;NA;NA;NA
rbbhf - hf_min;2536;0;0;NA;0;0;0;0;0;0;0;0;0;0;0;1;0;0;0;0;1;0;0;0;NA;NA;NA;0;0;0;1;NA;NA;NA;1;NA;NA;NA;NA;NA;NA;0;0;NA;NA;NA;NA;NA;NA;0;1;NA;NA;NA;NA;NA;NA;NA;NA;NA;NA;0;0;NA;0;NA;NA;0;NA;NA;1;0;NA;NA;NA;NA;NA;0;NA;NA;NA;NA;NA;NA;NA;NA;NA;NA;NA;0;NA;0;NA;NA;NA;NA;NA;NA;1;NA;NA;NA;NA;NA;NA;NA;NA;NA;NA;NA;NA;NA;NA;NA;NA
rbbhf - hf_min;2537;0;1;0;0;0;0;0;0;0;0;0;0;0;0;1;0;0;0;0;1;0;0;0;NA;NA;NA;0;0;0;1;NA;NA;NA;1;NA;NA;NA;NA;NA;NA;0;0;NA;NA;NA;NA;NA;NA;0;1;NA;NA;NA;NA;NA;NA;NA;NA;NA;NA;0;0;NA;0;NA;NA;0;NA;NA;1;0;NA;NA;NA;NA;NA;0;NA;NA;NA;NA;NA;NA;NA;NA;NA;NA;NA;0;NA;0;NA;NA;NA;NA;NA;NA;1;NA;NA;NA;NA;NA;NA;NA;NA;NA;NA;NA;NA;NA;NA;NA;NA
rbbhf - hf_min;2538;0;0;NA;0;0;0;0;0;0;0;0;0;0;0;1;0;0;0;0;0;NA;NA;NA;0;0;0;0;0;0;1;NA;NA;NA;1;NA;NA;NA;NA;NA;NA;0;0;NA;NA;NA;NA;NA;NA;0;1;NA;NA;NA;NA;NA;NA;NA;NA;NA;NA;0;0;NA;0;NA;NA;0;NA;NA;1;0;NA;NA;NA;NA;NA;0;NA;NA;NA;NA;NA;NA;NA;NA;NA;NA;NA;0;NA;0;NA;NA;NA;NA;NA;NA;1;NA;NA;NA;NA;NA;NA;NA;NA;NA;NA;NA;NA;NA;NA;NA;NA
rbbhf - hf_min;2539;0;1;0;0;0;0;0;0;0;0;0;0;0;0;1;0;0;0;0;0;NA;NA;NA;0;0;0;0;0;0;1;NA;NA;NA;1;NA;NA;NA;NA;NA;NA;0;0;NA;NA;NA;NA;NA;NA;0;1;NA;NA;NA;NA;NA;NA;NA;NA;NA;NA;0;0;NA;0;NA;NA;0;NA;NA;1;0;NA;NA;NA;NA;NA;0;NA;NA;NA;NA;NA;NA;NA;NA;NA;NA;NA;0;NA;0;NA;NA;NA;NA;NA;NA;1;NA;NA;NA;NA;NA;NA;NA;NA;NA;NA;NA;NA;NA;NA;NA;NA
rbbhf - hf_min;2540;0;0;NA;0;0;0;0;0;0;0;0;0;0;0;0;NA;NA;NA;NA;NA;NA;NA;NA;NA;NA;NA;0;0;0;1;NA;NA;NA;NA;NA;NA;NA;NA;NA;NA;0;0;NA;NA;NA;NA;NA;NA;0;0;1;NA;NA;NA;NA;NA;NA;NA;NA;NA;0;0;NA;0;NA;NA;0;NA;NA;1;0;NA;NA;NA;NA;NA;0;NA;NA;NA;NA;NA;NA;NA;NA;NA;NA;NA;0;NA;0;NA;NA;NA;NA;NA;NA;1;NA;NA;NA;NA;NA;NA;NA;NA;NA;NA;NA;NA;NA;NA;NA;NA
rbbhf - hf_min;2541;0;1;0;0;0;0;0;0;0;0;0;0;0;0;0;NA;NA;NA;NA;NA;NA;NA;NA;NA;NA;NA;0;0;0;1;NA;NA;NA;NA;NA;NA;NA;NA;NA;NA;0;0;NA;NA;NA;NA;NA;NA;0;0;1;NA;NA;NA;NA;NA;NA;NA;NA;NA;0;0;NA;0;NA;NA;0;NA;NA;1;0;NA;NA;NA;NA;NA;0;NA;NA;NA;NA;NA;NA;NA;NA;NA;NA;NA;0;NA;0;NA;NA;NA;NA;NA;NA;1;NA;NA;NA;NA;NA;NA;NA;NA;NA;NA;NA;NA;NA;NA;NA;NA
rbbhf - hf_min;2542;0;0;NA;0;0;0;0;0;0;0;0;0;0;0;1;0;0;0;0;1;0;0;0;NA;NA;NA;0;0;0;1;NA;NA;NA;NA;NA;NA;NA;NA;NA;NA;0;0;NA;NA;NA;NA;NA;NA;0;0;1;NA;NA;NA;NA;NA;NA;NA;NA;NA;0;0;NA;0;NA;NA;0;NA;NA;1;0;NA;NA;NA;NA;NA;0;NA;NA;NA;NA;NA;NA;NA;NA;NA;NA;NA;0;NA;0;NA;NA;NA;NA;NA;NA;1;NA;NA;NA;NA;NA;NA;NA;NA;NA;NA;NA;NA;NA;NA;NA;NA
rbbhf - hf_min;2543;0;1;0;0;0;0;0;0;0;0;0;0;0;0;1;0;0;0;0;1;0;0;0;NA;NA;NA;0;0;0;1;NA;NA;NA;NA;NA;NA;NA;NA;NA;NA;0;0;NA;NA;NA;NA;NA;NA;0;0;1;NA;NA;NA;NA;NA;NA;NA;NA;NA;0;0;NA;0;NA;NA;0;NA;NA;1;0;NA;NA;NA;NA;NA;0;NA;NA;NA;NA;NA;NA;NA;NA;NA;NA;NA;0;NA;0;NA;NA;NA;NA;NA;NA;1;NA;NA;NA;NA;NA;NA;NA;NA;NA;NA;NA;NA;NA;NA;NA;NA
rbbhf - hf_min;2544;0;0;NA;0;0;0;0;0;0;0;0;0;0;0;1;0;0;0;0;0;NA;NA;NA;0;0;0;0;0;0;1;NA;NA;NA;NA;NA;NA;NA;NA;NA;NA;0;0;NA;NA;NA;NA;NA;NA;0;0;1;NA;NA;NA;NA;NA;NA;NA;NA;NA;0;0;NA;0;NA;NA;0;NA;NA;1;0;NA;NA;NA;NA;NA;0;NA;NA;NA;NA;NA;NA;NA;NA;NA;NA;NA;0;NA;0;NA;NA;NA;NA;NA;NA;1;NA;NA;NA;NA;NA;NA;NA;NA;NA;NA;NA;NA;NA;NA;NA;NA
rbbhf - hf_min;2545;0;1;0;0;0;0;0;0;0;0;0;0;0;0;1;0;0;0;0;0;NA;NA;NA;0;0;0;0;0;0;1;NA;NA;NA;NA;NA;NA;NA;NA;NA;NA;0;0;NA;NA;NA;NA;NA;NA;0;0;1;NA;NA;NA;NA;NA;NA;NA;NA;NA;0;0;NA;0;NA;NA;0;NA;NA;1;0;NA;NA;NA;NA;NA;0;NA;NA;NA;NA;NA;NA;NA;NA;NA;NA;NA;0;NA;0;NA;NA;NA;NA;NA;NA;1;NA;NA;NA;NA;NA;NA;NA;NA;NA;NA;NA;NA;NA;NA;NA;NA
rbbhf - hf_min;2546;0;0;NA;0;0;0;0;0;0;0;0;0;0;0;0;NA;NA;NA;NA;NA;NA;NA;NA;NA;NA;NA;0;0;0;0;NA;1;NA;NA;NA;NA;NA;NA;NA;NA;NA;NA;NA;NA;NA;NA;NA;NA;NA;NA;NA;NA;NA;NA;NA;NA;NA;NA;NA;NA;0;0;NA;0;NA;NA;0;NA;NA;0;NA;NA;NA;NA;NA;NA;1;0;NA;NA;NA;NA;NA;NA;NA;NA;NA;NA;0;NA;0;NA;NA;NA;NA;NA;NA;1;NA;NA;NA;NA;NA;NA;NA;NA;NA;NA;NA;NA;NA;NA;NA;NA
rbbhf - hf_min;2547;0;1;0;0;0;0;0;0;0;0;0;0;0;0;0;NA;NA;NA;NA;NA;NA;NA;NA;NA;NA;NA;0;0;0;0;NA;1;NA;NA;NA;NA;NA;NA;NA;NA;NA;NA;NA;NA;NA;NA;NA;NA;NA;NA;NA;NA;NA;NA;NA;NA;NA;NA;NA;NA;0;0;NA;0;NA;NA;0;NA;NA;0;NA;NA;NA;NA;NA;NA;1;0;NA;NA;NA;NA;NA;NA;NA;NA;NA;NA;0;NA;0;NA;NA;NA;NA;NA;NA;1;NA;NA;NA;NA;NA;NA;NA;NA;NA;NA;NA;NA;NA;NA;NA;NA
rbbhf - hf_min;2548;0;0;NA;0;0;0;0;0;0;0;0;0;0;0;1;0;0;0;0;1;0;0;0;NA;NA;NA;0;0;0;0;NA;1;NA;NA;NA;NA;NA;NA;NA;NA;NA;NA;NA;NA;NA;NA;NA;NA;NA;NA;NA;NA;NA;NA;NA;NA;NA;NA;NA;NA;0;0;NA;0;NA;NA;0;NA;NA;0;NA;NA;NA;NA;NA;NA;1;0;NA;NA;NA;NA;NA;NA;NA;NA;NA;NA;0;NA;0;NA;NA;NA;NA;NA;NA;1;NA;NA;NA;NA;NA;NA;NA;NA;NA;NA;NA;NA;NA;NA;NA;NA
rbbhf - hf_min;2549;0;1;0;0;0;0;0;0;0;0;0;0;0;0;1;0;0;0;0;1;0;0;0;NA;NA;NA;0;0;0;0;NA;1;NA;NA;NA;NA;NA;NA;NA;NA;NA;NA;NA;NA;NA;NA;NA;NA;NA;NA;NA;NA;NA;NA;NA;NA;NA;NA;NA;NA;0;0;NA;0;NA;NA;0;NA;NA;0;NA;NA;NA;NA;NA;NA;1;0;NA;NA;NA;NA;NA;NA;NA;NA;NA;NA;0;NA;0;NA;NA;NA;NA;NA;NA;1;NA;NA;NA;NA;NA;NA;NA;NA;NA;NA;NA;NA;NA;NA;NA;NA
rbbhf - hf_min;2550;0;0;NA;0;0;0;0;0;0;0;0;0;0;0;1;0;0;0;0;0;NA;NA;NA;0;0;0;0;0;0;0;NA;1;NA;NA;NA;NA;NA;NA;NA;NA;NA;NA;NA;NA;NA;NA;NA;NA;NA;NA;NA;NA;NA;NA;NA;NA;NA;NA;NA;NA;0;0;NA;0;NA;NA;0;NA;NA;0;NA;NA;NA;NA;NA;NA;1;0;NA;NA;NA;NA;NA;NA;NA;NA;NA;NA;0;NA;0;NA;NA;NA;NA;NA;NA;1;NA;NA;NA;NA;NA;NA;NA;NA;NA;NA;NA;NA;NA;NA;NA;NA
rbbhf - hf_min;2551;0;1;0;0;0;0;0;0;0;0;0;0;0;0;1;0;0;0;0;0;NA;NA;NA;0;0;0;0;0;0;0;NA;1;NA;NA;NA;NA;NA;NA;NA;NA;NA;NA;NA;NA;NA;NA;NA;NA;NA;NA;NA;NA;NA;NA;NA;NA;NA;NA;NA;NA;0;0;NA;0;NA;NA;0;NA;NA;0;NA;NA;NA;NA;NA;NA;1;0;NA;NA;NA;NA;NA;NA;NA;NA;NA;NA;0;NA;0;NA;NA;NA;NA;NA;NA;1;NA;NA;NA;NA;NA;NA;NA;NA;NA;NA;NA;NA;NA;NA;NA;NA
rbbhf - hf_min;2552;0;0;NA;0;0;0;0;0;0;0;0;0;0;0;0;NA;NA;NA;NA;NA;NA;NA;NA;NA;NA;NA;0;0;0;0;1;NA;NA;1;NA;NA;NA;NA;NA;NA;NA;NA;NA;NA;NA;NA;NA;NA;NA;NA;NA;NA;NA;NA;NA;NA;NA;NA;NA;NA;0;0;NA;0;NA;NA;0;NA;NA;0;NA;NA;NA;NA;NA;NA;1;0;NA;NA;NA;NA;NA;NA;NA;NA;NA;NA;0;NA;0;NA;NA;NA;NA;NA;NA;1;NA;NA;NA;NA;NA;NA;NA;NA;NA;NA;NA;NA;NA;NA;NA;NA
rbbhf - hf_min;2553;0;1;0;0;0;0;0;0;0;0;0;0;0;0;0;NA;NA;NA;NA;NA;NA;NA;NA;NA;NA;NA;0;0;0;0;1;NA;NA;1;NA;NA;NA;NA;NA;NA;NA;NA;NA;NA;NA;NA;NA;NA;NA;NA;NA;NA;NA;NA;NA;NA;NA;NA;NA;NA;0;0;NA;0;NA;NA;0;NA;NA;0;NA;NA;NA;NA;NA;NA;1;0;NA;NA;NA;NA;NA;NA;NA;NA;NA;NA;0;NA;0;NA;NA;NA;NA;NA;NA;1;NA;NA;NA;NA;NA;NA;NA;NA;NA;NA;NA;NA;NA;NA;NA;NA
rbbhf - hf_min;2554;0;0;NA;0;0;0;0;0;0;0;0;0;0;0;1;0;0;0;0;1;0;0;0;NA;NA;NA;0;0;0;0;1;NA;NA;1;NA;NA;NA;NA;NA;NA;NA;NA;NA;NA;NA;NA;NA;NA;NA;NA;NA;NA;NA;NA;NA;NA;NA;NA;NA;NA;0;0;NA;0;NA;NA;0;NA;NA;0;NA;NA;NA;NA;NA;NA;1;0;NA;NA;NA;NA;NA;NA;NA;NA;NA;NA;0;NA;0;NA;NA;NA;NA;NA;NA;1;NA;NA;NA;NA;NA;NA;NA;NA;NA;NA;NA;NA;NA;NA;NA;NA
rbbhf - hf_min;2555;0;1;0;0;0;0;0;0;0;0;0;0;0;0;1;0;0;0;0;1;0;0;0;NA;NA;NA;0;0;0;0;1;NA;NA;1;NA;NA;NA;NA;NA;NA;NA;NA;NA;NA;NA;NA;NA;NA;NA;NA;NA;NA;NA;NA;NA;NA;NA;NA;NA;NA;0;0;NA;0;NA;NA;0;NA;NA;0;NA;NA;NA;NA;NA;NA;1;0;NA;NA;NA;NA;NA;NA;NA;NA;NA;NA;0;NA;0;NA;NA;NA;NA;NA;NA;1;NA;NA;NA;NA;NA;NA;NA;NA;NA;NA;NA;NA;NA;NA;NA;NA
rbbhf - hf_min;2556;0;0;NA;0;0;0;0;0;0;0;0;0;0;0;1;0;0;0;0;0;NA;NA;NA;0;0;0;0;0;0;0;1;NA;NA;1;NA;NA;NA;NA;NA;NA;NA;NA;NA;NA;NA;NA;NA;NA;NA;NA;NA;NA;NA;NA;NA;NA;NA;NA;NA;NA;0;0;NA;0;NA;NA;0;NA;NA;0;NA;NA;NA;NA;NA;NA;1;0;NA;NA;NA;NA;NA;NA;NA;NA;NA;NA;0;NA;0;NA;NA;NA;NA;NA;NA;1;NA;NA;NA;NA;NA;NA;NA;NA;NA;NA;NA;NA;NA;NA;NA;NA
rbbhf - hf_min;2557;0;1;0;0;0;0;0;0;0;0;0;0;0;0;1;0;0;0;0;0;NA;NA;NA;0;0;0;0;0;0;0;1;NA;NA;1;NA;NA;NA;NA;NA;NA;NA;NA;NA;NA;NA;NA;NA;NA;NA;NA;NA;NA;NA;NA;NA;NA;NA;NA;NA;NA;0;0;NA;0;NA;NA;0;NA;NA;0;NA;NA;NA;NA;NA;NA;1;0;NA;NA;NA;NA;NA;NA;NA;NA;NA;NA;0;NA;0;NA;NA;NA;NA;NA;NA;1;NA;NA;NA;NA;NA;NA;NA;NA;NA;NA;NA;NA;NA;NA;NA;NA
rbbhf - hf_min;2558;0;0;NA;0;0;0;0;0;0;0;0;0;0;0;0;NA;NA;NA;NA;NA;NA;NA;NA;NA;NA;NA;0;0;0;1;NA;NA;NA;1;NA;NA;NA;NA;NA;NA;0;0;NA;NA;NA;NA;NA;NA;0;1;NA;NA;NA;NA;NA;NA;NA;NA;NA;NA;0;0;NA;0;NA;NA;0;NA;NA;0;NA;NA;NA;NA;NA;NA;1;0;NA;NA;NA;NA;NA;NA;NA;NA;NA;NA;0;NA;0;NA;NA;NA;NA;NA;NA;1;NA;NA;NA;NA;NA;NA;NA;NA;NA;NA;NA;NA;NA;NA;NA;NA
rbbhf - hf_min;2559;0;1;0;0;0;0;0;0;0;0;0;0;0;0;0;NA;NA;NA;NA;NA;NA;NA;NA;NA;NA;NA;0;0;0;1;NA;NA;NA;1;NA;NA;NA;NA;NA;NA;0;0;NA;NA;NA;NA;NA;NA;0;1;NA;NA;NA;NA;NA;NA;NA;NA;NA;NA;0;0;NA;0;NA;NA;0;NA;NA;0;NA;NA;NA;NA;NA;NA;1;0;NA;NA;NA;NA;NA;NA;NA;NA;NA;NA;0;NA;0;NA;NA;NA;NA;NA;NA;1;NA;NA;NA;NA;NA;NA;NA;NA;NA;NA;NA;NA;NA;NA;NA;NA
rbbhf - hf_min;2560;0;0;NA;0;0;0;0;0;0;0;0;0;0;0;1;0;0;0;0;1;0;0;0;NA;NA;NA;0;0;0;1;NA;NA;NA;1;NA;NA;NA;NA;NA;NA;0;0;NA;NA;NA;NA;NA;NA;0;1;NA;NA;NA;NA;NA;NA;NA;NA;NA;NA;0;0;NA;0;NA;NA;0;NA;NA;0;NA;NA;NA;NA;NA;NA;1;0;NA;NA;NA;NA;NA;NA;NA;NA;NA;NA;0;NA;0;NA;NA;NA;NA;NA;NA;1;NA;NA;NA;NA;NA;NA;NA;NA;NA;NA;NA;NA;NA;NA;NA;NA
rbbhf - hf_min;2561;0;1;0;0;0;0;0;0;0;0;0;0;0;0;1;0;0;0;0;1;0;0;0;NA;NA;NA;0;0;0;1;NA;NA;NA;1;NA;NA;NA;NA;NA;NA;0;0;NA;NA;NA;NA;NA;NA;0;1;NA;NA;NA;NA;NA;NA;NA;NA;NA;NA;0;0;NA;0;NA;NA;0;NA;NA;0;NA;NA;NA;NA;NA;NA;1;0;NA;NA;NA;NA;NA;NA;NA;NA;NA;NA;0;NA;0;NA;NA;NA;NA;NA;NA;1;NA;NA;NA;NA;NA;NA;NA;NA;NA;NA;NA;NA;NA;NA;NA;NA
rbbhf - hf_min;2562;0;0;NA;0;0;0;0;0;0;0;0;0;0;0;1;0;0;0;0;0;NA;NA;NA;0;0;0;0;0;0;1;NA;NA;NA;1;NA;NA;NA;NA;NA;NA;0;0;NA;NA;NA;NA;NA;NA;0;1;NA;NA;NA;NA;NA;NA;NA;NA;NA;NA;0;0;NA;0;NA;NA;0;NA;NA;0;NA;NA;NA;NA;NA;NA;1;0;NA;NA;NA;NA;NA;NA;NA;NA;NA;NA;0;NA;0;NA;NA;NA;NA;NA;NA;1;NA;NA;NA;NA;NA;NA;NA;NA;NA;NA;NA;NA;NA;NA;NA;NA
rbbhf - hf_min;2563;0;1;0;0;0;0;0;0;0;0;0;0;0;0;1;0;0;0;0;0;NA;NA;NA;0;0;0;0;0;0;1;NA;NA;NA;1;NA;NA;NA;NA;NA;NA;0;0;NA;NA;NA;NA;NA;NA;0;1;NA;NA;NA;NA;NA;NA;NA;NA;NA;NA;0;0;NA;0;NA;NA;0;NA;NA;0;NA;NA;NA;NA;NA;NA;1;0;NA;NA;NA;NA;NA;NA;NA;NA;NA;NA;0;NA;0;NA;NA;NA;NA;NA;NA;1;NA;NA;NA;NA;NA;NA;NA;NA;NA;NA;NA;NA;NA;NA;NA;NA
rbbhf - hf_min;2564;0;0;NA;0;0;0;0;0;0;0;0;0;0;0;0;NA;NA;NA;NA;NA;NA;NA;NA;NA;NA;NA;0;0;0;1;NA;NA;NA;NA;NA;NA;NA;NA;NA;NA;0;0;NA;NA;NA;NA;NA;NA;0;0;1;NA;NA;NA;NA;NA;NA;NA;NA;NA;0;0;NA;0;NA;NA;0;NA;NA;0;NA;NA;NA;NA;NA;NA;1;0;NA;NA;NA;NA;NA;NA;NA;NA;NA;NA;0;NA;0;NA;NA;NA;NA;NA;NA;1;NA;NA;NA;NA;NA;NA;NA;NA;NA;NA;NA;NA;NA;NA;NA;NA
rbbhf - hf_min;2565;0;1;0;0;0;0;0;0;0;0;0;0;0;0;0;NA;NA;NA;NA;NA;NA;NA;NA;NA;NA;NA;0;0;0;1;NA;NA;NA;NA;NA;NA;NA;NA;NA;NA;0;0;NA;NA;NA;NA;NA;NA;0;0;1;NA;NA;NA;NA;NA;NA;NA;NA;NA;0;0;NA;0;NA;NA;0;NA;NA;0;NA;NA;NA;NA;NA;NA;1;0;NA;NA;NA;NA;NA;NA;NA;NA;NA;NA;0;NA;0;NA;NA;NA;NA;NA;NA;1;NA;NA;NA;NA;NA;NA;NA;NA;NA;NA;NA;NA;NA;NA;NA;NA
rbbhf - hf_min;2566;0;0;NA;0;0;0;0;0;0;0;0;0;0;0;1;0;0;0;0;1;0;0;0;NA;NA;NA;0;0;0;1;NA;NA;NA;NA;NA;NA;NA;NA;NA;NA;0;0;NA;NA;NA;NA;NA;NA;0;0;1;NA;NA;NA;NA;NA;NA;NA;NA;NA;0;0;NA;0;NA;NA;0;NA;NA;0;NA;NA;NA;NA;NA;NA;1;0;NA;NA;NA;NA;NA;NA;NA;NA;NA;NA;0;NA;0;NA;NA;NA;NA;NA;NA;1;NA;NA;NA;NA;NA;NA;NA;NA;NA;NA;NA;NA;NA;NA;NA;NA
rbbhf - hf_min;2567;0;1;0;0;0;0;0;0;0;0;0;0;0;0;1;0;0;0;0;1;0;0;0;NA;NA;NA;0;0;0;1;NA;NA;NA;NA;NA;NA;NA;NA;NA;NA;0;0;NA;NA;NA;NA;NA;NA;0;0;1;NA;NA;NA;NA;NA;NA;NA;NA;NA;0;0;NA;0;NA;NA;0;NA;NA;0;NA;NA;NA;NA;NA;NA;1;0;NA;NA;NA;NA;NA;NA;NA;NA;NA;NA;0;NA;0;NA;NA;NA;NA;NA;NA;1;NA;NA;NA;NA;NA;NA;NA;NA;NA;NA;NA;NA;NA;NA;NA;NA
rbbhf - hf_min;2568;0;0;NA;0;0;0;0;0;0;0;0;0;0;0;1;0;0;0;0;0;NA;NA;NA;0;0;0;0;0;0;1;NA;NA;NA;NA;NA;NA;NA;NA;NA;NA;0;0;NA;NA;NA;NA;NA;NA;0;0;1;NA;NA;NA;NA;NA;NA;NA;NA;NA;0;0;NA;0;NA;NA;0;NA;NA;0;NA;NA;NA;NA;NA;NA;1;0;NA;NA;NA;NA;NA;NA;NA;NA;NA;NA;0;NA;0;NA;NA;NA;NA;NA;NA;1;NA;NA;NA;NA;NA;NA;NA;NA;NA;NA;NA;NA;NA;NA;NA;NA
rbbhf - hf_min;2569;0;1;0;0;0;0;0;0;0;0;0;0;0;0;1;0;0;0;0;0;NA;NA;NA;0;0;0;0;0;0;1;NA;NA;NA;NA;NA;NA;NA;NA;NA;NA;0;0;NA;NA;NA;NA;NA;NA;0;0;1;NA;NA;NA;NA;NA;NA;NA;NA;NA;0;0;NA;0;NA;NA;0;NA;NA;0;NA;NA;NA;NA;NA;NA;1;0;NA;NA;NA;NA;NA;NA;NA;NA;NA;NA;0;NA;0;NA;NA;NA;NA;NA;NA;1;NA;NA;NA;NA;NA;NA;NA;NA;NA;NA;NA;NA;NA;NA;NA;NA
rbbhf - hf_min;2570;0;0;NA;0;0;0;0;0;0;0;0;0;0;0;0;NA;NA;NA;NA;NA;NA;NA;NA;NA;NA;NA;0;0;0;0;NA;1;NA;NA;NA;NA;NA;NA;NA;NA;NA;NA;NA;NA;NA;NA;NA;NA;NA;NA;NA;NA;NA;NA;NA;NA;NA;NA;NA;NA;0;0;NA;0;NA;NA;0;NA;NA;1;0;NA;NA;NA;NA;NA;1;0;NA;NA;NA;NA;NA;NA;NA;NA;NA;NA;0;NA;0;NA;NA;NA;NA;NA;NA;1;NA;NA;NA;NA;NA;NA;NA;NA;NA;NA;NA;NA;NA;NA;NA;NA
rbbhf - hf_min;2571;0;1;0;0;0;0;0;0;0;0;0;0;0;0;0;NA;NA;NA;NA;NA;NA;NA;NA;NA;NA;NA;0;0;0;0;NA;1;NA;NA;NA;NA;NA;NA;NA;NA;NA;NA;NA;NA;NA;NA;NA;NA;NA;NA;NA;NA;NA;NA;NA;NA;NA;NA;NA;NA;0;0;NA;0;NA;NA;0;NA;NA;1;0;NA;NA;NA;NA;NA;1;0;NA;NA;NA;NA;NA;NA;NA;NA;NA;NA;0;NA;0;NA;NA;NA;NA;NA;NA;1;NA;NA;NA;NA;NA;NA;NA;NA;NA;NA;NA;NA;NA;NA;NA;NA
rbbhf - hf_min;2572;0;0;NA;0;0;0;0;0;0;0;0;0;0;0;1;0;0;0;0;1;0;0;0;NA;NA;NA;0;0;0;0;NA;1;NA;NA;NA;NA;NA;NA;NA;NA;NA;NA;NA;NA;NA;NA;NA;NA;NA;NA;NA;NA;NA;NA;NA;NA;NA;NA;NA;NA;0;0;NA;0;NA;NA;0;NA;NA;1;0;NA;NA;NA;NA;NA;1;0;NA;NA;NA;NA;NA;NA;NA;NA;NA;NA;0;NA;0;NA;NA;NA;NA;NA;NA;1;NA;NA;NA;NA;NA;NA;NA;NA;NA;NA;NA;NA;NA;NA;NA;NA
rbbhf - hf_min;2573;0;1;0;0;0;0;0;0;0;0;0;0;0;0;1;0;0;0;0;1;0;0;0;NA;NA;NA;0;0;0;0;NA;1;NA;NA;NA;NA;NA;NA;NA;NA;NA;NA;NA;NA;NA;NA;NA;NA;NA;NA;NA;NA;NA;NA;NA;NA;NA;NA;NA;NA;0;0;NA;0;NA;NA;0;NA;NA;1;0;NA;NA;NA;NA;NA;1;0;NA;NA;NA;NA;NA;NA;NA;NA;NA;NA;0;NA;0;NA;NA;NA;NA;NA;NA;1;NA;NA;NA;NA;NA;NA;NA;NA;NA;NA;NA;NA;NA;NA;NA;NA
rbbhf - hf_min;2574;0;0;NA;0;0;0;0;0;0;0;0;0;0;0;1;0;0;0;0;0;NA;NA;NA;0;0;0;0;0;0;0;NA;1;NA;NA;NA;NA;NA;NA;NA;NA;NA;NA;NA;NA;NA;NA;NA;NA;NA;NA;NA;NA;NA;NA;NA;NA;NA;NA;NA;NA;0;0;NA;0;NA;NA;0;NA;NA;1;0;NA;NA;NA;NA;NA;1;0;NA;NA;NA;NA;NA;NA;NA;NA;NA;NA;0;NA;0;NA;NA;NA;NA;NA;NA;1;NA;NA;NA;NA;NA;NA;NA;NA;NA;NA;NA;NA;NA;NA;NA;NA
rbbhf - hf_min;2575;0;1;0;0;0;0;0;0;0;0;0;0;0;0;1;0;0;0;0;0;NA;NA;NA;0;0;0;0;0;0;0;NA;1;NA;NA;NA;NA;NA;NA;NA;NA;NA;NA;NA;NA;NA;NA;NA;NA;NA;NA;NA;NA;NA;NA;NA;NA;NA;NA;NA;NA;0;0;NA;0;NA;NA;0;NA;NA;1;0;NA;NA;NA;NA;NA;1;0;NA;NA;NA;NA;NA;NA;NA;NA;NA;NA;0;NA;0;NA;NA;NA;NA;NA;NA;1;NA;NA;NA;NA;NA;NA;NA;NA;NA;NA;NA;NA;NA;NA;NA;NA
rbbhf - hf_min;2576;0;0;NA;0;0;0;0;0;0;0;0;0;0;0;0;NA;NA;NA;NA;NA;NA;NA;NA;NA;NA;NA;0;0;0;0;1;NA;NA;1;NA;NA;NA;NA;NA;NA;NA;NA;NA;NA;NA;NA;NA;NA;NA;NA;NA;NA;NA;NA;NA;NA;NA;NA;NA;NA;0;0;NA;0;NA;NA;0;NA;NA;1;0;NA;NA;NA;NA;NA;1;0;NA;NA;NA;NA;NA;NA;NA;NA;NA;NA;0;NA;0;NA;NA;NA;NA;NA;NA;1;NA;NA;NA;NA;NA;NA;NA;NA;NA;NA;NA;NA;NA;NA;NA;NA
rbbhf - hf_min;2577;0;1;0;0;0;0;0;0;0;0;0;0;0;0;0;NA;NA;NA;NA;NA;NA;NA;NA;NA;NA;NA;0;0;0;0;1;NA;NA;1;NA;NA;NA;NA;NA;NA;NA;NA;NA;NA;NA;NA;NA;NA;NA;NA;NA;NA;NA;NA;NA;NA;NA;NA;NA;NA;0;0;NA;0;NA;NA;0;NA;NA;1;0;NA;NA;NA;NA;NA;1;0;NA;NA;NA;NA;NA;NA;NA;NA;NA;NA;0;NA;0;NA;NA;NA;NA;NA;NA;1;NA;NA;NA;NA;NA;NA;NA;NA;NA;NA;NA;NA;NA;NA;NA;NA
rbbhf - hf_min;2578;0;0;NA;0;0;0;0;0;0;0;0;0;0;0;1;0;0;0;0;1;0;0;0;NA;NA;NA;0;0;0;0;1;NA;NA;1;NA;NA;NA;NA;NA;NA;NA;NA;NA;NA;NA;NA;NA;NA;NA;NA;NA;NA;NA;NA;NA;NA;NA;NA;NA;NA;0;0;NA;0;NA;NA;0;NA;NA;1;0;NA;NA;NA;NA;NA;1;0;NA;NA;NA;NA;NA;NA;NA;NA;NA;NA;0;NA;0;NA;NA;NA;NA;NA;NA;1;NA;NA;NA;NA;NA;NA;NA;NA;NA;NA;NA;NA;NA;NA;NA;NA
rbbhf - hf_min;2579;0;1;0;0;0;0;0;0;0;0;0;0;0;0;1;0;0;0;0;1;0;0;0;NA;NA;NA;0;0;0;0;1;NA;NA;1;NA;NA;NA;NA;NA;NA;NA;NA;NA;NA;NA;NA;NA;NA;NA;NA;NA;NA;NA;NA;NA;NA;NA;NA;NA;NA;0;0;NA;0;NA;NA;0;NA;NA;1;0;NA;NA;NA;NA;NA;1;0;NA;NA;NA;NA;NA;NA;NA;NA;NA;NA;0;NA;0;NA;NA;NA;NA;NA;NA;1;NA;NA;NA;NA;NA;NA;NA;NA;NA;NA;NA;NA;NA;NA;NA;NA
rbbhf - hf_min;2580;0;0;NA;0;0;0;0;0;0;0;0;0;0;0;1;0;0;0;0;0;NA;NA;NA;0;0;0;0;0;0;0;1;NA;NA;1;NA;NA;NA;NA;NA;NA;NA;NA;NA;NA;NA;NA;NA;NA;NA;NA;NA;NA;NA;NA;NA;NA;NA;NA;NA;NA;0;0;NA;0;NA;NA;0;NA;NA;1;0;NA;NA;NA;NA;NA;1;0;NA;NA;NA;NA;NA;NA;NA;NA;NA;NA;0;NA;0;NA;NA;NA;NA;NA;NA;1;NA;NA;NA;NA;NA;NA;NA;NA;NA;NA;NA;NA;NA;NA;NA;NA
rbbhf - hf_min;2581;0;1;0;0;0;0;0;0;0;0;0;0;0;0;1;0;0;0;0;0;NA;NA;NA;0;0;0;0;0;0;0;1;NA;NA;1;NA;NA;NA;NA;NA;NA;NA;NA;NA;NA;NA;NA;NA;NA;NA;NA;NA;NA;NA;NA;NA;NA;NA;NA;NA;NA;0;0;NA;0;NA;NA;0;NA;NA;1;0;NA;NA;NA;NA;NA;1;0;NA;NA;NA;NA;NA;NA;NA;NA;NA;NA;0;NA;0;NA;NA;NA;NA;NA;NA;1;NA;NA;NA;NA;NA;NA;NA;NA;NA;NA;NA;NA;NA;NA;NA;NA
rbbhf - hf_min;2582;0;0;NA;0;0;0;0;0;0;0;0;0;0;0;0;NA;NA;NA;NA;NA;NA;NA;NA;NA;NA;NA;0;0;0;1;NA;NA;NA;1;NA;NA;NA;NA;NA;NA;0;0;NA;NA;NA;NA;NA;NA;0;1;NA;NA;NA;NA;NA;NA;NA;NA;NA;NA;0;0;NA;0;NA;NA;0;NA;NA;1;0;NA;NA;NA;NA;NA;1;0;NA;NA;NA;NA;NA;NA;NA;NA;NA;NA;0;NA;0;NA;NA;NA;NA;NA;NA;1;NA;NA;NA;NA;NA;NA;NA;NA;NA;NA;NA;NA;NA;NA;NA;NA
rbbhf - hf_min;2583;0;1;0;0;0;0;0;0;0;0;0;0;0;0;0;NA;NA;NA;NA;NA;NA;NA;NA;NA;NA;NA;0;0;0;1;NA;NA;NA;1;NA;NA;NA;NA;NA;NA;0;0;NA;NA;NA;NA;NA;NA;0;1;NA;NA;NA;NA;NA;NA;NA;NA;NA;NA;0;0;NA;0;NA;NA;0;NA;NA;1;0;NA;NA;NA;NA;NA;1;0;NA;NA;NA;NA;NA;NA;NA;NA;NA;NA;0;NA;0;NA;NA;NA;NA;NA;NA;1;NA;NA;NA;NA;NA;NA;NA;NA;NA;NA;NA;NA;NA;NA;NA;NA
rbbhf - hf_min;2584;0;0;NA;0;0;0;0;0;0;0;0;0;0;0;1;0;0;0;0;1;0;0;0;NA;NA;NA;0;0;0;1;NA;NA;NA;1;NA;NA;NA;NA;NA;NA;0;0;NA;NA;NA;NA;NA;NA;0;1;NA;NA;NA;NA;NA;NA;NA;NA;NA;NA;0;0;NA;0;NA;NA;0;NA;NA;1;0;NA;NA;NA;NA;NA;1;0;NA;NA;NA;NA;NA;NA;NA;NA;NA;NA;0;NA;0;NA;NA;NA;NA;NA;NA;1;NA;NA;NA;NA;NA;NA;NA;NA;NA;NA;NA;NA;NA;NA;NA;NA
rbbhf - hf_min;2585;0;1;0;0;0;0;0;0;0;0;0;0;0;0;1;0;0;0;0;1;0;0;0;NA;NA;NA;0;0;0;1;NA;NA;NA;1;NA;NA;NA;NA;NA;NA;0;0;NA;NA;NA;NA;NA;NA;0;1;NA;NA;NA;NA;NA;NA;NA;NA;NA;NA;0;0;NA;0;NA;NA;0;NA;NA;1;0;NA;NA;NA;NA;NA;1;0;NA;NA;NA;NA;NA;NA;NA;NA;NA;NA;0;NA;0;NA;NA;NA;NA;NA;NA;1;NA;NA;NA;NA;NA;NA;NA;NA;NA;NA;NA;NA;NA;NA;NA;NA
rbbhf - hf_min;2586;0;0;NA;0;0;0;0;0;0;0;0;0;0;0;1;0;0;0;0;0;NA;NA;NA;0;0;0;0;0;0;1;NA;NA;NA;1;NA;NA;NA;NA;NA;NA;0;0;NA;NA;NA;NA;NA;NA;0;1;NA;NA;NA;NA;NA;NA;NA;NA;NA;NA;0;0;NA;0;NA;NA;0;NA;NA;1;0;NA;NA;NA;NA;NA;1;0;NA;NA;NA;NA;NA;NA;NA;NA;NA;NA;0;NA;0;NA;NA;NA;NA;NA;NA;1;NA;NA;NA;NA;NA;NA;NA;NA;NA;NA;NA;NA;NA;NA;NA;NA
rbbhf - hf_min;2587;0;1;0;0;0;0;0;0;0;0;0;0;0;0;1;0;0;0;0;0;NA;NA;NA;0;0;0;0;0;0;1;NA;NA;NA;1;NA;NA;NA;NA;NA;NA;0;0;NA;NA;NA;NA;NA;NA;0;1;NA;NA;NA;NA;NA;NA;NA;NA;NA;NA;0;0;NA;0;NA;NA;0;NA;NA;1;0;NA;NA;NA;NA;NA;1;0;NA;NA;NA;NA;NA;NA;NA;NA;NA;NA;0;NA;0;NA;NA;NA;NA;NA;NA;1;NA;NA;NA;NA;NA;NA;NA;NA;NA;NA;NA;NA;NA;NA;NA;NA
rbbhf - hf_min;2588;0;0;NA;0;0;0;0;0;0;0;0;0;0;0;0;NA;NA;NA;NA;NA;NA;NA;NA;NA;NA;NA;0;0;0;1;NA;NA;NA;NA;NA;NA;NA;NA;NA;NA;0;0;NA;NA;NA;NA;NA;NA;0;0;1;NA;NA;NA;NA;NA;NA;NA;NA;NA;0;0;NA;0;NA;NA;0;NA;NA;1;0;NA;NA;NA;NA;NA;1;0;NA;NA;NA;NA;NA;NA;NA;NA;NA;NA;0;NA;0;NA;NA;NA;NA;NA;NA;1;NA;NA;NA;NA;NA;NA;NA;NA;NA;NA;NA;NA;NA;NA;NA;NA
rbbhf - hf_min;2589;0;1;0;0;0;0;0;0;0;0;0;0;0;0;0;NA;NA;NA;NA;NA;NA;NA;NA;NA;NA;NA;0;0;0;1;NA;NA;NA;NA;NA;NA;NA;NA;NA;NA;0;0;NA;NA;NA;NA;NA;NA;0;0;1;NA;NA;NA;NA;NA;NA;NA;NA;NA;0;0;NA;0;NA;NA;0;NA;NA;1;0;NA;NA;NA;NA;NA;1;0;NA;NA;NA;NA;NA;NA;NA;NA;NA;NA;0;NA;0;NA;NA;NA;NA;NA;NA;1;NA;NA;NA;NA;NA;NA;NA;NA;NA;NA;NA;NA;NA;NA;NA;NA
rbbhf - hf_min;2590;0;0;NA;0;0;0;0;0;0;0;0;0;0;0;1;0;0;0;0;1;0;0;0;NA;NA;NA;0;0;0;1;NA;NA;NA;NA;NA;NA;NA;NA;NA;NA;0;0;NA;NA;NA;NA;NA;NA;0;0;1;NA;NA;NA;NA;NA;NA;NA;NA;NA;0;0;NA;0;NA;NA;0;NA;NA;1;0;NA;NA;NA;NA;NA;1;0;NA;NA;NA;NA;NA;NA;NA;NA;NA;NA;0;NA;0;NA;NA;NA;NA;NA;NA;1;NA;NA;NA;NA;NA;NA;NA;NA;NA;NA;NA;NA;NA;NA;NA;NA
rbbhf - hf_min;2591;0;1;0;0;0;0;0;0;0;0;0;0;0;0;1;0;0;0;0;1;0;0;0;NA;NA;NA;0;0;0;1;NA;NA;NA;NA;NA;NA;NA;NA;NA;NA;0;0;NA;NA;NA;NA;NA;NA;0;0;1;NA;NA;NA;NA;NA;NA;NA;NA;NA;0;0;NA;0;NA;NA;0;NA;NA;1;0;NA;NA;NA;NA;NA;1;0;NA;NA;NA;NA;NA;NA;NA;NA;NA;NA;0;NA;0;NA;NA;NA;NA;NA;NA;1;NA;NA;NA;NA;NA;NA;NA;NA;NA;NA;NA;NA;NA;NA;NA;NA
rbbhf - hf_min;2592;0;0;NA;0;0;0;0;0;0;0;0;0;0;0;1;0;0;0;0;0;NA;NA;NA;0;0;0;0;0;0;1;NA;NA;NA;NA;NA;NA;NA;NA;NA;NA;0;0;NA;NA;NA;NA;NA;NA;0;0;1;NA;NA;NA;NA;NA;NA;NA;NA;NA;0;0;NA;0;NA;NA;0;NA;NA;1;0;NA;NA;NA;NA;NA;1;0;NA;NA;NA;NA;NA;NA;NA;NA;NA;NA;0;NA;0;NA;NA;NA;NA;NA;NA;1;NA;NA;NA;NA;NA;NA;NA;NA;NA;NA;NA;NA;NA;NA;NA;NA
rbbhf - hf_min;2593;0;1;0;0;0;0;0;0;0;0;0;0;0;0;1;0;0;0;0;0;NA;NA;NA;0;0;0;0;0;0;1;NA;NA;NA;NA;NA;NA;NA;NA;NA;NA;0;0;NA;NA;NA;NA;NA;NA;0;0;1;NA;NA;NA;NA;NA;NA;NA;NA;NA;0;0;NA;0;NA;NA;0;NA;NA;1;0;NA;NA;NA;NA;NA;1;0;NA;NA;NA;NA;NA;NA;NA;NA;NA;NA;0;NA;0;NA;NA;NA;NA;NA;NA;1;NA;NA;NA;NA;NA;NA;NA;NA;NA;NA;NA;NA;NA;NA;NA;NA
rbbhfl - hfl;2594;0;0;NA;0;0;0;0;0;0;0;0;0;0;0;0;NA;NA;NA;NA;NA;NA;NA;NA;NA;NA;NA;0;0;0;0;NA;1;NA;NA;NA;NA;NA;NA;NA;NA;NA;NA;NA;NA;NA;NA;NA;NA;NA;NA;NA;NA;NA;NA;NA;NA;NA;NA;NA;NA;1;NA;1;NA;NA;NA;NA;NA;NA;NA;NA;NA;NA;NA;NA;NA;NA;NA;NA;NA;NA;NA;NA;NA;NA;NA;NA;NA;NA;NA;NA;NA;NA;NA;NA;NA;NA;NA;NA;NA;NA;NA;NA;NA;NA;NA;NA;NA;NA;NA;NA;NA;NA;NA
rbbhfl - hfl;2595;0;1;0;0;0;0;0;0;0;0;0;0;0;0;0;NA;NA;NA;NA;NA;NA;NA;NA;NA;NA;NA;0;0;0;0;NA;1;NA;NA;NA;NA;NA;NA;NA;NA;NA;NA;NA;NA;NA;NA;NA;NA;NA;NA;NA;NA;NA;NA;NA;NA;NA;NA;NA;NA;1;NA;1;NA;NA;NA;NA;NA;NA;NA;NA;NA;NA;NA;NA;NA;NA;NA;NA;NA;NA;NA;NA;NA;NA;NA;NA;NA;NA;NA;NA;NA;NA;NA;NA;NA;NA;NA;NA;NA;NA;NA;NA;NA;NA;NA;NA;NA;NA;NA;NA;NA;NA;NA
rbbhfl - hfl;2596;0;0;NA;0;0;0;0;0;0;0;0;0;0;0;1;0;0;0;0;1;0;0;0;NA;NA;NA;0;0;0;0;NA;1;NA;NA;NA;NA;NA;NA;NA;NA;NA;NA;NA;NA;NA;NA;NA;NA;NA;NA;NA;NA;NA;NA;NA;NA;NA;NA;NA;NA;1;NA;1;NA;NA;NA;NA;NA;NA;NA;NA;NA;NA;NA;NA;NA;NA;NA;NA;NA;NA;NA;NA;NA;NA;NA;NA;NA;NA;NA;NA;NA;NA;NA;NA;NA;NA;NA;NA;NA;NA;NA;NA;NA;NA;NA;NA;NA;NA;NA;NA;NA;NA;NA
rbbhfl - hfl;2597;0;1;0;0;0;0;0;0;0;0;0;0;0;0;1;0;0;0;0;1;0;0;0;NA;NA;NA;0;0;0;0;NA;1;NA;NA;NA;NA;NA;NA;NA;NA;NA;NA;NA;NA;NA;NA;NA;NA;NA;NA;NA;NA;NA;NA;NA;NA;NA;NA;NA;NA;1;NA;1;NA;NA;NA;NA;NA;NA;NA;NA;NA;NA;NA;NA;NA;NA;NA;NA;NA;NA;NA;NA;NA;NA;NA;NA;NA;NA;NA;NA;NA;NA;NA;NA;NA;NA;NA;NA;NA;NA;NA;NA;NA;NA;NA;NA;NA;NA;NA;NA;NA;NA;NA
rbbhfl - hfl;2598;0;0;NA;0;0;0;0;0;0;0;0;0;0;0;1;0;0;0;0;0;NA;NA;NA;0;0;0;0;0;0;0;NA;1;NA;NA;NA;NA;NA;NA;NA;NA;NA;NA;NA;NA;NA;NA;NA;NA;NA;NA;NA;NA;NA;NA;NA;NA;NA;NA;NA;NA;1;NA;1;NA;NA;NA;NA;NA;NA;NA;NA;NA;NA;NA;NA;NA;NA;NA;NA;NA;NA;NA;NA;NA;NA;NA;NA;NA;NA;NA;NA;NA;NA;NA;NA;NA;NA;NA;NA;NA;NA;NA;NA;NA;NA;NA;NA;NA;NA;NA;NA;NA;NA;NA
rbbhfl - hfl;2599;0;1;0;0;0;0;0;0;0;0;0;0;0;0;1;0;0;0;0;0;NA;NA;NA;0;0;0;0;0;0;0;NA;1;NA;NA;NA;NA;NA;NA;NA;NA;NA;NA;NA;NA;NA;NA;NA;NA;NA;NA;NA;NA;NA;NA;NA;NA;NA;NA;NA;NA;1;NA;1;NA;NA;NA;NA;NA;NA;NA;NA;NA;NA;NA;NA;NA;NA;NA;NA;NA;NA;NA;NA;NA;NA;NA;NA;NA;NA;NA;NA;NA;NA;NA;NA;NA;NA;NA;NA;NA;NA;NA;NA;NA;NA;NA;NA;NA;NA;NA;NA;NA;NA;NA
rbbhfl - hfl;2600;0;0;NA;0;0;0;0;0;0;0;0;0;0;0;0;NA;NA;NA;NA;NA;NA;NA;NA;NA;NA;NA;0;0;0;0;1;NA;NA;1;NA;NA;NA;NA;NA;NA;NA;NA;NA;NA;NA;NA;NA;NA;NA;NA;NA;NA;NA;NA;NA;NA;NA;NA;NA;NA;1;NA;1;NA;NA;NA;NA;NA;NA;NA;NA;NA;NA;NA;NA;NA;NA;NA;NA;NA;NA;NA;NA;NA;NA;NA;NA;NA;NA;NA;NA;NA;NA;NA;NA;NA;NA;NA;NA;NA;NA;NA;NA;NA;NA;NA;NA;NA;NA;NA;NA;NA;NA;NA
rbbhfl - hfl;2601;0;1;0;0;0;0;0;0;0;0;0;0;0;0;0;NA;NA;NA;NA;NA;NA;NA;NA;NA;NA;NA;0;0;0;0;1;NA;NA;1;NA;NA;NA;NA;NA;NA;NA;NA;NA;NA;NA;NA;NA;NA;NA;NA;NA;NA;NA;NA;NA;NA;NA;NA;NA;NA;1;NA;1;NA;NA;NA;NA;NA;NA;NA;NA;NA;NA;NA;NA;NA;NA;NA;NA;NA;NA;NA;NA;NA;NA;NA;NA;NA;NA;NA;NA;NA;NA;NA;NA;NA;NA;NA;NA;NA;NA;NA;NA;NA;NA;NA;NA;NA;NA;NA;NA;NA;NA;NA
rbbhfl - hfl;2602;0;0;NA;0;0;0;0;0;0;0;0;0;0;0;1;0;0;0;0;1;0;0;0;NA;NA;NA;0;0;0;0;1;NA;NA;1;NA;NA;NA;NA;NA;NA;NA;NA;NA;NA;NA;NA;NA;NA;NA;NA;NA;NA;NA;NA;NA;NA;NA;NA;NA;NA;1;NA;1;NA;NA;NA;NA;NA;NA;NA;NA;NA;NA;NA;NA;NA;NA;NA;NA;NA;NA;NA;NA;NA;NA;NA;NA;NA;NA;NA;NA;NA;NA;NA;NA;NA;NA;NA;NA;NA;NA;NA;NA;NA;NA;NA;NA;NA;NA;NA;NA;NA;NA;NA
rbbhfl - hfl;2603;0;1;0;0;0;0;0;0;0;0;0;0;0;0;1;0;0;0;0;1;0;0;0;NA;NA;NA;0;0;0;0;1;NA;NA;1;NA;NA;NA;NA;NA;NA;NA;NA;NA;NA;NA;NA;NA;NA;NA;NA;NA;NA;NA;NA;NA;NA;NA;NA;NA;NA;1;NA;1;NA;NA;NA;NA;NA;NA;NA;NA;NA;NA;NA;NA;NA;NA;NA;NA;NA;NA;NA;NA;NA;NA;NA;NA;NA;NA;NA;NA;NA;NA;NA;NA;NA;NA;NA;NA;NA;NA;NA;NA;NA;NA;NA;NA;NA;NA;NA;NA;NA;NA;NA
rbbhfl - hfl;2604;0;0;NA;0;0;0;0;0;0;0;0;0;0;0;1;0;0;0;0;0;NA;NA;NA;0;0;0;0;0;0;0;1;NA;NA;1;NA;NA;NA;NA;NA;NA;NA;NA;NA;NA;NA;NA;NA;NA;NA;NA;NA;NA;NA;NA;NA;NA;NA;NA;NA;NA;1;NA;1;NA;NA;NA;NA;NA;NA;NA;NA;NA;NA;NA;NA;NA;NA;NA;NA;NA;NA;NA;NA;NA;NA;NA;NA;NA;NA;NA;NA;NA;NA;NA;NA;NA;NA;NA;NA;NA;NA;NA;NA;NA;NA;NA;NA;NA;NA;NA;NA;NA;NA;NA
rbbhfl - hfl;2605;0;1;0;0;0;0;0;0;0;0;0;0;0;0;1;0;0;0;0;0;NA;NA;NA;0;0;0;0;0;0;0;1;NA;NA;1;NA;NA;NA;NA;NA;NA;NA;NA;NA;NA;NA;NA;NA;NA;NA;NA;NA;NA;NA;NA;NA;NA;NA;NA;NA;NA;1;NA;1;NA;NA;NA;NA;NA;NA;NA;NA;NA;NA;NA;NA;NA;NA;NA;NA;NA;NA;NA;NA;NA;NA;NA;NA;NA;NA;NA;NA;NA;NA;NA;NA;NA;NA;NA;NA;NA;NA;NA;NA;NA;NA;NA;NA;NA;NA;NA;NA;NA;NA;NA
rbbhfl - hfl;2606;0;0;NA;0;0;0;0;0;0;0;0;0;0;0;0;NA;NA;NA;NA;NA;NA;NA;NA;NA;NA;NA;0;0;0;1;NA;NA;NA;1;NA;NA;NA;NA;NA;NA;0;0;NA;NA;NA;NA;NA;NA;0;1;NA;NA;NA;NA;NA;NA;NA;NA;NA;NA;1;NA;1;NA;NA;NA;NA;NA;NA;NA;NA;NA;NA;NA;NA;NA;NA;NA;NA;NA;NA;NA;NA;NA;NA;NA;NA;NA;NA;NA;NA;NA;NA;NA;NA;NA;NA;NA;NA;NA;NA;NA;NA;NA;NA;NA;NA;NA;NA;NA;NA;NA;NA;NA
rbbhfl - hfl;2607;0;1;0;0;0;0;0;0;0;0;0;0;0;0;0;NA;NA;NA;NA;NA;NA;NA;NA;NA;NA;NA;0;0;0;1;NA;NA;NA;1;NA;NA;NA;NA;NA;NA;0;0;NA;NA;NA;NA;NA;NA;0;1;NA;NA;NA;NA;NA;NA;NA;NA;NA;NA;1;NA;1;NA;NA;NA;NA;NA;NA;NA;NA;NA;NA;NA;NA;NA;NA;NA;NA;NA;NA;NA;NA;NA;NA;NA;NA;NA;NA;NA;NA;NA;NA;NA;NA;NA;NA;NA;NA;NA;NA;NA;NA;NA;NA;NA;NA;NA;NA;NA;NA;NA;NA;NA
rbbhfl - hfl;2608;0;0;NA;0;0;0;0;0;0;0;0;0;0;0;1;0;0;0;0;1;0;0;0;NA;NA;NA;0;0;0;1;NA;NA;NA;1;NA;NA;NA;NA;NA;NA;0;0;NA;NA;NA;NA;NA;NA;0;1;NA;NA;NA;NA;NA;NA;NA;NA;NA;NA;1;NA;1;NA;NA;NA;NA;NA;NA;NA;NA;NA;NA;NA;NA;NA;NA;NA;NA;NA;NA;NA;NA;NA;NA;NA;NA;NA;NA;NA;NA;NA;NA;NA;NA;NA;NA;NA;NA;NA;NA;NA;NA;NA;NA;NA;NA;NA;NA;NA;NA;NA;NA;NA
rbbhfl - hfl;2609;0;1;0;0;0;0;0;0;0;0;0;0;0;0;1;0;0;0;0;1;0;0;0;NA;NA;NA;0;0;0;1;NA;NA;NA;1;NA;NA;NA;NA;NA;NA;0;0;NA;NA;NA;NA;NA;NA;0;1;NA;NA;NA;NA;NA;NA;NA;NA;NA;NA;1;NA;1;NA;NA;NA;NA;NA;NA;NA;NA;NA;NA;NA;NA;NA;NA;NA;NA;NA;NA;NA;NA;NA;NA;NA;NA;NA;NA;NA;NA;NA;NA;NA;NA;NA;NA;NA;NA;NA;NA;NA;NA;NA;NA;NA;NA;NA;NA;NA;NA;NA;NA;NA
rbbhfl - hfl;2610;0;0;NA;0;0;0;0;0;0;0;0;0;0;0;1;0;0;0;0;0;NA;NA;NA;0;0;0;0;0;0;1;NA;NA;NA;1;NA;NA;NA;NA;NA;NA;0;0;NA;NA;NA;NA;NA;NA;0;1;NA;NA;NA;NA;NA;NA;NA;NA;NA;NA;1;NA;1;NA;NA;NA;NA;NA;NA;NA;NA;NA;NA;NA;NA;NA;NA;NA;NA;NA;NA;NA;NA;NA;NA;NA;NA;NA;NA;NA;NA;NA;NA;NA;NA;NA;NA;NA;NA;NA;NA;NA;NA;NA;NA;NA;NA;NA;NA;NA;NA;NA;NA;NA
rbbhfl - hfl;2611;0;1;0;0;0;0;0;0;0;0;0;0;0;0;1;0;0;0;0;0;NA;NA;NA;0;0;0;0;0;0;1;NA;NA;NA;1;NA;NA;NA;NA;NA;NA;0;0;NA;NA;NA;NA;NA;NA;0;1;NA;NA;NA;NA;NA;NA;NA;NA;NA;NA;1;NA;1;NA;NA;NA;NA;NA;NA;NA;NA;NA;NA;NA;NA;NA;NA;NA;NA;NA;NA;NA;NA;NA;NA;NA;NA;NA;NA;NA;NA;NA;NA;NA;NA;NA;NA;NA;NA;NA;NA;NA;NA;NA;NA;NA;NA;NA;NA;NA;NA;NA;NA;NA
rbbhfl - hfl;2612;0;0;NA;0;0;0;0;0;0;0;0;0;0;0;0;NA;NA;NA;NA;NA;NA;NA;NA;NA;NA;NA;0;0;0;1;NA;NA;NA;NA;NA;NA;NA;NA;NA;NA;0;0;NA;NA;NA;NA;NA;NA;0;0;1;NA;NA;NA;NA;NA;NA;NA;NA;NA;1;NA;1;NA;NA;NA;NA;NA;NA;NA;NA;NA;NA;NA;NA;NA;NA;NA;NA;NA;NA;NA;NA;NA;NA;NA;NA;NA;NA;NA;NA;NA;NA;NA;NA;NA;NA;NA;NA;NA;NA;NA;NA;NA;NA;NA;NA;NA;NA;NA;NA;NA;NA;NA
rbbhfl - hfl;2613;0;1;0;0;0;0;0;0;0;0;0;0;0;0;0;NA;NA;NA;NA;NA;NA;NA;NA;NA;NA;NA;0;0;0;1;NA;NA;NA;NA;NA;NA;NA;NA;NA;NA;0;0;NA;NA;NA;NA;NA;NA;0;0;1;NA;NA;NA;NA;NA;NA;NA;NA;NA;1;NA;1;NA;NA;NA;NA;NA;NA;NA;NA;NA;NA;NA;NA;NA;NA;NA;NA;NA;NA;NA;NA;NA;NA;NA;NA;NA;NA;NA;NA;NA;NA;NA;NA;NA;NA;NA;NA;NA;NA;NA;NA;NA;NA;NA;NA;NA;NA;NA;NA;NA;NA;NA
rbbhfl - hfl;2614;0;0;NA;0;0;0;0;0;0;0;0;0;0;0;1;0;0;0;0;1;0;0;0;NA;NA;NA;0;0;0;1;NA;NA;NA;NA;NA;NA;NA;NA;NA;NA;0;0;NA;NA;NA;NA;NA;NA;0;0;1;NA;NA;NA;NA;NA;NA;NA;NA;NA;1;NA;1;NA;NA;NA;NA;NA;NA;NA;NA;NA;NA;NA;NA;NA;NA;NA;NA;NA;NA;NA;NA;NA;NA;NA;NA;NA;NA;NA;NA;NA;NA;NA;NA;NA;NA;NA;NA;NA;NA;NA;NA;NA;NA;NA;NA;NA;NA;NA;NA;NA;NA;NA
rbbhfl - hfl;2615;0;1;0;0;0;0;0;0;0;0;0;0;0;0;1;0;0;0;0;1;0;0;0;NA;NA;NA;0;0;0;1;NA;NA;NA;NA;NA;NA;NA;NA;NA;NA;0;0;NA;NA;NA;NA;NA;NA;0;0;1;NA;NA;NA;NA;NA;NA;NA;NA;NA;1;NA;1;NA;NA;NA;NA;NA;NA;NA;NA;NA;NA;NA;NA;NA;NA;NA;NA;NA;NA;NA;NA;NA;NA;NA;NA;NA;NA;NA;NA;NA;NA;NA;NA;NA;NA;NA;NA;NA;NA;NA;NA;NA;NA;NA;NA;NA;NA;NA;NA;NA;NA;NA
rbbhfl - hfl;2616;0;0;NA;0;0;0;0;0;0;0;0;0;0;0;1;0;0;0;0;0;NA;NA;NA;0;0;0;0;0;0;1;NA;NA;NA;NA;NA;NA;NA;NA;NA;NA;0;0;NA;NA;NA;NA;NA;NA;0;0;1;NA;NA;NA;NA;NA;NA;NA;NA;NA;1;NA;1;NA;NA;NA;NA;NA;NA;NA;NA;NA;NA;NA;NA;NA;NA;NA;NA;NA;NA;NA;NA;NA;NA;NA;NA;NA;NA;NA;NA;NA;NA;NA;NA;NA;NA;NA;NA;NA;NA;NA;NA;NA;NA;NA;NA;NA;NA;NA;NA;NA;NA;NA
rbbhfl - hfl;2617;0;1;0;0;0;0;0;0;0;0;0;0;0;0;1;0;0;0;0;0;NA;NA;NA;0;0;0;0;0;0;1;NA;NA;NA;NA;NA;NA;NA;NA;NA;NA;0;0;NA;NA;NA;NA;NA;NA;0;0;1;NA;NA;NA;NA;NA;NA;NA;NA;NA;1;NA;1;NA;NA;NA;NA;NA;NA;NA;NA;NA;NA;NA;NA;NA;NA;NA;NA;NA;NA;NA;NA;NA;NA;NA;NA;NA;NA;NA;NA;NA;NA;NA;NA;NA;NA;NA;NA;NA;NA;NA;NA;NA;NA;NA;NA;NA;NA;NA;NA;NA;NA;NA
rbbhfl - hfl_min;2618;0;0;NA;0;0;0;0;0;0;0;0;0;0;0;0;NA;NA;NA;NA;NA;NA;NA;NA;NA;NA;NA;0;0;0;0;NA;1;NA;NA;NA;NA;NA;NA;NA;NA;NA;NA;NA;NA;NA;NA;NA;NA;NA;NA;NA;NA;NA;NA;NA;NA;NA;NA;NA;NA;1;NA;0;NA;NA;NA;NA;NA;NA;NA;NA;NA;NA;NA;NA;NA;NA;NA;NA;NA;NA;NA;NA;NA;NA;NA;NA;NA;NA;NA;NA;NA;NA;NA;NA;NA;NA;NA;NA;NA;NA;NA;NA;NA;NA;NA;NA;NA;NA;NA;NA;NA;NA;NA
rbbhfl - hfl_min;2619;0;1;0;0;0;0;0;0;0;0;0;0;0;0;0;NA;NA;NA;NA;NA;NA;NA;NA;NA;NA;NA;0;0;0;0;NA;1;NA;NA;NA;NA;NA;NA;NA;NA;NA;NA;NA;NA;NA;NA;NA;NA;NA;NA;NA;NA;NA;NA;NA;NA;NA;NA;NA;NA;1;NA;0;NA;NA;NA;NA;NA;NA;NA;NA;NA;NA;NA;NA;NA;NA;NA;NA;NA;NA;NA;NA;NA;NA;NA;NA;NA;NA;NA;NA;NA;NA;NA;NA;NA;NA;NA;NA;NA;NA;NA;NA;NA;NA;NA;NA;NA;NA;NA;NA;NA;NA;NA
rbbhfl - hfl_min;2620;0;0;NA;0;0;0;0;0;0;0;0;0;0;0;1;0;0;0;0;1;0;0;0;NA;NA;NA;0;0;0;0;NA;1;NA;NA;NA;NA;NA;NA;NA;NA;NA;NA;NA;NA;NA;NA;NA;NA;NA;NA;NA;NA;NA;NA;NA;NA;NA;NA;NA;NA;1;NA;0;NA;NA;NA;NA;NA;NA;NA;NA;NA;NA;NA;NA;NA;NA;NA;NA;NA;NA;NA;NA;NA;NA;NA;NA;NA;NA;NA;NA;NA;NA;NA;NA;NA;NA;NA;NA;NA;NA;NA;NA;NA;NA;NA;NA;NA;NA;NA;NA;NA;NA;NA
rbbhfl - hfl_min;2621;0;1;0;0;0;0;0;0;0;0;0;0;0;0;1;0;0;0;0;1;0;0;0;NA;NA;NA;0;0;0;0;NA;1;NA;NA;NA;NA;NA;NA;NA;NA;NA;NA;NA;NA;NA;NA;NA;NA;NA;NA;NA;NA;NA;NA;NA;NA;NA;NA;NA;NA;1;NA;0;NA;NA;NA;NA;NA;NA;NA;NA;NA;NA;NA;NA;NA;NA;NA;NA;NA;NA;NA;NA;NA;NA;NA;NA;NA;NA;NA;NA;NA;NA;NA;NA;NA;NA;NA;NA;NA;NA;NA;NA;NA;NA;NA;NA;NA;NA;NA;NA;NA;NA;NA
rbbhfl - hfl_min;2622;0;0;NA;0;0;0;0;0;0;0;0;0;0;0;1;0;0;0;0;0;NA;NA;NA;0;0;0;0;0;0;0;NA;1;NA;NA;NA;NA;NA;NA;NA;NA;NA;NA;NA;NA;NA;NA;NA;NA;NA;NA;NA;NA;NA;NA;NA;NA;NA;NA;NA;NA;1;NA;0;NA;NA;NA;NA;NA;NA;NA;NA;NA;NA;NA;NA;NA;NA;NA;NA;NA;NA;NA;NA;NA;NA;NA;NA;NA;NA;NA;NA;NA;NA;NA;NA;NA;NA;NA;NA;NA;NA;NA;NA;NA;NA;NA;NA;NA;NA;NA;NA;NA;NA;NA
rbbhfl - hfl_min;2623;0;1;0;0;0;0;0;0;0;0;0;0;0;0;1;0;0;0;0;0;NA;NA;NA;0;0;0;0;0;0;0;NA;1;NA;NA;NA;NA;NA;NA;NA;NA;NA;NA;NA;NA;NA;NA;NA;NA;NA;NA;NA;NA;NA;NA;NA;NA;NA;NA;NA;NA;1;NA;0;NA;NA;NA;NA;NA;NA;NA;NA;NA;NA;NA;NA;NA;NA;NA;NA;NA;NA;NA;NA;NA;NA;NA;NA;NA;NA;NA;NA;NA;NA;NA;NA;NA;NA;NA;NA;NA;NA;NA;NA;NA;NA;NA;NA;NA;NA;NA;NA;NA;NA;NA
rbbhfl - hfl_min;2624;0;0;NA;0;0;0;0;0;0;0;0;0;0;0;0;NA;NA;NA;NA;NA;NA;NA;NA;NA;NA;NA;0;0;0;0;1;NA;NA;1;NA;NA;NA;NA;NA;NA;NA;NA;NA;NA;NA;NA;NA;NA;NA;NA;NA;NA;NA;NA;NA;NA;NA;NA;NA;NA;1;NA;0;NA;NA;NA;NA;NA;NA;NA;NA;NA;NA;NA;NA;NA;NA;NA;NA;NA;NA;NA;NA;NA;NA;NA;NA;NA;NA;NA;NA;NA;NA;NA;NA;NA;NA;NA;NA;NA;NA;NA;NA;NA;NA;NA;NA;NA;NA;NA;NA;NA;NA;NA
rbbhfl - hfl_min;2625;0;1;0;0;0;0;0;0;0;0;0;0;0;0;0;NA;NA;NA;NA;NA;NA;NA;NA;NA;NA;NA;0;0;0;0;1;NA;NA;1;NA;NA;NA;NA;NA;NA;NA;NA;NA;NA;NA;NA;NA;NA;NA;NA;NA;NA;NA;NA;NA;NA;NA;NA;NA;NA;1;NA;0;NA;NA;NA;NA;NA;NA;NA;NA;NA;NA;NA;NA;NA;NA;NA;NA;NA;NA;NA;NA;NA;NA;NA;NA;NA;NA;NA;NA;NA;NA;NA;NA;NA;NA;NA;NA;NA;NA;NA;NA;NA;NA;NA;NA;NA;NA;NA;NA;NA;NA;NA
rbbhfl - hfl_min;2626;0;0;NA;0;0;0;0;0;0;0;0;0;0;0;1;0;0;0;0;1;0;0;0;NA;NA;NA;0;0;0;0;1;NA;NA;1;NA;NA;NA;NA;NA;NA;NA;NA;NA;NA;NA;NA;NA;NA;NA;NA;NA;NA;NA;NA;NA;NA;NA;NA;NA;NA;1;NA;0;NA;NA;NA;NA;NA;NA;NA;NA;NA;NA;NA;NA;NA;NA;NA;NA;NA;NA;NA;NA;NA;NA;NA;NA;NA;NA;NA;NA;NA;NA;NA;NA;NA;NA;NA;NA;NA;NA;NA;NA;NA;NA;NA;NA;NA;NA;NA;NA;NA;NA;NA
rbbhfl - hfl_min;2627;0;1;0;0;0;0;0;0;0;0;0;0;0;0;1;0;0;0;0;1;0;0;0;NA;NA;NA;0;0;0;0;1;NA;NA;1;NA;NA;NA;NA;NA;NA;NA;NA;NA;NA;NA;NA;NA;NA;NA;NA;NA;NA;NA;NA;NA;NA;NA;NA;NA;NA;1;NA;0;NA;NA;NA;NA;NA;NA;NA;NA;NA;NA;NA;NA;NA;NA;NA;NA;NA;NA;NA;NA;NA;NA;NA;NA;NA;NA;NA;NA;NA;NA;NA;NA;NA;NA;NA;NA;NA;NA;NA;NA;NA;NA;NA;NA;NA;NA;NA;NA;NA;NA;NA
rbbhfl - hfl_min;2628;0;0;NA;0;0;0;0;0;0;0;0;0;0;0;1;0;0;0;0;0;NA;NA;NA;0;0;0;0;0;0;0;1;NA;NA;1;NA;NA;NA;NA;NA;NA;NA;NA;NA;NA;NA;NA;NA;NA;NA;NA;NA;NA;NA;NA;NA;NA;NA;NA;NA;NA;1;NA;0;NA;NA;NA;NA;NA;NA;NA;NA;NA;NA;NA;NA;NA;NA;NA;NA;NA;NA;NA;NA;NA;NA;NA;NA;NA;NA;NA;NA;NA;NA;NA;NA;NA;NA;NA;NA;NA;NA;NA;NA;NA;NA;NA;NA;NA;NA;NA;NA;NA;NA;NA
rbbhfl - hfl_min;2629;0;1;0;0;0;0;0;0;0;0;0;0;0;0;1;0;0;0;0;0;NA;NA;NA;0;0;0;0;0;0;0;1;NA;NA;1;NA;NA;NA;NA;NA;NA;NA;NA;NA;NA;NA;NA;NA;NA;NA;NA;NA;NA;NA;NA;NA;NA;NA;NA;NA;NA;1;NA;0;NA;NA;NA;NA;NA;NA;NA;NA;NA;NA;NA;NA;NA;NA;NA;NA;NA;NA;NA;NA;NA;NA;NA;NA;NA;NA;NA;NA;NA;NA;NA;NA;NA;NA;NA;NA;NA;NA;NA;NA;NA;NA;NA;NA;NA;NA;NA;NA;NA;NA;NA
rbbhfl - hfl_min;2630;0;0;NA;0;0;0;0;0;0;0;0;0;0;0;0;NA;NA;NA;NA;NA;NA;NA;NA;NA;NA;NA;0;0;0;1;NA;NA;NA;1;NA;NA;NA;NA;NA;NA;0;0;NA;NA;NA;NA;NA;NA;0;1;NA;NA;NA;NA;NA;NA;NA;NA;NA;NA;1;NA;0;NA;NA;NA;NA;NA;NA;NA;NA;NA;NA;NA;NA;NA;NA;NA;NA;NA;NA;NA;NA;NA;NA;NA;NA;NA;NA;NA;NA;NA;NA;NA;NA;NA;NA;NA;NA;NA;NA;NA;NA;NA;NA;NA;NA;NA;NA;NA;NA;NA;NA;NA
rbbhfl - hfl_min;2631;0;1;0;0;0;0;0;0;0;0;0;0;0;0;0;NA;NA;NA;NA;NA;NA;NA;NA;NA;NA;NA;0;0;0;1;NA;NA;NA;1;NA;NA;NA;NA;NA;NA;0;0;NA;NA;NA;NA;NA;NA;0;1;NA;NA;NA;NA;NA;NA;NA;NA;NA;NA;1;NA;0;NA;NA;NA;NA;NA;NA;NA;NA;NA;NA;NA;NA;NA;NA;NA;NA;NA;NA;NA;NA;NA;NA;NA;NA;NA;NA;NA;NA;NA;NA;NA;NA;NA;NA;NA;NA;NA;NA;NA;NA;NA;NA;NA;NA;NA;NA;NA;NA;NA;NA;NA
rbbhfl - hfl_min;2632;0;0;NA;0;0;0;0;0;0;0;0;0;0;0;1;0;0;0;0;1;0;0;0;NA;NA;NA;0;0;0;1;NA;NA;NA;1;NA;NA;NA;NA;NA;NA;0;0;NA;NA;NA;NA;NA;NA;0;1;NA;NA;NA;NA;NA;NA;NA;NA;NA;NA;1;NA;0;NA;NA;NA;NA;NA;NA;NA;NA;NA;NA;NA;NA;NA;NA;NA;NA;NA;NA;NA;NA;NA;NA;NA;NA;NA;NA;NA;NA;NA;NA;NA;NA;NA;NA;NA;NA;NA;NA;NA;NA;NA;NA;NA;NA;NA;NA;NA;NA;NA;NA;NA
rbbhfl - hfl_min;2633;0;1;0;0;0;0;0;0;0;0;0;0;0;0;1;0;0;0;0;1;0;0;0;NA;NA;NA;0;0;0;1;NA;NA;NA;1;NA;NA;NA;NA;NA;NA;0;0;NA;NA;NA;NA;NA;NA;0;1;NA;NA;NA;NA;NA;NA;NA;NA;NA;NA;1;NA;0;NA;NA;NA;NA;NA;NA;NA;NA;NA;NA;NA;NA;NA;NA;NA;NA;NA;NA;NA;NA;NA;NA;NA;NA;NA;NA;NA;NA;NA;NA;NA;NA;NA;NA;NA;NA;NA;NA;NA;NA;NA;NA;NA;NA;NA;NA;NA;NA;NA;NA;NA
rbbhfl - hfl_min;2634;0;0;NA;0;0;0;0;0;0;0;0;0;0;0;1;0;0;0;0;0;NA;NA;NA;0;0;0;0;0;0;1;NA;NA;NA;1;NA;NA;NA;NA;NA;NA;0;0;NA;NA;NA;NA;NA;NA;0;1;NA;NA;NA;NA;NA;NA;NA;NA;NA;NA;1;NA;0;NA;NA;NA;NA;NA;NA;NA;NA;NA;NA;NA;NA;NA;NA;NA;NA;NA;NA;NA;NA;NA;NA;NA;NA;NA;NA;NA;NA;NA;NA;NA;NA;NA;NA;NA;NA;NA;NA;NA;NA;NA;NA;NA;NA;NA;NA;NA;NA;NA;NA;NA
rbbhfl - hfl_min;2635;0;1;0;0;0;0;0;0;0;0;0;0;0;0;1;0;0;0;0;0;NA;NA;NA;0;0;0;0;0;0;1;NA;NA;NA;1;NA;NA;NA;NA;NA;NA;0;0;NA;NA;NA;NA;NA;NA;0;1;NA;NA;NA;NA;NA;NA;NA;NA;NA;NA;1;NA;0;NA;NA;NA;NA;NA;NA;NA;NA;NA;NA;NA;NA;NA;NA;NA;NA;NA;NA;NA;NA;NA;NA;NA;NA;NA;NA;NA;NA;NA;NA;NA;NA;NA;NA;NA;NA;NA;NA;NA;NA;NA;NA;NA;NA;NA;NA;NA;NA;NA;NA;NA
rbbhfl - hfl_min;2636;0;0;NA;0;0;0;0;0;0;0;0;0;0;0;0;NA;NA;NA;NA;NA;NA;NA;NA;NA;NA;NA;0;0;0;1;NA;NA;NA;NA;NA;NA;NA;NA;NA;NA;0;0;NA;NA;NA;NA;NA;NA;0;0;1;NA;NA;NA;NA;NA;NA;NA;NA;NA;1;NA;0;NA;NA;NA;NA;NA;NA;NA;NA;NA;NA;NA;NA;NA;NA;NA;NA;NA;NA;NA;NA;NA;NA;NA;NA;NA;NA;NA;NA;NA;NA;NA;NA;NA;NA;NA;NA;NA;NA;NA;NA;NA;NA;NA;NA;NA;NA;NA;NA;NA;NA;NA
rbbhfl - hfl_min;2637;0;1;0;0;0;0;0;0;0;0;0;0;0;0;0;NA;NA;NA;NA;NA;NA;NA;NA;NA;NA;NA;0;0;0;1;NA;NA;NA;NA;NA;NA;NA;NA;NA;NA;0;0;NA;NA;NA;NA;NA;NA;0;0;1;NA;NA;NA;NA;NA;NA;NA;NA;NA;1;NA;0;NA;NA;NA;NA;NA;NA;NA;NA;NA;NA;NA;NA;NA;NA;NA;NA;NA;NA;NA;NA;NA;NA;NA;NA;NA;NA;NA;NA;NA;NA;NA;NA;NA;NA;NA;NA;NA;NA;NA;NA;NA;NA;NA;NA;NA;NA;NA;NA;NA;NA;NA
rbbhfl - hfl_min;2638;0;0;NA;0;0;0;0;0;0;0;0;0;0;0;1;0;0;0;0;1;0;0;0;NA;NA;NA;0;0;0;1;NA;NA;NA;NA;NA;NA;NA;NA;NA;NA;0;0;NA;NA;NA;NA;NA;NA;0;0;1;NA;NA;NA;NA;NA;NA;NA;NA;NA;1;NA;0;NA;NA;NA;NA;NA;NA;NA;NA;NA;NA;NA;NA;NA;NA;NA;NA;NA;NA;NA;NA;NA;NA;NA;NA;NA;NA;NA;NA;NA;NA;NA;NA;NA;NA;NA;NA;NA;NA;NA;NA;NA;NA;NA;NA;NA;NA;NA;NA;NA;NA;NA
rbbhfl - hfl_min;2639;0;1;0;0;0;0;0;0;0;0;0;0;0;0;1;0;0;0;0;1;0;0;0;NA;NA;NA;0;0;0;1;NA;NA;NA;NA;NA;NA;NA;NA;NA;NA;0;0;NA;NA;NA;NA;NA;NA;0;0;1;NA;NA;NA;NA;NA;NA;NA;NA;NA;1;NA;0;NA;NA;NA;NA;NA;NA;NA;NA;NA;NA;NA;NA;NA;NA;NA;NA;NA;NA;NA;NA;NA;NA;NA;NA;NA;NA;NA;NA;NA;NA;NA;NA;NA;NA;NA;NA;NA;NA;NA;NA;NA;NA;NA;NA;NA;NA;NA;NA;NA;NA;NA
rbbhfl - hfl_min;2640;0;0;NA;0;0;0;0;0;0;0;0;0;0;0;1;0;0;0;0;0;NA;NA;NA;0;0;0;0;0;0;1;NA;NA;NA;NA;NA;NA;NA;NA;NA;NA;0;0;NA;NA;NA;NA;NA;NA;0;0;1;NA;NA;NA;NA;NA;NA;NA;NA;NA;1;NA;0;NA;NA;NA;NA;NA;NA;NA;NA;NA;NA;NA;NA;NA;NA;NA;NA;NA;NA;NA;NA;NA;NA;NA;NA;NA;NA;NA;NA;NA;NA;NA;NA;NA;NA;NA;NA;NA;NA;NA;NA;NA;NA;NA;NA;NA;NA;NA;NA;NA;NA;NA
rbbhfl - hfl_min;2641;0;1;0;0;0;0;0;0;0;0;0;0;0;0;1;0;0;0;0;0;NA;NA;NA;0;0;0;0;0;0;1;NA;NA;NA;NA;NA;NA;NA;NA;NA;NA;0;0;NA;NA;NA;NA;NA;NA;0;0;1;NA;NA;NA;NA;NA;NA;NA;NA;NA;1;NA;0;NA;NA;NA;NA;NA;NA;NA;NA;NA;NA;NA;NA;NA;NA;NA;NA;NA;NA;NA;NA;NA;NA;NA;NA;NA;NA;NA;NA;NA;NA;NA;NA;NA;NA;NA;NA;NA;NA;NA;NA;NA;NA;NA;NA;NA;NA;NA;NA;NA;NA;NA
rbbmc - mc;2642;0;0;NA;0;0;0;0;0;0;0;0;0;0;0;0;NA;NA;NA;NA;NA;NA;NA;NA;NA;NA;NA;0;0;0;0;1;NA;NA;0;0;0;0;0;0;0;NA;NA;NA;NA;NA;NA;NA;NA;NA;NA;NA;NA;NA;NA;NA;NA;NA;NA;NA;NA;NA;NA;NA;NA;NA;NA;NA;NA;NA;NA;NA;NA;NA;NA;NA;NA;NA;NA;NA;NA;NA;NA;NA;NA;NA;NA;NA;NA;NA;NA;NA;NA;NA;NA;NA;NA;NA;NA;NA;NA;NA;NA;NA;NA;NA;NA;NA;NA;NA;NA;NA;NA;NA;NA
rbbmc - mc;2643;0;1;0;0;0;0;0;0;0;0;0;0;0;0;0;NA;NA;NA;NA;NA;NA;NA;NA;NA;NA;NA;0;0;0;0;1;NA;NA;0;0;0;0;0;0;0;NA;NA;NA;NA;NA;NA;NA;NA;NA;NA;NA;NA;NA;NA;NA;NA;NA;NA;NA;NA;NA;NA;NA;NA;NA;NA;NA;NA;NA;NA;NA;NA;NA;NA;NA;NA;NA;NA;NA;NA;NA;NA;NA;NA;NA;NA;NA;NA;NA;NA;NA;NA;NA;NA;NA;NA;NA;NA;NA;NA;NA;NA;NA;NA;NA;NA;NA;NA;NA;NA;NA;NA;NA;NA
rbbmc - mc;2644;0;0;NA;0;0;0;0;0;0;0;0;0;0;0;1;0;0;0;0;1;0;0;0;NA;NA;NA;0;0;0;0;1;NA;NA;0;0;0;0;0;0;0;NA;NA;NA;NA;NA;NA;NA;NA;NA;NA;NA;NA;NA;NA;NA;NA;NA;NA;NA;NA;NA;NA;NA;NA;NA;NA;NA;NA;NA;NA;NA;NA;NA;NA;NA;NA;NA;NA;NA;NA;NA;NA;NA;NA;NA;NA;NA;NA;NA;NA;NA;NA;NA;NA;NA;NA;NA;NA;NA;NA;NA;NA;NA;NA;NA;NA;NA;NA;NA;NA;NA;NA;NA;NA
rbbmc - mc;2645;0;1;0;0;0;0;0;0;0;0;0;0;0;0;1;0;0;0;0;1;0;0;0;NA;NA;NA;0;0;0;0;1;NA;NA;0;0;0;0;0;0;0;NA;NA;NA;NA;NA;NA;NA;NA;NA;NA;NA;NA;NA;NA;NA;NA;NA;NA;NA;NA;NA;NA;NA;NA;NA;NA;NA;NA;NA;NA;NA;NA;NA;NA;NA;NA;NA;NA;NA;NA;NA;NA;NA;NA;NA;NA;NA;NA;NA;NA;NA;NA;NA;NA;NA;NA;NA;NA;NA;NA;NA;NA;NA;NA;NA;NA;NA;NA;NA;NA;NA;NA;NA;NA
rbbmc - mc;2646;0;0;NA;0;0;0;0;0;0;0;0;0;0;0;1;0;0;0;0;0;NA;NA;NA;0;0;0;0;0;0;0;1;NA;NA;0;0;0;0;0;0;0;NA;NA;NA;NA;NA;NA;NA;NA;NA;NA;NA;NA;NA;NA;NA;NA;NA;NA;NA;NA;NA;NA;NA;NA;NA;NA;NA;NA;NA;NA;NA;NA;NA;NA;NA;NA;NA;NA;NA;NA;NA;NA;NA;NA;NA;NA;NA;NA;NA;NA;NA;NA;NA;NA;NA;NA;NA;NA;NA;NA;NA;NA;NA;NA;NA;NA;NA;NA;NA;NA;NA;NA;NA;NA
rbbmc - mc;2647;0;1;0;0;0;0;0;0;0;0;0;0;0;0;1;0;0;0;0;0;NA;NA;NA;0;0;0;0;0;0;0;1;NA;NA;0;0;0;0;0;0;0;NA;NA;NA;NA;NA;NA;NA;NA;NA;NA;NA;NA;NA;NA;NA;NA;NA;NA;NA;NA;NA;NA;NA;NA;NA;NA;NA;NA;NA;NA;NA;NA;NA;NA;NA;NA;NA;NA;NA;NA;NA;NA;NA;NA;NA;NA;NA;NA;NA;NA;NA;NA;NA;NA;NA;NA;NA;NA;NA;NA;NA;NA;NA;NA;NA;NA;NA;NA;NA;NA;NA;NA;NA;NA
rbbmc - mc;2648;0;0;NA;0;0;0;0;0;0;0;0;0;0;0;0;NA;NA;NA;NA;NA;NA;NA;NA;NA;NA;NA;0;0;0;1;NA;NA;NA;0;0;0;0;0;0;0;0;0;NA;NA;NA;NA;NA;NA;0;1;NA;NA;NA;NA;NA;NA;NA;NA;NA;NA;NA;NA;NA;NA;NA;NA;NA;NA;NA;NA;NA;NA;NA;NA;NA;NA;NA;NA;NA;NA;NA;NA;NA;NA;NA;NA;NA;NA;NA;NA;NA;NA;NA;NA;NA;NA;NA;NA;NA;NA;NA;NA;NA;NA;NA;NA;NA;NA;NA;NA;NA;NA;NA;NA
rbbmc - mc;2649;0;1;0;0;0;0;0;0;0;0;0;0;0;0;0;NA;NA;NA;NA;NA;NA;NA;NA;NA;NA;NA;0;0;0;1;NA;NA;NA;0;0;0;0;0;0;0;0;0;NA;NA;NA;NA;NA;NA;0;1;NA;NA;NA;NA;NA;NA;NA;NA;NA;NA;NA;NA;NA;NA;NA;NA;NA;NA;NA;NA;NA;NA;NA;NA;NA;NA;NA;NA;NA;NA;NA;NA;NA;NA;NA;NA;NA;NA;NA;NA;NA;NA;NA;NA;NA;NA;NA;NA;NA;NA;NA;NA;NA;NA;NA;NA;NA;NA;NA;NA;NA;NA;NA;NA
rbbmc - mc;2650;0;0;NA;0;0;0;0;0;0;0;0;0;0;0;1;0;0;0;0;1;0;0;0;NA;NA;NA;0;0;0;1;NA;NA;NA;0;0;0;0;0;0;0;0;0;NA;NA;NA;NA;NA;NA;0;1;NA;NA;NA;NA;NA;NA;NA;NA;NA;NA;NA;NA;NA;NA;NA;NA;NA;NA;NA;NA;NA;NA;NA;NA;NA;NA;NA;NA;NA;NA;NA;NA;NA;NA;NA;NA;NA;NA;NA;NA;NA;NA;NA;NA;NA;NA;NA;NA;NA;NA;NA;NA;NA;NA;NA;NA;NA;NA;NA;NA;NA;NA;NA;NA
rbbmc - mc;2651;0;1;0;0;0;0;0;0;0;0;0;0;0;0;1;0;0;0;0;1;0;0;0;NA;NA;NA;0;0;0;1;NA;NA;NA;0;0;0;0;0;0;0;0;0;NA;NA;NA;NA;NA;NA;0;1;NA;NA;NA;NA;NA;NA;NA;NA;NA;NA;NA;NA;NA;NA;NA;NA;NA;NA;NA;NA;NA;NA;NA;NA;NA;NA;NA;NA;NA;NA;NA;NA;NA;NA;NA;NA;NA;NA;NA;NA;NA;NA;NA;NA;NA;NA;NA;NA;NA;NA;NA;NA;NA;NA;NA;NA;NA;NA;NA;NA;NA;NA;NA;NA
rbbmc - mc;2652;0;0;NA;0;0;0;0;0;0;0;0;0;0;0;1;0;0;0;0;0;NA;NA;NA;0;0;0;0;0;0;1;NA;NA;NA;0;0;0;0;0;0;0;0;0;NA;NA;NA;NA;NA;NA;0;1;NA;NA;NA;NA;NA;NA;NA;NA;NA;NA;NA;NA;NA;NA;NA;NA;NA;NA;NA;NA;NA;NA;NA;NA;NA;NA;NA;NA;NA;NA;NA;NA;NA;NA;NA;NA;NA;NA;NA;NA;NA;NA;NA;NA;NA;NA;NA;NA;NA;NA;NA;NA;NA;NA;NA;NA;NA;NA;NA;NA;NA;NA;NA;NA
rbbmc - mc;2653;0;1;0;0;0;0;0;0;0;0;0;0;0;0;1;0;0;0;0;0;NA;NA;NA;0;0;0;0;0;0;1;NA;NA;NA;0;0;0;0;0;0;0;0;0;NA;NA;NA;NA;NA;NA;0;1;NA;NA;NA;NA;NA;NA;NA;NA;NA;NA;NA;NA;NA;NA;NA;NA;NA;NA;NA;NA;NA;NA;NA;NA;NA;NA;NA;NA;NA;NA;NA;NA;NA;NA;NA;NA;NA;NA;NA;NA;NA;NA;NA;NA;NA;NA;NA;NA;NA;NA;NA;NA;NA;NA;NA;NA;NA;NA;NA;NA;NA;NA;NA;NA
rbbmc - mc_min;2654;0;0;NA;0;0;0;0;0;0;0;0;0;0;0;0;NA;NA;NA;NA;NA;NA;NA;NA;NA;NA;NA;0;0;0;0;1;NA;NA;0;0;0;1;NA;NA;NA;NA;NA;NA;NA;NA;NA;NA;NA;NA;NA;NA;NA;NA;NA;NA;NA;NA;NA;NA;NA;NA;NA;NA;NA;NA;NA;NA;NA;NA;NA;NA;NA;NA;NA;NA;NA;NA;NA;NA;NA;NA;NA;NA;NA;NA;NA;NA;NA;NA;NA;NA;NA;NA;NA;NA;NA;NA;NA;NA;NA;NA;NA;NA;NA;NA;NA;NA;NA;NA;NA;NA;NA;NA;NA
rbbmc - mc_min;2655;0;1;0;0;0;0;0;0;0;0;0;0;0;0;0;NA;NA;NA;NA;NA;NA;NA;NA;NA;NA;NA;0;0;0;0;1;NA;NA;0;0;0;1;NA;NA;NA;NA;NA;NA;NA;NA;NA;NA;NA;NA;NA;NA;NA;NA;NA;NA;NA;NA;NA;NA;NA;NA;NA;NA;NA;NA;NA;NA;NA;NA;NA;NA;NA;NA;NA;NA;NA;NA;NA;NA;NA;NA;NA;NA;NA;NA;NA;NA;NA;NA;NA;NA;NA;NA;NA;NA;NA;NA;NA;NA;NA;NA;NA;NA;NA;NA;NA;NA;NA;NA;NA;NA;NA;NA;NA
rbbmc - mc_min;2656;0;0;NA;0;0;0;0;0;0;0;0;0;0;0;1;0;0;0;0;1;0;0;0;NA;NA;NA;0;0;0;0;1;NA;NA;0;0;0;1;NA;NA;NA;NA;NA;NA;NA;NA;NA;NA;NA;NA;NA;NA;NA;NA;NA;NA;NA;NA;NA;NA;NA;NA;NA;NA;NA;NA;NA;NA;NA;NA;NA;NA;NA;NA;NA;NA;NA;NA;NA;NA;NA;NA;NA;NA;NA;NA;NA;NA;NA;NA;NA;NA;NA;NA;NA;NA;NA;NA;NA;NA;NA;NA;NA;NA;NA;NA;NA;NA;NA;NA;NA;NA;NA;NA;NA
rbbmc - mc_min;2657;0;1;0;0;0;0;0;0;0;0;0;0;0;0;1;0;0;0;0;1;0;0;0;NA;NA;NA;0;0;0;0;1;NA;NA;0;0;0;1;NA;NA;NA;NA;NA;NA;NA;NA;NA;NA;NA;NA;NA;NA;NA;NA;NA;NA;NA;NA;NA;NA;NA;NA;NA;NA;NA;NA;NA;NA;NA;NA;NA;NA;NA;NA;NA;NA;NA;NA;NA;NA;NA;NA;NA;NA;NA;NA;NA;NA;NA;NA;NA;NA;NA;NA;NA;NA;NA;NA;NA;NA;NA;NA;NA;NA;NA;NA;NA;NA;NA;NA;NA;NA;NA;NA;NA
rbbmc - mc_min;2658;0;0;NA;0;0;0;0;0;0;0;0;0;0;0;1;0;0;0;0;0;NA;NA;NA;0;0;0;0;0;0;0;1;NA;NA;0;0;0;1;NA;NA;NA;NA;NA;NA;NA;NA;NA;NA;NA;NA;NA;NA;NA;NA;NA;NA;NA;NA;NA;NA;NA;NA;NA;NA;NA;NA;NA;NA;NA;NA;NA;NA;NA;NA;NA;NA;NA;NA;NA;NA;NA;NA;NA;NA;NA;NA;NA;NA;NA;NA;NA;NA;NA;NA;NA;NA;NA;NA;NA;NA;NA;NA;NA;NA;NA;NA;NA;NA;NA;NA;NA;NA;NA;NA;NA
rbbmc - mc_min;2659;0;1;0;0;0;0;0;0;0;0;0;0;0;0;1;0;0;0;0;0;NA;NA;NA;0;0;0;0;0;0;0;1;NA;NA;0;0;0;1;NA;NA;NA;NA;NA;NA;NA;NA;NA;NA;NA;NA;NA;NA;NA;NA;NA;NA;NA;NA;NA;NA;NA;NA;NA;NA;NA;NA;NA;NA;NA;NA;NA;NA;NA;NA;NA;NA;NA;NA;NA;NA;NA;NA;NA;NA;NA;NA;NA;NA;NA;NA;NA;NA;NA;NA;NA;NA;NA;NA;NA;NA;NA;NA;NA;NA;NA;NA;NA;NA;NA;NA;NA;NA;NA;NA;NA
rbbmc - mc_min;2660;0;0;NA;0;0;0;0;0;0;0;0;0;0;0;0;NA;NA;NA;NA;NA;NA;NA;NA;NA;NA;NA;0;0;0;1;NA;NA;NA;0;0;0;1;NA;NA;NA;0;0;NA;NA;NA;NA;NA;NA;0;1;NA;NA;NA;NA;NA;NA;NA;NA;NA;NA;NA;NA;NA;NA;NA;NA;NA;NA;NA;NA;NA;NA;NA;NA;NA;NA;NA;NA;NA;NA;NA;NA;NA;NA;NA;NA;NA;NA;NA;NA;NA;NA;NA;NA;NA;NA;NA;NA;NA;NA;NA;NA;NA;NA;NA;NA;NA;NA;NA;NA;NA;NA;NA;NA
rbbmc - mc_min;2661;0;1;0;0;0;0;0;0;0;0;0;0;0;0;0;NA;NA;NA;NA;NA;NA;NA;NA;NA;NA;NA;0;0;0;1;NA;NA;NA;0;0;0;1;NA;NA;NA;0;0;NA;NA;NA;NA;NA;NA;0;1;NA;NA;NA;NA;NA;NA;NA;NA;NA;NA;NA;NA;NA;NA;NA;NA;NA;NA;NA;NA;NA;NA;NA;NA;NA;NA;NA;NA;NA;NA;NA;NA;NA;NA;NA;NA;NA;NA;NA;NA;NA;NA;NA;NA;NA;NA;NA;NA;NA;NA;NA;NA;NA;NA;NA;NA;NA;NA;NA;NA;NA;NA;NA;NA
rbbmc - mc_min;2662;0;0;NA;0;0;0;0;0;0;0;0;0;0;0;1;0;0;0;0;1;0;0;0;NA;NA;NA;0;0;0;1;NA;NA;NA;0;0;0;1;NA;NA;NA;0;0;NA;NA;NA;NA;NA;NA;0;1;NA;NA;NA;NA;NA;NA;NA;NA;NA;NA;NA;NA;NA;NA;NA;NA;NA;NA;NA;NA;NA;NA;NA;NA;NA;NA;NA;NA;NA;NA;NA;NA;NA;NA;NA;NA;NA;NA;NA;NA;NA;NA;NA;NA;NA;NA;NA;NA;NA;NA;NA;NA;NA;NA;NA;NA;NA;NA;NA;NA;NA;NA;NA;NA
rbbmc - mc_min;2663;0;1;0;0;0;0;0;0;0;0;0;0;0;0;1;0;0;0;0;1;0;0;0;NA;NA;NA;0;0;0;1;NA;NA;NA;0;0;0;1;NA;NA;NA;0;0;NA;NA;NA;NA;NA;NA;0;1;NA;NA;NA;NA;NA;NA;NA;NA;NA;NA;NA;NA;NA;NA;NA;NA;NA;NA;NA;NA;NA;NA;NA;NA;NA;NA;NA;NA;NA;NA;NA;NA;NA;NA;NA;NA;NA;NA;NA;NA;NA;NA;NA;NA;NA;NA;NA;NA;NA;NA;NA;NA;NA;NA;NA;NA;NA;NA;NA;NA;NA;NA;NA;NA
rbbmc - mc_min;2664;0;0;NA;0;0;0;0;0;0;0;0;0;0;0;1;0;0;0;0;0;NA;NA;NA;0;0;0;0;0;0;1;NA;NA;NA;0;0;0;1;NA;NA;NA;0;0;NA;NA;NA;NA;NA;NA;0;1;NA;NA;NA;NA;NA;NA;NA;NA;NA;NA;NA;NA;NA;NA;NA;NA;NA;NA;NA;NA;NA;NA;NA;NA;NA;NA;NA;NA;NA;NA;NA;NA;NA;NA;NA;NA;NA;NA;NA;NA;NA;NA;NA;NA;NA;NA;NA;NA;NA;NA;NA;NA;NA;NA;NA;NA;NA;NA;NA;NA;NA;NA;NA;NA
rbbmc - mc_min;2665;0;1;0;0;0;0;0;0;0;0;0;0;0;0;1;0;0;0;0;0;NA;NA;NA;0;0;0;0;0;0;1;NA;NA;NA;0;0;0;1;NA;NA;NA;0;0;NA;NA;NA;NA;NA;NA;0;1;NA;NA;NA;NA;NA;NA;NA;NA;NA;NA;NA;NA;NA;NA;NA;NA;NA;NA;NA;NA;NA;NA;NA;NA;NA;NA;NA;NA;NA;NA;NA;NA;NA;NA;NA;NA;NA;NA;NA;NA;NA;NA;NA;NA;NA;NA;NA;NA;NA;NA;NA;NA;NA;NA;NA;NA;NA;NA;NA;NA;NA;NA;NA;NA
rbbmc - mc_min;2666;0;0;NA;0;0;0;0;0;0;0;0;0;0;0;0;NA;NA;NA;NA;NA;NA;NA;NA;NA;NA;NA;0;0;0;0;1;NA;NA;0;0;0;NA;1;NA;NA;NA;NA;NA;NA;NA;NA;NA;NA;NA;NA;NA;NA;NA;NA;NA;NA;NA;NA;NA;NA;NA;NA;NA;NA;NA;NA;NA;NA;NA;NA;NA;NA;NA;NA;NA;NA;NA;NA;NA;NA;NA;NA;NA;NA;NA;NA;NA;NA;NA;NA;NA;NA;NA;NA;NA;NA;NA;NA;NA;NA;NA;NA;NA;NA;NA;NA;NA;NA;NA;NA;NA;NA;NA;NA
rbbmc - mc_min;2667;0;1;0;0;0;0;0;0;0;0;0;0;0;0;0;NA;NA;NA;NA;NA;NA;NA;NA;NA;NA;NA;0;0;0;0;1;NA;NA;0;0;0;NA;1;NA;NA;NA;NA;NA;NA;NA;NA;NA;NA;NA;NA;NA;NA;NA;NA;NA;NA;NA;NA;NA;NA;NA;NA;NA;NA;NA;NA;NA;NA;NA;NA;NA;NA;NA;NA;NA;NA;NA;NA;NA;NA;NA;NA;NA;NA;NA;NA;NA;NA;NA;NA;NA;NA;NA;NA;NA;NA;NA;NA;NA;NA;NA;NA;NA;NA;NA;NA;NA;NA;NA;NA;NA;NA;NA;NA
rbbmc - mc_min;2668;0;0;NA;0;0;0;0;0;0;0;0;0;0;0;1;0;0;0;0;1;0;0;0;NA;NA;NA;0;0;0;0;1;NA;NA;0;0;0;NA;1;NA;NA;NA;NA;NA;NA;NA;NA;NA;NA;NA;NA;NA;NA;NA;NA;NA;NA;NA;NA;NA;NA;NA;NA;NA;NA;NA;NA;NA;NA;NA;NA;NA;NA;NA;NA;NA;NA;NA;NA;NA;NA;NA;NA;NA;NA;NA;NA;NA;NA;NA;NA;NA;NA;NA;NA;NA;NA;NA;NA;NA;NA;NA;NA;NA;NA;NA;NA;NA;NA;NA;NA;NA;NA;NA;NA
rbbmc - mc_min;2669;0;1;0;0;0;0;0;0;0;0;0;0;0;0;1;0;0;0;0;1;0;0;0;NA;NA;NA;0;0;0;0;1;NA;NA;0;0;0;NA;1;NA;NA;NA;NA;NA;NA;NA;NA;NA;NA;NA;NA;NA;NA;NA;NA;NA;NA;NA;NA;NA;NA;NA;NA;NA;NA;NA;NA;NA;NA;NA;NA;NA;NA;NA;NA;NA;NA;NA;NA;NA;NA;NA;NA;NA;NA;NA;NA;NA;NA;NA;NA;NA;NA;NA;NA;NA;NA;NA;NA;NA;NA;NA;NA;NA;NA;NA;NA;NA;NA;NA;NA;NA;NA;NA;NA
rbbmc - mc_min;2670;0;0;NA;0;0;0;0;0;0;0;0;0;0;0;1;0;0;0;0;0;NA;NA;NA;0;0;0;0;0;0;0;1;NA;NA;0;0;0;NA;1;NA;NA;NA;NA;NA;NA;NA;NA;NA;NA;NA;NA;NA;NA;NA;NA;NA;NA;NA;NA;NA;NA;NA;NA;NA;NA;NA;NA;NA;NA;NA;NA;NA;NA;NA;NA;NA;NA;NA;NA;NA;NA;NA;NA;NA;NA;NA;NA;NA;NA;NA;NA;NA;NA;NA;NA;NA;NA;NA;NA;NA;NA;NA;NA;NA;NA;NA;NA;NA;NA;NA;NA;NA;NA;NA;NA
rbbmc - mc_min;2671;0;1;0;0;0;0;0;0;0;0;0;0;0;0;1;0;0;0;0;0;NA;NA;NA;0;0;0;0;0;0;0;1;NA;NA;0;0;0;NA;1;NA;NA;NA;NA;NA;NA;NA;NA;NA;NA;NA;NA;NA;NA;NA;NA;NA;NA;NA;NA;NA;NA;NA;NA;NA;NA;NA;NA;NA;NA;NA;NA;NA;NA;NA;NA;NA;NA;NA;NA;NA;NA;NA;NA;NA;NA;NA;NA;NA;NA;NA;NA;NA;NA;NA;NA;NA;NA;NA;NA;NA;NA;NA;NA;NA;NA;NA;NA;NA;NA;NA;NA;NA;NA;NA;NA
rbbmc - mc_min;2672;0;0;NA;0;0;0;0;0;0;0;0;0;0;0;0;NA;NA;NA;NA;NA;NA;NA;NA;NA;NA;NA;0;0;0;1;NA;NA;NA;0;0;0;NA;1;NA;NA;0;0;NA;NA;NA;NA;NA;NA;0;1;NA;NA;NA;NA;NA;NA;NA;NA;NA;NA;NA;NA;NA;NA;NA;NA;NA;NA;NA;NA;NA;NA;NA;NA;NA;NA;NA;NA;NA;NA;NA;NA;NA;NA;NA;NA;NA;NA;NA;NA;NA;NA;NA;NA;NA;NA;NA;NA;NA;NA;NA;NA;NA;NA;NA;NA;NA;NA;NA;NA;NA;NA;NA;NA
rbbmc - mc_min;2673;0;1;0;0;0;0;0;0;0;0;0;0;0;0;0;NA;NA;NA;NA;NA;NA;NA;NA;NA;NA;NA;0;0;0;1;NA;NA;NA;0;0;0;NA;1;NA;NA;0;0;NA;NA;NA;NA;NA;NA;0;1;NA;NA;NA;NA;NA;NA;NA;NA;NA;NA;NA;NA;NA;NA;NA;NA;NA;NA;NA;NA;NA;NA;NA;NA;NA;NA;NA;NA;NA;NA;NA;NA;NA;NA;NA;NA;NA;NA;NA;NA;NA;NA;NA;NA;NA;NA;NA;NA;NA;NA;NA;NA;NA;NA;NA;NA;NA;NA;NA;NA;NA;NA;NA;NA
rbbmc - mc_min;2674;0;0;NA;0;0;0;0;0;0;0;0;0;0;0;1;0;0;0;0;1;0;0;0;NA;NA;NA;0;0;0;1;NA;NA;NA;0;0;0;NA;1;NA;NA;0;0;NA;NA;NA;NA;NA;NA;0;1;NA;NA;NA;NA;NA;NA;NA;NA;NA;NA;NA;NA;NA;NA;NA;NA;NA;NA;NA;NA;NA;NA;NA;NA;NA;NA;NA;NA;NA;NA;NA;NA;NA;NA;NA;NA;NA;NA;NA;NA;NA;NA;NA;NA;NA;NA;NA;NA;NA;NA;NA;NA;NA;NA;NA;NA;NA;NA;NA;NA;NA;NA;NA;NA
rbbmc - mc_min;2675;0;1;0;0;0;0;0;0;0;0;0;0;0;0;1;0;0;0;0;1;0;0;0;NA;NA;NA;0;0;0;1;NA;NA;NA;0;0;0;NA;1;NA;NA;0;0;NA;NA;NA;NA;NA;NA;0;1;NA;NA;NA;NA;NA;NA;NA;NA;NA;NA;NA;NA;NA;NA;NA;NA;NA;NA;NA;NA;NA;NA;NA;NA;NA;NA;NA;NA;NA;NA;NA;NA;NA;NA;NA;NA;NA;NA;NA;NA;NA;NA;NA;NA;NA;NA;NA;NA;NA;NA;NA;NA;NA;NA;NA;NA;NA;NA;NA;NA;NA;NA;NA;NA
rbbmc - mc_min;2676;0;0;NA;0;0;0;0;0;0;0;0;0;0;0;1;0;0;0;0;0;NA;NA;NA;0;0;0;0;0;0;1;NA;NA;NA;0;0;0;NA;1;NA;NA;0;0;NA;NA;NA;NA;NA;NA;0;1;NA;NA;NA;NA;NA;NA;NA;NA;NA;NA;NA;NA;NA;NA;NA;NA;NA;NA;NA;NA;NA;NA;NA;NA;NA;NA;NA;NA;NA;NA;NA;NA;NA;NA;NA;NA;NA;NA;NA;NA;NA;NA;NA;NA;NA;NA;NA;NA;NA;NA;NA;NA;NA;NA;NA;NA;NA;NA;NA;NA;NA;NA;NA;NA
rbbmc - mc_min;2677;0;1;0;0;0;0;0;0;0;0;0;0;0;0;1;0;0;0;0;0;NA;NA;NA;0;0;0;0;0;0;1;NA;NA;NA;0;0;0;NA;1;NA;NA;0;0;NA;NA;NA;NA;NA;NA;0;1;NA;NA;NA;NA;NA;NA;NA;NA;NA;NA;NA;NA;NA;NA;NA;NA;NA;NA;NA;NA;NA;NA;NA;NA;NA;NA;NA;NA;NA;NA;NA;NA;NA;NA;NA;NA;NA;NA;NA;NA;NA;NA;NA;NA;NA;NA;NA;NA;NA;NA;NA;NA;NA;NA;NA;NA;NA;NA;NA;NA;NA;NA;NA;NA
rbbmc - mc_min;2678;0;0;NA;0;0;0;0;0;0;0;0;0;0;0;0;NA;NA;NA;NA;NA;NA;NA;NA;NA;NA;NA;0;0;0;0;1;NA;NA;0;0;0;NA;NA;NA;1;NA;NA;NA;NA;NA;NA;NA;NA;NA;NA;NA;NA;NA;NA;NA;NA;NA;NA;NA;NA;NA;NA;NA;NA;NA;NA;NA;NA;NA;NA;NA;NA;NA;NA;NA;NA;NA;NA;NA;NA;NA;NA;NA;NA;NA;NA;NA;NA;NA;NA;NA;NA;NA;NA;NA;NA;NA;NA;NA;NA;NA;NA;NA;NA;NA;NA;NA;NA;NA;NA;NA;NA;NA;NA
rbbmc - mc_min;2679;0;1;0;0;0;0;0;0;0;0;0;0;0;0;0;NA;NA;NA;NA;NA;NA;NA;NA;NA;NA;NA;0;0;0;0;1;NA;NA;0;0;0;NA;NA;NA;1;NA;NA;NA;NA;NA;NA;NA;NA;NA;NA;NA;NA;NA;NA;NA;NA;NA;NA;NA;NA;NA;NA;NA;NA;NA;NA;NA;NA;NA;NA;NA;NA;NA;NA;NA;NA;NA;NA;NA;NA;NA;NA;NA;NA;NA;NA;NA;NA;NA;NA;NA;NA;NA;NA;NA;NA;NA;NA;NA;NA;NA;NA;NA;NA;NA;NA;NA;NA;NA;NA;NA;NA;NA;NA
rbbmc - mc_min;2680;0;0;NA;0;0;0;0;0;0;0;0;0;0;0;1;0;0;0;0;1;0;0;0;NA;NA;NA;0;0;0;0;1;NA;NA;0;0;0;NA;NA;NA;1;NA;NA;NA;NA;NA;NA;NA;NA;NA;NA;NA;NA;NA;NA;NA;NA;NA;NA;NA;NA;NA;NA;NA;NA;NA;NA;NA;NA;NA;NA;NA;NA;NA;NA;NA;NA;NA;NA;NA;NA;NA;NA;NA;NA;NA;NA;NA;NA;NA;NA;NA;NA;NA;NA;NA;NA;NA;NA;NA;NA;NA;NA;NA;NA;NA;NA;NA;NA;NA;NA;NA;NA;NA;NA
rbbmc - mc_min;2681;0;1;0;0;0;0;0;0;0;0;0;0;0;0;1;0;0;0;0;1;0;0;0;NA;NA;NA;0;0;0;0;1;NA;NA;0;0;0;NA;NA;NA;1;NA;NA;NA;NA;NA;NA;NA;NA;NA;NA;NA;NA;NA;NA;NA;NA;NA;NA;NA;NA;NA;NA;NA;NA;NA;NA;NA;NA;NA;NA;NA;NA;NA;NA;NA;NA;NA;NA;NA;NA;NA;NA;NA;NA;NA;NA;NA;NA;NA;NA;NA;NA;NA;NA;NA;NA;NA;NA;NA;NA;NA;NA;NA;NA;NA;NA;NA;NA;NA;NA;NA;NA;NA;NA
rbbmc - mc_min;2682;0;0;NA;0;0;0;0;0;0;0;0;0;0;0;1;0;0;0;0;0;NA;NA;NA;0;0;0;0;0;0;0;1;NA;NA;0;0;0;NA;NA;NA;1;NA;NA;NA;NA;NA;NA;NA;NA;NA;NA;NA;NA;NA;NA;NA;NA;NA;NA;NA;NA;NA;NA;NA;NA;NA;NA;NA;NA;NA;NA;NA;NA;NA;NA;NA;NA;NA;NA;NA;NA;NA;NA;NA;NA;NA;NA;NA;NA;NA;NA;NA;NA;NA;NA;NA;NA;NA;NA;NA;NA;NA;NA;NA;NA;NA;NA;NA;NA;NA;NA;NA;NA;NA;NA
rbbmc - mc_min;2683;0;1;0;0;0;0;0;0;0;0;0;0;0;0;1;0;0;0;0;0;NA;NA;NA;0;0;0;0;0;0;0;1;NA;NA;0;0;0;NA;NA;NA;1;NA;NA;NA;NA;NA;NA;NA;NA;NA;NA;NA;NA;NA;NA;NA;NA;NA;NA;NA;NA;NA;NA;NA;NA;NA;NA;NA;NA;NA;NA;NA;NA;NA;NA;NA;NA;NA;NA;NA;NA;NA;NA;NA;NA;NA;NA;NA;NA;NA;NA;NA;NA;NA;NA;NA;NA;NA;NA;NA;NA;NA;NA;NA;NA;NA;NA;NA;NA;NA;NA;NA;NA;NA;NA
rbbmc - mc_min;2684;0;0;NA;0;0;0;0;0;0;0;0;0;0;0;0;NA;NA;NA;NA;NA;NA;NA;NA;NA;NA;NA;0;0;0;1;NA;NA;NA;0;0;0;NA;NA;NA;1;0;0;NA;NA;NA;NA;NA;NA;0;1;NA;NA;NA;NA;NA;NA;NA;NA;NA;NA;NA;NA;NA;NA;NA;NA;NA;NA;NA;NA;NA;NA;NA;NA;NA;NA;NA;NA;NA;NA;NA;NA;NA;NA;NA;NA;NA;NA;NA;NA;NA;NA;NA;NA;NA;NA;NA;NA;NA;NA;NA;NA;NA;NA;NA;NA;NA;NA;NA;NA;NA;NA;NA;NA
rbbmc - mc_min;2685;0;1;0;0;0;0;0;0;0;0;0;0;0;0;0;NA;NA;NA;NA;NA;NA;NA;NA;NA;NA;NA;0;0;0;1;NA;NA;NA;0;0;0;NA;NA;NA;1;0;0;NA;NA;NA;NA;NA;NA;0;1;NA;NA;NA;NA;NA;NA;NA;NA;NA;NA;NA;NA;NA;NA;NA;NA;NA;NA;NA;NA;NA;NA;NA;NA;NA;NA;NA;NA;NA;NA;NA;NA;NA;NA;NA;NA;NA;NA;NA;NA;NA;NA;NA;NA;NA;NA;NA;NA;NA;NA;NA;NA;NA;NA;NA;NA;NA;NA;NA;NA;NA;NA;NA;NA
rbbmc - mc_min;2686;0;0;NA;0;0;0;0;0;0;0;0;0;0;0;1;0;0;0;0;1;0;0;0;NA;NA;NA;0;0;0;1;NA;NA;NA;0;0;0;NA;NA;NA;1;0;0;NA;NA;NA;NA;NA;NA;0;1;NA;NA;NA;NA;NA;NA;NA;NA;NA;NA;NA;NA;NA;NA;NA;NA;NA;NA;NA;NA;NA;NA;NA;NA;NA;NA;NA;NA;NA;NA;NA;NA;NA;NA;NA;NA;NA;NA;NA;NA;NA;NA;NA;NA;NA;NA;NA;NA;NA;NA;NA;NA;NA;NA;NA;NA;NA;NA;NA;NA;NA;NA;NA;NA
rbbmc - mc_min;2687;0;1;0;0;0;0;0;0;0;0;0;0;0;0;1;0;0;0;0;1;0;0;0;NA;NA;NA;0;0;0;1;NA;NA;NA;0;0;0;NA;NA;NA;1;0;0;NA;NA;NA;NA;NA;NA;0;1;NA;NA;NA;NA;NA;NA;NA;NA;NA;NA;NA;NA;NA;NA;NA;NA;NA;NA;NA;NA;NA;NA;NA;NA;NA;NA;NA;NA;NA;NA;NA;NA;NA;NA;NA;NA;NA;NA;NA;NA;NA;NA;NA;NA;NA;NA;NA;NA;NA;NA;NA;NA;NA;NA;NA;NA;NA;NA;NA;NA;NA;NA;NA;NA
rbbmc - mc_min;2688;0;0;NA;0;0;0;0;0;0;0;0;0;0;0;1;0;0;0;0;0;NA;NA;NA;0;0;0;0;0;0;1;NA;NA;NA;0;0;0;NA;NA;NA;1;0;0;NA;NA;NA;NA;NA;NA;0;1;NA;NA;NA;NA;NA;NA;NA;NA;NA;NA;NA;NA;NA;NA;NA;NA;NA;NA;NA;NA;NA;NA;NA;NA;NA;NA;NA;NA;NA;NA;NA;NA;NA;NA;NA;NA;NA;NA;NA;NA;NA;NA;NA;NA;NA;NA;NA;NA;NA;NA;NA;NA;NA;NA;NA;NA;NA;NA;NA;NA;NA;NA;NA;NA
rbbmc - mc_min;2689;0;1;0;0;0;0;0;0;0;0;0;0;0;0;1;0;0;0;0;0;NA;NA;NA;0;0;0;0;0;0;1;NA;NA;NA;0;0;0;NA;NA;NA;1;0;0;NA;NA;NA;NA;NA;NA;0;1;NA;NA;NA;NA;NA;NA;NA;NA;NA;NA;NA;NA;NA;NA;NA;NA;NA;NA;NA;NA;NA;NA;NA;NA;NA;NA;NA;NA;NA;NA;NA;NA;NA;NA;NA;NA;NA;NA;NA;NA;NA;NA;NA;NA;NA;NA;NA;NA;NA;NA;NA;NA;NA;NA;NA;NA;NA;NA;NA;NA;NA;NA;NA;NA
rbbmc - mc_min;2690;0;0;NA;0;0;0;0;0;0;0;0;0;0;0;0;NA;NA;NA;NA;NA;NA;NA;NA;NA;NA;NA;0;0;0;0;1;NA;NA;0;0;0;NA;NA;1;NA;NA;NA;NA;NA;NA;NA;NA;NA;NA;NA;NA;NA;NA;NA;NA;NA;NA;NA;NA;NA;NA;NA;NA;NA;NA;NA;NA;NA;NA;NA;NA;NA;NA;NA;NA;NA;NA;NA;NA;NA;NA;NA;NA;NA;NA;NA;NA;NA;NA;NA;NA;NA;NA;NA;NA;NA;NA;NA;NA;NA;NA;NA;NA;NA;NA;NA;NA;NA;NA;NA;NA;NA;NA;NA
rbbmc - mc_min;2691;0;1;0;0;0;0;0;0;0;0;0;0;0;0;0;NA;NA;NA;NA;NA;NA;NA;NA;NA;NA;NA;0;0;0;0;1;NA;NA;0;0;0;NA;NA;1;NA;NA;NA;NA;NA;NA;NA;NA;NA;NA;NA;NA;NA;NA;NA;NA;NA;NA;NA;NA;NA;NA;NA;NA;NA;NA;NA;NA;NA;NA;NA;NA;NA;NA;NA;NA;NA;NA;NA;NA;NA;NA;NA;NA;NA;NA;NA;NA;NA;NA;NA;NA;NA;NA;NA;NA;NA;NA;NA;NA;NA;NA;NA;NA;NA;NA;NA;NA;NA;NA;NA;NA;NA;NA;NA
rbbmc - mc_min;2692;0;0;NA;0;0;0;0;0;0;0;0;0;0;0;1;0;0;0;0;1;0;0;0;NA;NA;NA;0;0;0;0;1;NA;NA;0;0;0;NA;NA;1;NA;NA;NA;NA;NA;NA;NA;NA;NA;NA;NA;NA;NA;NA;NA;NA;NA;NA;NA;NA;NA;NA;NA;NA;NA;NA;NA;NA;NA;NA;NA;NA;NA;NA;NA;NA;NA;NA;NA;NA;NA;NA;NA;NA;NA;NA;NA;NA;NA;NA;NA;NA;NA;NA;NA;NA;NA;NA;NA;NA;NA;NA;NA;NA;NA;NA;NA;NA;NA;NA;NA;NA;NA;NA;NA
rbbmc - mc_min;2693;0;1;0;0;0;0;0;0;0;0;0;0;0;0;1;0;0;0;0;1;0;0;0;NA;NA;NA;0;0;0;0;1;NA;NA;0;0;0;NA;NA;1;NA;NA;NA;NA;NA;NA;NA;NA;NA;NA;NA;NA;NA;NA;NA;NA;NA;NA;NA;NA;NA;NA;NA;NA;NA;NA;NA;NA;NA;NA;NA;NA;NA;NA;NA;NA;NA;NA;NA;NA;NA;NA;NA;NA;NA;NA;NA;NA;NA;NA;NA;NA;NA;NA;NA;NA;NA;NA;NA;NA;NA;NA;NA;NA;NA;NA;NA;NA;NA;NA;NA;NA;NA;NA;NA
rbbmc - mc_min;2694;0;0;NA;0;0;0;0;0;0;0;0;0;0;0;1;0;0;0;0;0;NA;NA;NA;0;0;0;0;0;0;0;1;NA;NA;0;0;0;NA;NA;1;NA;NA;NA;NA;NA;NA;NA;NA;NA;NA;NA;NA;NA;NA;NA;NA;NA;NA;NA;NA;NA;NA;NA;NA;NA;NA;NA;NA;NA;NA;NA;NA;NA;NA;NA;NA;NA;NA;NA;NA;NA;NA;NA;NA;NA;NA;NA;NA;NA;NA;NA;NA;NA;NA;NA;NA;NA;NA;NA;NA;NA;NA;NA;NA;NA;NA;NA;NA;NA;NA;NA;NA;NA;NA;NA
rbbmc - mc_min;2695;0;1;0;0;0;0;0;0;0;0;0;0;0;0;1;0;0;0;0;0;NA;NA;NA;0;0;0;0;0;0;0;1;NA;NA;0;0;0;NA;NA;1;NA;NA;NA;NA;NA;NA;NA;NA;NA;NA;NA;NA;NA;NA;NA;NA;NA;NA;NA;NA;NA;NA;NA;NA;NA;NA;NA;NA;NA;NA;NA;NA;NA;NA;NA;NA;NA;NA;NA;NA;NA;NA;NA;NA;NA;NA;NA;NA;NA;NA;NA;NA;NA;NA;NA;NA;NA;NA;NA;NA;NA;NA;NA;NA;NA;NA;NA;NA;NA;NA;NA;NA;NA;NA;NA
rbbmc - mc_min;2696;0;0;NA;0;0;0;0;0;0;0;0;0;0;0;0;NA;NA;NA;NA;NA;NA;NA;NA;NA;NA;NA;0;0;0;1;NA;NA;NA;0;0;0;NA;NA;1;NA;0;0;NA;NA;NA;NA;NA;NA;0;1;NA;NA;NA;NA;NA;NA;NA;NA;NA;NA;NA;NA;NA;NA;NA;NA;NA;NA;NA;NA;NA;NA;NA;NA;NA;NA;NA;NA;NA;NA;NA;NA;NA;NA;NA;NA;NA;NA;NA;NA;NA;NA;NA;NA;NA;NA;NA;NA;NA;NA;NA;NA;NA;NA;NA;NA;NA;NA;NA;NA;NA;NA;NA;NA
rbbmc - mc_min;2697;0;1;0;0;0;0;0;0;0;0;0;0;0;0;0;NA;NA;NA;NA;NA;NA;NA;NA;NA;NA;NA;0;0;0;1;NA;NA;NA;0;0;0;NA;NA;1;NA;0;0;NA;NA;NA;NA;NA;NA;0;1;NA;NA;NA;NA;NA;NA;NA;NA;NA;NA;NA;NA;NA;NA;NA;NA;NA;NA;NA;NA;NA;NA;NA;NA;NA;NA;NA;NA;NA;NA;NA;NA;NA;NA;NA;NA;NA;NA;NA;NA;NA;NA;NA;NA;NA;NA;NA;NA;NA;NA;NA;NA;NA;NA;NA;NA;NA;NA;NA;NA;NA;NA;NA;NA
rbbmc - mc_min;2698;0;0;NA;0;0;0;0;0;0;0;0;0;0;0;1;0;0;0;0;1;0;0;0;NA;NA;NA;0;0;0;1;NA;NA;NA;0;0;0;NA;NA;1;NA;0;0;NA;NA;NA;NA;NA;NA;0;1;NA;NA;NA;NA;NA;NA;NA;NA;NA;NA;NA;NA;NA;NA;NA;NA;NA;NA;NA;NA;NA;NA;NA;NA;NA;NA;NA;NA;NA;NA;NA;NA;NA;NA;NA;NA;NA;NA;NA;NA;NA;NA;NA;NA;NA;NA;NA;NA;NA;NA;NA;NA;NA;NA;NA;NA;NA;NA;NA;NA;NA;NA;NA;NA
rbbmc - mc_min;2699;0;1;0;0;0;0;0;0;0;0;0;0;0;0;1;0;0;0;0;1;0;0;0;NA;NA;NA;0;0;0;1;NA;NA;NA;0;0;0;NA;NA;1;NA;0;0;NA;NA;NA;NA;NA;NA;0;1;NA;NA;NA;NA;NA;NA;NA;NA;NA;NA;NA;NA;NA;NA;NA;NA;NA;NA;NA;NA;NA;NA;NA;NA;NA;NA;NA;NA;NA;NA;NA;NA;NA;NA;NA;NA;NA;NA;NA;NA;NA;NA;NA;NA;NA;NA;NA;NA;NA;NA;NA;NA;NA;NA;NA;NA;NA;NA;NA;NA;NA;NA;NA;NA
rbbmc - mc_min;2700;0;0;NA;0;0;0;0;0;0;0;0;0;0;0;1;0;0;0;0;0;NA;NA;NA;0;0;0;0;0;0;1;NA;NA;NA;0;0;0;NA;NA;1;NA;0;0;NA;NA;NA;NA;NA;NA;0;1;NA;NA;NA;NA;NA;NA;NA;NA;NA;NA;NA;NA;NA;NA;NA;NA;NA;NA;NA;NA;NA;NA;NA;NA;NA;NA;NA;NA;NA;NA;NA;NA;NA;NA;NA;NA;NA;NA;NA;NA;NA;NA;NA;NA;NA;NA;NA;NA;NA;NA;NA;NA;NA;NA;NA;NA;NA;NA;NA;NA;NA;NA;NA;NA
rbbmc - mc_min;2701;0;1;0;0;0;0;0;0;0;0;0;0;0;0;1;0;0;0;0;0;NA;NA;NA;0;0;0;0;0;0;1;NA;NA;NA;0;0;0;NA;NA;1;NA;0;0;NA;NA;NA;NA;NA;NA;0;1;NA;NA;NA;NA;NA;NA;NA;NA;NA;NA;NA;NA;NA;NA;NA;NA;NA;NA;NA;NA;NA;NA;NA;NA;NA;NA;NA;NA;NA;NA;NA;NA;NA;NA;NA;NA;NA;NA;NA;NA;NA;NA;NA;NA;NA;NA;NA;NA;NA;NA;NA;NA;NA;NA;NA;NA;NA;NA;NA;NA;NA;NA;NA;NA
rbbmr - mr;2702;0;0;NA;0;0;0;0;0;0;0;0;0;0;0;0;NA;NA;NA;NA;NA;NA;NA;NA;NA;NA;NA;0;0;0;1;NA;NA;NA;NA;NA;NA;NA;NA;NA;NA;NA;1;NA;NA;0;0;0;0;NA;NA;NA;NA;NA;NA;NA;NA;NA;NA;NA;NA;NA;NA;NA;NA;NA;NA;NA;NA;NA;NA;NA;NA;NA;NA;NA;NA;NA;NA;NA;NA;NA;NA;NA;NA;NA;NA;NA;NA;NA;NA;NA;NA;NA;NA;NA;NA;NA;NA;NA;NA;NA;NA;NA;NA;NA;NA;NA;NA;NA;NA;NA;NA;NA;NA
rbbmr - mr;2703;0;1;0;0;0;0;0;0;0;0;0;0;0;0;0;NA;NA;NA;NA;NA;NA;NA;NA;NA;NA;NA;0;0;0;1;NA;NA;NA;NA;NA;NA;NA;NA;NA;NA;NA;1;NA;NA;0;0;0;0;NA;NA;NA;NA;NA;NA;NA;NA;NA;NA;NA;NA;NA;NA;NA;NA;NA;NA;NA;NA;NA;NA;NA;NA;NA;NA;NA;NA;NA;NA;NA;NA;NA;NA;NA;NA;NA;NA;NA;NA;NA;NA;NA;NA;NA;NA;NA;NA;NA;NA;NA;NA;NA;NA;NA;NA;NA;NA;NA;NA;NA;NA;NA;NA;NA;NA
rbbmr - mr;2704;0;0;NA;0;0;0;0;0;0;0;0;0;0;0;1;0;0;0;0;1;0;0;0;NA;NA;NA;0;0;0;1;NA;NA;NA;NA;NA;NA;NA;NA;NA;NA;NA;1;NA;NA;0;0;0;0;NA;NA;NA;NA;NA;NA;NA;NA;NA;NA;NA;NA;NA;NA;NA;NA;NA;NA;NA;NA;NA;NA;NA;NA;NA;NA;NA;NA;NA;NA;NA;NA;NA;NA;NA;NA;NA;NA;NA;NA;NA;NA;NA;NA;NA;NA;NA;NA;NA;NA;NA;NA;NA;NA;NA;NA;NA;NA;NA;NA;NA;NA;NA;NA;NA;NA
rbbmr - mr;2705;0;1;0;0;0;0;0;0;0;0;0;0;0;0;1;0;0;0;0;1;0;0;0;NA;NA;NA;0;0;0;1;NA;NA;NA;NA;NA;NA;NA;NA;NA;NA;NA;1;NA;NA;0;0;0;0;NA;NA;NA;NA;NA;NA;NA;NA;NA;NA;NA;NA;NA;NA;NA;NA;NA;NA;NA;NA;NA;NA;NA;NA;NA;NA;NA;NA;NA;NA;NA;NA;NA;NA;NA;NA;NA;NA;NA;NA;NA;NA;NA;NA;NA;NA;NA;NA;NA;NA;NA;NA;NA;NA;NA;NA;NA;NA;NA;NA;NA;NA;NA;NA;NA;NA
rbbmr - mr;2706;0;0;NA;0;0;0;0;0;0;0;0;0;0;0;1;0;0;0;0;0;NA;NA;NA;0;0;0;0;0;0;1;NA;NA;NA;NA;NA;NA;NA;NA;NA;NA;NA;1;NA;NA;0;0;0;0;NA;NA;NA;NA;NA;NA;NA;NA;NA;NA;NA;NA;NA;NA;NA;NA;NA;NA;NA;NA;NA;NA;NA;NA;NA;NA;NA;NA;NA;NA;NA;NA;NA;NA;NA;NA;NA;NA;NA;NA;NA;NA;NA;NA;NA;NA;NA;NA;NA;NA;NA;NA;NA;NA;NA;NA;NA;NA;NA;NA;NA;NA;NA;NA;NA;NA
rbbmr - mr;2707;0;1;0;0;0;0;0;0;0;0;0;0;0;0;1;0;0;0;0;0;NA;NA;NA;0;0;0;0;0;0;1;NA;NA;NA;NA;NA;NA;NA;NA;NA;NA;NA;1;NA;NA;0;0;0;0;NA;NA;NA;NA;NA;NA;NA;NA;NA;NA;NA;NA;NA;NA;NA;NA;NA;NA;NA;NA;NA;NA;NA;NA;NA;NA;NA;NA;NA;NA;NA;NA;NA;NA;NA;NA;NA;NA;NA;NA;NA;NA;NA;NA;NA;NA;NA;NA;NA;NA;NA;NA;NA;NA;NA;NA;NA;NA;NA;NA;NA;NA;NA;NA;NA;NA
rbbmr - mr;2708;0;0;NA;0;0;0;0;0;0;0;0;0;0;0;0;NA;NA;NA;NA;NA;NA;NA;NA;NA;NA;NA;0;0;0;1;NA;NA;NA;NA;NA;NA;NA;NA;NA;NA;0;0;NA;NA;NA;NA;NA;NA;0;0;0;1;0;0;0;0;NA;NA;NA;NA;NA;NA;NA;NA;NA;NA;NA;NA;NA;NA;NA;NA;NA;NA;NA;NA;NA;NA;NA;NA;NA;NA;NA;NA;NA;NA;NA;NA;NA;NA;NA;NA;NA;NA;NA;NA;NA;NA;NA;NA;NA;NA;NA;NA;NA;NA;NA;NA;NA;NA;NA;NA;NA;NA
rbbmr - mr;2709;0;1;0;0;0;0;0;0;0;0;0;0;0;0;0;NA;NA;NA;NA;NA;NA;NA;NA;NA;NA;NA;0;0;0;1;NA;NA;NA;NA;NA;NA;NA;NA;NA;NA;0;0;NA;NA;NA;NA;NA;NA;0;0;0;1;0;0;0;0;NA;NA;NA;NA;NA;NA;NA;NA;NA;NA;NA;NA;NA;NA;NA;NA;NA;NA;NA;NA;NA;NA;NA;NA;NA;NA;NA;NA;NA;NA;NA;NA;NA;NA;NA;NA;NA;NA;NA;NA;NA;NA;NA;NA;NA;NA;NA;NA;NA;NA;NA;NA;NA;NA;NA;NA;NA;NA
rbbmr - mr;2710;0;0;NA;0;0;0;0;0;0;0;0;0;0;0;1;0;0;0;0;1;0;0;0;NA;NA;NA;0;0;0;1;NA;NA;NA;NA;NA;NA;NA;NA;NA;NA;0;0;NA;NA;NA;NA;NA;NA;0;0;0;1;0;0;0;0;NA;NA;NA;NA;NA;NA;NA;NA;NA;NA;NA;NA;NA;NA;NA;NA;NA;NA;NA;NA;NA;NA;NA;NA;NA;NA;NA;NA;NA;NA;NA;NA;NA;NA;NA;NA;NA;NA;NA;NA;NA;NA;NA;NA;NA;NA;NA;NA;NA;NA;NA;NA;NA;NA;NA;NA;NA;NA
rbbmr - mr;2711;0;1;0;0;0;0;0;0;0;0;0;0;0;0;1;0;0;0;0;1;0;0;0;NA;NA;NA;0;0;0;1;NA;NA;NA;NA;NA;NA;NA;NA;NA;NA;0;0;NA;NA;NA;NA;NA;NA;0;0;0;1;0;0;0;0;NA;NA;NA;NA;NA;NA;NA;NA;NA;NA;NA;NA;NA;NA;NA;NA;NA;NA;NA;NA;NA;NA;NA;NA;NA;NA;NA;NA;NA;NA;NA;NA;NA;NA;NA;NA;NA;NA;NA;NA;NA;NA;NA;NA;NA;NA;NA;NA;NA;NA;NA;NA;NA;NA;NA;NA;NA;NA
rbbmr - mr;2712;0;0;NA;0;0;0;0;0;0;0;0;0;0;0;1;0;0;0;0;0;NA;NA;NA;0;0;0;0;0;0;1;NA;NA;NA;NA;NA;NA;NA;NA;NA;NA;0;0;NA;NA;NA;NA;NA;NA;0;0;0;1;0;0;0;0;NA;NA;NA;NA;NA;NA;NA;NA;NA;NA;NA;NA;NA;NA;NA;NA;NA;NA;NA;NA;NA;NA;NA;NA;NA;NA;NA;NA;NA;NA;NA;NA;NA;NA;NA;NA;NA;NA;NA;NA;NA;NA;NA;NA;NA;NA;NA;NA;NA;NA;NA;NA;NA;NA;NA;NA;NA;NA
rbbmr - mr;2713;0;1;0;0;0;0;0;0;0;0;0;0;0;0;1;0;0;0;0;0;NA;NA;NA;0;0;0;0;0;0;1;NA;NA;NA;NA;NA;NA;NA;NA;NA;NA;0;0;NA;NA;NA;NA;NA;NA;0;0;0;1;0;0;0;0;NA;NA;NA;NA;NA;NA;NA;NA;NA;NA;NA;NA;NA;NA;NA;NA;NA;NA;NA;NA;NA;NA;NA;NA;NA;NA;NA;NA;NA;NA;NA;NA;NA;NA;NA;NA;NA;NA;NA;NA;NA;NA;NA;NA;NA;NA;NA;NA;NA;NA;NA;NA;NA;NA;NA;NA;NA;NA
rbbmr - mr_min;2714;0;0;NA;0;0;0;0;0;0;0;0;0;0;0;0;NA;NA;NA;NA;NA;NA;NA;NA;NA;NA;NA;0;0;0;1;NA;NA;NA;NA;NA;NA;NA;NA;NA;NA;NA;1;NA;NA;1;NA;NA;NA;NA;NA;NA;NA;NA;NA;NA;NA;NA;NA;NA;NA;NA;NA;NA;NA;NA;NA;NA;NA;NA;NA;NA;NA;NA;NA;NA;NA;NA;NA;NA;NA;NA;NA;NA;NA;NA;NA;NA;NA;NA;NA;NA;NA;NA;NA;NA;NA;NA;NA;NA;NA;NA;NA;NA;NA;NA;NA;NA;NA;NA;NA;NA;NA;NA;NA
rbbmr - mr_min;2715;0;1;0;0;0;0;0;0;0;0;0;0;0;0;0;NA;NA;NA;NA;NA;NA;NA;NA;NA;NA;NA;0;0;0;1;NA;NA;NA;NA;NA;NA;NA;NA;NA;NA;NA;1;NA;NA;1;NA;NA;NA;NA;NA;NA;NA;NA;NA;NA;NA;NA;NA;NA;NA;NA;NA;NA;NA;NA;NA;NA;NA;NA;NA;NA;NA;NA;NA;NA;NA;NA;NA;NA;NA;NA;NA;NA;NA;NA;NA;NA;NA;NA;NA;NA;NA;NA;NA;NA;NA;NA;NA;NA;NA;NA;NA;NA;NA;NA;NA;NA;NA;NA;NA;NA;NA;NA;NA
rbbmr - mr_min;2716;0;0;NA;0;0;0;0;0;0;0;0;0;0;0;1;0;0;0;0;1;0;0;0;NA;NA;NA;0;0;0;1;NA;NA;NA;NA;NA;NA;NA;NA;NA;NA;NA;1;NA;NA;1;NA;NA;NA;NA;NA;NA;NA;NA;NA;NA;NA;NA;NA;NA;NA;NA;NA;NA;NA;NA;NA;NA;NA;NA;NA;NA;NA;NA;NA;NA;NA;NA;NA;NA;NA;NA;NA;NA;NA;NA;NA;NA;NA;NA;NA;NA;NA;NA;NA;NA;NA;NA;NA;NA;NA;NA;NA;NA;NA;NA;NA;NA;NA;NA;NA;NA;NA;NA;NA
rbbmr - mr_min;2717;0;1;0;0;0;0;0;0;0;0;0;0;0;0;1;0;0;0;0;1;0;0;0;NA;NA;NA;0;0;0;1;NA;NA;NA;NA;NA;NA;NA;NA;NA;NA;NA;1;NA;NA;1;NA;NA;NA;NA;NA;NA;NA;NA;NA;NA;NA;NA;NA;NA;NA;NA;NA;NA;NA;NA;NA;NA;NA;NA;NA;NA;NA;NA;NA;NA;NA;NA;NA;NA;NA;NA;NA;NA;NA;NA;NA;NA;NA;NA;NA;NA;NA;NA;NA;NA;NA;NA;NA;NA;NA;NA;NA;NA;NA;NA;NA;NA;NA;NA;NA;NA;NA;NA;NA
rbbmr - mr_min;2718;0;0;NA;0;0;0;0;0;0;0;0;0;0;0;1;0;0;0;0;0;NA;NA;NA;0;0;0;0;0;0;1;NA;NA;NA;NA;NA;NA;NA;NA;NA;NA;NA;1;NA;NA;1;NA;NA;NA;NA;NA;NA;NA;NA;NA;NA;NA;NA;NA;NA;NA;NA;NA;NA;NA;NA;NA;NA;NA;NA;NA;NA;NA;NA;NA;NA;NA;NA;NA;NA;NA;NA;NA;NA;NA;NA;NA;NA;NA;NA;NA;NA;NA;NA;NA;NA;NA;NA;NA;NA;NA;NA;NA;NA;NA;NA;NA;NA;NA;NA;NA;NA;NA;NA;NA
rbbmr - mr_min;2719;0;1;0;0;0;0;0;0;0;0;0;0;0;0;1;0;0;0;0;0;NA;NA;NA;0;0;0;0;0;0;1;NA;NA;NA;NA;NA;NA;NA;NA;NA;NA;NA;1;NA;NA;1;NA;NA;NA;NA;NA;NA;NA;NA;NA;NA;NA;NA;NA;NA;NA;NA;NA;NA;NA;NA;NA;NA;NA;NA;NA;NA;NA;NA;NA;NA;NA;NA;NA;NA;NA;NA;NA;NA;NA;NA;NA;NA;NA;NA;NA;NA;NA;NA;NA;NA;NA;NA;NA;NA;NA;NA;NA;NA;NA;NA;NA;NA;NA;NA;NA;NA;NA;NA;NA
rbbmr - mr_min;2720;0;0;NA;0;0;0;0;0;0;0;0;0;0;0;0;NA;NA;NA;NA;NA;NA;NA;NA;NA;NA;NA;0;0;0;1;NA;NA;NA;NA;NA;NA;NA;NA;NA;NA;NA;1;NA;NA;NA;1;NA;NA;NA;NA;NA;NA;NA;NA;NA;NA;NA;NA;NA;NA;NA;NA;NA;NA;NA;NA;NA;NA;NA;NA;NA;NA;NA;NA;NA;NA;NA;NA;NA;NA;NA;NA;NA;NA;NA;NA;NA;NA;NA;NA;NA;NA;NA;NA;NA;NA;NA;NA;NA;NA;NA;NA;NA;NA;NA;NA;NA;NA;NA;NA;NA;NA;NA;NA
rbbmr - mr_min;2721;0;1;0;0;0;0;0;0;0;0;0;0;0;0;0;NA;NA;NA;NA;NA;NA;NA;NA;NA;NA;NA;0;0;0;1;NA;NA;NA;NA;NA;NA;NA;NA;NA;NA;NA;1;NA;NA;NA;1;NA;NA;NA;NA;NA;NA;NA;NA;NA;NA;NA;NA;NA;NA;NA;NA;NA;NA;NA;NA;NA;NA;NA;NA;NA;NA;NA;NA;NA;NA;NA;NA;NA;NA;NA;NA;NA;NA;NA;NA;NA;NA;NA;NA;NA;NA;NA;NA;NA;NA;NA;NA;NA;NA;NA;NA;NA;NA;NA;NA;NA;NA;NA;NA;NA;NA;NA;NA
rbbmr - mr_min;2722;0;0;NA;0;0;0;0;0;0;0;0;0;0;0;1;0;0;0;0;1;0;0;0;NA;NA;NA;0;0;0;1;NA;NA;NA;NA;NA;NA;NA;NA;NA;NA;NA;1;NA;NA;NA;1;NA;NA;NA;NA;NA;NA;NA;NA;NA;NA;NA;NA;NA;NA;NA;NA;NA;NA;NA;NA;NA;NA;NA;NA;NA;NA;NA;NA;NA;NA;NA;NA;NA;NA;NA;NA;NA;NA;NA;NA;NA;NA;NA;NA;NA;NA;NA;NA;NA;NA;NA;NA;NA;NA;NA;NA;NA;NA;NA;NA;NA;NA;NA;NA;NA;NA;NA;NA
rbbmr - mr_min;2723;0;1;0;0;0;0;0;0;0;0;0;0;0;0;1;0;0;0;0;1;0;0;0;NA;NA;NA;0;0;0;1;NA;NA;NA;NA;NA;NA;NA;NA;NA;NA;NA;1;NA;NA;NA;1;NA;NA;NA;NA;NA;NA;NA;NA;NA;NA;NA;NA;NA;NA;NA;NA;NA;NA;NA;NA;NA;NA;NA;NA;NA;NA;NA;NA;NA;NA;NA;NA;NA;NA;NA;NA;NA;NA;NA;NA;NA;NA;NA;NA;NA;NA;NA;NA;NA;NA;NA;NA;NA;NA;NA;NA;NA;NA;NA;NA;NA;NA;NA;NA;NA;NA;NA;NA
rbbmr - mr_min;2724;0;0;NA;0;0;0;0;0;0;0;0;0;0;0;1;0;0;0;0;0;NA;NA;NA;0;0;0;0;0;0;1;NA;NA;NA;NA;NA;NA;NA;NA;NA;NA;NA;1;NA;NA;NA;1;NA;NA;NA;NA;NA;NA;NA;NA;NA;NA;NA;NA;NA;NA;NA;NA;NA;NA;NA;NA;NA;NA;NA;NA;NA;NA;NA;NA;NA;NA;NA;NA;NA;NA;NA;NA;NA;NA;NA;NA;NA;NA;NA;NA;NA;NA;NA;NA;NA;NA;NA;NA;NA;NA;NA;NA;NA;NA;NA;NA;NA;NA;NA;NA;NA;NA;NA;NA
rbbmr - mr_min;2725;0;1;0;0;0;0;0;0;0;0;0;0;0;0;1;0;0;0;0;0;NA;NA;NA;0;0;0;0;0;0;1;NA;NA;NA;NA;NA;NA;NA;NA;NA;NA;NA;1;NA;NA;NA;1;NA;NA;NA;NA;NA;NA;NA;NA;NA;NA;NA;NA;NA;NA;NA;NA;NA;NA;NA;NA;NA;NA;NA;NA;NA;NA;NA;NA;NA;NA;NA;NA;NA;NA;NA;NA;NA;NA;NA;NA;NA;NA;NA;NA;NA;NA;NA;NA;NA;NA;NA;NA;NA;NA;NA;NA;NA;NA;NA;NA;NA;NA;NA;NA;NA;NA;NA;NA
rbbmr - mr_min;2726;0;0;NA;0;0;0;0;0;0;0;0;0;0;0;0;NA;NA;NA;NA;NA;NA;NA;NA;NA;NA;NA;0;0;0;1;NA;NA;NA;NA;NA;NA;NA;NA;NA;NA;NA;1;NA;NA;NA;NA;1;NA;NA;NA;NA;NA;NA;NA;NA;NA;NA;NA;NA;NA;NA;NA;NA;NA;NA;NA;NA;NA;NA;NA;NA;NA;NA;NA;NA;NA;NA;NA;NA;NA;NA;NA;NA;NA;NA;NA;NA;NA;NA;NA;NA;NA;NA;NA;NA;NA;NA;NA;NA;NA;NA;NA;NA;NA;NA;NA;NA;NA;NA;NA;NA;NA;NA;NA
rbbmr - mr_min;2727;0;1;0;0;0;0;0;0;0;0;0;0;0;0;0;NA;NA;NA;NA;NA;NA;NA;NA;NA;NA;NA;0;0;0;1;NA;NA;NA;NA;NA;NA;NA;NA;NA;NA;NA;1;NA;NA;NA;NA;1;NA;NA;NA;NA;NA;NA;NA;NA;NA;NA;NA;NA;NA;NA;NA;NA;NA;NA;NA;NA;NA;NA;NA;NA;NA;NA;NA;NA;NA;NA;NA;NA;NA;NA;NA;NA;NA;NA;NA;NA;NA;NA;NA;NA;NA;NA;NA;NA;NA;NA;NA;NA;NA;NA;NA;NA;NA;NA;NA;NA;NA;NA;NA;NA;NA;NA;NA
rbbmr - mr_min;2728;0;0;NA;0;0;0;0;0;0;0;0;0;0;0;1;0;0;0;0;1;0;0;0;NA;NA;NA;0;0;0;1;NA;NA;NA;NA;NA;NA;NA;NA;NA;NA;NA;1;NA;NA;NA;NA;1;NA;NA;NA;NA;NA;NA;NA;NA;NA;NA;NA;NA;NA;NA;NA;NA;NA;NA;NA;NA;NA;NA;NA;NA;NA;NA;NA;NA;NA;NA;NA;NA;NA;NA;NA;NA;NA;NA;NA;NA;NA;NA;NA;NA;NA;NA;NA;NA;NA;NA;NA;NA;NA;NA;NA;NA;NA;NA;NA;NA;NA;NA;NA;NA;NA;NA;NA
rbbmr - mr_min;2729;0;1;0;0;0;0;0;0;0;0;0;0;0;0;1;0;0;0;0;1;0;0;0;NA;NA;NA;0;0;0;1;NA;NA;NA;NA;NA;NA;NA;NA;NA;NA;NA;1;NA;NA;NA;NA;1;NA;NA;NA;NA;NA;NA;NA;NA;NA;NA;NA;NA;NA;NA;NA;NA;NA;NA;NA;NA;NA;NA;NA;NA;NA;NA;NA;NA;NA;NA;NA;NA;NA;NA;NA;NA;NA;NA;NA;NA;NA;NA;NA;NA;NA;NA;NA;NA;NA;NA;NA;NA;NA;NA;NA;NA;NA;NA;NA;NA;NA;NA;NA;NA;NA;NA;NA
rbbmr - mr_min;2730;0;0;NA;0;0;0;0;0;0;0;0;0;0;0;1;0;0;0;0;0;NA;NA;NA;0;0;0;0;0;0;1;NA;NA;NA;NA;NA;NA;NA;NA;NA;NA;NA;1;NA;NA;NA;NA;1;NA;NA;NA;NA;NA;NA;NA;NA;NA;NA;NA;NA;NA;NA;NA;NA;NA;NA;NA;NA;NA;NA;NA;NA;NA;NA;NA;NA;NA;NA;NA;NA;NA;NA;NA;NA;NA;NA;NA;NA;NA;NA;NA;NA;NA;NA;NA;NA;NA;NA;NA;NA;NA;NA;NA;NA;NA;NA;NA;NA;NA;NA;NA;NA;NA;NA;NA
rbbmr - mr_min;2731;0;1;0;0;0;0;0;0;0;0;0;0;0;0;1;0;0;0;0;0;NA;NA;NA;0;0;0;0;0;0;1;NA;NA;NA;NA;NA;NA;NA;NA;NA;NA;NA;1;NA;NA;NA;NA;1;NA;NA;NA;NA;NA;NA;NA;NA;NA;NA;NA;NA;NA;NA;NA;NA;NA;NA;NA;NA;NA;NA;NA;NA;NA;NA;NA;NA;NA;NA;NA;NA;NA;NA;NA;NA;NA;NA;NA;NA;NA;NA;NA;NA;NA;NA;NA;NA;NA;NA;NA;NA;NA;NA;NA;NA;NA;NA;NA;NA;NA;NA;NA;NA;NA;NA;NA
rbbmr - mr_min;2732;0;0;NA;0;0;0;0;0;0;0;0;0;0;0;0;NA;NA;NA;NA;NA;NA;NA;NA;NA;NA;NA;0;0;0;1;NA;NA;NA;NA;NA;NA;NA;NA;NA;NA;NA;1;NA;NA;NA;NA;NA;1;NA;NA;NA;NA;NA;NA;NA;NA;NA;NA;NA;NA;NA;NA;NA;NA;NA;NA;NA;NA;NA;NA;NA;NA;NA;NA;NA;NA;NA;NA;NA;NA;NA;NA;NA;NA;NA;NA;NA;NA;NA;NA;NA;NA;NA;NA;NA;NA;NA;NA;NA;NA;NA;NA;NA;NA;NA;NA;NA;NA;NA;NA;NA;NA;NA;NA
rbbmr - mr_min;2733;0;1;0;0;0;0;0;0;0;0;0;0;0;0;0;NA;NA;NA;NA;NA;NA;NA;NA;NA;NA;NA;0;0;0;1;NA;NA;NA;NA;NA;NA;NA;NA;NA;NA;NA;1;NA;NA;NA;NA;NA;1;NA;NA;NA;NA;NA;NA;NA;NA;NA;NA;NA;NA;NA;NA;NA;NA;NA;NA;NA;NA;NA;NA;NA;NA;NA;NA;NA;NA;NA;NA;NA;NA;NA;NA;NA;NA;NA;NA;NA;NA;NA;NA;NA;NA;NA;NA;NA;NA;NA;NA;NA;NA;NA;NA;NA;NA;NA;NA;NA;NA;NA;NA;NA;NA;NA;NA
rbbmr - mr_min;2734;0;0;NA;0;0;0;0;0;0;0;0;0;0;0;1;0;0;0;0;1;0;0;0;NA;NA;NA;0;0;0;1;NA;NA;NA;NA;NA;NA;NA;NA;NA;NA;NA;1;NA;NA;NA;NA;NA;1;NA;NA;NA;NA;NA;NA;NA;NA;NA;NA;NA;NA;NA;NA;NA;NA;NA;NA;NA;NA;NA;NA;NA;NA;NA;NA;NA;NA;NA;NA;NA;NA;NA;NA;NA;NA;NA;NA;NA;NA;NA;NA;NA;NA;NA;NA;NA;NA;NA;NA;NA;NA;NA;NA;NA;NA;NA;NA;NA;NA;NA;NA;NA;NA;NA;NA
rbbmr - mr_min;2735;0;1;0;0;0;0;0;0;0;0;0;0;0;0;1;0;0;0;0;1;0;0;0;NA;NA;NA;0;0;0;1;NA;NA;NA;NA;NA;NA;NA;NA;NA;NA;NA;1;NA;NA;NA;NA;NA;1;NA;NA;NA;NA;NA;NA;NA;NA;NA;NA;NA;NA;NA;NA;NA;NA;NA;NA;NA;NA;NA;NA;NA;NA;NA;NA;NA;NA;NA;NA;NA;NA;NA;NA;NA;NA;NA;NA;NA;NA;NA;NA;NA;NA;NA;NA;NA;NA;NA;NA;NA;NA;NA;NA;NA;NA;NA;NA;NA;NA;NA;NA;NA;NA;NA;NA
rbbmr - mr_min;2736;0;0;NA;0;0;0;0;0;0;0;0;0;0;0;1;0;0;0;0;0;NA;NA;NA;0;0;0;0;0;0;1;NA;NA;NA;NA;NA;NA;NA;NA;NA;NA;NA;1;NA;NA;NA;NA;NA;1;NA;NA;NA;NA;NA;NA;NA;NA;NA;NA;NA;NA;NA;NA;NA;NA;NA;NA;NA;NA;NA;NA;NA;NA;NA;NA;NA;NA;NA;NA;NA;NA;NA;NA;NA;NA;NA;NA;NA;NA;NA;NA;NA;NA;NA;NA;NA;NA;NA;NA;NA;NA;NA;NA;NA;NA;NA;NA;NA;NA;NA;NA;NA;NA;NA;NA
rbbmr - mr_min;2737;0;1;0;0;0;0;0;0;0;0;0;0;0;0;1;0;0;0;0;0;NA;NA;NA;0;0;0;0;0;0;1;NA;NA;NA;NA;NA;NA;NA;NA;NA;NA;NA;1;NA;NA;NA;NA;NA;1;NA;NA;NA;NA;NA;NA;NA;NA;NA;NA;NA;NA;NA;NA;NA;NA;NA;NA;NA;NA;NA;NA;NA;NA;NA;NA;NA;NA;NA;NA;NA;NA;NA;NA;NA;NA;NA;NA;NA;NA;NA;NA;NA;NA;NA;NA;NA;NA;NA;NA;NA;NA;NA;NA;NA;NA;NA;NA;NA;NA;NA;NA;NA;NA;NA;NA
rbbmr - mr_min;2738;0;0;NA;0;0;0;0;0;0;0;0;0;0;0;0;NA;NA;NA;NA;NA;NA;NA;NA;NA;NA;NA;0;0;0;1;NA;NA;NA;NA;NA;NA;NA;NA;NA;NA;0;0;NA;NA;NA;NA;NA;NA;0;0;0;1;1;NA;NA;NA;NA;NA;NA;NA;NA;NA;NA;NA;NA;NA;NA;NA;NA;NA;NA;NA;NA;NA;NA;NA;NA;NA;NA;NA;NA;NA;NA;NA;NA;NA;NA;NA;NA;NA;NA;NA;NA;NA;NA;NA;NA;NA;NA;NA;NA;NA;NA;NA;NA;NA;NA;NA;NA;NA;NA;NA;NA;NA
rbbmr - mr_min;2739;0;1;0;0;0;0;0;0;0;0;0;0;0;0;0;NA;NA;NA;NA;NA;NA;NA;NA;NA;NA;NA;0;0;0;1;NA;NA;NA;NA;NA;NA;NA;NA;NA;NA;0;0;NA;NA;NA;NA;NA;NA;0;0;0;1;1;NA;NA;NA;NA;NA;NA;NA;NA;NA;NA;NA;NA;NA;NA;NA;NA;NA;NA;NA;NA;NA;NA;NA;NA;NA;NA;NA;NA;NA;NA;NA;NA;NA;NA;NA;NA;NA;NA;NA;NA;NA;NA;NA;NA;NA;NA;NA;NA;NA;NA;NA;NA;NA;NA;NA;NA;NA;NA;NA;NA;NA
rbbmr - mr_min;2740;0;0;NA;0;0;0;0;0;0;0;0;0;0;0;1;0;0;0;0;1;0;0;0;NA;NA;NA;0;0;0;1;NA;NA;NA;NA;NA;NA;NA;NA;NA;NA;0;0;NA;NA;NA;NA;NA;NA;0;0;0;1;1;NA;NA;NA;NA;NA;NA;NA;NA;NA;NA;NA;NA;NA;NA;NA;NA;NA;NA;NA;NA;NA;NA;NA;NA;NA;NA;NA;NA;NA;NA;NA;NA;NA;NA;NA;NA;NA;NA;NA;NA;NA;NA;NA;NA;NA;NA;NA;NA;NA;NA;NA;NA;NA;NA;NA;NA;NA;NA;NA;NA;NA
rbbmr - mr_min;2741;0;1;0;0;0;0;0;0;0;0;0;0;0;0;1;0;0;0;0;1;0;0;0;NA;NA;NA;0;0;0;1;NA;NA;NA;NA;NA;NA;NA;NA;NA;NA;0;0;NA;NA;NA;NA;NA;NA;0;0;0;1;1;NA;NA;NA;NA;NA;NA;NA;NA;NA;NA;NA;NA;NA;NA;NA;NA;NA;NA;NA;NA;NA;NA;NA;NA;NA;NA;NA;NA;NA;NA;NA;NA;NA;NA;NA;NA;NA;NA;NA;NA;NA;NA;NA;NA;NA;NA;NA;NA;NA;NA;NA;NA;NA;NA;NA;NA;NA;NA;NA;NA;NA
rbbmr - mr_min;2742;0;0;NA;0;0;0;0;0;0;0;0;0;0;0;1;0;0;0;0;0;NA;NA;NA;0;0;0;0;0;0;1;NA;NA;NA;NA;NA;NA;NA;NA;NA;NA;0;0;NA;NA;NA;NA;NA;NA;0;0;0;1;1;NA;NA;NA;NA;NA;NA;NA;NA;NA;NA;NA;NA;NA;NA;NA;NA;NA;NA;NA;NA;NA;NA;NA;NA;NA;NA;NA;NA;NA;NA;NA;NA;NA;NA;NA;NA;NA;NA;NA;NA;NA;NA;NA;NA;NA;NA;NA;NA;NA;NA;NA;NA;NA;NA;NA;NA;NA;NA;NA;NA;NA
rbbmr - mr_min;2743;0;1;0;0;0;0;0;0;0;0;0;0;0;0;1;0;0;0;0;0;NA;NA;NA;0;0;0;0;0;0;1;NA;NA;NA;NA;NA;NA;NA;NA;NA;NA;0;0;NA;NA;NA;NA;NA;NA;0;0;0;1;1;NA;NA;NA;NA;NA;NA;NA;NA;NA;NA;NA;NA;NA;NA;NA;NA;NA;NA;NA;NA;NA;NA;NA;NA;NA;NA;NA;NA;NA;NA;NA;NA;NA;NA;NA;NA;NA;NA;NA;NA;NA;NA;NA;NA;NA;NA;NA;NA;NA;NA;NA;NA;NA;NA;NA;NA;NA;NA;NA;NA;NA
rbbmr - mr_min;2744;0;0;NA;0;0;0;0;0;0;0;0;0;0;0;0;NA;NA;NA;NA;NA;NA;NA;NA;NA;NA;NA;0;0;0;1;NA;NA;NA;NA;NA;NA;NA;NA;NA;NA;0;0;NA;NA;NA;NA;NA;NA;0;0;0;1;NA;1;NA;NA;NA;NA;NA;NA;NA;NA;NA;NA;NA;NA;NA;NA;NA;NA;NA;NA;NA;NA;NA;NA;NA;NA;NA;NA;NA;NA;NA;NA;NA;NA;NA;NA;NA;NA;NA;NA;NA;NA;NA;NA;NA;NA;NA;NA;NA;NA;NA;NA;NA;NA;NA;NA;NA;NA;NA;NA;NA;NA
rbbmr - mr_min;2745;0;1;0;0;0;0;0;0;0;0;0;0;0;0;0;NA;NA;NA;NA;NA;NA;NA;NA;NA;NA;NA;0;0;0;1;NA;NA;NA;NA;NA;NA;NA;NA;NA;NA;0;0;NA;NA;NA;NA;NA;NA;0;0;0;1;NA;1;NA;NA;NA;NA;NA;NA;NA;NA;NA;NA;NA;NA;NA;NA;NA;NA;NA;NA;NA;NA;NA;NA;NA;NA;NA;NA;NA;NA;NA;NA;NA;NA;NA;NA;NA;NA;NA;NA;NA;NA;NA;NA;NA;NA;NA;NA;NA;NA;NA;NA;NA;NA;NA;NA;NA;NA;NA;NA;NA;NA
rbbmr - mr_min;2746;0;0;NA;0;0;0;0;0;0;0;0;0;0;0;1;0;0;0;0;1;0;0;0;NA;NA;NA;0;0;0;1;NA;NA;NA;NA;NA;NA;NA;NA;NA;NA;0;0;NA;NA;NA;NA;NA;NA;0;0;0;1;NA;1;NA;NA;NA;NA;NA;NA;NA;NA;NA;NA;NA;NA;NA;NA;NA;NA;NA;NA;NA;NA;NA;NA;NA;NA;NA;NA;NA;NA;NA;NA;NA;NA;NA;NA;NA;NA;NA;NA;NA;NA;NA;NA;NA;NA;NA;NA;NA;NA;NA;NA;NA;NA;NA;NA;NA;NA;NA;NA;NA;NA
rbbmr - mr_min;2747;0;1;0;0;0;0;0;0;0;0;0;0;0;0;1;0;0;0;0;1;0;0;0;NA;NA;NA;0;0;0;1;NA;NA;NA;NA;NA;NA;NA;NA;NA;NA;0;0;NA;NA;NA;NA;NA;NA;0;0;0;1;NA;1;NA;NA;NA;NA;NA;NA;NA;NA;NA;NA;NA;NA;NA;NA;NA;NA;NA;NA;NA;NA;NA;NA;NA;NA;NA;NA;NA;NA;NA;NA;NA;NA;NA;NA;NA;NA;NA;NA;NA;NA;NA;NA;NA;NA;NA;NA;NA;NA;NA;NA;NA;NA;NA;NA;NA;NA;NA;NA;NA;NA
rbbmr - mr_min;2748;0;0;NA;0;0;0;0;0;0;0;0;0;0;0;1;0;0;0;0;0;NA;NA;NA;0;0;0;0;0;0;1;NA;NA;NA;NA;NA;NA;NA;NA;NA;NA;0;0;NA;NA;NA;NA;NA;NA;0;0;0;1;NA;1;NA;NA;NA;NA;NA;NA;NA;NA;NA;NA;NA;NA;NA;NA;NA;NA;NA;NA;NA;NA;NA;NA;NA;NA;NA;NA;NA;NA;NA;NA;NA;NA;NA;NA;NA;NA;NA;NA;NA;NA;NA;NA;NA;NA;NA;NA;NA;NA;NA;NA;NA;NA;NA;NA;NA;NA;NA;NA;NA;NA
rbbmr - mr_min;2749;0;1;0;0;0;0;0;0;0;0;0;0;0;0;1;0;0;0;0;0;NA;NA;NA;0;0;0;0;0;0;1;NA;NA;NA;NA;NA;NA;NA;NA;NA;NA;0;0;NA;NA;NA;NA;NA;NA;0;0;0;1;NA;1;NA;NA;NA;NA;NA;NA;NA;NA;NA;NA;NA;NA;NA;NA;NA;NA;NA;NA;NA;NA;NA;NA;NA;NA;NA;NA;NA;NA;NA;NA;NA;NA;NA;NA;NA;NA;NA;NA;NA;NA;NA;NA;NA;NA;NA;NA;NA;NA;NA;NA;NA;NA;NA;NA;NA;NA;NA;NA;NA;NA
rbbmr - mr_min;2750;0;0;NA;0;0;0;0;0;0;0;0;0;0;0;0;NA;NA;NA;NA;NA;NA;NA;NA;NA;NA;NA;0;0;0;1;NA;NA;NA;NA;NA;NA;NA;NA;NA;NA;0;0;NA;NA;NA;NA;NA;NA;0;0;0;1;NA;NA;1;NA;NA;NA;NA;NA;NA;NA;NA;NA;NA;NA;NA;NA;NA;NA;NA;NA;NA;NA;NA;NA;NA;NA;NA;NA;NA;NA;NA;NA;NA;NA;NA;NA;NA;NA;NA;NA;NA;NA;NA;NA;NA;NA;NA;NA;NA;NA;NA;NA;NA;NA;NA;NA;NA;NA;NA;NA;NA;NA
rbbmr - mr_min;2751;0;1;0;0;0;0;0;0;0;0;0;0;0;0;0;NA;NA;NA;NA;NA;NA;NA;NA;NA;NA;NA;0;0;0;1;NA;NA;NA;NA;NA;NA;NA;NA;NA;NA;0;0;NA;NA;NA;NA;NA;NA;0;0;0;1;NA;NA;1;NA;NA;NA;NA;NA;NA;NA;NA;NA;NA;NA;NA;NA;NA;NA;NA;NA;NA;NA;NA;NA;NA;NA;NA;NA;NA;NA;NA;NA;NA;NA;NA;NA;NA;NA;NA;NA;NA;NA;NA;NA;NA;NA;NA;NA;NA;NA;NA;NA;NA;NA;NA;NA;NA;NA;NA;NA;NA;NA
rbbmr - mr_min;2752;0;0;NA;0;0;0;0;0;0;0;0;0;0;0;1;0;0;0;0;1;0;0;0;NA;NA;NA;0;0;0;1;NA;NA;NA;NA;NA;NA;NA;NA;NA;NA;0;0;NA;NA;NA;NA;NA;NA;0;0;0;1;NA;NA;1;NA;NA;NA;NA;NA;NA;NA;NA;NA;NA;NA;NA;NA;NA;NA;NA;NA;NA;NA;NA;NA;NA;NA;NA;NA;NA;NA;NA;NA;NA;NA;NA;NA;NA;NA;NA;NA;NA;NA;NA;NA;NA;NA;NA;NA;NA;NA;NA;NA;NA;NA;NA;NA;NA;NA;NA;NA;NA;NA
rbbmr - mr_min;2753;0;1;0;0;0;0;0;0;0;0;0;0;0;0;1;0;0;0;0;1;0;0;0;NA;NA;NA;0;0;0;1;NA;NA;NA;NA;NA;NA;NA;NA;NA;NA;0;0;NA;NA;NA;NA;NA;NA;0;0;0;1;NA;NA;1;NA;NA;NA;NA;NA;NA;NA;NA;NA;NA;NA;NA;NA;NA;NA;NA;NA;NA;NA;NA;NA;NA;NA;NA;NA;NA;NA;NA;NA;NA;NA;NA;NA;NA;NA;NA;NA;NA;NA;NA;NA;NA;NA;NA;NA;NA;NA;NA;NA;NA;NA;NA;NA;NA;NA;NA;NA;NA;NA
rbbmr - mr_min;2754;0;0;NA;0;0;0;0;0;0;0;0;0;0;0;1;0;0;0;0;0;NA;NA;NA;0;0;0;0;0;0;1;NA;NA;NA;NA;NA;NA;NA;NA;NA;NA;0;0;NA;NA;NA;NA;NA;NA;0;0;0;1;NA;NA;1;NA;NA;NA;NA;NA;NA;NA;NA;NA;NA;NA;NA;NA;NA;NA;NA;NA;NA;NA;NA;NA;NA;NA;NA;NA;NA;NA;NA;NA;NA;NA;NA;NA;NA;NA;NA;NA;NA;NA;NA;NA;NA;NA;NA;NA;NA;NA;NA;NA;NA;NA;NA;NA;NA;NA;NA;NA;NA;NA
rbbmr - mr_min;2755;0;1;0;0;0;0;0;0;0;0;0;0;0;0;1;0;0;0;0;0;NA;NA;NA;0;0;0;0;0;0;1;NA;NA;NA;NA;NA;NA;NA;NA;NA;NA;0;0;NA;NA;NA;NA;NA;NA;0;0;0;1;NA;NA;1;NA;NA;NA;NA;NA;NA;NA;NA;NA;NA;NA;NA;NA;NA;NA;NA;NA;NA;NA;NA;NA;NA;NA;NA;NA;NA;NA;NA;NA;NA;NA;NA;NA;NA;NA;NA;NA;NA;NA;NA;NA;NA;NA;NA;NA;NA;NA;NA;NA;NA;NA;NA;NA;NA;NA;NA;NA;NA;NA
rbbmr - mr_min;2756;0;0;NA;0;0;0;0;0;0;0;0;0;0;0;0;NA;NA;NA;NA;NA;NA;NA;NA;NA;NA;NA;0;0;0;1;NA;NA;NA;NA;NA;NA;NA;NA;NA;NA;0;0;NA;NA;NA;NA;NA;NA;0;0;0;1;NA;NA;NA;1;NA;NA;NA;NA;NA;NA;NA;NA;NA;NA;NA;NA;NA;NA;NA;NA;NA;NA;NA;NA;NA;NA;NA;NA;NA;NA;NA;NA;NA;NA;NA;NA;NA;NA;NA;NA;NA;NA;NA;NA;NA;NA;NA;NA;NA;NA;NA;NA;NA;NA;NA;NA;NA;NA;NA;NA;NA;NA
rbbmr - mr_min;2757;0;1;0;0;0;0;0;0;0;0;0;0;0;0;0;NA;NA;NA;NA;NA;NA;NA;NA;NA;NA;NA;0;0;0;1;NA;NA;NA;NA;NA;NA;NA;NA;NA;NA;0;0;NA;NA;NA;NA;NA;NA;0;0;0;1;NA;NA;NA;1;NA;NA;NA;NA;NA;NA;NA;NA;NA;NA;NA;NA;NA;NA;NA;NA;NA;NA;NA;NA;NA;NA;NA;NA;NA;NA;NA;NA;NA;NA;NA;NA;NA;NA;NA;NA;NA;NA;NA;NA;NA;NA;NA;NA;NA;NA;NA;NA;NA;NA;NA;NA;NA;NA;NA;NA;NA;NA
rbbmr - mr_min;2758;0;0;NA;0;0;0;0;0;0;0;0;0;0;0;1;0;0;0;0;1;0;0;0;NA;NA;NA;0;0;0;1;NA;NA;NA;NA;NA;NA;NA;NA;NA;NA;0;0;NA;NA;NA;NA;NA;NA;0;0;0;1;NA;NA;NA;1;NA;NA;NA;NA;NA;NA;NA;NA;NA;NA;NA;NA;NA;NA;NA;NA;NA;NA;NA;NA;NA;NA;NA;NA;NA;NA;NA;NA;NA;NA;NA;NA;NA;NA;NA;NA;NA;NA;NA;NA;NA;NA;NA;NA;NA;NA;NA;NA;NA;NA;NA;NA;NA;NA;NA;NA;NA;NA
rbbmr - mr_min;2759;0;1;0;0;0;0;0;0;0;0;0;0;0;0;1;0;0;0;0;1;0;0;0;NA;NA;NA;0;0;0;1;NA;NA;NA;NA;NA;NA;NA;NA;NA;NA;0;0;NA;NA;NA;NA;NA;NA;0;0;0;1;NA;NA;NA;1;NA;NA;NA;NA;NA;NA;NA;NA;NA;NA;NA;NA;NA;NA;NA;NA;NA;NA;NA;NA;NA;NA;NA;NA;NA;NA;NA;NA;NA;NA;NA;NA;NA;NA;NA;NA;NA;NA;NA;NA;NA;NA;NA;NA;NA;NA;NA;NA;NA;NA;NA;NA;NA;NA;NA;NA;NA;NA
rbbmr - mr_min;2760;0;0;NA;0;0;0;0;0;0;0;0;0;0;0;1;0;0;0;0;0;NA;NA;NA;0;0;0;0;0;0;1;NA;NA;NA;NA;NA;NA;NA;NA;NA;NA;0;0;NA;NA;NA;NA;NA;NA;0;0;0;1;NA;NA;NA;1;NA;NA;NA;NA;NA;NA;NA;NA;NA;NA;NA;NA;NA;NA;NA;NA;NA;NA;NA;NA;NA;NA;NA;NA;NA;NA;NA;NA;NA;NA;NA;NA;NA;NA;NA;NA;NA;NA;NA;NA;NA;NA;NA;NA;NA;NA;NA;NA;NA;NA;NA;NA;NA;NA;NA;NA;NA;NA
rbbmr - mr_min;2761;0;1;0;0;0;0;0;0;0;0;0;0;0;0;1;0;0;0;0;0;NA;NA;NA;0;0;0;0;0;0;1;NA;NA;NA;NA;NA;NA;NA;NA;NA;NA;0;0;NA;NA;NA;NA;NA;NA;0;0;0;1;NA;NA;NA;1;NA;NA;NA;NA;NA;NA;NA;NA;NA;NA;NA;NA;NA;NA;NA;NA;NA;NA;NA;NA;NA;NA;NA;NA;NA;NA;NA;NA;NA;NA;NA;NA;NA;NA;NA;NA;NA;NA;NA;NA;NA;NA;NA;NA;NA;NA;NA;NA;NA;NA;NA;NA;NA;NA;NA;NA;NA;NA
rbbms - ms;2762;0;0;NA;0;0;0;0;0;0;0;0;0;0;0;0;NA;NA;NA;NA;NA;NA;NA;NA;NA;NA;NA;0;0;1;NA;NA;NA;NA;NA;NA;NA;NA;NA;NA;NA;NA;NA;NA;NA;NA;NA;NA;NA;NA;NA;NA;NA;NA;NA;NA;NA;NA;NA;NA;NA;NA;NA;NA;NA;NA;NA;NA;NA;NA;NA;NA;NA;NA;NA;NA;NA;NA;NA;NA;NA;NA;NA;NA;NA;NA;NA;NA;NA;NA;NA;NA;NA;NA;NA;NA;NA;NA;NA;0;NA;NA;NA;NA;0;NA;NA;NA;NA;1;0;0;0;0;NA
rbbms - ms;2763;0;1;0;0;0;0;0;0;0;0;0;0;0;0;0;NA;NA;NA;NA;NA;NA;NA;NA;NA;NA;NA;0;0;1;NA;NA;NA;NA;NA;NA;NA;NA;NA;NA;NA;NA;NA;NA;NA;NA;NA;NA;NA;NA;NA;NA;NA;NA;NA;NA;NA;NA;NA;NA;NA;NA;NA;NA;NA;NA;NA;NA;NA;NA;NA;NA;NA;NA;NA;NA;NA;NA;NA;NA;NA;NA;NA;NA;NA;NA;NA;NA;NA;NA;NA;NA;NA;NA;NA;NA;NA;NA;NA;0;NA;NA;NA;NA;0;NA;NA;NA;NA;1;0;0;0;0;NA
rbbms - ms;2764;0;0;NA;0;0;0;0;0;0;0;0;0;0;0;1;0;0;0;0;1;0;0;0;NA;NA;NA;0;0;1;NA;NA;NA;NA;NA;NA;NA;NA;NA;NA;NA;NA;NA;NA;NA;NA;NA;NA;NA;NA;NA;NA;NA;NA;NA;NA;NA;NA;NA;NA;NA;NA;NA;NA;NA;NA;NA;NA;NA;NA;NA;NA;NA;NA;NA;NA;NA;NA;NA;NA;NA;NA;NA;NA;NA;NA;NA;NA;NA;NA;NA;NA;NA;NA;NA;NA;NA;NA;NA;0;NA;NA;NA;NA;0;NA;NA;NA;NA;1;0;0;0;0;NA
rbbms - ms;2765;0;1;0;0;0;0;0;0;0;0;0;0;0;0;1;0;0;0;0;1;0;0;0;NA;NA;NA;0;0;1;NA;NA;NA;NA;NA;NA;NA;NA;NA;NA;NA;NA;NA;NA;NA;NA;NA;NA;NA;NA;NA;NA;NA;NA;NA;NA;NA;NA;NA;NA;NA;NA;NA;NA;NA;NA;NA;NA;NA;NA;NA;NA;NA;NA;NA;NA;NA;NA;NA;NA;NA;NA;NA;NA;NA;NA;NA;NA;NA;NA;NA;NA;NA;NA;NA;NA;NA;NA;NA;0;NA;NA;NA;NA;0;NA;NA;NA;NA;1;0;0;0;0;NA
rbbms - ms;2766;0;0;NA;0;0;0;0;0;0;0;0;0;0;0;1;0;0;0;0;0;NA;NA;NA;0;0;0;0;0;1;NA;NA;NA;NA;NA;NA;NA;NA;NA;NA;NA;NA;NA;NA;NA;NA;NA;NA;NA;NA;NA;NA;NA;NA;NA;NA;NA;NA;NA;NA;NA;NA;NA;NA;NA;NA;NA;NA;NA;NA;NA;NA;NA;NA;NA;NA;NA;NA;NA;NA;NA;NA;NA;NA;NA;NA;NA;NA;NA;NA;NA;NA;NA;NA;NA;NA;NA;NA;NA;0;NA;NA;NA;NA;0;NA;NA;NA;NA;1;0;0;0;0;NA
rbbms - ms;2767;0;1;0;0;0;0;0;0;0;0;0;0;0;0;1;0;0;0;0;0;NA;NA;NA;0;0;0;0;0;1;NA;NA;NA;NA;NA;NA;NA;NA;NA;NA;NA;NA;NA;NA;NA;NA;NA;NA;NA;NA;NA;NA;NA;NA;NA;NA;NA;NA;NA;NA;NA;NA;NA;NA;NA;NA;NA;NA;NA;NA;NA;NA;NA;NA;NA;NA;NA;NA;NA;NA;NA;NA;NA;NA;NA;NA;NA;NA;NA;NA;NA;NA;NA;NA;NA;NA;NA;NA;NA;0;NA;NA;NA;NA;0;NA;NA;NA;NA;1;0;0;0;0;NA
rbbms - ms;2768;0;0;NA;0;0;0;0;0;0;0;0;0;0;0;0;NA;NA;NA;NA;NA;NA;NA;NA;NA;NA;NA;0;0;0;0;NA;1;NA;NA;NA;NA;NA;NA;NA;NA;NA;NA;NA;NA;NA;NA;NA;NA;NA;NA;NA;NA;NA;NA;NA;NA;NA;NA;NA;NA;NA;1;NA;NA;NA;NA;NA;NA;NA;NA;NA;NA;NA;NA;NA;NA;NA;NA;NA;NA;NA;NA;NA;NA;NA;NA;NA;NA;NA;NA;NA;NA;NA;NA;NA;NA;NA;NA;0;NA;NA;NA;NA;0;NA;NA;NA;NA;1;0;0;0;0;NA
rbbms - ms;2769;0;1;0;0;0;0;0;0;0;0;0;0;0;0;0;NA;NA;NA;NA;NA;NA;NA;NA;NA;NA;NA;0;0;0;0;NA;1;NA;NA;NA;NA;NA;NA;NA;NA;NA;NA;NA;NA;NA;NA;NA;NA;NA;NA;NA;NA;NA;NA;NA;NA;NA;NA;NA;NA;NA;1;NA;NA;NA;NA;NA;NA;NA;NA;NA;NA;NA;NA;NA;NA;NA;NA;NA;NA;NA;NA;NA;NA;NA;NA;NA;NA;NA;NA;NA;NA;NA;NA;NA;NA;NA;NA;0;NA;NA;NA;NA;0;NA;NA;NA;NA;1;0;0;0;0;NA
rbbms - ms;2770;0;0;NA;0;0;0;0;0;0;0;0;0;0;0;1;0;0;0;0;1;0;0;0;NA;NA;NA;0;0;0;0;NA;1;NA;NA;NA;NA;NA;NA;NA;NA;NA;NA;NA;NA;NA;NA;NA;NA;NA;NA;NA;NA;NA;NA;NA;NA;NA;NA;NA;NA;NA;1;NA;NA;NA;NA;NA;NA;NA;NA;NA;NA;NA;NA;NA;NA;NA;NA;NA;NA;NA;NA;NA;NA;NA;NA;NA;NA;NA;NA;NA;NA;NA;NA;NA;NA;NA;NA;0;NA;NA;NA;NA;0;NA;NA;NA;NA;1;0;0;0;0;NA
rbbms - ms;2771;0;1;0;0;0;0;0;0;0;0;0;0;0;0;1;0;0;0;0;1;0;0;0;NA;NA;NA;0;0;0;0;NA;1;NA;NA;NA;NA;NA;NA;NA;NA;NA;NA;NA;NA;NA;NA;NA;NA;NA;NA;NA;NA;NA;NA;NA;NA;NA;NA;NA;NA;NA;1;NA;NA;NA;NA;NA;NA;NA;NA;NA;NA;NA;NA;NA;NA;NA;NA;NA;NA;NA;NA;NA;NA;NA;NA;NA;NA;NA;NA;NA;NA;NA;NA;NA;NA;NA;NA;0;NA;NA;NA;NA;0;NA;NA;NA;NA;1;0;0;0;0;NA
rbbms - ms;2772;0;0;NA;0;0;0;0;0;0;0;0;0;0;0;1;0;0;0;0;0;NA;NA;NA;0;0;0;0;0;0;0;NA;1;NA;NA;NA;NA;NA;NA;NA;NA;NA;NA;NA;NA;NA;NA;NA;NA;NA;NA;NA;NA;NA;NA;NA;NA;NA;NA;NA;NA;NA;1;NA;NA;NA;NA;NA;NA;NA;NA;NA;NA;NA;NA;NA;NA;NA;NA;NA;NA;NA;NA;NA;NA;NA;NA;NA;NA;NA;NA;NA;NA;NA;NA;NA;NA;NA;NA;0;NA;NA;NA;NA;0;NA;NA;NA;NA;1;0;0;0;0;NA
rbbms - ms;2773;0;1;0;0;0;0;0;0;0;0;0;0;0;0;1;0;0;0;0;0;NA;NA;NA;0;0;0;0;0;0;0;NA;1;NA;NA;NA;NA;NA;NA;NA;NA;NA;NA;NA;NA;NA;NA;NA;NA;NA;NA;NA;NA;NA;NA;NA;NA;NA;NA;NA;NA;NA;1;NA;NA;NA;NA;NA;NA;NA;NA;NA;NA;NA;NA;NA;NA;NA;NA;NA;NA;NA;NA;NA;NA;NA;NA;NA;NA;NA;NA;NA;NA;NA;NA;NA;NA;NA;NA;0;NA;NA;NA;NA;0;NA;NA;NA;NA;1;0;0;0;0;NA
rbbms - ms;2774;0;0;NA;0;0;0;0;0;0;0;0;0;0;0;0;NA;NA;NA;NA;NA;NA;NA;NA;NA;NA;NA;0;0;0;0;1;NA;NA;1;NA;NA;NA;NA;NA;NA;NA;NA;NA;NA;NA;NA;NA;NA;NA;NA;NA;NA;NA;NA;NA;NA;NA;NA;NA;NA;NA;1;NA;NA;NA;NA;NA;NA;NA;NA;NA;NA;NA;NA;NA;NA;NA;NA;NA;NA;NA;NA;NA;NA;NA;NA;NA;NA;NA;NA;NA;NA;NA;NA;NA;NA;NA;NA;0;NA;NA;NA;NA;0;NA;NA;NA;NA;1;0;0;0;0;NA
rbbms - ms;2775;0;1;0;0;0;0;0;0;0;0;0;0;0;0;0;NA;NA;NA;NA;NA;NA;NA;NA;NA;NA;NA;0;0;0;0;1;NA;NA;1;NA;NA;NA;NA;NA;NA;NA;NA;NA;NA;NA;NA;NA;NA;NA;NA;NA;NA;NA;NA;NA;NA;NA;NA;NA;NA;NA;1;NA;NA;NA;NA;NA;NA;NA;NA;NA;NA;NA;NA;NA;NA;NA;NA;NA;NA;NA;NA;NA;NA;NA;NA;NA;NA;NA;NA;NA;NA;NA;NA;NA;NA;NA;NA;0;NA;NA;NA;NA;0;NA;NA;NA;NA;1;0;0;0;0;NA
rbbms - ms;2776;0;0;NA;0;0;0;0;0;0;0;0;0;0;0;1;0;0;0;0;1;0;0;0;NA;NA;NA;0;0;0;0;1;NA;NA;1;NA;NA;NA;NA;NA;NA;NA;NA;NA;NA;NA;NA;NA;NA;NA;NA;NA;NA;NA;NA;NA;NA;NA;NA;NA;NA;NA;1;NA;NA;NA;NA;NA;NA;NA;NA;NA;NA;NA;NA;NA;NA;NA;NA;NA;NA;NA;NA;NA;NA;NA;NA;NA;NA;NA;NA;NA;NA;NA;NA;NA;NA;NA;NA;0;NA;NA;NA;NA;0;NA;NA;NA;NA;1;0;0;0;0;NA
rbbms - ms;2777;0;1;0;0;0;0;0;0;0;0;0;0;0;0;1;0;0;0;0;1;0;0;0;NA;NA;NA;0;0;0;0;1;NA;NA;1;NA;NA;NA;NA;NA;NA;NA;NA;NA;NA;NA;NA;NA;NA;NA;NA;NA;NA;NA;NA;NA;NA;NA;NA;NA;NA;NA;1;NA;NA;NA;NA;NA;NA;NA;NA;NA;NA;NA;NA;NA;NA;NA;NA;NA;NA;NA;NA;NA;NA;NA;NA;NA;NA;NA;NA;NA;NA;NA;NA;NA;NA;NA;NA;0;NA;NA;NA;NA;0;NA;NA;NA;NA;1;0;0;0;0;NA
rbbms - ms;2778;0;0;NA;0;0;0;0;0;0;0;0;0;0;0;1;0;0;0;0;0;NA;NA;NA;0;0;0;0;0;0;0;1;NA;NA;1;NA;NA;NA;NA;NA;NA;NA;NA;NA;NA;NA;NA;NA;NA;NA;NA;NA;NA;NA;NA;NA;NA;NA;NA;NA;NA;NA;1;NA;NA;NA;NA;NA;NA;NA;NA;NA;NA;NA;NA;NA;NA;NA;NA;NA;NA;NA;NA;NA;NA;NA;NA;NA;NA;NA;NA;NA;NA;NA;NA;NA;NA;NA;NA;0;NA;NA;NA;NA;0;NA;NA;NA;NA;1;0;0;0;0;NA
rbbms - ms;2779;0;1;0;0;0;0;0;0;0;0;0;0;0;0;1;0;0;0;0;0;NA;NA;NA;0;0;0;0;0;0;0;1;NA;NA;1;NA;NA;NA;NA;NA;NA;NA;NA;NA;NA;NA;NA;NA;NA;NA;NA;NA;NA;NA;NA;NA;NA;NA;NA;NA;NA;NA;1;NA;NA;NA;NA;NA;NA;NA;NA;NA;NA;NA;NA;NA;NA;NA;NA;NA;NA;NA;NA;NA;NA;NA;NA;NA;NA;NA;NA;NA;NA;NA;NA;NA;NA;NA;NA;0;NA;NA;NA;NA;0;NA;NA;NA;NA;1;0;0;0;0;NA
rbbms - ms;2780;0;0;NA;0;0;0;0;0;0;0;0;0;0;0;0;NA;NA;NA;NA;NA;NA;NA;NA;NA;NA;NA;0;0;0;1;NA;NA;NA;1;NA;NA;NA;NA;NA;NA;0;0;NA;NA;NA;NA;NA;NA;0;1;NA;NA;NA;NA;NA;NA;NA;NA;NA;NA;NA;1;NA;NA;NA;NA;NA;NA;NA;NA;NA;NA;NA;NA;NA;NA;NA;NA;NA;NA;NA;NA;NA;NA;NA;NA;NA;NA;NA;NA;NA;NA;NA;NA;NA;NA;NA;NA;0;NA;NA;NA;NA;0;NA;NA;NA;NA;1;0;0;0;0;NA
rbbms - ms;2781;0;1;0;0;0;0;0;0;0;0;0;0;0;0;0;NA;NA;NA;NA;NA;NA;NA;NA;NA;NA;NA;0;0;0;1;NA;NA;NA;1;NA;NA;NA;NA;NA;NA;0;0;NA;NA;NA;NA;NA;NA;0;1;NA;NA;NA;NA;NA;NA;NA;NA;NA;NA;NA;1;NA;NA;NA;NA;NA;NA;NA;NA;NA;NA;NA;NA;NA;NA;NA;NA;NA;NA;NA;NA;NA;NA;NA;NA;NA;NA;NA;NA;NA;NA;NA;NA;NA;NA;NA;NA;0;NA;NA;NA;NA;0;NA;NA;NA;NA;1;0;0;0;0;NA
rbbms - ms;2782;0;0;NA;0;0;0;0;0;0;0;0;0;0;0;1;0;0;0;0;1;0;0;0;NA;NA;NA;0;0;0;1;NA;NA;NA;1;NA;NA;NA;NA;NA;NA;0;0;NA;NA;NA;NA;NA;NA;0;1;NA;NA;NA;NA;NA;NA;NA;NA;NA;NA;NA;1;NA;NA;NA;NA;NA;NA;NA;NA;NA;NA;NA;NA;NA;NA;NA;NA;NA;NA;NA;NA;NA;NA;NA;NA;NA;NA;NA;NA;NA;NA;NA;NA;NA;NA;NA;NA;0;NA;NA;NA;NA;0;NA;NA;NA;NA;1;0;0;0;0;NA
rbbms - ms;2783;0;1;0;0;0;0;0;0;0;0;0;0;0;0;1;0;0;0;0;1;0;0;0;NA;NA;NA;0;0;0;1;NA;NA;NA;1;NA;NA;NA;NA;NA;NA;0;0;NA;NA;NA;NA;NA;NA;0;1;NA;NA;NA;NA;NA;NA;NA;NA;NA;NA;NA;1;NA;NA;NA;NA;NA;NA;NA;NA;NA;NA;NA;NA;NA;NA;NA;NA;NA;NA;NA;NA;NA;NA;NA;NA;NA;NA;NA;NA;NA;NA;NA;NA;NA;NA;NA;NA;0;NA;NA;NA;NA;0;NA;NA;NA;NA;1;0;0;0;0;NA
rbbms - ms;2784;0;0;NA;0;0;0;0;0;0;0;0;0;0;0;1;0;0;0;0;0;NA;NA;NA;0;0;0;0;0;0;1;NA;NA;NA;1;NA;NA;NA;NA;NA;NA;0;0;NA;NA;NA;NA;NA;NA;0;1;NA;NA;NA;NA;NA;NA;NA;NA;NA;NA;NA;1;NA;NA;NA;NA;NA;NA;NA;NA;NA;NA;NA;NA;NA;NA;NA;NA;NA;NA;NA;NA;NA;NA;NA;NA;NA;NA;NA;NA;NA;NA;NA;NA;NA;NA;NA;NA;0;NA;NA;NA;NA;0;NA;NA;NA;NA;1;0;0;0;0;NA
rbbms - ms;2785;0;1;0;0;0;0;0;0;0;0;0;0;0;0;1;0;0;0;0;0;NA;NA;NA;0;0;0;0;0;0;1;NA;NA;NA;1;NA;NA;NA;NA;NA;NA;0;0;NA;NA;NA;NA;NA;NA;0;1;NA;NA;NA;NA;NA;NA;NA;NA;NA;NA;NA;1;NA;NA;NA;NA;NA;NA;NA;NA;NA;NA;NA;NA;NA;NA;NA;NA;NA;NA;NA;NA;NA;NA;NA;NA;NA;NA;NA;NA;NA;NA;NA;NA;NA;NA;NA;NA;0;NA;NA;NA;NA;0;NA;NA;NA;NA;1;0;0;0;0;NA
rbbms - ms;2786;0;0;NA;0;0;0;0;0;0;0;0;0;0;0;0;NA;NA;NA;NA;NA;NA;NA;NA;NA;NA;NA;0;0;0;1;NA;NA;NA;NA;NA;NA;NA;NA;NA;NA;0;0;NA;NA;NA;NA;NA;NA;0;0;1;NA;NA;NA;NA;NA;NA;NA;NA;NA;NA;1;NA;NA;NA;NA;NA;NA;NA;NA;NA;NA;NA;NA;NA;NA;NA;NA;NA;NA;NA;NA;NA;NA;NA;NA;NA;NA;NA;NA;NA;NA;NA;NA;NA;NA;NA;NA;0;NA;NA;NA;NA;0;NA;NA;NA;NA;1;0;0;0;0;NA
rbbms - ms;2787;0;1;0;0;0;0;0;0;0;0;0;0;0;0;0;NA;NA;NA;NA;NA;NA;NA;NA;NA;NA;NA;0;0;0;1;NA;NA;NA;NA;NA;NA;NA;NA;NA;NA;0;0;NA;NA;NA;NA;NA;NA;0;0;1;NA;NA;NA;NA;NA;NA;NA;NA;NA;NA;1;NA;NA;NA;NA;NA;NA;NA;NA;NA;NA;NA;NA;NA;NA;NA;NA;NA;NA;NA;NA;NA;NA;NA;NA;NA;NA;NA;NA;NA;NA;NA;NA;NA;NA;NA;NA;0;NA;NA;NA;NA;0;NA;NA;NA;NA;1;0;0;0;0;NA
rbbms - ms;2788;0;0;NA;0;0;0;0;0;0;0;0;0;0;0;1;0;0;0;0;1;0;0;0;NA;NA;NA;0;0;0;1;NA;NA;NA;NA;NA;NA;NA;NA;NA;NA;0;0;NA;NA;NA;NA;NA;NA;0;0;1;NA;NA;NA;NA;NA;NA;NA;NA;NA;NA;1;NA;NA;NA;NA;NA;NA;NA;NA;NA;NA;NA;NA;NA;NA;NA;NA;NA;NA;NA;NA;NA;NA;NA;NA;NA;NA;NA;NA;NA;NA;NA;NA;NA;NA;NA;NA;0;NA;NA;NA;NA;0;NA;NA;NA;NA;1;0;0;0;0;NA
rbbms - ms;2789;0;1;0;0;0;0;0;0;0;0;0;0;0;0;1;0;0;0;0;1;0;0;0;NA;NA;NA;0;0;0;1;NA;NA;NA;NA;NA;NA;NA;NA;NA;NA;0;0;NA;NA;NA;NA;NA;NA;0;0;1;NA;NA;NA;NA;NA;NA;NA;NA;NA;NA;1;NA;NA;NA;NA;NA;NA;NA;NA;NA;NA;NA;NA;NA;NA;NA;NA;NA;NA;NA;NA;NA;NA;NA;NA;NA;NA;NA;NA;NA;NA;NA;NA;NA;NA;NA;NA;0;NA;NA;NA;NA;0;NA;NA;NA;NA;1;0;0;0;0;NA
rbbms - ms;2790;0;0;NA;0;0;0;0;0;0;0;0;0;0;0;1;0;0;0;0;0;NA;NA;NA;0;0;0;0;0;0;1;NA;NA;NA;NA;NA;NA;NA;NA;NA;NA;0;0;NA;NA;NA;NA;NA;NA;0;0;1;NA;NA;NA;NA;NA;NA;NA;NA;NA;NA;1;NA;NA;NA;NA;NA;NA;NA;NA;NA;NA;NA;NA;NA;NA;NA;NA;NA;NA;NA;NA;NA;NA;NA;NA;NA;NA;NA;NA;NA;NA;NA;NA;NA;NA;NA;NA;0;NA;NA;NA;NA;0;NA;NA;NA;NA;1;0;0;0;0;NA
rbbms - ms;2791;0;1;0;0;0;0;0;0;0;0;0;0;0;0;1;0;0;0;0;0;NA;NA;NA;0;0;0;0;0;0;1;NA;NA;NA;NA;NA;NA;NA;NA;NA;NA;0;0;NA;NA;NA;NA;NA;NA;0;0;1;NA;NA;NA;NA;NA;NA;NA;NA;NA;NA;1;NA;NA;NA;NA;NA;NA;NA;NA;NA;NA;NA;NA;NA;NA;NA;NA;NA;NA;NA;NA;NA;NA;NA;NA;NA;NA;NA;NA;NA;NA;NA;NA;NA;NA;NA;NA;0;NA;NA;NA;NA;0;NA;NA;NA;NA;1;0;0;0;0;NA
rbbms - ms_min;2792;0;0;NA;0;0;0;0;0;0;0;0;0;0;0;0;NA;NA;NA;NA;NA;NA;NA;NA;NA;NA;NA;0;0;1;NA;NA;NA;NA;NA;NA;NA;NA;NA;NA;NA;NA;NA;NA;NA;NA;NA;NA;NA;NA;NA;NA;NA;NA;NA;NA;NA;NA;NA;NA;NA;NA;NA;NA;NA;NA;NA;NA;NA;NA;NA;NA;NA;NA;NA;NA;NA;NA;NA;NA;NA;NA;NA;NA;NA;NA;NA;NA;NA;NA;NA;NA;NA;NA;NA;NA;NA;NA;NA;0;NA;NA;NA;NA;0;NA;NA;NA;NA;1;1;NA;NA;NA;NA
rbbms - ms_min;2793;0;1;0;0;0;0;0;0;0;0;0;0;0;0;0;NA;NA;NA;NA;NA;NA;NA;NA;NA;NA;NA;0;0;1;NA;NA;NA;NA;NA;NA;NA;NA;NA;NA;NA;NA;NA;NA;NA;NA;NA;NA;NA;NA;NA;NA;NA;NA;NA;NA;NA;NA;NA;NA;NA;NA;NA;NA;NA;NA;NA;NA;NA;NA;NA;NA;NA;NA;NA;NA;NA;NA;NA;NA;NA;NA;NA;NA;NA;NA;NA;NA;NA;NA;NA;NA;NA;NA;NA;NA;NA;NA;NA;0;NA;NA;NA;NA;0;NA;NA;NA;NA;1;1;NA;NA;NA;NA
rbbms - ms_min;2794;0;0;NA;0;0;0;0;0;0;0;0;0;0;0;1;0;0;0;0;1;0;0;0;NA;NA;NA;0;0;1;NA;NA;NA;NA;NA;NA;NA;NA;NA;NA;NA;NA;NA;NA;NA;NA;NA;NA;NA;NA;NA;NA;NA;NA;NA;NA;NA;NA;NA;NA;NA;NA;NA;NA;NA;NA;NA;NA;NA;NA;NA;NA;NA;NA;NA;NA;NA;NA;NA;NA;NA;NA;NA;NA;NA;NA;NA;NA;NA;NA;NA;NA;NA;NA;NA;NA;NA;NA;NA;0;NA;NA;NA;NA;0;NA;NA;NA;NA;1;1;NA;NA;NA;NA
rbbms - ms_min;2795;0;1;0;0;0;0;0;0;0;0;0;0;0;0;1;0;0;0;0;1;0;0;0;NA;NA;NA;0;0;1;NA;NA;NA;NA;NA;NA;NA;NA;NA;NA;NA;NA;NA;NA;NA;NA;NA;NA;NA;NA;NA;NA;NA;NA;NA;NA;NA;NA;NA;NA;NA;NA;NA;NA;NA;NA;NA;NA;NA;NA;NA;NA;NA;NA;NA;NA;NA;NA;NA;NA;NA;NA;NA;NA;NA;NA;NA;NA;NA;NA;NA;NA;NA;NA;NA;NA;NA;NA;NA;0;NA;NA;NA;NA;0;NA;NA;NA;NA;1;1;NA;NA;NA;NA
rbbms - ms_min;2796;0;0;NA;0;0;0;0;0;0;0;0;0;0;0;1;0;0;0;0;0;NA;NA;NA;0;0;0;0;0;1;NA;NA;NA;NA;NA;NA;NA;NA;NA;NA;NA;NA;NA;NA;NA;NA;NA;NA;NA;NA;NA;NA;NA;NA;NA;NA;NA;NA;NA;NA;NA;NA;NA;NA;NA;NA;NA;NA;NA;NA;NA;NA;NA;NA;NA;NA;NA;NA;NA;NA;NA;NA;NA;NA;NA;NA;NA;NA;NA;NA;NA;NA;NA;NA;NA;NA;NA;NA;NA;0;NA;NA;NA;NA;0;NA;NA;NA;NA;1;1;NA;NA;NA;NA
rbbms - ms_min;2797;0;1;0;0;0;0;0;0;0;0;0;0;0;0;1;0;0;0;0;0;NA;NA;NA;0;0;0;0;0;1;NA;NA;NA;NA;NA;NA;NA;NA;NA;NA;NA;NA;NA;NA;NA;NA;NA;NA;NA;NA;NA;NA;NA;NA;NA;NA;NA;NA;NA;NA;NA;NA;NA;NA;NA;NA;NA;NA;NA;NA;NA;NA;NA;NA;NA;NA;NA;NA;NA;NA;NA;NA;NA;NA;NA;NA;NA;NA;NA;NA;NA;NA;NA;NA;NA;NA;NA;NA;NA;0;NA;NA;NA;NA;0;NA;NA;NA;NA;1;1;NA;NA;NA;NA
rbbms - ms_min;2798;0;0;NA;0;0;0;0;0;0;0;0;0;0;0;0;NA;NA;NA;NA;NA;NA;NA;NA;NA;NA;NA;0;0;0;0;NA;1;NA;NA;NA;NA;NA;NA;NA;NA;NA;NA;NA;NA;NA;NA;NA;NA;NA;NA;NA;NA;NA;NA;NA;NA;NA;NA;NA;NA;NA;1;NA;NA;NA;NA;NA;NA;NA;NA;NA;NA;NA;NA;NA;NA;NA;NA;NA;NA;NA;NA;NA;NA;NA;NA;NA;NA;NA;NA;NA;NA;NA;NA;NA;NA;NA;NA;0;NA;NA;NA;NA;0;NA;NA;NA;NA;1;1;NA;NA;NA;NA
rbbms - ms_min;2799;0;1;0;0;0;0;0;0;0;0;0;0;0;0;0;NA;NA;NA;NA;NA;NA;NA;NA;NA;NA;NA;0;0;0;0;NA;1;NA;NA;NA;NA;NA;NA;NA;NA;NA;NA;NA;NA;NA;NA;NA;NA;NA;NA;NA;NA;NA;NA;NA;NA;NA;NA;NA;NA;NA;1;NA;NA;NA;NA;NA;NA;NA;NA;NA;NA;NA;NA;NA;NA;NA;NA;NA;NA;NA;NA;NA;NA;NA;NA;NA;NA;NA;NA;NA;NA;NA;NA;NA;NA;NA;NA;0;NA;NA;NA;NA;0;NA;NA;NA;NA;1;1;NA;NA;NA;NA
rbbms - ms_min;2800;0;0;NA;0;0;0;0;0;0;0;0;0;0;0;1;0;0;0;0;1;0;0;0;NA;NA;NA;0;0;0;0;NA;1;NA;NA;NA;NA;NA;NA;NA;NA;NA;NA;NA;NA;NA;NA;NA;NA;NA;NA;NA;NA;NA;NA;NA;NA;NA;NA;NA;NA;NA;1;NA;NA;NA;NA;NA;NA;NA;NA;NA;NA;NA;NA;NA;NA;NA;NA;NA;NA;NA;NA;NA;NA;NA;NA;NA;NA;NA;NA;NA;NA;NA;NA;NA;NA;NA;NA;0;NA;NA;NA;NA;0;NA;NA;NA;NA;1;1;NA;NA;NA;NA
rbbms - ms_min;2801;0;1;0;0;0;0;0;0;0;0;0;0;0;0;1;0;0;0;0;1;0;0;0;NA;NA;NA;0;0;0;0;NA;1;NA;NA;NA;NA;NA;NA;NA;NA;NA;NA;NA;NA;NA;NA;NA;NA;NA;NA;NA;NA;NA;NA;NA;NA;NA;NA;NA;NA;NA;1;NA;NA;NA;NA;NA;NA;NA;NA;NA;NA;NA;NA;NA;NA;NA;NA;NA;NA;NA;NA;NA;NA;NA;NA;NA;NA;NA;NA;NA;NA;NA;NA;NA;NA;NA;NA;0;NA;NA;NA;NA;0;NA;NA;NA;NA;1;1;NA;NA;NA;NA
rbbms - ms_min;2802;0;0;NA;0;0;0;0;0;0;0;0;0;0;0;1;0;0;0;0;0;NA;NA;NA;0;0;0;0;0;0;0;NA;1;NA;NA;NA;NA;NA;NA;NA;NA;NA;NA;NA;NA;NA;NA;NA;NA;NA;NA;NA;NA;NA;NA;NA;NA;NA;NA;NA;NA;NA;1;NA;NA;NA;NA;NA;NA;NA;NA;NA;NA;NA;NA;NA;NA;NA;NA;NA;NA;NA;NA;NA;NA;NA;NA;NA;NA;NA;NA;NA;NA;NA;NA;NA;NA;NA;NA;0;NA;NA;NA;NA;0;NA;NA;NA;NA;1;1;NA;NA;NA;NA
rbbms - ms_min;2803;0;1;0;0;0;0;0;0;0;0;0;0;0;0;1;0;0;0;0;0;NA;NA;NA;0;0;0;0;0;0;0;NA;1;NA;NA;NA;NA;NA;NA;NA;NA;NA;NA;NA;NA;NA;NA;NA;NA;NA;NA;NA;NA;NA;NA;NA;NA;NA;NA;NA;NA;NA;1;NA;NA;NA;NA;NA;NA;NA;NA;NA;NA;NA;NA;NA;NA;NA;NA;NA;NA;NA;NA;NA;NA;NA;NA;NA;NA;NA;NA;NA;NA;NA;NA;NA;NA;NA;NA;0;NA;NA;NA;NA;0;NA;NA;NA;NA;1;1;NA;NA;NA;NA
rbbms - ms_min;2804;0;0;NA;0;0;0;0;0;0;0;0;0;0;0;0;NA;NA;NA;NA;NA;NA;NA;NA;NA;NA;NA;0;0;0;0;1;NA;NA;1;NA;NA;NA;NA;NA;NA;NA;NA;NA;NA;NA;NA;NA;NA;NA;NA;NA;NA;NA;NA;NA;NA;NA;NA;NA;NA;NA;1;NA;NA;NA;NA;NA;NA;NA;NA;NA;NA;NA;NA;NA;NA;NA;NA;NA;NA;NA;NA;NA;NA;NA;NA;NA;NA;NA;NA;NA;NA;NA;NA;NA;NA;NA;NA;0;NA;NA;NA;NA;0;NA;NA;NA;NA;1;1;NA;NA;NA;NA
rbbms - ms_min;2805;0;1;0;0;0;0;0;0;0;0;0;0;0;0;0;NA;NA;NA;NA;NA;NA;NA;NA;NA;NA;NA;0;0;0;0;1;NA;NA;1;NA;NA;NA;NA;NA;NA;NA;NA;NA;NA;NA;NA;NA;NA;NA;NA;NA;NA;NA;NA;NA;NA;NA;NA;NA;NA;NA;1;NA;NA;NA;NA;NA;NA;NA;NA;NA;NA;NA;NA;NA;NA;NA;NA;NA;NA;NA;NA;NA;NA;NA;NA;NA;NA;NA;NA;NA;NA;NA;NA;NA;NA;NA;NA;0;NA;NA;NA;NA;0;NA;NA;NA;NA;1;1;NA;NA;NA;NA
rbbms - ms_min;2806;0;0;NA;0;0;0;0;0;0;0;0;0;0;0;1;0;0;0;0;1;0;0;0;NA;NA;NA;0;0;0;0;1;NA;NA;1;NA;NA;NA;NA;NA;NA;NA;NA;NA;NA;NA;NA;NA;NA;NA;NA;NA;NA;NA;NA;NA;NA;NA;NA;NA;NA;NA;1;NA;NA;NA;NA;NA;NA;NA;NA;NA;NA;NA;NA;NA;NA;NA;NA;NA;NA;NA;NA;NA;NA;NA;NA;NA;NA;NA;NA;NA;NA;NA;NA;NA;NA;NA;NA;0;NA;NA;NA;NA;0;NA;NA;NA;NA;1;1;NA;NA;NA;NA
rbbms - ms_min;2807;0;1;0;0;0;0;0;0;0;0;0;0;0;0;1;0;0;0;0;1;0;0;0;NA;NA;NA;0;0;0;0;1;NA;NA;1;NA;NA;NA;NA;NA;NA;NA;NA;NA;NA;NA;NA;NA;NA;NA;NA;NA;NA;NA;NA;NA;NA;NA;NA;NA;NA;NA;1;NA;NA;NA;NA;NA;NA;NA;NA;NA;NA;NA;NA;NA;NA;NA;NA;NA;NA;NA;NA;NA;NA;NA;NA;NA;NA;NA;NA;NA;NA;NA;NA;NA;NA;NA;NA;0;NA;NA;NA;NA;0;NA;NA;NA;NA;1;1;NA;NA;NA;NA
rbbms - ms_min;2808;0;0;NA;0;0;0;0;0;0;0;0;0;0;0;1;0;0;0;0;0;NA;NA;NA;0;0;0;0;0;0;0;1;NA;NA;1;NA;NA;NA;NA;NA;NA;NA;NA;NA;NA;NA;NA;NA;NA;NA;NA;NA;NA;NA;NA;NA;NA;NA;NA;NA;NA;NA;1;NA;NA;NA;NA;NA;NA;NA;NA;NA;NA;NA;NA;NA;NA;NA;NA;NA;NA;NA;NA;NA;NA;NA;NA;NA;NA;NA;NA;NA;NA;NA;NA;NA;NA;NA;NA;0;NA;NA;NA;NA;0;NA;NA;NA;NA;1;1;NA;NA;NA;NA
rbbms - ms_min;2809;0;1;0;0;0;0;0;0;0;0;0;0;0;0;1;0;0;0;0;0;NA;NA;NA;0;0;0;0;0;0;0;1;NA;NA;1;NA;NA;NA;NA;NA;NA;NA;NA;NA;NA;NA;NA;NA;NA;NA;NA;NA;NA;NA;NA;NA;NA;NA;NA;NA;NA;NA;1;NA;NA;NA;NA;NA;NA;NA;NA;NA;NA;NA;NA;NA;NA;NA;NA;NA;NA;NA;NA;NA;NA;NA;NA;NA;NA;NA;NA;NA;NA;NA;NA;NA;NA;NA;NA;0;NA;NA;NA;NA;0;NA;NA;NA;NA;1;1;NA;NA;NA;NA
rbbms - ms_min;2810;0;0;NA;0;0;0;0;0;0;0;0;0;0;0;0;NA;NA;NA;NA;NA;NA;NA;NA;NA;NA;NA;0;0;0;1;NA;NA;NA;1;NA;NA;NA;NA;NA;NA;0;0;NA;NA;NA;NA;NA;NA;0;1;NA;NA;NA;NA;NA;NA;NA;NA;NA;NA;NA;1;NA;NA;NA;NA;NA;NA;NA;NA;NA;NA;NA;NA;NA;NA;NA;NA;NA;NA;NA;NA;NA;NA;NA;NA;NA;NA;NA;NA;NA;NA;NA;NA;NA;NA;NA;NA;0;NA;NA;NA;NA;0;NA;NA;NA;NA;1;1;NA;NA;NA;NA
rbbms - ms_min;2811;0;1;0;0;0;0;0;0;0;0;0;0;0;0;0;NA;NA;NA;NA;NA;NA;NA;NA;NA;NA;NA;0;0;0;1;NA;NA;NA;1;NA;NA;NA;NA;NA;NA;0;0;NA;NA;NA;NA;NA;NA;0;1;NA;NA;NA;NA;NA;NA;NA;NA;NA;NA;NA;1;NA;NA;NA;NA;NA;NA;NA;NA;NA;NA;NA;NA;NA;NA;NA;NA;NA;NA;NA;NA;NA;NA;NA;NA;NA;NA;NA;NA;NA;NA;NA;NA;NA;NA;NA;NA;0;NA;NA;NA;NA;0;NA;NA;NA;NA;1;1;NA;NA;NA;NA
rbbms - ms_min;2812;0;0;NA;0;0;0;0;0;0;0;0;0;0;0;1;0;0;0;0;1;0;0;0;NA;NA;NA;0;0;0;1;NA;NA;NA;1;NA;NA;NA;NA;NA;NA;0;0;NA;NA;NA;NA;NA;NA;0;1;NA;NA;NA;NA;NA;NA;NA;NA;NA;NA;NA;1;NA;NA;NA;NA;NA;NA;NA;NA;NA;NA;NA;NA;NA;NA;NA;NA;NA;NA;NA;NA;NA;NA;NA;NA;NA;NA;NA;NA;NA;NA;NA;NA;NA;NA;NA;NA;0;NA;NA;NA;NA;0;NA;NA;NA;NA;1;1;NA;NA;NA;NA
rbbms - ms_min;2813;0;1;0;0;0;0;0;0;0;0;0;0;0;0;1;0;0;0;0;1;0;0;0;NA;NA;NA;0;0;0;1;NA;NA;NA;1;NA;NA;NA;NA;NA;NA;0;0;NA;NA;NA;NA;NA;NA;0;1;NA;NA;NA;NA;NA;NA;NA;NA;NA;NA;NA;1;NA;NA;NA;NA;NA;NA;NA;NA;NA;NA;NA;NA;NA;NA;NA;NA;NA;NA;NA;NA;NA;NA;NA;NA;NA;NA;NA;NA;NA;NA;NA;NA;NA;NA;NA;NA;0;NA;NA;NA;NA;0;NA;NA;NA;NA;1;1;NA;NA;NA;NA
rbbms - ms_min;2814;0;0;NA;0;0;0;0;0;0;0;0;0;0;0;1;0;0;0;0;0;NA;NA;NA;0;0;0;0;0;0;1;NA;NA;NA;1;NA;NA;NA;NA;NA;NA;0;0;NA;NA;NA;NA;NA;NA;0;1;NA;NA;NA;NA;NA;NA;NA;NA;NA;NA;NA;1;NA;NA;NA;NA;NA;NA;NA;NA;NA;NA;NA;NA;NA;NA;NA;NA;NA;NA;NA;NA;NA;NA;NA;NA;NA;NA;NA;NA;NA;NA;NA;NA;NA;NA;NA;NA;0;NA;NA;NA;NA;0;NA;NA;NA;NA;1;1;NA;NA;NA;NA
rbbms - ms_min;2815;0;1;0;0;0;0;0;0;0;0;0;0;0;0;1;0;0;0;0;0;NA;NA;NA;0;0;0;0;0;0;1;NA;NA;NA;1;NA;NA;NA;NA;NA;NA;0;0;NA;NA;NA;NA;NA;NA;0;1;NA;NA;NA;NA;NA;NA;NA;NA;NA;NA;NA;1;NA;NA;NA;NA;NA;NA;NA;NA;NA;NA;NA;NA;NA;NA;NA;NA;NA;NA;NA;NA;NA;NA;NA;NA;NA;NA;NA;NA;NA;NA;NA;NA;NA;NA;NA;NA;0;NA;NA;NA;NA;0;NA;NA;NA;NA;1;1;NA;NA;NA;NA
rbbms - ms_min;2816;0;0;NA;0;0;0;0;0;0;0;0;0;0;0;0;NA;NA;NA;NA;NA;NA;NA;NA;NA;NA;NA;0;0;0;1;NA;NA;NA;NA;NA;NA;NA;NA;NA;NA;0;0;NA;NA;NA;NA;NA;NA;0;0;1;NA;NA;NA;NA;NA;NA;NA;NA;NA;NA;1;NA;NA;NA;NA;NA;NA;NA;NA;NA;NA;NA;NA;NA;NA;NA;NA;NA;NA;NA;NA;NA;NA;NA;NA;NA;NA;NA;NA;NA;NA;NA;NA;NA;NA;NA;NA;0;NA;NA;NA;NA;0;NA;NA;NA;NA;1;1;NA;NA;NA;NA
rbbms - ms_min;2817;0;1;0;0;0;0;0;0;0;0;0;0;0;0;0;NA;NA;NA;NA;NA;NA;NA;NA;NA;NA;NA;0;0;0;1;NA;NA;NA;NA;NA;NA;NA;NA;NA;NA;0;0;NA;NA;NA;NA;NA;NA;0;0;1;NA;NA;NA;NA;NA;NA;NA;NA;NA;NA;1;NA;NA;NA;NA;NA;NA;NA;NA;NA;NA;NA;NA;NA;NA;NA;NA;NA;NA;NA;NA;NA;NA;NA;NA;NA;NA;NA;NA;NA;NA;NA;NA;NA;NA;NA;NA;0;NA;NA;NA;NA;0;NA;NA;NA;NA;1;1;NA;NA;NA;NA
rbbms - ms_min;2818;0;0;NA;0;0;0;0;0;0;0;0;0;0;0;1;0;0;0;0;1;0;0;0;NA;NA;NA;0;0;0;1;NA;NA;NA;NA;NA;NA;NA;NA;NA;NA;0;0;NA;NA;NA;NA;NA;NA;0;0;1;NA;NA;NA;NA;NA;NA;NA;NA;NA;NA;1;NA;NA;NA;NA;NA;NA;NA;NA;NA;NA;NA;NA;NA;NA;NA;NA;NA;NA;NA;NA;NA;NA;NA;NA;NA;NA;NA;NA;NA;NA;NA;NA;NA;NA;NA;NA;0;NA;NA;NA;NA;0;NA;NA;NA;NA;1;1;NA;NA;NA;NA
rbbms - ms_min;2819;0;1;0;0;0;0;0;0;0;0;0;0;0;0;1;0;0;0;0;1;0;0;0;NA;NA;NA;0;0;0;1;NA;NA;NA;NA;NA;NA;NA;NA;NA;NA;0;0;NA;NA;NA;NA;NA;NA;0;0;1;NA;NA;NA;NA;NA;NA;NA;NA;NA;NA;1;NA;NA;NA;NA;NA;NA;NA;NA;NA;NA;NA;NA;NA;NA;NA;NA;NA;NA;NA;NA;NA;NA;NA;NA;NA;NA;NA;NA;NA;NA;NA;NA;NA;NA;NA;NA;0;NA;NA;NA;NA;0;NA;NA;NA;NA;1;1;NA;NA;NA;NA
rbbms - ms_min;2820;0;0;NA;0;0;0;0;0;0;0;0;0;0;0;1;0;0;0;0;0;NA;NA;NA;0;0;0;0;0;0;1;NA;NA;NA;NA;NA;NA;NA;NA;NA;NA;0;0;NA;NA;NA;NA;NA;NA;0;0;1;NA;NA;NA;NA;NA;NA;NA;NA;NA;NA;1;NA;NA;NA;NA;NA;NA;NA;NA;NA;NA;NA;NA;NA;NA;NA;NA;NA;NA;NA;NA;NA;NA;NA;NA;NA;NA;NA;NA;NA;NA;NA;NA;NA;NA;NA;NA;0;NA;NA;NA;NA;0;NA;NA;NA;NA;1;1;NA;NA;NA;NA
rbbms - ms_min;2821;0;1;0;0;0;0;0;0;0;0;0;0;0;0;1;0;0;0;0;0;NA;NA;NA;0;0;0;0;0;0;1;NA;NA;NA;NA;NA;NA;NA;NA;NA;NA;0;0;NA;NA;NA;NA;NA;NA;0;0;1;NA;NA;NA;NA;NA;NA;NA;NA;NA;NA;1;NA;NA;NA;NA;NA;NA;NA;NA;NA;NA;NA;NA;NA;NA;NA;NA;NA;NA;NA;NA;NA;NA;NA;NA;NA;NA;NA;NA;NA;NA;NA;NA;NA;NA;NA;NA;0;NA;NA;NA;NA;0;NA;NA;NA;NA;1;1;NA;NA;NA;NA
rbbms - ms_min;2822;0;0;NA;0;0;0;0;0;0;0;0;0;0;0;0;NA;NA;NA;NA;NA;NA;NA;NA;NA;NA;NA;0;0;1;NA;NA;NA;NA;NA;NA;NA;NA;NA;NA;NA;NA;NA;NA;NA;NA;NA;NA;NA;NA;NA;NA;NA;NA;NA;NA;NA;NA;NA;NA;NA;NA;NA;NA;NA;NA;NA;NA;NA;NA;NA;NA;NA;NA;NA;NA;NA;NA;NA;NA;NA;NA;NA;NA;NA;NA;NA;NA;NA;NA;NA;NA;NA;NA;NA;NA;NA;NA;NA;0;NA;NA;NA;NA;0;NA;NA;NA;NA;1;NA;1;NA;NA;NA
rbbms - ms_min;2823;0;1;0;0;0;0;0;0;0;0;0;0;0;0;0;NA;NA;NA;NA;NA;NA;NA;NA;NA;NA;NA;0;0;1;NA;NA;NA;NA;NA;NA;NA;NA;NA;NA;NA;NA;NA;NA;NA;NA;NA;NA;NA;NA;NA;NA;NA;NA;NA;NA;NA;NA;NA;NA;NA;NA;NA;NA;NA;NA;NA;NA;NA;NA;NA;NA;NA;NA;NA;NA;NA;NA;NA;NA;NA;NA;NA;NA;NA;NA;NA;NA;NA;NA;NA;NA;NA;NA;NA;NA;NA;NA;NA;0;NA;NA;NA;NA;0;NA;NA;NA;NA;1;NA;1;NA;NA;NA
rbbms - ms_min;2824;0;0;NA;0;0;0;0;0;0;0;0;0;0;0;1;0;0;0;0;1;0;0;0;NA;NA;NA;0;0;1;NA;NA;NA;NA;NA;NA;NA;NA;NA;NA;NA;NA;NA;NA;NA;NA;NA;NA;NA;NA;NA;NA;NA;NA;NA;NA;NA;NA;NA;NA;NA;NA;NA;NA;NA;NA;NA;NA;NA;NA;NA;NA;NA;NA;NA;NA;NA;NA;NA;NA;NA;NA;NA;NA;NA;NA;NA;NA;NA;NA;NA;NA;NA;NA;NA;NA;NA;NA;NA;0;NA;NA;NA;NA;0;NA;NA;NA;NA;1;NA;1;NA;NA;NA
rbbms - ms_min;2825;0;1;0;0;0;0;0;0;0;0;0;0;0;0;1;0;0;0;0;1;0;0;0;NA;NA;NA;0;0;1;NA;NA;NA;NA;NA;NA;NA;NA;NA;NA;NA;NA;NA;NA;NA;NA;NA;NA;NA;NA;NA;NA;NA;NA;NA;NA;NA;NA;NA;NA;NA;NA;NA;NA;NA;NA;NA;NA;NA;NA;NA;NA;NA;NA;NA;NA;NA;NA;NA;NA;NA;NA;NA;NA;NA;NA;NA;NA;NA;NA;NA;NA;NA;NA;NA;NA;NA;NA;NA;0;NA;NA;NA;NA;0;NA;NA;NA;NA;1;NA;1;NA;NA;NA
rbbms - ms_min;2826;0;0;NA;0;0;0;0;0;0;0;0;0;0;0;1;0;0;0;0;0;NA;NA;NA;0;0;0;0;0;1;NA;NA;NA;NA;NA;NA;NA;NA;NA;NA;NA;NA;NA;NA;NA;NA;NA;NA;NA;NA;NA;NA;NA;NA;NA;NA;NA;NA;NA;NA;NA;NA;NA;NA;NA;NA;NA;NA;NA;NA;NA;NA;NA;NA;NA;NA;NA;NA;NA;NA;NA;NA;NA;NA;NA;NA;NA;NA;NA;NA;NA;NA;NA;NA;NA;NA;NA;NA;NA;0;NA;NA;NA;NA;0;NA;NA;NA;NA;1;NA;1;NA;NA;NA
rbbms - ms_min;2827;0;1;0;0;0;0;0;0;0;0;0;0;0;0;1;0;0;0;0;0;NA;NA;NA;0;0;0;0;0;1;NA;NA;NA;NA;NA;NA;NA;NA;NA;NA;NA;NA;NA;NA;NA;NA;NA;NA;NA;NA;NA;NA;NA;NA;NA;NA;NA;NA;NA;NA;NA;NA;NA;NA;NA;NA;NA;NA;NA;NA;NA;NA;NA;NA;NA;NA;NA;NA;NA;NA;NA;NA;NA;NA;NA;NA;NA;NA;NA;NA;NA;NA;NA;NA;NA;NA;NA;NA;NA;0;NA;NA;NA;NA;0;NA;NA;NA;NA;1;NA;1;NA;NA;NA
rbbms - ms_min;2828;0;0;NA;0;0;0;0;0;0;0;0;0;0;0;0;NA;NA;NA;NA;NA;NA;NA;NA;NA;NA;NA;0;0;0;0;NA;1;NA;NA;NA;NA;NA;NA;NA;NA;NA;NA;NA;NA;NA;NA;NA;NA;NA;NA;NA;NA;NA;NA;NA;NA;NA;NA;NA;NA;NA;1;NA;NA;NA;NA;NA;NA;NA;NA;NA;NA;NA;NA;NA;NA;NA;NA;NA;NA;NA;NA;NA;NA;NA;NA;NA;NA;NA;NA;NA;NA;NA;NA;NA;NA;NA;NA;0;NA;NA;NA;NA;0;NA;NA;NA;NA;1;NA;1;NA;NA;NA
rbbms - ms_min;2829;0;1;0;0;0;0;0;0;0;0;0;0;0;0;0;NA;NA;NA;NA;NA;NA;NA;NA;NA;NA;NA;0;0;0;0;NA;1;NA;NA;NA;NA;NA;NA;NA;NA;NA;NA;NA;NA;NA;NA;NA;NA;NA;NA;NA;NA;NA;NA;NA;NA;NA;NA;NA;NA;NA;1;NA;NA;NA;NA;NA;NA;NA;NA;NA;NA;NA;NA;NA;NA;NA;NA;NA;NA;NA;NA;NA;NA;NA;NA;NA;NA;NA;NA;NA;NA;NA;NA;NA;NA;NA;NA;0;NA;NA;NA;NA;0;NA;NA;NA;NA;1;NA;1;NA;NA;NA
rbbms - ms_min;2830;0;0;NA;0;0;0;0;0;0;0;0;0;0;0;1;0;0;0;0;1;0;0;0;NA;NA;NA;0;0;0;0;NA;1;NA;NA;NA;NA;NA;NA;NA;NA;NA;NA;NA;NA;NA;NA;NA;NA;NA;NA;NA;NA;NA;NA;NA;NA;NA;NA;NA;NA;NA;1;NA;NA;NA;NA;NA;NA;NA;NA;NA;NA;NA;NA;NA;NA;NA;NA;NA;NA;NA;NA;NA;NA;NA;NA;NA;NA;NA;NA;NA;NA;NA;NA;NA;NA;NA;NA;0;NA;NA;NA;NA;0;NA;NA;NA;NA;1;NA;1;NA;NA;NA
rbbms - ms_min;2831;0;1;0;0;0;0;0;0;0;0;0;0;0;0;1;0;0;0;0;1;0;0;0;NA;NA;NA;0;0;0;0;NA;1;NA;NA;NA;NA;NA;NA;NA;NA;NA;NA;NA;NA;NA;NA;NA;NA;NA;NA;NA;NA;NA;NA;NA;NA;NA;NA;NA;NA;NA;1;NA;NA;NA;NA;NA;NA;NA;NA;NA;NA;NA;NA;NA;NA;NA;NA;NA;NA;NA;NA;NA;NA;NA;NA;NA;NA;NA;NA;NA;NA;NA;NA;NA;NA;NA;NA;0;NA;NA;NA;NA;0;NA;NA;NA;NA;1;NA;1;NA;NA;NA
rbbms - ms_min;2832;0;0;NA;0;0;0;0;0;0;0;0;0;0;0;1;0;0;0;0;0;NA;NA;NA;0;0;0;0;0;0;0;NA;1;NA;NA;NA;NA;NA;NA;NA;NA;NA;NA;NA;NA;NA;NA;NA;NA;NA;NA;NA;NA;NA;NA;NA;NA;NA;NA;NA;NA;NA;1;NA;NA;NA;NA;NA;NA;NA;NA;NA;NA;NA;NA;NA;NA;NA;NA;NA;NA;NA;NA;NA;NA;NA;NA;NA;NA;NA;NA;NA;NA;NA;NA;NA;NA;NA;NA;0;NA;NA;NA;NA;0;NA;NA;NA;NA;1;NA;1;NA;NA;NA
rbbms - ms_min;2833;0;1;0;0;0;0;0;0;0;0;0;0;0;0;1;0;0;0;0;0;NA;NA;NA;0;0;0;0;0;0;0;NA;1;NA;NA;NA;NA;NA;NA;NA;NA;NA;NA;NA;NA;NA;NA;NA;NA;NA;NA;NA;NA;NA;NA;NA;NA;NA;NA;NA;NA;NA;1;NA;NA;NA;NA;NA;NA;NA;NA;NA;NA;NA;NA;NA;NA;NA;NA;NA;NA;NA;NA;NA;NA;NA;NA;NA;NA;NA;NA;NA;NA;NA;NA;NA;NA;NA;NA;0;NA;NA;NA;NA;0;NA;NA;NA;NA;1;NA;1;NA;NA;NA
rbbms - ms_min;2834;0;0;NA;0;0;0;0;0;0;0;0;0;0;0;0;NA;NA;NA;NA;NA;NA;NA;NA;NA;NA;NA;0;0;0;0;1;NA;NA;1;NA;NA;NA;NA;NA;NA;NA;NA;NA;NA;NA;NA;NA;NA;NA;NA;NA;NA;NA;NA;NA;NA;NA;NA;NA;NA;NA;1;NA;NA;NA;NA;NA;NA;NA;NA;NA;NA;NA;NA;NA;NA;NA;NA;NA;NA;NA;NA;NA;NA;NA;NA;NA;NA;NA;NA;NA;NA;NA;NA;NA;NA;NA;NA;0;NA;NA;NA;NA;0;NA;NA;NA;NA;1;NA;1;NA;NA;NA
rbbms - ms_min;2835;0;1;0;0;0;0;0;0;0;0;0;0;0;0;0;NA;NA;NA;NA;NA;NA;NA;NA;NA;NA;NA;0;0;0;0;1;NA;NA;1;NA;NA;NA;NA;NA;NA;NA;NA;NA;NA;NA;NA;NA;NA;NA;NA;NA;NA;NA;NA;NA;NA;NA;NA;NA;NA;NA;1;NA;NA;NA;NA;NA;NA;NA;NA;NA;NA;NA;NA;NA;NA;NA;NA;NA;NA;NA;NA;NA;NA;NA;NA;NA;NA;NA;NA;NA;NA;NA;NA;NA;NA;NA;NA;0;NA;NA;NA;NA;0;NA;NA;NA;NA;1;NA;1;NA;NA;NA
rbbms - ms_min;2836;0;0;NA;0;0;0;0;0;0;0;0;0;0;0;1;0;0;0;0;1;0;0;0;NA;NA;NA;0;0;0;0;1;NA;NA;1;NA;NA;NA;NA;NA;NA;NA;NA;NA;NA;NA;NA;NA;NA;NA;NA;NA;NA;NA;NA;NA;NA;NA;NA;NA;NA;NA;1;NA;NA;NA;NA;NA;NA;NA;NA;NA;NA;NA;NA;NA;NA;NA;NA;NA;NA;NA;NA;NA;NA;NA;NA;NA;NA;NA;NA;NA;NA;NA;NA;NA;NA;NA;NA;0;NA;NA;NA;NA;0;NA;NA;NA;NA;1;NA;1;NA;NA;NA
rbbms - ms_min;2837;0;1;0;0;0;0;0;0;0;0;0;0;0;0;1;0;0;0;0;1;0;0;0;NA;NA;NA;0;0;0;0;1;NA;NA;1;NA;NA;NA;NA;NA;NA;NA;NA;NA;NA;NA;NA;NA;NA;NA;NA;NA;NA;NA;NA;NA;NA;NA;NA;NA;NA;NA;1;NA;NA;NA;NA;NA;NA;NA;NA;NA;NA;NA;NA;NA;NA;NA;NA;NA;NA;NA;NA;NA;NA;NA;NA;NA;NA;NA;NA;NA;NA;NA;NA;NA;NA;NA;NA;0;NA;NA;NA;NA;0;NA;NA;NA;NA;1;NA;1;NA;NA;NA
rbbms - ms_min;2838;0;0;NA;0;0;0;0;0;0;0;0;0;0;0;1;0;0;0;0;0;NA;NA;NA;0;0;0;0;0;0;0;1;NA;NA;1;NA;NA;NA;NA;NA;NA;NA;NA;NA;NA;NA;NA;NA;NA;NA;NA;NA;NA;NA;NA;NA;NA;NA;NA;NA;NA;NA;1;NA;NA;NA;NA;NA;NA;NA;NA;NA;NA;NA;NA;NA;NA;NA;NA;NA;NA;NA;NA;NA;NA;NA;NA;NA;NA;NA;NA;NA;NA;NA;NA;NA;NA;NA;NA;0;NA;NA;NA;NA;0;NA;NA;NA;NA;1;NA;1;NA;NA;NA
rbbms - ms_min;2839;0;1;0;0;0;0;0;0;0;0;0;0;0;0;1;0;0;0;0;0;NA;NA;NA;0;0;0;0;0;0;0;1;NA;NA;1;NA;NA;NA;NA;NA;NA;NA;NA;NA;NA;NA;NA;NA;NA;NA;NA;NA;NA;NA;NA;NA;NA;NA;NA;NA;NA;NA;1;NA;NA;NA;NA;NA;NA;NA;NA;NA;NA;NA;NA;NA;NA;NA;NA;NA;NA;NA;NA;NA;NA;NA;NA;NA;NA;NA;NA;NA;NA;NA;NA;NA;NA;NA;NA;0;NA;NA;NA;NA;0;NA;NA;NA;NA;1;NA;1;NA;NA;NA
rbbms - ms_min;2840;0;0;NA;0;0;0;0;0;0;0;0;0;0;0;0;NA;NA;NA;NA;NA;NA;NA;NA;NA;NA;NA;0;0;0;1;NA;NA;NA;1;NA;NA;NA;NA;NA;NA;0;0;NA;NA;NA;NA;NA;NA;0;1;NA;NA;NA;NA;NA;NA;NA;NA;NA;NA;NA;1;NA;NA;NA;NA;NA;NA;NA;NA;NA;NA;NA;NA;NA;NA;NA;NA;NA;NA;NA;NA;NA;NA;NA;NA;NA;NA;NA;NA;NA;NA;NA;NA;NA;NA;NA;NA;0;NA;NA;NA;NA;0;NA;NA;NA;NA;1;NA;1;NA;NA;NA
rbbms - ms_min;2841;0;1;0;0;0;0;0;0;0;0;0;0;0;0;0;NA;NA;NA;NA;NA;NA;NA;NA;NA;NA;NA;0;0;0;1;NA;NA;NA;1;NA;NA;NA;NA;NA;NA;0;0;NA;NA;NA;NA;NA;NA;0;1;NA;NA;NA;NA;NA;NA;NA;NA;NA;NA;NA;1;NA;NA;NA;NA;NA;NA;NA;NA;NA;NA;NA;NA;NA;NA;NA;NA;NA;NA;NA;NA;NA;NA;NA;NA;NA;NA;NA;NA;NA;NA;NA;NA;NA;NA;NA;NA;0;NA;NA;NA;NA;0;NA;NA;NA;NA;1;NA;1;NA;NA;NA
rbbms - ms_min;2842;0;0;NA;0;0;0;0;0;0;0;0;0;0;0;1;0;0;0;0;1;0;0;0;NA;NA;NA;0;0;0;1;NA;NA;NA;1;NA;NA;NA;NA;NA;NA;0;0;NA;NA;NA;NA;NA;NA;0;1;NA;NA;NA;NA;NA;NA;NA;NA;NA;NA;NA;1;NA;NA;NA;NA;NA;NA;NA;NA;NA;NA;NA;NA;NA;NA;NA;NA;NA;NA;NA;NA;NA;NA;NA;NA;NA;NA;NA;NA;NA;NA;NA;NA;NA;NA;NA;NA;0;NA;NA;NA;NA;0;NA;NA;NA;NA;1;NA;1;NA;NA;NA
rbbms - ms_min;2843;0;1;0;0;0;0;0;0;0;0;0;0;0;0;1;0;0;0;0;1;0;0;0;NA;NA;NA;0;0;0;1;NA;NA;NA;1;NA;NA;NA;NA;NA;NA;0;0;NA;NA;NA;NA;NA;NA;0;1;NA;NA;NA;NA;NA;NA;NA;NA;NA;NA;NA;1;NA;NA;NA;NA;NA;NA;NA;NA;NA;NA;NA;NA;NA;NA;NA;NA;NA;NA;NA;NA;NA;NA;NA;NA;NA;NA;NA;NA;NA;NA;NA;NA;NA;NA;NA;NA;0;NA;NA;NA;NA;0;NA;NA;NA;NA;1;NA;1;NA;NA;NA
rbbms - ms_min;2844;0;0;NA;0;0;0;0;0;0;0;0;0;0;0;1;0;0;0;0;0;NA;NA;NA;0;0;0;0;0;0;1;NA;NA;NA;1;NA;NA;NA;NA;NA;NA;0;0;NA;NA;NA;NA;NA;NA;0;1;NA;NA;NA;NA;NA;NA;NA;NA;NA;NA;NA;1;NA;NA;NA;NA;NA;NA;NA;NA;NA;NA;NA;NA;NA;NA;NA;NA;NA;NA;NA;NA;NA;NA;NA;NA;NA;NA;NA;NA;NA;NA;NA;NA;NA;NA;NA;NA;0;NA;NA;NA;NA;0;NA;NA;NA;NA;1;NA;1;NA;NA;NA
rbbms - ms_min;2845;0;1;0;0;0;0;0;0;0;0;0;0;0;0;1;0;0;0;0;0;NA;NA;NA;0;0;0;0;0;0;1;NA;NA;NA;1;NA;NA;NA;NA;NA;NA;0;0;NA;NA;NA;NA;NA;NA;0;1;NA;NA;NA;NA;NA;NA;NA;NA;NA;NA;NA;1;NA;NA;NA;NA;NA;NA;NA;NA;NA;NA;NA;NA;NA;NA;NA;NA;NA;NA;NA;NA;NA;NA;NA;NA;NA;NA;NA;NA;NA;NA;NA;NA;NA;NA;NA;NA;0;NA;NA;NA;NA;0;NA;NA;NA;NA;1;NA;1;NA;NA;NA
rbbms - ms_min;2846;0;0;NA;0;0;0;0;0;0;0;0;0;0;0;0;NA;NA;NA;NA;NA;NA;NA;NA;NA;NA;NA;0;0;0;1;NA;NA;NA;NA;NA;NA;NA;NA;NA;NA;0;0;NA;NA;NA;NA;NA;NA;0;0;1;NA;NA;NA;NA;NA;NA;NA;NA;NA;NA;1;NA;NA;NA;NA;NA;NA;NA;NA;NA;NA;NA;NA;NA;NA;NA;NA;NA;NA;NA;NA;NA;NA;NA;NA;NA;NA;NA;NA;NA;NA;NA;NA;NA;NA;NA;NA;0;NA;NA;NA;NA;0;NA;NA;NA;NA;1;NA;1;NA;NA;NA
rbbms - ms_min;2847;0;1;0;0;0;0;0;0;0;0;0;0;0;0;0;NA;NA;NA;NA;NA;NA;NA;NA;NA;NA;NA;0;0;0;1;NA;NA;NA;NA;NA;NA;NA;NA;NA;NA;0;0;NA;NA;NA;NA;NA;NA;0;0;1;NA;NA;NA;NA;NA;NA;NA;NA;NA;NA;1;NA;NA;NA;NA;NA;NA;NA;NA;NA;NA;NA;NA;NA;NA;NA;NA;NA;NA;NA;NA;NA;NA;NA;NA;NA;NA;NA;NA;NA;NA;NA;NA;NA;NA;NA;NA;0;NA;NA;NA;NA;0;NA;NA;NA;NA;1;NA;1;NA;NA;NA
rbbms - ms_min;2848;0;0;NA;0;0;0;0;0;0;0;0;0;0;0;1;0;0;0;0;1;0;0;0;NA;NA;NA;0;0;0;1;NA;NA;NA;NA;NA;NA;NA;NA;NA;NA;0;0;NA;NA;NA;NA;NA;NA;0;0;1;NA;NA;NA;NA;NA;NA;NA;NA;NA;NA;1;NA;NA;NA;NA;NA;NA;NA;NA;NA;NA;NA;NA;NA;NA;NA;NA;NA;NA;NA;NA;NA;NA;NA;NA;NA;NA;NA;NA;NA;NA;NA;NA;NA;NA;NA;NA;0;NA;NA;NA;NA;0;NA;NA;NA;NA;1;NA;1;NA;NA;NA
rbbms - ms_min;2849;0;1;0;0;0;0;0;0;0;0;0;0;0;0;1;0;0;0;0;1;0;0;0;NA;NA;NA;0;0;0;1;NA;NA;NA;NA;NA;NA;NA;NA;NA;NA;0;0;NA;NA;NA;NA;NA;NA;0;0;1;NA;NA;NA;NA;NA;NA;NA;NA;NA;NA;1;NA;NA;NA;NA;NA;NA;NA;NA;NA;NA;NA;NA;NA;NA;NA;NA;NA;NA;NA;NA;NA;NA;NA;NA;NA;NA;NA;NA;NA;NA;NA;NA;NA;NA;NA;NA;0;NA;NA;NA;NA;0;NA;NA;NA;NA;1;NA;1;NA;NA;NA
rbbms - ms_min;2850;0;0;NA;0;0;0;0;0;0;0;0;0;0;0;1;0;0;0;0;0;NA;NA;NA;0;0;0;0;0;0;1;NA;NA;NA;NA;NA;NA;NA;NA;NA;NA;0;0;NA;NA;NA;NA;NA;NA;0;0;1;NA;NA;NA;NA;NA;NA;NA;NA;NA;NA;1;NA;NA;NA;NA;NA;NA;NA;NA;NA;NA;NA;NA;NA;NA;NA;NA;NA;NA;NA;NA;NA;NA;NA;NA;NA;NA;NA;NA;NA;NA;NA;NA;NA;NA;NA;NA;0;NA;NA;NA;NA;0;NA;NA;NA;NA;1;NA;1;NA;NA;NA
rbbms - ms_min;2851;0;1;0;0;0;0;0;0;0;0;0;0;0;0;1;0;0;0;0;0;NA;NA;NA;0;0;0;0;0;0;1;NA;NA;NA;NA;NA;NA;NA;NA;NA;NA;0;0;NA;NA;NA;NA;NA;NA;0;0;1;NA;NA;NA;NA;NA;NA;NA;NA;NA;NA;1;NA;NA;NA;NA;NA;NA;NA;NA;NA;NA;NA;NA;NA;NA;NA;NA;NA;NA;NA;NA;NA;NA;NA;NA;NA;NA;NA;NA;NA;NA;NA;NA;NA;NA;NA;NA;0;NA;NA;NA;NA;0;NA;NA;NA;NA;1;NA;1;NA;NA;NA
rbbms - ms_min;2852;0;0;NA;0;0;0;0;0;0;0;0;0;0;0;0;NA;NA;NA;NA;NA;NA;NA;NA;NA;NA;NA;0;0;1;NA;NA;NA;NA;NA;NA;NA;NA;NA;NA;NA;NA;NA;NA;NA;NA;NA;NA;NA;NA;NA;NA;NA;NA;NA;NA;NA;NA;NA;NA;NA;NA;NA;NA;NA;NA;NA;NA;NA;NA;NA;NA;NA;NA;NA;NA;NA;NA;NA;NA;NA;NA;NA;NA;NA;NA;NA;NA;NA;NA;NA;NA;NA;NA;NA;NA;NA;NA;NA;0;NA;NA;NA;NA;0;NA;NA;NA;NA;1;NA;NA;1;NA;NA
rbbms - ms_min;2853;0;1;0;0;0;0;0;0;0;0;0;0;0;0;0;NA;NA;NA;NA;NA;NA;NA;NA;NA;NA;NA;0;0;1;NA;NA;NA;NA;NA;NA;NA;NA;NA;NA;NA;NA;NA;NA;NA;NA;NA;NA;NA;NA;NA;NA;NA;NA;NA;NA;NA;NA;NA;NA;NA;NA;NA;NA;NA;NA;NA;NA;NA;NA;NA;NA;NA;NA;NA;NA;NA;NA;NA;NA;NA;NA;NA;NA;NA;NA;NA;NA;NA;NA;NA;NA;NA;NA;NA;NA;NA;NA;NA;0;NA;NA;NA;NA;0;NA;NA;NA;NA;1;NA;NA;1;NA;NA
rbbms - ms_min;2854;0;0;NA;0;0;0;0;0;0;0;0;0;0;0;1;0;0;0;0;1;0;0;0;NA;NA;NA;0;0;1;NA;NA;NA;NA;NA;NA;NA;NA;NA;NA;NA;NA;NA;NA;NA;NA;NA;NA;NA;NA;NA;NA;NA;NA;NA;NA;NA;NA;NA;NA;NA;NA;NA;NA;NA;NA;NA;NA;NA;NA;NA;NA;NA;NA;NA;NA;NA;NA;NA;NA;NA;NA;NA;NA;NA;NA;NA;NA;NA;NA;NA;NA;NA;NA;NA;NA;NA;NA;NA;0;NA;NA;NA;NA;0;NA;NA;NA;NA;1;NA;NA;1;NA;NA
rbbms - ms_min;2855;0;1;0;0;0;0;0;0;0;0;0;0;0;0;1;0;0;0;0;1;0;0;0;NA;NA;NA;0;0;1;NA;NA;NA;NA;NA;NA;NA;NA;NA;NA;NA;NA;NA;NA;NA;NA;NA;NA;NA;NA;NA;NA;NA;NA;NA;NA;NA;NA;NA;NA;NA;NA;NA;NA;NA;NA;NA;NA;NA;NA;NA;NA;NA;NA;NA;NA;NA;NA;NA;NA;NA;NA;NA;NA;NA;NA;NA;NA;NA;NA;NA;NA;NA;NA;NA;NA;NA;NA;NA;0;NA;NA;NA;NA;0;NA;NA;NA;NA;1;NA;NA;1;NA;NA
rbbms - ms_min;2856;0;0;NA;0;0;0;0;0;0;0;0;0;0;0;1;0;0;0;0;0;NA;NA;NA;0;0;0;0;0;1;NA;NA;NA;NA;NA;NA;NA;NA;NA;NA;NA;NA;NA;NA;NA;NA;NA;NA;NA;NA;NA;NA;NA;NA;NA;NA;NA;NA;NA;NA;NA;NA;NA;NA;NA;NA;NA;NA;NA;NA;NA;NA;NA;NA;NA;NA;NA;NA;NA;NA;NA;NA;NA;NA;NA;NA;NA;NA;NA;NA;NA;NA;NA;NA;NA;NA;NA;NA;NA;0;NA;NA;NA;NA;0;NA;NA;NA;NA;1;NA;NA;1;NA;NA
rbbms - ms_min;2857;0;1;0;0;0;0;0;0;0;0;0;0;0;0;1;0;0;0;0;0;NA;NA;NA;0;0;0;0;0;1;NA;NA;NA;NA;NA;NA;NA;NA;NA;NA;NA;NA;NA;NA;NA;NA;NA;NA;NA;NA;NA;NA;NA;NA;NA;NA;NA;NA;NA;NA;NA;NA;NA;NA;NA;NA;NA;NA;NA;NA;NA;NA;NA;NA;NA;NA;NA;NA;NA;NA;NA;NA;NA;NA;NA;NA;NA;NA;NA;NA;NA;NA;NA;NA;NA;NA;NA;NA;NA;0;NA;NA;NA;NA;0;NA;NA;NA;NA;1;NA;NA;1;NA;NA
rbbms - ms_min;2858;0;0;NA;0;0;0;0;0;0;0;0;0;0;0;0;NA;NA;NA;NA;NA;NA;NA;NA;NA;NA;NA;0;0;0;0;NA;1;NA;NA;NA;NA;NA;NA;NA;NA;NA;NA;NA;NA;NA;NA;NA;NA;NA;NA;NA;NA;NA;NA;NA;NA;NA;NA;NA;NA;NA;1;NA;NA;NA;NA;NA;NA;NA;NA;NA;NA;NA;NA;NA;NA;NA;NA;NA;NA;NA;NA;NA;NA;NA;NA;NA;NA;NA;NA;NA;NA;NA;NA;NA;NA;NA;NA;0;NA;NA;NA;NA;0;NA;NA;NA;NA;1;NA;NA;1;NA;NA
rbbms - ms_min;2859;0;1;0;0;0;0;0;0;0;0;0;0;0;0;0;NA;NA;NA;NA;NA;NA;NA;NA;NA;NA;NA;0;0;0;0;NA;1;NA;NA;NA;NA;NA;NA;NA;NA;NA;NA;NA;NA;NA;NA;NA;NA;NA;NA;NA;NA;NA;NA;NA;NA;NA;NA;NA;NA;NA;1;NA;NA;NA;NA;NA;NA;NA;NA;NA;NA;NA;NA;NA;NA;NA;NA;NA;NA;NA;NA;NA;NA;NA;NA;NA;NA;NA;NA;NA;NA;NA;NA;NA;NA;NA;NA;0;NA;NA;NA;NA;0;NA;NA;NA;NA;1;NA;NA;1;NA;NA
rbbms - ms_min;2860;0;0;NA;0;0;0;0;0;0;0;0;0;0;0;1;0;0;0;0;1;0;0;0;NA;NA;NA;0;0;0;0;NA;1;NA;NA;NA;NA;NA;NA;NA;NA;NA;NA;NA;NA;NA;NA;NA;NA;NA;NA;NA;NA;NA;NA;NA;NA;NA;NA;NA;NA;NA;1;NA;NA;NA;NA;NA;NA;NA;NA;NA;NA;NA;NA;NA;NA;NA;NA;NA;NA;NA;NA;NA;NA;NA;NA;NA;NA;NA;NA;NA;NA;NA;NA;NA;NA;NA;NA;0;NA;NA;NA;NA;0;NA;NA;NA;NA;1;NA;NA;1;NA;NA
rbbms - ms_min;2861;0;1;0;0;0;0;0;0;0;0;0;0;0;0;1;0;0;0;0;1;0;0;0;NA;NA;NA;0;0;0;0;NA;1;NA;NA;NA;NA;NA;NA;NA;NA;NA;NA;NA;NA;NA;NA;NA;NA;NA;NA;NA;NA;NA;NA;NA;NA;NA;NA;NA;NA;NA;1;NA;NA;NA;NA;NA;NA;NA;NA;NA;NA;NA;NA;NA;NA;NA;NA;NA;NA;NA;NA;NA;NA;NA;NA;NA;NA;NA;NA;NA;NA;NA;NA;NA;NA;NA;NA;0;NA;NA;NA;NA;0;NA;NA;NA;NA;1;NA;NA;1;NA;NA
rbbms - ms_min;2862;0;0;NA;0;0;0;0;0;0;0;0;0;0;0;1;0;0;0;0;0;NA;NA;NA;0;0;0;0;0;0;0;NA;1;NA;NA;NA;NA;NA;NA;NA;NA;NA;NA;NA;NA;NA;NA;NA;NA;NA;NA;NA;NA;NA;NA;NA;NA;NA;NA;NA;NA;NA;1;NA;NA;NA;NA;NA;NA;NA;NA;NA;NA;NA;NA;NA;NA;NA;NA;NA;NA;NA;NA;NA;NA;NA;NA;NA;NA;NA;NA;NA;NA;NA;NA;NA;NA;NA;NA;0;NA;NA;NA;NA;0;NA;NA;NA;NA;1;NA;NA;1;NA;NA
rbbms - ms_min;2863;0;1;0;0;0;0;0;0;0;0;0;0;0;0;1;0;0;0;0;0;NA;NA;NA;0;0;0;0;0;0;0;NA;1;NA;NA;NA;NA;NA;NA;NA;NA;NA;NA;NA;NA;NA;NA;NA;NA;NA;NA;NA;NA;NA;NA;NA;NA;NA;NA;NA;NA;NA;1;NA;NA;NA;NA;NA;NA;NA;NA;NA;NA;NA;NA;NA;NA;NA;NA;NA;NA;NA;NA;NA;NA;NA;NA;NA;NA;NA;NA;NA;NA;NA;NA;NA;NA;NA;NA;0;NA;NA;NA;NA;0;NA;NA;NA;NA;1;NA;NA;1;NA;NA
rbbms - ms_min;2864;0;0;NA;0;0;0;0;0;0;0;0;0;0;0;0;NA;NA;NA;NA;NA;NA;NA;NA;NA;NA;NA;0;0;0;0;1;NA;NA;1;NA;NA;NA;NA;NA;NA;NA;NA;NA;NA;NA;NA;NA;NA;NA;NA;NA;NA;NA;NA;NA;NA;NA;NA;NA;NA;NA;1;NA;NA;NA;NA;NA;NA;NA;NA;NA;NA;NA;NA;NA;NA;NA;NA;NA;NA;NA;NA;NA;NA;NA;NA;NA;NA;NA;NA;NA;NA;NA;NA;NA;NA;NA;NA;0;NA;NA;NA;NA;0;NA;NA;NA;NA;1;NA;NA;1;NA;NA
rbbms - ms_min;2865;0;1;0;0;0;0;0;0;0;0;0;0;0;0;0;NA;NA;NA;NA;NA;NA;NA;NA;NA;NA;NA;0;0;0;0;1;NA;NA;1;NA;NA;NA;NA;NA;NA;NA;NA;NA;NA;NA;NA;NA;NA;NA;NA;NA;NA;NA;NA;NA;NA;NA;NA;NA;NA;NA;1;NA;NA;NA;NA;NA;NA;NA;NA;NA;NA;NA;NA;NA;NA;NA;NA;NA;NA;NA;NA;NA;NA;NA;NA;NA;NA;NA;NA;NA;NA;NA;NA;NA;NA;NA;NA;0;NA;NA;NA;NA;0;NA;NA;NA;NA;1;NA;NA;1;NA;NA
rbbms - ms_min;2866;0;0;NA;0;0;0;0;0;0;0;0;0;0;0;1;0;0;0;0;1;0;0;0;NA;NA;NA;0;0;0;0;1;NA;NA;1;NA;NA;NA;NA;NA;NA;NA;NA;NA;NA;NA;NA;NA;NA;NA;NA;NA;NA;NA;NA;NA;NA;NA;NA;NA;NA;NA;1;NA;NA;NA;NA;NA;NA;NA;NA;NA;NA;NA;NA;NA;NA;NA;NA;NA;NA;NA;NA;NA;NA;NA;NA;NA;NA;NA;NA;NA;NA;NA;NA;NA;NA;NA;NA;0;NA;NA;NA;NA;0;NA;NA;NA;NA;1;NA;NA;1;NA;NA
rbbms - ms_min;2867;0;1;0;0;0;0;0;0;0;0;0;0;0;0;1;0;0;0;0;1;0;0;0;NA;NA;NA;0;0;0;0;1;NA;NA;1;NA;NA;NA;NA;NA;NA;NA;NA;NA;NA;NA;NA;NA;NA;NA;NA;NA;NA;NA;NA;NA;NA;NA;NA;NA;NA;NA;1;NA;NA;NA;NA;NA;NA;NA;NA;NA;NA;NA;NA;NA;NA;NA;NA;NA;NA;NA;NA;NA;NA;NA;NA;NA;NA;NA;NA;NA;NA;NA;NA;NA;NA;NA;NA;0;NA;NA;NA;NA;0;NA;NA;NA;NA;1;NA;NA;1;NA;NA
rbbms - ms_min;2868;0;0;NA;0;0;0;0;0;0;0;0;0;0;0;1;0;0;0;0;0;NA;NA;NA;0;0;0;0;0;0;0;1;NA;NA;1;NA;NA;NA;NA;NA;NA;NA;NA;NA;NA;NA;NA;NA;NA;NA;NA;NA;NA;NA;NA;NA;NA;NA;NA;NA;NA;NA;1;NA;NA;NA;NA;NA;NA;NA;NA;NA;NA;NA;NA;NA;NA;NA;NA;NA;NA;NA;NA;NA;NA;NA;NA;NA;NA;NA;NA;NA;NA;NA;NA;NA;NA;NA;NA;0;NA;NA;NA;NA;0;NA;NA;NA;NA;1;NA;NA;1;NA;NA
rbbms - ms_min;2869;0;1;0;0;0;0;0;0;0;0;0;0;0;0;1;0;0;0;0;0;NA;NA;NA;0;0;0;0;0;0;0;1;NA;NA;1;NA;NA;NA;NA;NA;NA;NA;NA;NA;NA;NA;NA;NA;NA;NA;NA;NA;NA;NA;NA;NA;NA;NA;NA;NA;NA;NA;1;NA;NA;NA;NA;NA;NA;NA;NA;NA;NA;NA;NA;NA;NA;NA;NA;NA;NA;NA;NA;NA;NA;NA;NA;NA;NA;NA;NA;NA;NA;NA;NA;NA;NA;NA;NA;0;NA;NA;NA;NA;0;NA;NA;NA;NA;1;NA;NA;1;NA;NA
rbbms - ms_min;2870;0;0;NA;0;0;0;0;0;0;0;0;0;0;0;0;NA;NA;NA;NA;NA;NA;NA;NA;NA;NA;NA;0;0;0;1;NA;NA;NA;1;NA;NA;NA;NA;NA;NA;0;0;NA;NA;NA;NA;NA;NA;0;1;NA;NA;NA;NA;NA;NA;NA;NA;NA;NA;NA;1;NA;NA;NA;NA;NA;NA;NA;NA;NA;NA;NA;NA;NA;NA;NA;NA;NA;NA;NA;NA;NA;NA;NA;NA;NA;NA;NA;NA;NA;NA;NA;NA;NA;NA;NA;NA;0;NA;NA;NA;NA;0;NA;NA;NA;NA;1;NA;NA;1;NA;NA
rbbms - ms_min;2871;0;1;0;0;0;0;0;0;0;0;0;0;0;0;0;NA;NA;NA;NA;NA;NA;NA;NA;NA;NA;NA;0;0;0;1;NA;NA;NA;1;NA;NA;NA;NA;NA;NA;0;0;NA;NA;NA;NA;NA;NA;0;1;NA;NA;NA;NA;NA;NA;NA;NA;NA;NA;NA;1;NA;NA;NA;NA;NA;NA;NA;NA;NA;NA;NA;NA;NA;NA;NA;NA;NA;NA;NA;NA;NA;NA;NA;NA;NA;NA;NA;NA;NA;NA;NA;NA;NA;NA;NA;NA;0;NA;NA;NA;NA;0;NA;NA;NA;NA;1;NA;NA;1;NA;NA
rbbms - ms_min;2872;0;0;NA;0;0;0;0;0;0;0;0;0;0;0;1;0;0;0;0;1;0;0;0;NA;NA;NA;0;0;0;1;NA;NA;NA;1;NA;NA;NA;NA;NA;NA;0;0;NA;NA;NA;NA;NA;NA;0;1;NA;NA;NA;NA;NA;NA;NA;NA;NA;NA;NA;1;NA;NA;NA;NA;NA;NA;NA;NA;NA;NA;NA;NA;NA;NA;NA;NA;NA;NA;NA;NA;NA;NA;NA;NA;NA;NA;NA;NA;NA;NA;NA;NA;NA;NA;NA;NA;0;NA;NA;NA;NA;0;NA;NA;NA;NA;1;NA;NA;1;NA;NA
rbbms - ms_min;2873;0;1;0;0;0;0;0;0;0;0;0;0;0;0;1;0;0;0;0;1;0;0;0;NA;NA;NA;0;0;0;1;NA;NA;NA;1;NA;NA;NA;NA;NA;NA;0;0;NA;NA;NA;NA;NA;NA;0;1;NA;NA;NA;NA;NA;NA;NA;NA;NA;NA;NA;1;NA;NA;NA;NA;NA;NA;NA;NA;NA;NA;NA;NA;NA;NA;NA;NA;NA;NA;NA;NA;NA;NA;NA;NA;NA;NA;NA;NA;NA;NA;NA;NA;NA;NA;NA;NA;0;NA;NA;NA;NA;0;NA;NA;NA;NA;1;NA;NA;1;NA;NA
rbbms - ms_min;2874;0;0;NA;0;0;0;0;0;0;0;0;0;0;0;1;0;0;0;0;0;NA;NA;NA;0;0;0;0;0;0;1;NA;NA;NA;1;NA;NA;NA;NA;NA;NA;0;0;NA;NA;NA;NA;NA;NA;0;1;NA;NA;NA;NA;NA;NA;NA;NA;NA;NA;NA;1;NA;NA;NA;NA;NA;NA;NA;NA;NA;NA;NA;NA;NA;NA;NA;NA;NA;NA;NA;NA;NA;NA;NA;NA;NA;NA;NA;NA;NA;NA;NA;NA;NA;NA;NA;NA;0;NA;NA;NA;NA;0;NA;NA;NA;NA;1;NA;NA;1;NA;NA
rbbms - ms_min;2875;0;1;0;0;0;0;0;0;0;0;0;0;0;0;1;0;0;0;0;0;NA;NA;NA;0;0;0;0;0;0;1;NA;NA;NA;1;NA;NA;NA;NA;NA;NA;0;0;NA;NA;NA;NA;NA;NA;0;1;NA;NA;NA;NA;NA;NA;NA;NA;NA;NA;NA;1;NA;NA;NA;NA;NA;NA;NA;NA;NA;NA;NA;NA;NA;NA;NA;NA;NA;NA;NA;NA;NA;NA;NA;NA;NA;NA;NA;NA;NA;NA;NA;NA;NA;NA;NA;NA;0;NA;NA;NA;NA;0;NA;NA;NA;NA;1;NA;NA;1;NA;NA
rbbms - ms_min;2876;0;0;NA;0;0;0;0;0;0;0;0;0;0;0;0;NA;NA;NA;NA;NA;NA;NA;NA;NA;NA;NA;0;0;0;1;NA;NA;NA;NA;NA;NA;NA;NA;NA;NA;0;0;NA;NA;NA;NA;NA;NA;0;0;1;NA;NA;NA;NA;NA;NA;NA;NA;NA;NA;1;NA;NA;NA;NA;NA;NA;NA;NA;NA;NA;NA;NA;NA;NA;NA;NA;NA;NA;NA;NA;NA;NA;NA;NA;NA;NA;NA;NA;NA;NA;NA;NA;NA;NA;NA;NA;0;NA;NA;NA;NA;0;NA;NA;NA;NA;1;NA;NA;1;NA;NA
rbbms - ms_min;2877;0;1;0;0;0;0;0;0;0;0;0;0;0;0;0;NA;NA;NA;NA;NA;NA;NA;NA;NA;NA;NA;0;0;0;1;NA;NA;NA;NA;NA;NA;NA;NA;NA;NA;0;0;NA;NA;NA;NA;NA;NA;0;0;1;NA;NA;NA;NA;NA;NA;NA;NA;NA;NA;1;NA;NA;NA;NA;NA;NA;NA;NA;NA;NA;NA;NA;NA;NA;NA;NA;NA;NA;NA;NA;NA;NA;NA;NA;NA;NA;NA;NA;NA;NA;NA;NA;NA;NA;NA;NA;0;NA;NA;NA;NA;0;NA;NA;NA;NA;1;NA;NA;1;NA;NA
rbbms - ms_min;2878;0;0;NA;0;0;0;0;0;0;0;0;0;0;0;1;0;0;0;0;1;0;0;0;NA;NA;NA;0;0;0;1;NA;NA;NA;NA;NA;NA;NA;NA;NA;NA;0;0;NA;NA;NA;NA;NA;NA;0;0;1;NA;NA;NA;NA;NA;NA;NA;NA;NA;NA;1;NA;NA;NA;NA;NA;NA;NA;NA;NA;NA;NA;NA;NA;NA;NA;NA;NA;NA;NA;NA;NA;NA;NA;NA;NA;NA;NA;NA;NA;NA;NA;NA;NA;NA;NA;NA;0;NA;NA;NA;NA;0;NA;NA;NA;NA;1;NA;NA;1;NA;NA
rbbms - ms_min;2879;0;1;0;0;0;0;0;0;0;0;0;0;0;0;1;0;0;0;0;1;0;0;0;NA;NA;NA;0;0;0;1;NA;NA;NA;NA;NA;NA;NA;NA;NA;NA;0;0;NA;NA;NA;NA;NA;NA;0;0;1;NA;NA;NA;NA;NA;NA;NA;NA;NA;NA;1;NA;NA;NA;NA;NA;NA;NA;NA;NA;NA;NA;NA;NA;NA;NA;NA;NA;NA;NA;NA;NA;NA;NA;NA;NA;NA;NA;NA;NA;NA;NA;NA;NA;NA;NA;NA;0;NA;NA;NA;NA;0;NA;NA;NA;NA;1;NA;NA;1;NA;NA
rbbms - ms_min;2880;0;0;NA;0;0;0;0;0;0;0;0;0;0;0;1;0;0;0;0;0;NA;NA;NA;0;0;0;0;0;0;1;NA;NA;NA;NA;NA;NA;NA;NA;NA;NA;0;0;NA;NA;NA;NA;NA;NA;0;0;1;NA;NA;NA;NA;NA;NA;NA;NA;NA;NA;1;NA;NA;NA;NA;NA;NA;NA;NA;NA;NA;NA;NA;NA;NA;NA;NA;NA;NA;NA;NA;NA;NA;NA;NA;NA;NA;NA;NA;NA;NA;NA;NA;NA;NA;NA;NA;0;NA;NA;NA;NA;0;NA;NA;NA;NA;1;NA;NA;1;NA;NA
rbbms - ms_min;2881;0;1;0;0;0;0;0;0;0;0;0;0;0;0;1;0;0;0;0;0;NA;NA;NA;0;0;0;0;0;0;1;NA;NA;NA;NA;NA;NA;NA;NA;NA;NA;0;0;NA;NA;NA;NA;NA;NA;0;0;1;NA;NA;NA;NA;NA;NA;NA;NA;NA;NA;1;NA;NA;NA;NA;NA;NA;NA;NA;NA;NA;NA;NA;NA;NA;NA;NA;NA;NA;NA;NA;NA;NA;NA;NA;NA;NA;NA;NA;NA;NA;NA;NA;NA;NA;NA;NA;0;NA;NA;NA;NA;0;NA;NA;NA;NA;1;NA;NA;1;NA;NA
rbbms - ms_min;2882;0;0;NA;0;0;0;0;0;0;0;0;0;0;0;0;NA;NA;NA;NA;NA;NA;NA;NA;NA;NA;NA;0;0;1;NA;NA;NA;NA;NA;NA;NA;NA;NA;NA;NA;NA;NA;NA;NA;NA;NA;NA;NA;NA;NA;NA;NA;NA;NA;NA;NA;NA;NA;NA;NA;NA;NA;NA;NA;NA;NA;NA;NA;NA;NA;NA;NA;NA;NA;NA;NA;NA;NA;NA;NA;NA;NA;NA;NA;NA;NA;NA;NA;NA;NA;NA;NA;NA;NA;NA;NA;NA;NA;0;NA;NA;NA;NA;0;NA;NA;NA;NA;1;NA;NA;NA;1;NA
rbbms - ms_min;2883;0;1;0;0;0;0;0;0;0;0;0;0;0;0;0;NA;NA;NA;NA;NA;NA;NA;NA;NA;NA;NA;0;0;1;NA;NA;NA;NA;NA;NA;NA;NA;NA;NA;NA;NA;NA;NA;NA;NA;NA;NA;NA;NA;NA;NA;NA;NA;NA;NA;NA;NA;NA;NA;NA;NA;NA;NA;NA;NA;NA;NA;NA;NA;NA;NA;NA;NA;NA;NA;NA;NA;NA;NA;NA;NA;NA;NA;NA;NA;NA;NA;NA;NA;NA;NA;NA;NA;NA;NA;NA;NA;NA;0;NA;NA;NA;NA;0;NA;NA;NA;NA;1;NA;NA;NA;1;NA
rbbms - ms_min;2884;0;0;NA;0;0;0;0;0;0;0;0;0;0;0;1;0;0;0;0;1;0;0;0;NA;NA;NA;0;0;1;NA;NA;NA;NA;NA;NA;NA;NA;NA;NA;NA;NA;NA;NA;NA;NA;NA;NA;NA;NA;NA;NA;NA;NA;NA;NA;NA;NA;NA;NA;NA;NA;NA;NA;NA;NA;NA;NA;NA;NA;NA;NA;NA;NA;NA;NA;NA;NA;NA;NA;NA;NA;NA;NA;NA;NA;NA;NA;NA;NA;NA;NA;NA;NA;NA;NA;NA;NA;NA;0;NA;NA;NA;NA;0;NA;NA;NA;NA;1;NA;NA;NA;1;NA
rbbms - ms_min;2885;0;1;0;0;0;0;0;0;0;0;0;0;0;0;1;0;0;0;0;1;0;0;0;NA;NA;NA;0;0;1;NA;NA;NA;NA;NA;NA;NA;NA;NA;NA;NA;NA;NA;NA;NA;NA;NA;NA;NA;NA;NA;NA;NA;NA;NA;NA;NA;NA;NA;NA;NA;NA;NA;NA;NA;NA;NA;NA;NA;NA;NA;NA;NA;NA;NA;NA;NA;NA;NA;NA;NA;NA;NA;NA;NA;NA;NA;NA;NA;NA;NA;NA;NA;NA;NA;NA;NA;NA;NA;0;NA;NA;NA;NA;0;NA;NA;NA;NA;1;NA;NA;NA;1;NA
rbbms - ms_min;2886;0;0;NA;0;0;0;0;0;0;0;0;0;0;0;1;0;0;0;0;0;NA;NA;NA;0;0;0;0;0;1;NA;NA;NA;NA;NA;NA;NA;NA;NA;NA;NA;NA;NA;NA;NA;NA;NA;NA;NA;NA;NA;NA;NA;NA;NA;NA;NA;NA;NA;NA;NA;NA;NA;NA;NA;NA;NA;NA;NA;NA;NA;NA;NA;NA;NA;NA;NA;NA;NA;NA;NA;NA;NA;NA;NA;NA;NA;NA;NA;NA;NA;NA;NA;NA;NA;NA;NA;NA;NA;0;NA;NA;NA;NA;0;NA;NA;NA;NA;1;NA;NA;NA;1;NA
rbbms - ms_min;2887;0;1;0;0;0;0;0;0;0;0;0;0;0;0;1;0;0;0;0;0;NA;NA;NA;0;0;0;0;0;1;NA;NA;NA;NA;NA;NA;NA;NA;NA;NA;NA;NA;NA;NA;NA;NA;NA;NA;NA;NA;NA;NA;NA;NA;NA;NA;NA;NA;NA;NA;NA;NA;NA;NA;NA;NA;NA;NA;NA;NA;NA;NA;NA;NA;NA;NA;NA;NA;NA;NA;NA;NA;NA;NA;NA;NA;NA;NA;NA;NA;NA;NA;NA;NA;NA;NA;NA;NA;NA;0;NA;NA;NA;NA;0;NA;NA;NA;NA;1;NA;NA;NA;1;NA
rbbms - ms_min;2888;0;0;NA;0;0;0;0;0;0;0;0;0;0;0;0;NA;NA;NA;NA;NA;NA;NA;NA;NA;NA;NA;0;0;0;0;NA;1;NA;NA;NA;NA;NA;NA;NA;NA;NA;NA;NA;NA;NA;NA;NA;NA;NA;NA;NA;NA;NA;NA;NA;NA;NA;NA;NA;NA;NA;1;NA;NA;NA;NA;NA;NA;NA;NA;NA;NA;NA;NA;NA;NA;NA;NA;NA;NA;NA;NA;NA;NA;NA;NA;NA;NA;NA;NA;NA;NA;NA;NA;NA;NA;NA;NA;0;NA;NA;NA;NA;0;NA;NA;NA;NA;1;NA;NA;NA;1;NA
rbbms - ms_min;2889;0;1;0;0;0;0;0;0;0;0;0;0;0;0;0;NA;NA;NA;NA;NA;NA;NA;NA;NA;NA;NA;0;0;0;0;NA;1;NA;NA;NA;NA;NA;NA;NA;NA;NA;NA;NA;NA;NA;NA;NA;NA;NA;NA;NA;NA;NA;NA;NA;NA;NA;NA;NA;NA;NA;1;NA;NA;NA;NA;NA;NA;NA;NA;NA;NA;NA;NA;NA;NA;NA;NA;NA;NA;NA;NA;NA;NA;NA;NA;NA;NA;NA;NA;NA;NA;NA;NA;NA;NA;NA;NA;0;NA;NA;NA;NA;0;NA;NA;NA;NA;1;NA;NA;NA;1;NA
rbbms - ms_min;2890;0;0;NA;0;0;0;0;0;0;0;0;0;0;0;1;0;0;0;0;1;0;0;0;NA;NA;NA;0;0;0;0;NA;1;NA;NA;NA;NA;NA;NA;NA;NA;NA;NA;NA;NA;NA;NA;NA;NA;NA;NA;NA;NA;NA;NA;NA;NA;NA;NA;NA;NA;NA;1;NA;NA;NA;NA;NA;NA;NA;NA;NA;NA;NA;NA;NA;NA;NA;NA;NA;NA;NA;NA;NA;NA;NA;NA;NA;NA;NA;NA;NA;NA;NA;NA;NA;NA;NA;NA;0;NA;NA;NA;NA;0;NA;NA;NA;NA;1;NA;NA;NA;1;NA
rbbms - ms_min;2891;0;1;0;0;0;0;0;0;0;0;0;0;0;0;1;0;0;0;0;1;0;0;0;NA;NA;NA;0;0;0;0;NA;1;NA;NA;NA;NA;NA;NA;NA;NA;NA;NA;NA;NA;NA;NA;NA;NA;NA;NA;NA;NA;NA;NA;NA;NA;NA;NA;NA;NA;NA;1;NA;NA;NA;NA;NA;NA;NA;NA;NA;NA;NA;NA;NA;NA;NA;NA;NA;NA;NA;NA;NA;NA;NA;NA;NA;NA;NA;NA;NA;NA;NA;NA;NA;NA;NA;NA;0;NA;NA;NA;NA;0;NA;NA;NA;NA;1;NA;NA;NA;1;NA
rbbms - ms_min;2892;0;0;NA;0;0;0;0;0;0;0;0;0;0;0;1;0;0;0;0;0;NA;NA;NA;0;0;0;0;0;0;0;NA;1;NA;NA;NA;NA;NA;NA;NA;NA;NA;NA;NA;NA;NA;NA;NA;NA;NA;NA;NA;NA;NA;NA;NA;NA;NA;NA;NA;NA;NA;1;NA;NA;NA;NA;NA;NA;NA;NA;NA;NA;NA;NA;NA;NA;NA;NA;NA;NA;NA;NA;NA;NA;NA;NA;NA;NA;NA;NA;NA;NA;NA;NA;NA;NA;NA;NA;0;NA;NA;NA;NA;0;NA;NA;NA;NA;1;NA;NA;NA;1;NA
rbbms - ms_min;2893;0;1;0;0;0;0;0;0;0;0;0;0;0;0;1;0;0;0;0;0;NA;NA;NA;0;0;0;0;0;0;0;NA;1;NA;NA;NA;NA;NA;NA;NA;NA;NA;NA;NA;NA;NA;NA;NA;NA;NA;NA;NA;NA;NA;NA;NA;NA;NA;NA;NA;NA;NA;1;NA;NA;NA;NA;NA;NA;NA;NA;NA;NA;NA;NA;NA;NA;NA;NA;NA;NA;NA;NA;NA;NA;NA;NA;NA;NA;NA;NA;NA;NA;NA;NA;NA;NA;NA;NA;0;NA;NA;NA;NA;0;NA;NA;NA;NA;1;NA;NA;NA;1;NA
rbbms - ms_min;2894;0;0;NA;0;0;0;0;0;0;0;0;0;0;0;0;NA;NA;NA;NA;NA;NA;NA;NA;NA;NA;NA;0;0;0;0;1;NA;NA;1;NA;NA;NA;NA;NA;NA;NA;NA;NA;NA;NA;NA;NA;NA;NA;NA;NA;NA;NA;NA;NA;NA;NA;NA;NA;NA;NA;1;NA;NA;NA;NA;NA;NA;NA;NA;NA;NA;NA;NA;NA;NA;NA;NA;NA;NA;NA;NA;NA;NA;NA;NA;NA;NA;NA;NA;NA;NA;NA;NA;NA;NA;NA;NA;0;NA;NA;NA;NA;0;NA;NA;NA;NA;1;NA;NA;NA;1;NA
rbbms - ms_min;2895;0;1;0;0;0;0;0;0;0;0;0;0;0;0;0;NA;NA;NA;NA;NA;NA;NA;NA;NA;NA;NA;0;0;0;0;1;NA;NA;1;NA;NA;NA;NA;NA;NA;NA;NA;NA;NA;NA;NA;NA;NA;NA;NA;NA;NA;NA;NA;NA;NA;NA;NA;NA;NA;NA;1;NA;NA;NA;NA;NA;NA;NA;NA;NA;NA;NA;NA;NA;NA;NA;NA;NA;NA;NA;NA;NA;NA;NA;NA;NA;NA;NA;NA;NA;NA;NA;NA;NA;NA;NA;NA;0;NA;NA;NA;NA;0;NA;NA;NA;NA;1;NA;NA;NA;1;NA
rbbms - ms_min;2896;0;0;NA;0;0;0;0;0;0;0;0;0;0;0;1;0;0;0;0;1;0;0;0;NA;NA;NA;0;0;0;0;1;NA;NA;1;NA;NA;NA;NA;NA;NA;NA;NA;NA;NA;NA;NA;NA;NA;NA;NA;NA;NA;NA;NA;NA;NA;NA;NA;NA;NA;NA;1;NA;NA;NA;NA;NA;NA;NA;NA;NA;NA;NA;NA;NA;NA;NA;NA;NA;NA;NA;NA;NA;NA;NA;NA;NA;NA;NA;NA;NA;NA;NA;NA;NA;NA;NA;NA;0;NA;NA;NA;NA;0;NA;NA;NA;NA;1;NA;NA;NA;1;NA
rbbms - ms_min;2897;0;1;0;0;0;0;0;0;0;0;0;0;0;0;1;0;0;0;0;1;0;0;0;NA;NA;NA;0;0;0;0;1;NA;NA;1;NA;NA;NA;NA;NA;NA;NA;NA;NA;NA;NA;NA;NA;NA;NA;NA;NA;NA;NA;NA;NA;NA;NA;NA;NA;NA;NA;1;NA;NA;NA;NA;NA;NA;NA;NA;NA;NA;NA;NA;NA;NA;NA;NA;NA;NA;NA;NA;NA;NA;NA;NA;NA;NA;NA;NA;NA;NA;NA;NA;NA;NA;NA;NA;0;NA;NA;NA;NA;0;NA;NA;NA;NA;1;NA;NA;NA;1;NA
rbbms - ms_min;2898;0;0;NA;0;0;0;0;0;0;0;0;0;0;0;1;0;0;0;0;0;NA;NA;NA;0;0;0;0;0;0;0;1;NA;NA;1;NA;NA;NA;NA;NA;NA;NA;NA;NA;NA;NA;NA;NA;NA;NA;NA;NA;NA;NA;NA;NA;NA;NA;NA;NA;NA;NA;1;NA;NA;NA;NA;NA;NA;NA;NA;NA;NA;NA;NA;NA;NA;NA;NA;NA;NA;NA;NA;NA;NA;NA;NA;NA;NA;NA;NA;NA;NA;NA;NA;NA;NA;NA;NA;0;NA;NA;NA;NA;0;NA;NA;NA;NA;1;NA;NA;NA;1;NA
rbbms - ms_min;2899;0;1;0;0;0;0;0;0;0;0;0;0;0;0;1;0;0;0;0;0;NA;NA;NA;0;0;0;0;0;0;0;1;NA;NA;1;NA;NA;NA;NA;NA;NA;NA;NA;NA;NA;NA;NA;NA;NA;NA;NA;NA;NA;NA;NA;NA;NA;NA;NA;NA;NA;NA;1;NA;NA;NA;NA;NA;NA;NA;NA;NA;NA;NA;NA;NA;NA;NA;NA;NA;NA;NA;NA;NA;NA;NA;NA;NA;NA;NA;NA;NA;NA;NA;NA;NA;NA;NA;NA;0;NA;NA;NA;NA;0;NA;NA;NA;NA;1;NA;NA;NA;1;NA
rbbms - ms_min;2900;0;0;NA;0;0;0;0;0;0;0;0;0;0;0;0;NA;NA;NA;NA;NA;NA;NA;NA;NA;NA;NA;0;0;0;1;NA;NA;NA;1;NA;NA;NA;NA;NA;NA;0;0;NA;NA;NA;NA;NA;NA;0;1;NA;NA;NA;NA;NA;NA;NA;NA;NA;NA;NA;1;NA;NA;NA;NA;NA;NA;NA;NA;NA;NA;NA;NA;NA;NA;NA;NA;NA;NA;NA;NA;NA;NA;NA;NA;NA;NA;NA;NA;NA;NA;NA;NA;NA;NA;NA;NA;0;NA;NA;NA;NA;0;NA;NA;NA;NA;1;NA;NA;NA;1;NA
rbbms - ms_min;2901;0;1;0;0;0;0;0;0;0;0;0;0;0;0;0;NA;NA;NA;NA;NA;NA;NA;NA;NA;NA;NA;0;0;0;1;NA;NA;NA;1;NA;NA;NA;NA;NA;NA;0;0;NA;NA;NA;NA;NA;NA;0;1;NA;NA;NA;NA;NA;NA;NA;NA;NA;NA;NA;1;NA;NA;NA;NA;NA;NA;NA;NA;NA;NA;NA;NA;NA;NA;NA;NA;NA;NA;NA;NA;NA;NA;NA;NA;NA;NA;NA;NA;NA;NA;NA;NA;NA;NA;NA;NA;0;NA;NA;NA;NA;0;NA;NA;NA;NA;1;NA;NA;NA;1;NA
rbbms - ms_min;2902;0;0;NA;0;0;0;0;0;0;0;0;0;0;0;1;0;0;0;0;1;0;0;0;NA;NA;NA;0;0;0;1;NA;NA;NA;1;NA;NA;NA;NA;NA;NA;0;0;NA;NA;NA;NA;NA;NA;0;1;NA;NA;NA;NA;NA;NA;NA;NA;NA;NA;NA;1;NA;NA;NA;NA;NA;NA;NA;NA;NA;NA;NA;NA;NA;NA;NA;NA;NA;NA;NA;NA;NA;NA;NA;NA;NA;NA;NA;NA;NA;NA;NA;NA;NA;NA;NA;NA;0;NA;NA;NA;NA;0;NA;NA;NA;NA;1;NA;NA;NA;1;NA
rbbms - ms_min;2903;0;1;0;0;0;0;0;0;0;0;0;0;0;0;1;0;0;0;0;1;0;0;0;NA;NA;NA;0;0;0;1;NA;NA;NA;1;NA;NA;NA;NA;NA;NA;0;0;NA;NA;NA;NA;NA;NA;0;1;NA;NA;NA;NA;NA;NA;NA;NA;NA;NA;NA;1;NA;NA;NA;NA;NA;NA;NA;NA;NA;NA;NA;NA;NA;NA;NA;NA;NA;NA;NA;NA;NA;NA;NA;NA;NA;NA;NA;NA;NA;NA;NA;NA;NA;NA;NA;NA;0;NA;NA;NA;NA;0;NA;NA;NA;NA;1;NA;NA;NA;1;NA
rbbms - ms_min;2904;0;0;NA;0;0;0;0;0;0;0;0;0;0;0;1;0;0;0;0;0;NA;NA;NA;0;0;0;0;0;0;1;NA;NA;NA;1;NA;NA;NA;NA;NA;NA;0;0;NA;NA;NA;NA;NA;NA;0;1;NA;NA;NA;NA;NA;NA;NA;NA;NA;NA;NA;1;NA;NA;NA;NA;NA;NA;NA;NA;NA;NA;NA;NA;NA;NA;NA;NA;NA;NA;NA;NA;NA;NA;NA;NA;NA;NA;NA;NA;NA;NA;NA;NA;NA;NA;NA;NA;0;NA;NA;NA;NA;0;NA;NA;NA;NA;1;NA;NA;NA;1;NA
rbbms - ms_min;2905;0;1;0;0;0;0;0;0;0;0;0;0;0;0;1;0;0;0;0;0;NA;NA;NA;0;0;0;0;0;0;1;NA;NA;NA;1;NA;NA;NA;NA;NA;NA;0;0;NA;NA;NA;NA;NA;NA;0;1;NA;NA;NA;NA;NA;NA;NA;NA;NA;NA;NA;1;NA;NA;NA;NA;NA;NA;NA;NA;NA;NA;NA;NA;NA;NA;NA;NA;NA;NA;NA;NA;NA;NA;NA;NA;NA;NA;NA;NA;NA;NA;NA;NA;NA;NA;NA;NA;0;NA;NA;NA;NA;0;NA;NA;NA;NA;1;NA;NA;NA;1;NA
rbbms - ms_min;2906;0;0;NA;0;0;0;0;0;0;0;0;0;0;0;0;NA;NA;NA;NA;NA;NA;NA;NA;NA;NA;NA;0;0;0;1;NA;NA;NA;NA;NA;NA;NA;NA;NA;NA;0;0;NA;NA;NA;NA;NA;NA;0;0;1;NA;NA;NA;NA;NA;NA;NA;NA;NA;NA;1;NA;NA;NA;NA;NA;NA;NA;NA;NA;NA;NA;NA;NA;NA;NA;NA;NA;NA;NA;NA;NA;NA;NA;NA;NA;NA;NA;NA;NA;NA;NA;NA;NA;NA;NA;NA;0;NA;NA;NA;NA;0;NA;NA;NA;NA;1;NA;NA;NA;1;NA
rbbms - ms_min;2907;0;1;0;0;0;0;0;0;0;0;0;0;0;0;0;NA;NA;NA;NA;NA;NA;NA;NA;NA;NA;NA;0;0;0;1;NA;NA;NA;NA;NA;NA;NA;NA;NA;NA;0;0;NA;NA;NA;NA;NA;NA;0;0;1;NA;NA;NA;NA;NA;NA;NA;NA;NA;NA;1;NA;NA;NA;NA;NA;NA;NA;NA;NA;NA;NA;NA;NA;NA;NA;NA;NA;NA;NA;NA;NA;NA;NA;NA;NA;NA;NA;NA;NA;NA;NA;NA;NA;NA;NA;NA;0;NA;NA;NA;NA;0;NA;NA;NA;NA;1;NA;NA;NA;1;NA
rbbms - ms_min;2908;0;0;NA;0;0;0;0;0;0;0;0;0;0;0;1;0;0;0;0;1;0;0;0;NA;NA;NA;0;0;0;1;NA;NA;NA;NA;NA;NA;NA;NA;NA;NA;0;0;NA;NA;NA;NA;NA;NA;0;0;1;NA;NA;NA;NA;NA;NA;NA;NA;NA;NA;1;NA;NA;NA;NA;NA;NA;NA;NA;NA;NA;NA;NA;NA;NA;NA;NA;NA;NA;NA;NA;NA;NA;NA;NA;NA;NA;NA;NA;NA;NA;NA;NA;NA;NA;NA;NA;0;NA;NA;NA;NA;0;NA;NA;NA;NA;1;NA;NA;NA;1;NA
rbbms - ms_min;2909;0;1;0;0;0;0;0;0;0;0;0;0;0;0;1;0;0;0;0;1;0;0;0;NA;NA;NA;0;0;0;1;NA;NA;NA;NA;NA;NA;NA;NA;NA;NA;0;0;NA;NA;NA;NA;NA;NA;0;0;1;NA;NA;NA;NA;NA;NA;NA;NA;NA;NA;1;NA;NA;NA;NA;NA;NA;NA;NA;NA;NA;NA;NA;NA;NA;NA;NA;NA;NA;NA;NA;NA;NA;NA;NA;NA;NA;NA;NA;NA;NA;NA;NA;NA;NA;NA;NA;0;NA;NA;NA;NA;0;NA;NA;NA;NA;1;NA;NA;NA;1;NA
rbbms - ms_min;2910;0;0;NA;0;0;0;0;0;0;0;0;0;0;0;1;0;0;0;0;0;NA;NA;NA;0;0;0;0;0;0;1;NA;NA;NA;NA;NA;NA;NA;NA;NA;NA;0;0;NA;NA;NA;NA;NA;NA;0;0;1;NA;NA;NA;NA;NA;NA;NA;NA;NA;NA;1;NA;NA;NA;NA;NA;NA;NA;NA;NA;NA;NA;NA;NA;NA;NA;NA;NA;NA;NA;NA;NA;NA;NA;NA;NA;NA;NA;NA;NA;NA;NA;NA;NA;NA;NA;NA;0;NA;NA;NA;NA;0;NA;NA;NA;NA;1;NA;NA;NA;1;NA
rbbms - ms_min;2911;0;1;0;0;0;0;0;0;0;0;0;0;0;0;1;0;0;0;0;0;NA;NA;NA;0;0;0;0;0;0;1;NA;NA;NA;NA;NA;NA;NA;NA;NA;NA;0;0;NA;NA;NA;NA;NA;NA;0;0;1;NA;NA;NA;NA;NA;NA;NA;NA;NA;NA;1;NA;NA;NA;NA;NA;NA;NA;NA;NA;NA;NA;NA;NA;NA;NA;NA;NA;NA;NA;NA;NA;NA;NA;NA;NA;NA;NA;NA;NA;NA;NA;NA;NA;NA;NA;NA;0;NA;NA;NA;NA;0;NA;NA;NA;NA;1;NA;NA;NA;1;NA
rbbmz - mz;2912;0;0;NA;0;0;0;0;0;0;0;0;1;NA;NA;NA;NA;NA;NA;NA;NA;NA;NA;NA;NA;NA;NA;NA;NA;NA;NA;NA;NA;NA;NA;NA;NA;NA;NA;NA;NA;NA;NA;NA;NA;NA;NA;NA;NA;NA;NA;NA;NA;NA;NA;NA;NA;NA;NA;NA;NA;NA;NA;NA;NA;NA;NA;NA;NA;NA;NA;NA;NA;NA;NA;NA;NA;NA;NA;NA;NA;NA;NA;NA;NA;NA;NA;NA;NA;NA;NA;NA;NA;NA;NA;NA;NA;NA;NA;NA;NA;NA;NA;NA;NA;NA;NA;NA;NA;NA;NA;NA;NA;NA;NA
rbbmz - mz;2913;0;1;0;0;0;0;0;0;0;0;0;1;NA;NA;NA;NA;NA;NA;NA;NA;NA;NA;NA;NA;NA;NA;NA;NA;NA;NA;NA;NA;NA;NA;NA;NA;NA;NA;NA;NA;NA;NA;NA;NA;NA;NA;NA;NA;NA;NA;NA;NA;NA;NA;NA;NA;NA;NA;NA;NA;NA;NA;NA;NA;NA;NA;NA;NA;NA;NA;NA;NA;NA;NA;NA;NA;NA;NA;NA;NA;NA;NA;NA;NA;NA;NA;NA;NA;NA;NA;NA;NA;NA;NA;NA;NA;NA;NA;NA;NA;NA;NA;NA;NA;NA;NA;NA;NA;NA;NA;NA;NA;NA;NA
rbbzil - hp_ster;2914;0;0;NA;0;0;0;0;0;0;0;0;0;0;0;0;NA;NA;NA;NA;NA;NA;NA;NA;NA;NA;NA;0;0;0;0;1;NA;NA;NA;NA;1;NA;NA;NA;NA;NA;NA;NA;NA;NA;NA;NA;NA;NA;NA;NA;NA;NA;NA;NA;NA;NA;NA;NA;NA;NA;NA;NA;NA;NA;NA;NA;NA;NA;NA;NA;NA;NA;NA;NA;NA;NA;NA;NA;NA;NA;NA;NA;NA;NA;NA;NA;NA;NA;NA;NA;NA;NA;NA;NA;NA;NA;NA;NA;NA;NA;NA;NA;NA;NA;NA;NA;NA;NA;NA;NA;NA;NA;NA
rbbzil - hp_ster;2915;0;1;0;0;0;0;0;0;0;0;0;0;0;0;0;NA;NA;NA;NA;NA;NA;NA;NA;NA;NA;NA;0;0;0;0;1;NA;NA;NA;NA;1;NA;NA;NA;NA;NA;NA;NA;NA;NA;NA;NA;NA;NA;NA;NA;NA;NA;NA;NA;NA;NA;NA;NA;NA;NA;NA;NA;NA;NA;NA;NA;NA;NA;NA;NA;NA;NA;NA;NA;NA;NA;NA;NA;NA;NA;NA;NA;NA;NA;NA;NA;NA;NA;NA;NA;NA;NA;NA;NA;NA;NA;NA;NA;NA;NA;NA;NA;NA;NA;NA;NA;NA;NA;NA;NA;NA;NA;NA
rbbzil - hp_ster;2916;0;0;NA;0;0;0;0;0;0;0;0;0;0;0;1;0;0;0;0;1;0;0;0;NA;NA;NA;0;0;0;0;1;NA;NA;NA;NA;1;NA;NA;NA;NA;NA;NA;NA;NA;NA;NA;NA;NA;NA;NA;NA;NA;NA;NA;NA;NA;NA;NA;NA;NA;NA;NA;NA;NA;NA;NA;NA;NA;NA;NA;NA;NA;NA;NA;NA;NA;NA;NA;NA;NA;NA;NA;NA;NA;NA;NA;NA;NA;NA;NA;NA;NA;NA;NA;NA;NA;NA;NA;NA;NA;NA;NA;NA;NA;NA;NA;NA;NA;NA;NA;NA;NA;NA;NA
rbbzil - hp_ster;2917;0;1;0;0;0;0;0;0;0;0;0;0;0;0;1;0;0;0;0;1;0;0;0;NA;NA;NA;0;0;0;0;1;NA;NA;NA;NA;1;NA;NA;NA;NA;NA;NA;NA;NA;NA;NA;NA;NA;NA;NA;NA;NA;NA;NA;NA;NA;NA;NA;NA;NA;NA;NA;NA;NA;NA;NA;NA;NA;NA;NA;NA;NA;NA;NA;NA;NA;NA;NA;NA;NA;NA;NA;NA;NA;NA;NA;NA;NA;NA;NA;NA;NA;NA;NA;NA;NA;NA;NA;NA;NA;NA;NA;NA;NA;NA;NA;NA;NA;NA;NA;NA;NA;NA;NA
rbbzil - hp_ster;2918;0;0;NA;0;0;0;0;0;0;0;0;0;0;0;1;0;0;0;0;0;NA;NA;NA;0;0;0;0;0;0;0;1;NA;NA;NA;NA;1;NA;NA;NA;NA;NA;NA;NA;NA;NA;NA;NA;NA;NA;NA;NA;NA;NA;NA;NA;NA;NA;NA;NA;NA;NA;NA;NA;NA;NA;NA;NA;NA;NA;NA;NA;NA;NA;NA;NA;NA;NA;NA;NA;NA;NA;NA;NA;NA;NA;NA;NA;NA;NA;NA;NA;NA;NA;NA;NA;NA;NA;NA;NA;NA;NA;NA;NA;NA;NA;NA;NA;NA;NA;NA;NA;NA;NA;NA
rbbzil - hp_ster;2919;0;1;0;0;0;0;0;0;0;0;0;0;0;0;1;0;0;0;0;0;NA;NA;NA;0;0;0;0;0;0;0;1;NA;NA;NA;NA;1;NA;NA;NA;NA;NA;NA;NA;NA;NA;NA;NA;NA;NA;NA;NA;NA;NA;NA;NA;NA;NA;NA;NA;NA;NA;NA;NA;NA;NA;NA;NA;NA;NA;NA;NA;NA;NA;NA;NA;NA;NA;NA;NA;NA;NA;NA;NA;NA;NA;NA;NA;NA;NA;NA;NA;NA;NA;NA;NA;NA;NA;NA;NA;NA;NA;NA;NA;NA;NA;NA;NA;NA;NA;NA;NA;NA;NA;NA
rbbzil - hp_ster;2920;0;0;NA;0;0;0;0;0;0;0;0;0;0;0;0;NA;NA;NA;NA;NA;NA;NA;NA;NA;NA;NA;0;0;0;1;NA;NA;NA;NA;NA;1;NA;NA;NA;NA;0;0;NA;NA;NA;NA;NA;NA;0;1;NA;NA;NA;NA;NA;NA;NA;NA;NA;NA;NA;NA;NA;NA;NA;NA;NA;NA;NA;NA;NA;NA;NA;NA;NA;NA;NA;NA;NA;NA;NA;NA;NA;NA;NA;NA;NA;NA;NA;NA;NA;NA;NA;NA;NA;NA;NA;NA;NA;NA;NA;NA;NA;NA;NA;NA;NA;NA;NA;NA;NA;NA;NA;NA
rbbzil - hp_ster;2921;0;1;0;0;0;0;0;0;0;0;0;0;0;0;0;NA;NA;NA;NA;NA;NA;NA;NA;NA;NA;NA;0;0;0;1;NA;NA;NA;NA;NA;1;NA;NA;NA;NA;0;0;NA;NA;NA;NA;NA;NA;0;1;NA;NA;NA;NA;NA;NA;NA;NA;NA;NA;NA;NA;NA;NA;NA;NA;NA;NA;NA;NA;NA;NA;NA;NA;NA;NA;NA;NA;NA;NA;NA;NA;NA;NA;NA;NA;NA;NA;NA;NA;NA;NA;NA;NA;NA;NA;NA;NA;NA;NA;NA;NA;NA;NA;NA;NA;NA;NA;NA;NA;NA;NA;NA;NA
rbbzil - hp_ster;2922;0;0;NA;0;0;0;0;0;0;0;0;0;0;0;1;0;0;0;0;1;0;0;0;NA;NA;NA;0;0;0;1;NA;NA;NA;NA;NA;1;NA;NA;NA;NA;0;0;NA;NA;NA;NA;NA;NA;0;1;NA;NA;NA;NA;NA;NA;NA;NA;NA;NA;NA;NA;NA;NA;NA;NA;NA;NA;NA;NA;NA;NA;NA;NA;NA;NA;NA;NA;NA;NA;NA;NA;NA;NA;NA;NA;NA;NA;NA;NA;NA;NA;NA;NA;NA;NA;NA;NA;NA;NA;NA;NA;NA;NA;NA;NA;NA;NA;NA;NA;NA;NA;NA;NA
rbbzil - hp_ster;2923;0;1;0;0;0;0;0;0;0;0;0;0;0;0;1;0;0;0;0;1;0;0;0;NA;NA;NA;0;0;0;1;NA;NA;NA;NA;NA;1;NA;NA;NA;NA;0;0;NA;NA;NA;NA;NA;NA;0;1;NA;NA;NA;NA;NA;NA;NA;NA;NA;NA;NA;NA;NA;NA;NA;NA;NA;NA;NA;NA;NA;NA;NA;NA;NA;NA;NA;NA;NA;NA;NA;NA;NA;NA;NA;NA;NA;NA;NA;NA;NA;NA;NA;NA;NA;NA;NA;NA;NA;NA;NA;NA;NA;NA;NA;NA;NA;NA;NA;NA;NA;NA;NA;NA
rbbzil - hp_ster;2924;0;0;NA;0;0;0;0;0;0;0;0;0;0;0;1;0;0;0;0;0;NA;NA;NA;0;0;0;0;0;0;1;NA;NA;NA;NA;NA;1;NA;NA;NA;NA;0;0;NA;NA;NA;NA;NA;NA;0;1;NA;NA;NA;NA;NA;NA;NA;NA;NA;NA;NA;NA;NA;NA;NA;NA;NA;NA;NA;NA;NA;NA;NA;NA;NA;NA;NA;NA;NA;NA;NA;NA;NA;NA;NA;NA;NA;NA;NA;NA;NA;NA;NA;NA;NA;NA;NA;NA;NA;NA;NA;NA;NA;NA;NA;NA;NA;NA;NA;NA;NA;NA;NA;NA
rbbzil - hp_ster;2925;0;1;0;0;0;0;0;0;0;0;0;0;0;0;1;0;0;0;0;0;NA;NA;NA;0;0;0;0;0;0;1;NA;NA;NA;NA;NA;1;NA;NA;NA;NA;0;0;NA;NA;NA;NA;NA;NA;0;1;NA;NA;NA;NA;NA;NA;NA;NA;NA;NA;NA;NA;NA;NA;NA;NA;NA;NA;NA;NA;NA;NA;NA;NA;NA;NA;NA;NA;NA;NA;NA;NA;NA;NA;NA;NA;NA;NA;NA;NA;NA;NA;NA;NA;NA;NA;NA;NA;NA;NA;NA;NA;NA;NA;NA;NA;NA;NA;NA;NA;NA;NA;NA;NA
